date,day_of_week,month,week_of_year,is_weekend,weather_type,holiday,month_period,before_holiday_flag,after_holiday_flag,product_name,target_units_sold,category,day,quarter,week_of_month,is_month_start,is_month_end,lag_1_units,lag_7_units,lag_14_units,lag_21_units,lag_28_units,rolling_mean_3,rolling_mean_7,rolling_mean_14,rolling_std_7,rolling_std_14,rolling_median_7,rolling_median_14,trend_1_7,trend_7_14,weighted_recent
2025-10-29,Wednesday,10,44,No,Cloudy,No,end,No,No,Bread,3.0,Meal,29,4,5,No,No,1.0,2.0,3.0,1.5,4.0,1.1666666666666667,1.6428571428571428,1.8214285714285714,0.6267831705280094,1.0304431992173013,2.0,2.0,-1.0,-1.0,1.5
2025-10-29,Wednesday,10,44,No,Cloudy,No,end,No,No,Breakfast,10.0,Meal,29,4,5,No,No,8.5,13.0,12.0,10.0,12.0,5.833333333333333,9.357142857142858,9.107142857142858,4.73210916430054,4.279551429713217,10.0,10.0,-4.5,1.0,10.2
2025-10-29,Wednesday,10,44,No,Cloudy,No,end,No,No,Bulath vita,11.0,Other,29,4,5,No,No,16.0,6.0,14.0,15.0,55.0,13.0,13.714285714285714,13.714285714285714,6.848705126136032,7.097438014778743,16.0,15.5,10.0,-8.0,12.799999999999999
2025-10-29,Wednesday,10,44,No,Cloudy,No,end,No,No,Chicken Curry,2.0,Meal,29,4,5,No,No,0.0,3.0,5.0,3.0,0.0,0.6666666666666666,2.7142857142857144,2.857142857142857,2.2886885410853175,2.213842564659669,3.0,3.0,-3.0,-2.0,1.4
2025-10-29,Wednesday,10,44,No,Cloudy,No,end,No,No,Cigarette,29.0,Other,29,4,5,No,No,31.0,29.0,27.0,41.0,65.0,31.0,29.571428571428573,26.928571428571427,4.6496287614225835,8.905178145449849,29.0,28.0,2.0,2.0,29.999999999999996
2025-10-29,Wednesday,10,44,No,Cloudy,No,end,No,No,Dal Curry,8.0,Meal,29,4,5,No,No,6.0,9.0,7.0,6.0,8.0,5.666666666666667,12.142857142857142,9.285714285714286,14.135399669253209,10.321214682752826,7.0,7.0,-3.0,2.0,6.999999999999999
2025-10-29,Wednesday,10,44,No,Cloudy,No,end,No,No,Egg Rotti,45.0,Meal,29,4,5,No,No,28.0,39.0,48.0,51.0,55.0,41.0,39.42857142857143,40.42857142857143,8.580154288767059,14.606185653368222,39.0,43.0,-11.0,-9.0,33.3
2025-10-29,Wednesday,10,44,No,Cloudy,No,end,No,No,Hoppers,14.0,Meal,29,4,5,No,No,22.0,18.0,24.0,30.0,57.0,18.666666666666668,17.142857142857142,17.571428571428573,8.896227129680144,9.581346346009932,18.0,18.5,4.0,-6.0,21.0
2025-10-29,Wednesday,10,44,No,Cloudy,No,end,No,No,Kahata,19.0,Hot Beverage,29,4,5,No,No,26.0,24.0,16.0,25.0,1.0,22.333333333333332,23.428571428571427,21.214285714285715,4.466808810815714,7.92443709652006,25.0,23.5,2.0,8.0,24.4
2025-10-29,Wednesday,10,44,No,Cloudy,No,end,No,No,Plain Tea,67.0,Hot Beverage,29,4,5,No,No,66.0,54.0,76.0,87.0,117.5,64.66666666666667,64.71428571428571,61.642857142857146,8.750510189207768,20.105900943435813,66.0,64.5,12.0,-22.0,63.4
2025-10-29,Wednesday,10,44,No,Cloudy,No,end,No,No,Roast bread,19.0,Meal,29,4,5,No,No,17.0,15.0,18.0,18.0,13.0,15.333333333333334,15.285714285714286,15.214285714285714,2.8702082220799134,5.563321800017453,15.0,15.5,2.0,-3.0,16.5
2025-10-29,Wednesday,10,44,No,Cloudy,No,end,No,No,Rolls,44.0,Snack,29,4,5,No,No,30.0,70.0,63.0,46.0,41.0,50.333333333333336,51.857142857142854,50.285714285714285,17.808505191139922,19.65247516776908,48.0,55.5,-40.0,7.0,45.3
2025-10-29,Wednesday,10,44,No,Cloudy,No,end,No,No,Roti,6.0,Meal,29,4,5,No,No,11.0,16.0,5.0,20.0,15.0,8.666666666666666,9.142857142857142,8.571428571428571,3.7161167647860323,4.0896545973070575,9.0,8.5,-5.0,11.0,11.899999999999999
2025-10-29,Wednesday,10,44,No,Cloudy,No,end,No,No,Soft drinks,20.0,Cold Beverage,29,4,5,No,No,21.0,27.0,36.0,39.0,23.0,23.666666666666668,21.0,24.928571428571427,6.164414002968989,10.74504741525341,20.0,27.0,-6.0,-9.0,24.3
2025-10-29,Wednesday,10,44,No,Cloudy,No,end,No,No,String Hoppers,60.0,Meal,29,4,5,No,No,60.0,140.0,60.0,105.0,75.0,66.66666666666667,80.0,73.21428571428571,47.60952285695234,41.58435092385405,100.0,70.0,-80.0,80.0,84.0
2025-10-29,Wednesday,10,44,No,Cloudy,No,end,No,No,Tea,16.0,Hot Beverage,29,4,5,No,No,12.0,17.0,27.0,16.0,17.0,14.333333333333334,15.142857142857142,16.714285714285715,1.7728105208557776,6.843622201375875,15.0,16.5,-5.0,-10.0,15.0
2025-10-29,Wednesday,10,44,No,Cloudy,No,end,No,No,Ulundu Wade,30.0,Snack,29,4,5,No,No,41.0,29.0,87.0,50.0,44.0,54.333333333333336,51.142857142857146,53.357142857142854,13.284434142114993,20.71642656614141,58.0,58.5,12.0,-58.0,42.0
2025-10-29,Wednesday,10,44,No,Cloudy,No,end,No,No,Vegitable Roti,15.0,Meal,29,4,5,No,No,7.0,18.0,18.0,24.0,20.0,10.666666666666666,12.857142857142858,14.714285714285714,3.716116764786033,6.268708263805491,12.0,16.0,-11.0,0.0,11.4
2025-10-29,Wednesday,10,44,No,Cloudy,No,end,No,No,Watter Bottle,6.0,Cold Beverage,29,4,5,No,No,4.0,5.0,4.0,9.0,6.0,6.333333333333333,4.0,3.4285714285714284,2.9439202887759484,2.3109866595589295,4.0,3.5,-1.0,1.0,4.3
2025-10-30,Thursday,10,44,No,Rainy,No,end,No,No,Bread,1.5,Meal,30,4,5,No,No,3.0,2.0,1.0,2.0,5.0,1.5,1.7857142857142858,1.8214285714285714,0.8091735937126876,1.0304431992173013,2.0,2.0,1.0,1.0,2.5
2025-10-30,Thursday,10,44,No,Rainy,No,end,No,No,Breakfast,8.0,Meal,30,4,5,No,No,10.0,10.0,10.0,15.0,10.0,9.166666666666666,8.928571428571429,8.964285714285714,4.476127152540944,4.208344666869009,10.0,10.0,0.0,0.0,10.0
2025-10-30,Thursday,10,44,No,Rainy,No,end,No,No,Bulath vita,12.0,Other,30,4,5,No,No,11.0,12.0,18.0,25.0,22.0,15.333333333333334,14.428571428571429,13.5,6.133436852128478,7.133345315110957,16.0,15.5,-1.0,-6.0,12.0
2025-10-30,Thursday,10,44,No,Rainy,No,end,No,No,Chicken Curry,4.0,Meal,30,4,5,No,No,2.0,5.0,6.0,3.0,2.0,0.6666666666666666,2.5714285714285716,2.642857142857143,2.29906813420444,2.1342317247536764,2.0,3.0,-3.0,-1.0,3.3000000000000003
2025-10-30,Thursday,10,44,No,Rainy,No,end,No,No,Cigarette,21.0,Other,30,4,5,No,No,29.0,27.0,34.0,36.0,54.0,28.0,29.571428571428573,27.071428571428573,4.6496287614225835,8.922437453403072,29.0,29.0,2.0,-7.0,28.9
2025-10-30,Thursday,10,44,No,Rainy,No,end,No,No,Dal Curry,8.0,Meal,30,4,5,No,No,8.0,8.0,5.0,9.0,4.0,7.0,12.0,9.357142857142858,14.177446878757824,10.307630801850285,7.0,7.0,0.0,3.0,7.699999999999999
2025-10-30,Thursday,10,44,No,Rainy,No,end,No,No,Egg Rotti,36.0,Meal,30,4,5,No,No,45.0,30.0,43.0,53.0,59.0,38.333333333333336,40.285714285714285,40.214285714285715,8.826367424074414,14.508239417276354,42.0,43.0,15.0,-13.0,40.3
2025-10-30,Thursday,10,44,No,Rainy,No,end,No,No,Hoppers,23.0,Meal,30,4,5,No,No,14.0,8.0,35.0,12.0,55.0,15.666666666666666,16.571428571428573,16.857142857142858,8.960229588895261,9.43689276483235,14.0,16.0,6.0,-27.0,14.3
2025-10-30,Thursday,10,44,No,Rainy,No,end,No,No,Kahata,12.0,Hot Beverage,30,4,5,No,No,19.0,28.0,22.0,30.0,23.0,23.666666666666668,22.714285714285715,21.428571428571427,4.750939756661677,7.812359888853496,25.0,23.5,-9.0,6.0,22.0
2025-10-30,Thursday,10,44,No,Rainy,No,end,No,No,Plain Tea,63.0,Hot Beverage,30,4,5,No,No,67.0,72.0,63.0,84.0,99.0,64.66666666666667,66.57142857142857,61.0,7.367883976130099,19.752312425481897,67.0,64.5,-5.0,9.0,68.1
2025-10-30,Thursday,10,44,No,Rainy,No,end,No,No,Roast bread,19.0,Meal,30,4,5,No,No,19.0,15.0,12.0,22.0,16.0,16.333333333333332,15.857142857142858,15.285714285714286,3.1847852585154066,5.608078944750104,16.0,15.5,4.0,3.0,17.1
2025-10-30,Thursday,10,44,No,Rainy,No,end,No,No,Rolls,41.0,Snack,30,4,5,No,No,44.0,37.0,61.0,38.0,44.0,38.666666666666664,48.142857142857146,48.92857142857143,16.014874038723843,19.360802135775767,44.0,51.0,7.0,-24.0,43.6
2025-10-30,Thursday,10,44,No,Rainy,No,end,No,No,Roti,5.0,Meal,30,4,5,No,No,6.0,4.0,14.0,14.0,12.0,8.333333333333334,7.714285714285714,8.642857142857142,2.2886885410853153,4.03078810498056,8.0,8.5,2.0,-10.0,6.2
2025-10-30,Thursday,10,44,No,Rainy,No,end,No,No,Soft drinks,24.0,Cold Beverage,30,4,5,No,No,20.0,18.0,37.0,34.0,33.0,20.333333333333332,20.0,23.785714285714285,5.5677643628300375,10.319351287218156,20.0,24.0,2.0,-19.0,21.099999999999998
2025-10-30,Thursday,10,44,No,Rainy,No,end,No,No,String Hoppers,120.0,Meal,30,4,5,No,No,60.0,100.0,90.0,140.0,55.0,80.0,68.57142857142857,73.21428571428571,39.76119189552019,41.58435092385405,60.0,70.0,-40.0,10.0,75.0
2025-10-30,Thursday,10,44,No,Rainy,No,end,No,No,Tea,20.0,Hot Beverage,30,4,5,No,No,16.0,15.0,28.0,22.0,19.0,14.333333333333334,15.0,15.928571428571429,1.6329931618553861,6.170204905141198,15.0,16.0,1.0,-13.0,16.9
2025-10-30,Thursday,10,44,No,Rainy,No,end,No,No,Ulundu Wade,41.0,Snack,30,4,5,No,No,30.0,64.0,72.0,84.0,77.0,44.666666666666664,51.285714285714285,49.285714285714285,13.009154286043934,19.136869655713816,58.0,56.0,-34.0,-8.0,44.400000000000006
2025-10-30,Thursday,10,44,No,Rainy,No,end,No,No,Vegitable Roti,11.0,Meal,30,4,5,No,No,15.0,17.0,16.0,31.0,13.0,11.666666666666666,12.428571428571429,14.5,3.154739442867027,6.198635085490748,12.0,15.5,-2.0,1.0,15.7
2025-10-30,Thursday,10,44,No,Rainy,No,end,No,No,Watter Bottle,11.0,Cold Beverage,30,4,5,No,No,6.0,1.0,4.0,5.0,4.0,5.333333333333333,4.142857142857143,3.5714285714285716,3.0237157840738176,2.4087751663859787,4.0,3.5,5.0,-3.0,4.3
2025-10-31,Friday,10,44,No,Cloudy,No,end,No,No,Bread,2.5,Meal,31,4,5,No,Yes,1.5,2.0,3.5,1.5,1.0,1.8333333333333333,1.7142857142857142,1.8571428571428572,0.8091735937126875,1.0082080720186268,2.0,2.0,-0.5,-1.5,1.85
2025-10-31,Friday,10,44,No,Cloudy,No,end,No,No,Breakfast,8.0,Meal,31,4,5,No,Yes,8.0,10.0,8.0,14.0,11.0,8.833333333333334,8.642857142857142,8.821428571428571,4.460140933071192,4.204425977728446,9.0,10.0,-2.0,2.0,8.6
2025-10-31,Friday,10,44,No,Cloudy,No,end,No,No,Bulath vita,8.0,Other,31,4,5,No,Yes,12.0,16.0,15.0,12.0,18.0,13.0,14.428571428571429,13.071428571428571,6.133436852128478,7.021552378370318,16.0,13.5,-4.0,1.0,13.5
2025-10-31,Friday,10,44,No,Cloudy,No,end,No,No,Chicken Curry,1.0,Meal,31,4,5,No,Yes,4.0,3.0,3.0,1.0,0.0,2.0,2.4285714285714284,2.5,2.14919697074224,1.9513309067639724,2.0,3.0,1.0,0.0,3.5999999999999996
2025-10-31,Friday,10,44,No,Cloudy,No,end,No,No,Cigarette,8.0,Other,31,4,5,No,Yes,21.0,26.0,23.0,37.0,57.0,27.0,28.714285714285715,26.142857142857142,5.648430038936698,8.821801166665207,29.0,28.0,-5.0,3.0,22.7
2025-10-31,Friday,10,44,No,Cloudy,No,end,No,No,Dal Curry,6.0,Meal,31,4,5,No,Yes,8.0,44.0,9.0,6.0,5.0,7.333333333333333,12.0,9.571428571428571,14.177446878757824,10.241050770263806,7.0,7.5,-36.0,35.0,18.9
2025-10-31,Friday,10,44,No,Cloudy,No,end,No,No,Egg Rotti,18.0,Meal,31,4,5,No,Yes,36.0,39.0,45.0,51.0,47.0,36.333333333333336,41.142857142857146,39.714285714285715,7.904188160474833,14.525460784051269,42.0,42.5,-3.0,-6.0,37.8
2025-10-31,Friday,10,44,No,Cloudy,No,end,No,No,Hoppers,24.0,Meal,31,4,5,No,Yes,23.0,7.0,19.0,27.0,44.0,19.666666666666668,18.714285714285715,16.0,8.340948901139992,8.114564304148065,22.0,16.0,16.0,-12.0,17.799999999999997
2025-10-31,Friday,10,44,No,Cloudy,No,end,No,No,Kahata,6.0,Hot Beverage,31,4,5,No,Yes,12.0,25.0,23.0,26.0,28.0,19.0,20.428571428571427,20.714285714285715,5.563486402641866,8.203456789470112,20.0,23.5,-13.0,2.0,17.0
2025-10-31,Friday,10,44,No,Cloudy,No,end,No,No,Plain Tea,21.0,Hot Beverage,31,4,5,No,Yes,63.0,55.0,70.0,79.0,92.0,65.33333333333333,65.28571428571429,61.0,7.040698017343803,19.752312425481897,66.0,64.5,8.0,-15.0,61.3
2025-10-31,Friday,10,44,No,Cloudy,No,end,No,No,Roast bread,0.0,Meal,31,4,5,No,Yes,19.0,11.0,17.0,24.0,22.0,18.333333333333332,16.428571428571427,15.785714285714286,3.359421718944228,5.604648776871562,17.0,16.5,8.0,-6.0,16.4
2025-10-31,Friday,10,44,No,Cloudy,No,end,No,No,Rolls,16.0,Snack,31,4,5,No,Yes,41.0,57.0,54.0,50.0,71.0,38.333333333333336,48.714285714285715,47.5,15.617450557141595,19.138161635048203,44.0,46.0,-16.0,3.0,47.099999999999994
2025-10-31,Friday,10,44,No,Cloudy,No,end,No,No,Roti,3.0,Meal,31,4,5,No,Yes,5.0,9.0,8.0,20.0,10.0,7.333333333333333,7.857142857142857,8.0,2.0354009783964275,3.8230072737812892,8.0,8.0,-4.0,1.0,6.499999999999999
2025-10-31,Friday,10,44,No,Cloudy,No,end,No,No,Soft drinks,8.0,Cold Beverage,31,4,5,No,Yes,24.0,20.0,36.0,32.0,44.0,21.666666666666668,20.857142857142858,22.857142857142858,5.669467095138423,9.598534686704433,20.0,22.5,4.0,-16.0,24.0
2025-10-31,Friday,10,44,No,Cloudy,No,end,No,No,String Hoppers,40.0,Meal,31,4,5,No,Yes,120.0,20.0,60.0,55.0,60.0,80.0,71.42857142857143,75.35714285714286,42.98393941484479,43.255248045947944,60.0,70.0,100.0,-40.0,84.0
2025-10-31,Friday,10,44,No,Cloudy,No,end,No,No,Tea,5.0,Hot Beverage,31,4,5,No,Yes,20.0,14.0,18.0,22.0,18.0,16.0,15.714285714285714,15.357142857142858,2.4976179127510774,5.271215636427161,16.0,16.0,6.0,-4.0,18.0
2025-10-31,Friday,10,44,No,Cloudy,No,end,No,No,Ulundu Wade,12.0,Snack,31,4,5,No,Yes,41.0,58.0,52.0,74.0,32.0,37.333333333333336,48.0,47.07142857142857,12.138094304022083,18.070223214807477,44.0,53.0,-17.0,6.0,47.2
2025-10-31,Friday,10,44,No,Cloudy,No,end,No,No,Vegitable Roti,6.0,Meal,31,4,5,No,Yes,11.0,11.0,24.0,29.0,27.0,11.0,11.571428571428571,14.142857142857142,2.439750182371336,6.249395575169252,12.0,14.0,0.0,-13.0,12.299999999999999
2025-10-31,Friday,10,44,No,Cloudy,No,end,No,No,Watter Bottle,1.0,Cold Beverage,31,4,5,No,Yes,11.0,1.0,4.0,1.0,5.0,7.0,5.571428571428571,4.071428571428571,3.5989416433697485,3.1246977875846267,6.0,3.5,10.0,-3.0,7.3
2025-11-01,Saturday,11,44,Yes,Rainy,No,start,No,No,Bread,1.5,Meal,1,4,1,Yes,No,2.5,2.0,1.5,1.0,2.5,2.3333333333333335,1.7857142857142858,1.7857142857142858,0.859124692984225,0.9138735334633754,2.0,2.0,0.5,0.5,2.25
2025-11-01,Saturday,11,44,Yes,Rainy,No,start,No,No,Breakfast,10.0,Meal,1,4,1,Yes,No,8.0,15.0,10.0,16.0,11.0,8.666666666666666,8.357142857142858,8.821428571428571,4.422615041977295,4.204425977728446,8.5,10.0,-7.0,5.0,10.3
2025-11-01,Saturday,11,44,Yes,Rainy,No,start,No,No,Bulath vita,16.0,Other,1,4,1,Yes,No,8.0,23.0,16.0,27.0,34.0,10.333333333333334,13.285714285714286,12.571428571428571,6.52467842666814,7.1221678388868925,12.0,12.0,-15.0,7.0,13.299999999999999
2025-11-01,Saturday,11,44,Yes,Rainy,No,start,No,No,Chicken Curry,3.0,Meal,1,4,1,Yes,No,1.0,6.0,3.0,2.0,1.0,2.3333333333333335,2.142857142857143,2.357142857142857,2.193062655175134,1.9848325973644323,2.0,2.5,-5.0,3.0,2.7
2025-11-01,Saturday,11,44,Yes,Rainy,No,start,No,No,Cigarette,25.0,Other,1,4,1,Yes,No,8.0,32.0,23.0,45.0,58.0,19.333333333333332,26.142857142857142,25.071428571428573,9.719886340703328,10.057253683205541,29.0,28.0,-24.0,9.0,16.7
2025-11-01,Saturday,11,44,Yes,Rainy,No,start,No,No,Dal Curry,8.0,Meal,1,4,1,Yes,No,6.0,7.0,7.0,5.0,8.0,7.333333333333333,6.571428571428571,9.357142857142858,1.3972762620115255,10.285218242007035,7.0,7.0,-1.0,0.0,6.3999999999999995
2025-11-01,Saturday,11,44,Yes,Rainy,No,start,No,No,Egg Rotti,50.0,Meal,1,4,1,Yes,No,18.0,45.0,47.0,79.0,60.0,33.0,38.142857142857146,37.785714285714285,11.85226520443205,15.52753668823217,42.0,40.5,-27.0,-2.0,28.999999999999996
2025-11-01,Saturday,11,44,Yes,Rainy,No,start,No,No,Hoppers,23.0,Meal,1,4,1,Yes,No,24.0,31.0,22.0,40.0,44.0,20.333333333333332,21.142857142857142,16.357142857142858,6.66904719402932,8.362987530754816,23.0,16.0,-7.0,9.0,25.899999999999995
2025-11-01,Saturday,11,44,Yes,Rainy,No,start,No,No,Kahata,36.0,Hot Beverage,1,4,1,Yes,No,6.0,20.0,31.0,15.0,24.0,12.333333333333334,17.714285714285715,19.5,7.319250547113999,9.053261205860487,19.0,22.0,-14.0,-11.0,12.7
2025-11-01,Saturday,11,44,Yes,Rainy,No,start,No,No,Plain Tea,70.0,Hot Beverage,1,4,1,Yes,No,21.0,78.0,61.0,68.0,95.0,50.333333333333336,60.42857142857143,57.5,18.201255843642066,22.221784183716952,66.0,62.0,-57.0,17.0,42.1
2025-11-01,Saturday,11,44,Yes,Rainy,No,start,No,No,Roast bread,25.0,Meal,1,4,1,Yes,No,0.0,20.0,24.0,8.0,22.0,12.666666666666666,14.857142857142858,14.571428571428571,6.962484504556572,6.991360445515656,17.0,15.5,-20.0,-4.0,8.4
2025-11-01,Saturday,11,44,Yes,Rainy,No,start,No,No,Rolls,62.0,Snack,1,4,1,Yes,No,16.0,48.0,59.0,70.0,75.0,33.666666666666664,42.857142857142854,44.785714285714285,19.256415133911197,20.770461908972752,42.0,43.0,-32.0,-11.0,29.9
2025-11-01,Saturday,11,44,Yes,Rainy,No,start,No,No,Roti,9.0,Meal,1,4,1,Yes,No,3.0,9.0,10.0,20.0,20.0,4.666666666666667,7.0,7.642857142857143,2.6457513110645885,4.049827021132994,7.0,7.5,-6.0,-1.0,5.5
2025-11-01,Saturday,11,44,Yes,Rainy,No,start,No,No,Soft drinks,39.0,Cold Beverage,1,4,1,Yes,No,8.0,11.0,36.0,25.0,27.0,17.333333333333332,19.142857142857142,20.857142857142858,7.492853738253357,9.566424803262898,20.0,20.5,-3.0,-25.0,11.7
2025-11-01,Saturday,11,44,Yes,Rainy,No,start,No,No,String Hoppers,86.0,Meal,1,4,1,Yes,No,40.0,100.0,80.0,55.0,40.0,73.33333333333333,74.28571428571429,73.92857142857143,39.52094080237415,44.12301734175326,60.0,70.0,-60.0,20.0,62.0
2025-11-01,Saturday,11,44,Yes,Rainy,No,start,No,No,Tea,27.0,Hot Beverage,1,4,1,Yes,No,5.0,17.0,23.0,25.0,23.0,13.666666666666666,14.428571428571429,14.428571428571429,4.7908643220593,5.879747322073328,16.0,15.5,-12.0,-6.0,10.4
2025-11-01,Saturday,11,44,Yes,Rainy,No,start,No,No,Ulundu Wade,65.0,Snack,1,4,1,Yes,No,12.0,44.0,64.0,54.0,75.0,27.666666666666668,41.42857142857143,44.214285714285715,17.21295193410225,20.260528398563824,41.0,49.0,-32.0,-20.0,26.799999999999997
2025-11-01,Saturday,11,44,Yes,Rainy,No,start,No,No,Vegitable Roti,20.0,Meal,1,4,1,Yes,No,6.0,12.0,19.0,19.0,19.0,10.666666666666666,10.857142857142858,12.857142857142858,3.2366943748507517,5.90771520142084,12.0,12.5,-6.0,-7.0,9.1
2025-11-01,Saturday,11,44,Yes,Rainy,No,start,No,No,Watter Bottle,4.0,Cold Beverage,1,4,1,Yes,No,1.0,2.0,3.0,3.0,3.0,6.0,5.571428571428571,3.857142857142857,3.5989416433697485,3.2310308632943197,6.0,3.0,-1.0,-1.0,1.5
2025-11-02,Sunday,11,44,Yes,Rainy,No,start,No,No,Bread,1.5,Meal,2,4,1,No,No,1.5,2.0,1.5,2.0,4.0,1.8333333333333333,1.7142857142857142,1.7857142857142858,0.859124692984225,0.9138735334633754,1.5,2.0,-0.5,0.5,1.65
2025-11-02,Sunday,11,44,Yes,Rainy,No,start,No,No,Breakfast,12.5,Meal,2,4,1,No,No,10.0,0.0,12.0,13.0,11.0,8.666666666666666,7.642857142857143,8.821428571428571,3.4726825091741165,4.204425977728446,8.5,10.0,10.0,-12.0,7.2
2025-11-02,Sunday,11,44,Yes,Rainy,No,start,No,No,Bulath vita,18.0,Other,2,4,1,No,No,16.0,4.0,25.0,17.0,19.0,12.0,12.285714285714286,12.571428571428571,5.186980037050651,7.1221678388868925,12.0,12.0,12.0,-21.0,13.299999999999999
2025-11-02,Sunday,11,44,Yes,Rainy,No,start,No,No,Chicken Curry,3.0,Meal,2,4,1,No,No,3.0,2.0,0.0,3.0,0.0,2.6666666666666665,1.7142857142857142,2.357142857142857,1.496026483086191,1.9848325973644323,2.0,2.5,1.0,2.0,2.4
2025-11-02,Sunday,11,44,Yes,Rainy,No,start,No,No,Cigarette,29.0,Other,2,4,1,No,No,25.0,38.0,33.0,28.0,62.0,18.0,25.142857142857142,25.214285714285715,9.370673604897595,10.039756137312454,25.0,28.0,-13.0,5.0,29.7
2025-11-02,Sunday,11,44,Yes,Rainy,No,start,No,No,Dal Curry,7.0,Meal,2,4,1,No,No,8.0,4.0,6.0,7.0,10.0,7.333333333333333,6.714285714285714,9.428571428571429,1.4960264830861745,10.27105182026191,7.0,7.5,4.0,-2.0,6.6
2025-11-02,Sunday,11,44,Yes,Rainy,No,start,No,No,Egg Rotti,54.0,Meal,2,4,1,No,No,50.0,53.0,43.0,45.0,71.0,34.666666666666664,38.857142857142854,38.0,12.469009201864864,15.684387141358135,42.0,40.5,-3.0,10.0,50.199999999999996
2025-11-02,Sunday,11,44,Yes,Rainy,No,start,No,No,Hoppers,31.0,Meal,2,4,1,No,No,23.0,23.0,13.0,30.0,34.0,23.333333333333332,20.0,16.428571428571427,5.228129047119361,8.41897386141096,23.0,16.0,0.0,10.0,22.0
2025-11-02,Sunday,11,44,Yes,Rainy,No,start,No,No,Kahata,19.0,Hot Beverage,2,4,1,No,No,36.0,15.0,14.0,19.0,19.0,18.0,20.0,19.857142857142858,10.115993936995677,9.622546783123822,19.0,22.0,21.0,1.0,27.499999999999996
2025-11-02,Sunday,11,44,Yes,Rainy,No,start,No,No,Plain Tea,75.5,Hot Beverage,2,4,1,No,No,70.0,67.0,54.0,62.0,60.0,51.333333333333336,59.285714285714285,58.142857142857146,17.133926245067965,22.459731976129213,66.0,64.5,3.0,13.0,67.5
2025-11-02,Sunday,11,44,Yes,Rainy,No,start,No,No,Roast bread,12.0,Meal,2,4,1,No,No,25.0,16.0,15.0,12.0,43.0,14.666666666666666,15.571428571428571,14.642857142857142,7.785823502947361,7.099373134375942,17.0,15.5,9.0,1.0,21.3
2025-11-02,Sunday,11,44,Yes,Rainy,No,start,No,No,Rolls,69.0,Snack,2,4,1,No,No,62.0,79.0,62.0,66.0,83.0,39.666666666666664,44.857142857142854,45.0,20.56233264514326,20.94314648316687,42.0,43.0,-17.0,17.0,67.1
2025-11-02,Sunday,11,44,Yes,Rainy,No,start,No,No,Roti,13.0,Meal,2,4,1,No,No,9.0,7.0,12.0,12.0,6.0,5.666666666666667,7.0,7.571428571428571,2.6457513110645885,4.013712758767142,7.0,7.5,2.0,-5.0,8.7
2025-11-02,Sunday,11,44,Yes,Rainy,No,start,No,No,Soft drinks,35.0,Cold Beverage,2,4,1,No,No,39.0,30.0,30.0,30.0,37.0,23.666666666666668,23.142857142857142,21.071428571428573,9.599107101332775,9.957326531170487,21.0,20.5,9.0,0.0,35.4
2025-11-02,Sunday,11,44,Yes,Rainy,No,start,No,No,String Hoppers,71.0,Meal,2,4,1,No,No,86.0,20.0,55.0,80.0,50.0,82.0,72.28571428571429,74.35714285714286,38.33933700398015,44.215568338725255,60.0,73.0,66.0,-35.0,63.1
2025-11-02,Sunday,11,44,Yes,Rainy,No,start,No,No,Tea,26.0,Hot Beverage,2,4,1,No,No,27.0,16.0,19.0,23.0,39.0,17.333333333333332,15.857142857142858,14.714285714285714,6.768273325562704,6.4022660823345126,16.0,15.5,11.0,-3.0,22.9
2025-11-02,Sunday,11,44,Yes,Rainy,No,start,No,No,Ulundu Wade,56.0,Snack,2,4,1,No,No,65.0,59.0,60.0,51.0,84.0,39.333333333333336,44.42857142857143,44.285714285714285,19.423843962658736,20.337266178235357,41.0,49.0,6.0,-1.0,62.7
2025-11-02,Sunday,11,44,Yes,Rainy,No,start,No,No,Vegitable Roti,19.0,Meal,2,4,1,No,No,20.0,12.0,16.0,20.0,28.0,12.333333333333334,12.0,12.928571428571429,4.760952285695234,5.993127932689438,12.0,12.5,8.0,-4.0,17.2
2025-11-02,Sunday,11,44,Yes,Rainy,No,start,No,No,Watter Bottle,4.0,Cold Beverage,2,4,1,No,No,4.0,9.0,3.0,4.0,9.0,5.333333333333333,5.857142857142857,3.9285714285714284,3.3380918415851197,3.2216643026735228,6.0,3.5,-5.0,6.0,5.3999999999999995
2025-11-03,Monday,11,45,No,Cloudy,No,start,No,No,Bread,0.0,Meal,3,4,1,No,No,1.5,0.5,0.0,0.75,0.0,1.8333333333333333,1.6428571428571428,1.7857142857142858,0.8521681032463472,0.9138735334633754,1.5,2.0,1.0,0.5,1.0499999999999998
2025-11-03,Monday,11,45,No,Cloudy,No,start,No,No,Breakfast,0.0,Meal,3,4,1,No,No,12.5,9.0,0.0,9.0,0.0,10.166666666666666,9.428571428571429,8.857142857142858,1.5923926292577166,4.235511827342764,9.0,10.0,3.5,9.0,10.2
2025-11-03,Monday,11,45,No,Cloudy,No,start,No,No,Bulath vita,0.0,Other,3,4,1,No,No,18.0,19.0,0.0,17.0,0.0,14.0,14.285714285714286,12.071428571428571,4.029651999626681,6.3906697098707435,16.0,12.0,-1.0,19.0,16.5
2025-11-03,Monday,11,45,No,Cloudy,No,start,No,No,Chicken Curry,0.0,Meal,3,4,1,No,No,3.0,0.0,0.0,2.0,0.0,2.3333333333333335,1.8571428571428572,2.5714285714285716,1.5735915849388862,1.8693596482500348,2.0,3.0,3.0,0.0,1.7999999999999998
2025-11-03,Monday,11,45,No,Cloudy,No,start,No,No,Cigarette,19.0,Other,3,4,1,No,No,29.0,24.0,0.0,34.0,0.0,20.666666666666668,23.857142857142858,24.928571428571427,7.7980461533338294,9.856386338225153,25.0,28.0,5.0,24.0,24.599999999999998
2025-11-03,Monday,11,45,No,Cloudy,No,start,No,No,Dal Curry,0.0,Meal,3,4,1,No,No,7.0,7.0,0.0,4.0,0.0,7.0,7.142857142857143,9.5,0.8997354108424105,10.24882732503878,7.0,7.5,0.0,7.0,6.300000000000001
2025-11-03,Monday,11,45,No,Cloudy,No,start,No,No,Egg Rotti,0.0,Meal,3,4,1,No,No,54.0,42.0,0.0,42.0,0.0,40.666666666666664,39.0,38.785714285714285,12.662279942148393,16.220493075255018,42.0,40.5,12.0,42.0,45.0
2025-11-03,Monday,11,45,No,Cloudy,No,start,No,No,Hoppers,0.0,Meal,3,4,1,No,No,31.0,11.0,0.0,32.0,0.0,26.0,21.142857142857142,17.714285714285715,6.66904719402932,9.193882342485823,23.0,20.0,20.0,11.0,21.9
2025-11-03,Monday,11,45,No,Cloudy,No,start,No,No,Kahata,13.0,Hot Beverage,3,4,1,No,No,19.0,26.0,0.0,20.0,0.0,20.333333333333332,20.571428571428573,20.214285714285715,9.897089519266808,9.48017016585812,19.0,22.0,-7.0,26.0,19.2
2025-11-03,Monday,11,45,No,Cloudy,No,start,No,No,Plain Tea,0.0,Hot Beverage,3,4,1,No,No,75.5,61.0,0.0,66.0,0.0,55.5,60.5,59.67857142857143,18.048545647780053,22.885675014714362,66.0,66.5,14.5,61.0,63.599999999999994
2025-11-03,Monday,11,45,No,Cloudy,No,start,No,No,Roast bread,0.0,Meal,3,4,1,No,No,12.0,13.0,0.0,14.0,0.0,12.333333333333334,15.0,14.428571428571429,7.895146188218001,7.132960176470976,17.0,15.5,-1.0,13.0,11.1
2025-11-03,Monday,11,45,No,Cloudy,No,start,No,No,Rolls,0.0,Snack,3,4,1,No,No,69.0,42.0,0.0,50.0,0.0,49.0,43.42857142857143,45.5,17.98014778264391,21.457471354357605,42.0,43.0,27.0,42.0,54.0
2025-11-03,Monday,11,45,No,Cloudy,No,start,No,No,Roti,7.0,Meal,3,4,1,No,No,13.0,8.0,0.0,10.0,0.0,8.333333333333334,7.857142857142857,7.642857142857143,3.4846602621858467,4.10641417329492,8.0,7.5,5.0,8.0,10.2
2025-11-03,Monday,11,45,No,Cloudy,No,start,No,No,Soft drinks,28.0,Cold Beverage,3,4,1,No,No,35.0,20.0,0.0,32.0,0.0,27.333333333333332,23.857142857142858,21.428571428571427,10.350983390135323,10.382783721247296,21.0,20.5,15.0,20.0,27.0
2025-11-03,Monday,11,45,No,Cloudy,No,start,No,No,String Hoppers,0.0,Meal,3,4,1,No,No,71.0,120.0,0.0,90.0,0.0,65.66666666666667,79.57142857142857,75.5,30.864527335098586,43.88227257280377,71.0,78.5,-49.0,120.0,78.6
2025-11-03,Monday,11,45,No,Cloudy,No,start,No,No,Tea,0.0,Hot Beverage,3,4,1,No,No,26.0,15.0,0.0,19.0,0.0,19.333333333333332,17.285714285714285,15.214285714285714,7.782764841072127,7.007452861375204,16.0,15.5,11.0,15.0,20.1
2025-11-03,Monday,11,45,No,Cloudy,No,start,No,No,Ulundu Wade,0.0,Snack,3,4,1,No,No,56.0,63.0,0.0,58.0,0.0,44.333333333333336,44.0,44.0,19.078784028338912,20.126522875969492,41.0,49.0,-7.0,63.0,52.5
2025-11-03,Monday,11,45,No,Cloudy,No,start,No,No,Vegitable Roti,0.0,Meal,3,4,1,No,No,19.0,13.0,0.0,21.0,0.0,15.0,13.0,13.142857142857142,5.446711546122731,6.162631092157143,13.0,12.5,6.0,13.0,15.3
2025-11-03,Monday,11,45,No,Cloudy,No,start,No,No,Watter Bottle,0.0,Cold Beverage,3,4,1,No,No,4.0,6.0,0.0,5.0,0.0,3.0,5.142857142857143,4.0,3.0783421635988537,3.210559500724493,4.0,4.0,-2.0,6.0,4.199999999999999
2025-11-04,Tuesday,11,45,No,Rainy,No,start,No,No,Bread,1.5,Meal,4,4,1,No,No,0.0,1.0,3.5,2.0,1.5,1.0,1.5714285714285714,1.7857142857142858,0.9759000729485335,0.9138735334633754,1.5,2.0,-1.0,-2.5,0.65
2025-11-04,Tuesday,11,45,No,Rainy,No,start,No,No,Breakfast,16.5,Meal,4,4,1,No,No,0.0,8.5,10.0,13.0,11.0,7.5,8.142857142857142,8.857142857142858,3.923373184245563,4.235511827342763,8.5,10.0,-8.5,-1.5,3.55
2025-11-04,Tuesday,11,45,No,Rainy,No,start,No,No,Bulath vita,14.0,Other,4,4,1,No,No,0.0,16.0,8.0,12.0,6.0,11.333333333333334,11.571428571428571,12.071428571428571,6.160550377391698,6.3906697098707435,12.0,12.0,-16.0,8.0,5.6
2025-11-04,Tuesday,11,45,No,Rainy,No,start,No,No,Chicken Curry,5.0,Meal,4,4,1,No,No,0.0,0.0,4.0,5.0,2.0,2.0,1.8571428571428572,2.5714285714285716,1.5735915849388862,1.8693596482500348,2.0,3.0,0.0,-4.0,0.4
2025-11-04,Tuesday,11,45,No,Rainy,No,start,No,No,Cigarette,43.0,Other,4,4,1,No,No,19.0,31.0,30.0,35.0,47.0,24.333333333333332,23.142857142857142,26.285714285714285,8.00892359451992,7.075728518388327,25.0,28.0,-12.0,1.0,23.7
2025-11-04,Tuesday,11,45,No,Rainy,No,start,No,No,Dal Curry,7.0,Meal,4,4,1,No,No,0.0,6.0,11.0,7.0,6.0,5.0,6.142857142857143,9.5,2.853569193634016,10.248827325038778,7.0,7.5,-6.0,-5.0,2.9
2025-11-04,Tuesday,11,45,No,Rainy,No,start,No,No,Egg Rotti,42.0,Meal,4,4,1,No,No,0.0,28.0,64.0,46.0,54.0,34.666666666666664,33.0,38.785714285714285,19.244046698481423,16.220493075255018,36.0,40.5,-28.0,-36.0,14.8
2025-11-04,Tuesday,11,45,No,Rainy,No,start,No,No,Hoppers,40.0,Meal,4,4,1,No,No,0.0,22.0,13.0,41.0,36.0,18.0,19.571428571428573,17.714285714285715,9.947481136065592,9.193882342485823,23.0,20.0,-22.0,9.0,7.8999999999999995
2025-11-04,Tuesday,11,45,No,Rainy,No,start,No,No,Kahata,22.0,Hot Beverage,4,4,1,No,No,13.0,26.0,27.0,20.0,27.0,22.666666666666668,18.714285714285715,21.142857142857142,9.928314487939458,7.843244450894254,19.0,22.0,-13.0,-1.0,18.3
2025-11-04,Tuesday,11,45,No,Rainy,No,start,No,No,Plain Tea,66.5,Hot Beverage,4,4,1,No,No,0.0,66.0,86.0,61.0,69.5,48.5,51.785714285714285,59.67857142857143,29.105923141257037,22.885675014714362,66.0,66.5,-66.0,-20.0,28.4
2025-11-04,Tuesday,11,45,No,Rainy,No,start,No,No,Roast bread,17.0,Meal,4,4,1,No,No,0.0,17.0,20.0,20.0,9.0,12.333333333333334,13.142857142857142,14.428571428571429,9.754120008635173,7.132960176470976,17.0,15.5,-17.0,-3.0,7.1
2025-11-04,Tuesday,11,45,No,Rainy,No,start,No,No,Rolls,45.0,Snack,4,4,1,No,No,0.0,30.0,42.0,46.0,70.0,43.666666666666664,37.42857142857143,45.5,24.398477704269066,21.457471354357605,41.0,43.0,-30.0,-12.0,13.2
2025-11-04,Tuesday,11,45,No,Rainy,No,start,No,No,Roti,3.0,Meal,4,4,1,No,No,7.0,11.0,7.0,3.0,3.0,9.666666666666666,7.714285714285714,8.142857142857142,3.4982989063393695,3.48308313593979,7.0,7.5,-4.0,4.0,8.2
2025-11-04,Tuesday,11,45,No,Rainy,No,start,No,No,Soft drinks,27.0,Cold Beverage,4,4,1,No,No,28.0,21.0,27.0,25.0,48.0,34.0,25.0,23.428571428571427,10.295630140987008,8.455442359480994,24.0,22.5,7.0,-6.0,25.8
2025-11-04,Tuesday,11,45,No,Rainy,No,start,No,No,String Hoppers,82.0,Meal,4,4,1,No,No,0.0,60.0,120.0,80.0,80.0,52.333333333333336,62.42857142857143,75.5,37.317811399103334,43.88227257280377,60.0,78.5,-60.0,-60.0,30.0
2025-11-04,Tuesday,11,45,No,Rainy,No,start,No,No,Tea,26.0,Hot Beverage,4,4,1,No,No,0.0,12.0,13.0,23.0,28.0,17.666666666666668,15.142857142857142,15.214285714285714,10.205040771249125,7.007452861375204,16.0,15.5,-12.0,-1.0,4.8999999999999995
2025-11-04,Tuesday,11,45,No,Rainy,No,start,No,No,Ulundu Wade,50.0,Snack,4,4,1,No,No,0.0,41.0,54.0,42.0,68.0,40.333333333333336,35.0,44.0,23.065125189341593,20.126522875969492,41.0,49.0,-41.0,-13.0,17.7
2025-11-04,Tuesday,11,45,No,Rainy,No,start,No,No,Vegitable Roti,13.0,Meal,4,4,1,No,No,0.0,7.0,23.0,12.0,25.0,13.0,11.142857142857142,13.142857142857142,7.335497516155521,6.162631092157143,11.0,12.5,-7.0,-16.0,4.4
2025-11-04,Tuesday,11,45,No,Rainy,No,start,No,No,Watter Bottle,0.0,Cold Beverage,4,4,1,No,No,0.0,4.0,2.0,0.0,6.0,2.6666666666666665,4.285714285714286,4.0,3.592319850008056,3.210559500724493,4.0,4.0,-4.0,2.0,1.4
2025-11-05,Wednesday,11,45,No,Cloudy,No,start,No,No,Bread,3.5,Meal,5,4,1,No,No,1.5,3.0,2.0,3.0,1.5,1.0,1.6428571428571428,1.6428571428571428,0.9449111825230685,0.7703288865196432,1.5,1.75,-1.5,1.0,1.9999999999999998
2025-11-05,Wednesday,11,45,No,Cloudy,No,start,No,No,Breakfast,13.5,Meal,5,4,1,No,No,16.5,10.0,13.0,12.0,10.0,9.666666666666666,9.285714285714286,9.321428571428571,5.048573584498423,4.701092928806526,10.0,10.0,6.5,-3.0,14.200000000000001
2025-11-05,Wednesday,11,45,No,Cloudy,No,start,No,No,Bulath vita,13.0,Other,5,4,1,No,No,14.0,11.0,6.0,14.0,15.0,10.666666666666666,11.285714285714286,12.5,5.964178784328033,6.297129993405426,12.0,13.0,3.0,5.0,12.299999999999999
2025-11-05,Wednesday,11,45,No,Cloudy,No,start,No,No,Chicken Curry,6.0,Meal,5,4,1,No,No,5.0,2.0,3.0,5.0,3.0,2.6666666666666665,2.5714285714285716,2.642857142857143,1.7182493859684491,1.9456912102680335,3.0,3.0,3.0,-1.0,3.9000000000000004
2025-11-05,Wednesday,11,45,No,Cloudy,No,start,No,No,Cigarette,24.0,Other,5,4,1,No,No,43.0,29.0,29.0,27.0,41.0,30.333333333333332,24.857142857142858,27.214285714285715,10.776959550024202,8.340619525307089,25.0,28.0,14.0,0.0,37.4
2025-11-05,Wednesday,11,45,No,Cloudy,No,start,No,No,Dal Curry,8.0,Meal,5,4,1,No,No,7.0,8.0,9.0,7.0,6.0,4.666666666666667,6.285714285714286,9.214285714285714,2.870208222079922,10.259543935197206,7.0,7.0,-1.0,-1.0,7.5
2025-11-05,Wednesday,11,45,No,Cloudy,No,start,No,No,Egg Rotti,59.0,Meal,5,4,1,No,No,42.0,45.0,39.0,48.0,51.0,32.0,35.0,37.214285714285715,19.364916731037095,14.571724840771777,42.0,40.5,-3.0,6.0,42.6
2025-11-05,Wednesday,11,45,No,Cloudy,No,start,No,No,Hoppers,28.0,Meal,5,4,1,No,No,40.0,14.0,18.0,24.0,30.0,23.666666666666668,22.142857142857142,19.642857142857142,12.641579165971459,10.817415750376039,23.0,22.5,26.0,-4.0,30.0
2025-11-05,Wednesday,11,45,No,Cloudy,No,start,No,No,Kahata,16.0,Hot Beverage,5,4,1,No,No,22.0,19.0,24.0,16.0,25.0,18.0,18.142857142857142,20.785714285714285,9.546876826630639,7.667900840301946,19.0,21.0,3.0,-5.0,21.299999999999997
2025-11-05,Wednesday,11,45,No,Cloudy,No,start,No,No,Plain Tea,87.5,Hot Beverage,5,4,1,No,No,66.5,67.0,54.0,76.0,87.0,47.333333333333336,51.857142857142854,58.285714285714285,29.14720439097931,21.724422879573805,66.5,66.25,-0.5,13.0,65.4
2025-11-05,Wednesday,11,45,No,Cloudy,No,start,No,No,Roast bread,22.0,Meal,5,4,1,No,No,17.0,19.0,15.0,18.0,18.0,9.666666666666666,13.142857142857142,14.214285714285714,9.754120008635173,6.996466926281395,17.0,15.5,-2.0,4.0,17.4
2025-11-05,Wednesday,11,45,No,Cloudy,No,start,No,No,Rolls,61.0,Snack,5,4,1,No,No,45.0,44.0,70.0,63.0,46.0,38.0,39.57142857142857,45.714285714285715,24.2957962266256,21.434797630268164,44.0,44.5,1.0,-26.0,47.2
2025-11-05,Wednesday,11,45,No,Cloudy,No,start,No,No,Roti,5.0,Meal,5,4,1,No,No,3.0,6.0,16.0,5.0,20.0,7.666666666666667,6.571428571428571,7.857142857142857,3.5523298860110963,3.7387192965000744,6.0,7.5,-3.0,-10.0,5.199999999999999
2025-11-05,Wednesday,11,45,No,Cloudy,No,start,No,No,Soft drinks,47.0,Cold Beverage,5,4,1,No,No,27.0,20.0,27.0,36.0,39.0,30.0,25.857142857142858,23.428571428571427,10.155927192672136,8.455442359480994,27.0,22.5,7.0,-7.0,24.9
2025-11-05,Wednesday,11,45,No,Cloudy,No,start,No,No,String Hoppers,66.0,Meal,5,4,1,No,No,82.0,60.0,140.0,60.0,105.0,51.0,65.57142857142857,72.78571428571429,37.999373428418274,42.05523578750757,71.0,76.5,22.0,-80.0,81.19999999999999
2025-11-05,Wednesday,11,45,No,Cloudy,No,start,No,No,Tea,27.0,Hot Beverage,5,4,1,No,No,26.0,16.0,17.0,27.0,16.0,17.333333333333332,17.142857142857142,16.142857142857142,10.83864338725979,7.533077242883727,20.0,16.0,10.0,-1.0,22.099999999999998
2025-11-05,Wednesday,11,45,No,Cloudy,No,start,No,No,Ulundu Wade,96.0,Snack,5,4,1,No,No,50.0,30.0,29.0,87.0,50.0,35.333333333333336,36.285714285714285,43.714285714285715,23.69749836103863,20.001648283727377,41.0,47.0,20.0,1.0,41.9
2025-11-05,Wednesday,11,45,No,Cloudy,No,start,No,No,Vegitable Roti,19.0,Meal,5,4,1,No,No,13.0,15.0,18.0,18.0,24.0,10.666666666666666,12.0,12.428571428571429,7.118052168020875,5.473211484680993,13.0,12.5,-2.0,-3.0,14.100000000000001
2025-11-05,Wednesday,11,45,No,Cloudy,No,start,No,No,Watter Bottle,5.0,Cold Beverage,5,4,1,No,No,0.0,6.0,5.0,4.0,9.0,1.3333333333333333,3.7142857142857144,3.857142857142857,3.946064947695181,3.3479532865306236,4.0,4.0,-6.0,1.0,2.3
2025-11-06,Thursday,11,45,No,Hot,No,start,No,No,Bread,1.5,Meal,6,4,1,No,No,3.5,1.5,2.0,1.0,2.0,1.6666666666666667,1.7142857142857142,1.75,1.0745984853711203,0.9146247654303165,1.5,1.75,2.0,-0.5,2.75
2025-11-06,Thursday,11,45,No,Hot,No,start,No,No,Breakfast,11.0,Meal,6,4,1,No,No,13.5,8.0,10.0,10.0,15.0,10.0,9.785714285714286,9.357142857142858,5.298247688757915,4.7329799176733145,10.0,10.0,5.5,-2.0,11.5
2025-11-06,Thursday,11,45,No,Hot,No,start,No,No,Bulath vita,21.0,Other,6,4,1,No,No,13.0,12.0,12.0,18.0,25.0,9.0,11.571428571428571,13.0,5.996030432909843,6.012806844880868,13.0,13.5,1.0,0.0,12.599999999999998
2025-11-06,Thursday,11,45,No,Hot,No,start,No,No,Chicken Curry,6.0,Meal,6,4,1,No,No,6.0,4.0,5.0,6.0,3.0,3.6666666666666665,3.142857142857143,2.857142857142857,2.1157009420498154,2.14322341192107,3.0,3.0,2.0,-1.0,5.3
2025-11-06,Thursday,11,45,No,Hot,No,start,No,No,Cigarette,34.0,Other,6,4,1,No,No,24.0,21.0,27.0,34.0,36.0,28.666666666666668,24.142857142857142,26.857142857142858,10.621182787690104,8.365286724196713,24.0,26.5,3.0,-6.0,23.4
2025-11-06,Thursday,11,45,No,Hot,No,start,No,No,Dal Curry,5.0,Meal,6,4,1,No,No,8.0,8.0,8.0,5.0,9.0,5.0,6.285714285714286,9.142857142857142,2.870208222079922,10.264630405554668,7.0,7.0,0.0,0.0,7.999999999999999
2025-11-06,Thursday,11,45,No,Hot,No,start,No,No,Egg Rotti,54.0,Meal,6,4,1,No,No,59.0,36.0,30.0,43.0,53.0,33.666666666666664,37.0,38.642857142857146,21.205345238091905,15.697168499481021,42.0,42.0,23.0,6.0,49.199999999999996
2025-11-06,Thursday,11,45,No,Hot,No,start,No,No,Hoppers,36.0,Meal,6,4,1,No,No,28.0,23.0,8.0,35.0,12.0,22.666666666666668,24.142857142857142,20.357142857142858,12.239670085812103,11.028683880312656,24.0,23.0,5.0,15.0,24.5
2025-11-06,Thursday,11,45,No,Hot,No,start,No,No,Kahata,19.0,Hot Beverage,6,4,1,No,No,16.0,12.0,28.0,22.0,30.0,17.0,17.714285714285715,20.214285714285715,9.569296137722384,7.707923709539938,16.0,19.5,4.0,-16.0,16.0
2025-11-06,Thursday,11,45,No,Hot,No,start,No,No,Plain Tea,66.5,Hot Beverage,6,4,1,No,No,87.5,63.0,72.0,63.0,84.0,51.333333333333336,54.785714285714285,60.67857142857143,31.828783020584194,23.02223602624975,66.5,66.75,24.5,-9.0,78.60000000000001
2025-11-06,Thursday,11,45,No,Hot,No,start,No,No,Roast bread,12.0,Meal,6,4,1,No,No,22.0,19.0,15.0,12.0,22.0,13.0,13.571428571428571,14.714285714285714,10.113640011673056,7.300459115473717,17.0,16.5,3.0,4.0,20.4
2025-11-06,Thursday,11,45,No,Hot,No,start,No,No,Rolls,61.0,Snack,6,4,1,No,No,61.0,41.0,37.0,61.0,38.0,35.333333333333336,42.0,45.07142857142857,25.625508125043435,20.775222985804277,45.0,44.5,20.0,4.0,52.6
2025-11-06,Thursday,11,45,No,Hot,No,start,No,No,Roti,13.0,Meal,6,4,1,No,No,5.0,5.0,4.0,14.0,14.0,5.0,6.428571428571429,7.071428571428571,3.598941643369748,2.9733246275271354,5.0,7.0,0.0,1.0,4.9
2025-11-06,Thursday,11,45,No,Hot,No,start,No,No,Soft drinks,35.0,Cold Beverage,6,4,1,No,No,47.0,24.0,18.0,37.0,34.0,34.0,29.714285714285715,24.857142857142858,12.432675841162624,10.538261007156022,28.0,22.5,23.0,6.0,37.199999999999996
2025-11-06,Thursday,11,45,No,Hot,No,start,No,No,String Hoppers,102.0,Meal,6,4,1,No,No,66.0,120.0,100.0,90.0,140.0,49.333333333333336,66.42857142857143,67.5,37.920342574301465,37.34403463843889,71.0,68.5,-54.0,20.0,85.6
2025-11-06,Thursday,11,45,No,Hot,No,start,No,No,Tea,40.0,Hot Beverage,6,4,1,No,No,27.0,20.0,15.0,28.0,22.0,17.666666666666668,18.714285714285715,16.857142857142858,11.42678557475498,8.075196047700091,26.0,16.0,7.0,5.0,23.7
2025-11-06,Thursday,11,45,No,Hot,No,start,No,No,Ulundu Wade,77.0,Snack,6,4,1,No,No,96.0,41.0,64.0,72.0,84.0,48.666666666666664,45.714285714285715,48.5,32.33529694577473,23.854527065914798,50.0,53.0,55.0,-23.0,76.3
2025-11-06,Thursday,11,45,No,Hot,No,start,No,No,Vegitable Roti,19.0,Meal,6,4,1,No,No,19.0,11.0,17.0,16.0,31.0,10.666666666666666,12.571428571428571,12.5,7.546680127869536,5.557392858581743,13.0,12.5,8.0,-6.0,16.4
2025-11-06,Thursday,11,45,No,Hot,No,start,No,No,Watter Bottle,4.0,Cold Beverage,6,4,1,No,No,5.0,11.0,1.0,4.0,5.0,1.6666666666666667,3.5714285714285716,3.857142857142857,3.8668308667927223,3.3479532865306236,4.0,4.0,-6.0,10.0,6.3999999999999995
2025-11-07,Friday,11,45,No,Hot,No,start,No,No,Bread,2.5,Meal,7,4,1,No,No,1.5,2.5,2.0,3.5,1.5,2.1666666666666665,1.7142857142857142,1.7142857142857142,1.0745984853711203,0.9138735334633753,1.5,1.5,-1.0,0.5,1.8499999999999999
2025-11-07,Friday,11,45,No,Hot,No,start,No,No,Breakfast,9.5,Meal,7,4,1,No,No,11.0,8.0,10.0,8.0,14.0,13.666666666666666,10.214285714285714,9.428571428571429,5.250850271282603,4.7509397566616824,11.0,10.0,3.0,-2.0,10.0
2025-11-07,Friday,11,45,No,Hot,No,start,No,No,Bulath vita,9.0,Other,7,4,1,No,No,21.0,8.0,16.0,15.0,12.0,16.0,12.857142857142858,13.642857142857142,6.986381310057723,6.3682764587402385,14.0,15.0,13.0,-8.0,16.6
2025-11-07,Friday,11,45,No,Hot,No,start,No,No,Chicken Curry,1.0,Meal,7,4,1,No,No,6.0,1.0,3.0,3.0,1.0,5.666666666666667,3.4285714285714284,2.9285714285714284,2.3704530408864084,2.234839031005476,3.0,3.0,5.0,-2.0,4.199999999999999
2025-11-07,Friday,11,45,No,Hot,No,start,No,No,Cigarette,6.0,Other,7,4,1,No,No,34.0,8.0,26.0,23.0,37.0,33.666666666666664,26.0,27.357142857142858,11.105554165971817,8.580901358940558,25.0,27.5,26.0,-18.0,25.4
2025-11-07,Friday,11,45,No,Hot,No,start,No,No,Dal Curry,7.0,Meal,7,4,1,No,No,5.0,6.0,44.0,9.0,6.0,6.666666666666667,5.857142857142857,8.928571428571429,2.7945525240230777,10.321480854652933,7.0,7.0,-1.0,-38.0,9.2
2025-11-07,Friday,11,45,No,Hot,No,start,No,No,Egg Rotti,21.0,Meal,7,4,1,No,No,54.0,18.0,39.0,45.0,51.0,51.666666666666664,39.57142857142857,40.357142857142854,22.134867990398796,15.988491740369644,50.0,43.5,36.0,-21.0,41.699999999999996
2025-11-07,Friday,11,45,No,Hot,No,start,No,No,Hoppers,24.0,Meal,7,4,1,No,No,36.0,24.0,7.0,19.0,27.0,34.666666666666664,26.0,22.357142857142858,12.999999999999995,11.153524057494069,28.0,23.0,12.0,17.0,29.499999999999996
2025-11-07,Friday,11,45,No,Hot,No,start,No,No,Kahata,6.0,Hot Beverage,7,4,1,No,No,19.0,6.0,25.0,23.0,26.0,19.0,18.714285714285715,19.571428571428573,9.232447954800243,7.376827395132844,19.0,19.0,13.0,-19.0,15.7
2025-11-07,Friday,11,45,No,Hot,No,start,No,No,Plain Tea,24.5,Hot Beverage,7,4,1,No,No,66.5,21.0,55.0,70.0,79.0,73.5,55.285714285714285,60.285714285714285,32.00632377991515,22.86054232962105,66.5,66.5,45.5,-34.0,51.699999999999996
2025-11-07,Friday,11,45,No,Hot,No,start,No,No,Roast bread,0.0,Meal,7,4,1,No,No,12.0,0.0,11.0,17.0,24.0,17.0,12.571428571428571,14.5,9.829498848824771,7.335372676810109,12.0,16.5,12.0,-11.0,8.299999999999999
2025-11-07,Friday,11,45,No,Hot,No,start,No,No,Rolls,18.0,Snack,7,4,1,No,No,61.0,16.0,57.0,54.0,50.0,55.666666666666664,44.857142857142854,46.785714285714285,26.59215781283756,21.04639041381086,61.0,46.5,45.0,-41.0,47.1
2025-11-07,Friday,11,45,No,Hot,No,start,No,No,Roti,3.0,Meal,7,4,1,No,No,13.0,3.0,9.0,8.0,20.0,7.0,7.571428571428571,7.714285714285714,4.2761798705987895,3.2208114464566853,7.0,7.5,10.0,-6.0,9.6
2025-11-07,Friday,11,45,No,Hot,No,start,No,No,Soft drinks,8.0,Cold Beverage,7,4,1,No,No,35.0,8.0,20.0,36.0,32.0,36.333333333333336,31.285714285714285,26.071428571428573,12.284329933079869,10.666008450387439,35.0,25.5,27.0,-12.0,25.4
2025-11-07,Friday,11,45,No,Hot,No,start,No,No,String Hoppers,45.0,Meal,7,4,1,No,No,102.0,40.0,20.0,60.0,55.0,83.33333333333333,63.857142857142854,67.64285714285714,34.09999301773423,37.481497266820035,71.0,68.5,62.0,20.0,75.19999999999999
2025-11-07,Friday,11,45,No,Hot,No,start,No,No,Tea,5.0,Hot Beverage,7,4,1,No,No,40.0,5.0,14.0,18.0,22.0,31.0,21.571428571428573,18.642857142857142,14.010200365651961,10.134534582741884,26.0,16.5,35.0,-9.0,26.9
2025-11-07,Friday,11,45,No,Hot,No,start,No,No,Ulundu Wade,12.0,Snack,7,4,1,No,No,77.0,12.0,58.0,52.0,74.0,74.33333333333333,50.857142857142854,49.42857142857143,34.265768007486095,24.740854676221076,56.0,53.0,65.0,-46.0,55.599999999999994
2025-11-07,Friday,11,45,No,Hot,No,start,No,No,Vegitable Roti,7.0,Meal,7,4,1,No,No,19.0,6.0,11.0,24.0,29.0,17.0,13.714285714285714,12.642857142857142,7.867957924694431,5.705694090550687,19.0,12.5,13.0,-5.0,14.299999999999999
2025-11-07,Friday,11,45,No,Hot,No,start,No,No,Watter Bottle,1.0,Cold Beverage,7,4,1,No,No,4.0,1.0,1.0,4.0,1.0,3.0,2.5714285714285716,4.071428571428571,2.1491969707422407,3.2454532862093437,4.0,4.0,3.0,0.0,2.8
2025-11-08,Saturday,11,45,Yes,Rainy,No,start,No,No,Bread,2.5,Meal,8,4,2,No,No,2.5,1.5,2.0,1.5,1.0,2.5,1.7142857142857142,1.75,1.0745984853711203,0.9354143466934853,1.5,1.5,1.0,-0.5,2.15
2025-11-08,Saturday,11,45,Yes,Rainy,No,start,No,No,Breakfast,10.5,Meal,8,4,2,No,No,9.5,10.0,15.0,10.0,16.0,11.333333333333334,10.428571428571429,9.392857142857142,5.175491695067659,4.748192252882108,11.0,9.75,-0.5,-5.0,10.2
2025-11-08,Saturday,11,45,Yes,Rainy,No,start,No,No,Bulath vita,33.0,Other,8,4,2,No,No,9.0,16.0,23.0,16.0,27.0,14.333333333333334,13.0,13.142857142857142,6.879922480183436,6.443328605347051,14.0,13.5,-7.0,-7.0,12.5
2025-11-08,Saturday,11,45,Yes,Rainy,No,start,No,No,Chicken Curry,1.0,Meal,8,4,2,No,No,1.0,3.0,6.0,3.0,2.0,4.333333333333333,3.4285714285714284,2.7857142857142856,2.3704530408864084,2.2930856412794,3.0,2.5,-2.0,-3.0,2.1
2025-11-08,Saturday,11,45,Yes,Rainy,No,start,No,No,Cigarette,64.0,Other,8,4,2,No,No,6.0,25.0,32.0,23.0,45.0,21.333333333333332,25.714285714285715,25.928571428571427,11.657819774930584,10.314025444952163,25.0,27.0,-19.0,-7.0,14.3
2025-11-08,Saturday,11,45,Yes,Rainy,No,start,No,No,Dal Curry,7.0,Meal,8,4,2,No,No,7.0,8.0,7.0,7.0,5.0,6.666666666666667,6.0,6.285714285714286,2.8284271247461805,2.163635524139568,7.0,7.0,-1.0,1.0,7.3
2025-11-08,Saturday,11,45,Yes,Rainy,No,start,No,No,Egg Rotti,47.0,Meal,8,4,2,No,No,21.0,50.0,45.0,47.0,79.0,44.666666666666664,40.0,39.07142857142857,21.671794265050295,16.80871699544517,50.0,43.5,-29.0,5.0,32.1
2025-11-08,Saturday,11,45,Yes,Rainy,No,start,No,No,Hoppers,42.0,Meal,8,4,2,No,No,24.0,23.0,31.0,22.0,40.0,29.333333333333332,26.0,23.571428571428573,12.999999999999995,10.241050770263808,28.0,23.5,1.0,-8.0,24.4
2025-11-08,Saturday,11,45,Yes,Rainy,No,start,No,No,Kahata,27.0,Hot Beverage,8,4,2,No,No,6.0,36.0,20.0,31.0,15.0,13.666666666666666,18.714285714285715,18.214285714285715,9.232447954800243,8.020920448125942,19.0,19.0,-30.0,16.0,16.4
2025-11-08,Saturday,11,45,Yes,Rainy,No,start,No,No,Plain Tea,99.0,Hot Beverage,8,4,2,No,No,24.5,70.0,78.0,61.0,68.0,59.5,55.785714285714285,58.107142857142854,31.403101151076815,24.776057434104043,66.5,66.5,-45.5,-8.0,43.5
2025-11-08,Saturday,11,45,Yes,Rainy,No,start,No,No,Roast bread,19.0,Meal,8,4,2,No,No,0.0,25.0,20.0,24.0,8.0,11.333333333333334,12.571428571428571,13.714285714285714,9.829498848824771,8.26883464423049,12.0,16.5,-25.0,5.0,9.5
2025-11-08,Saturday,11,45,Yes,Rainy,No,start,No,No,Rolls,64.0,Snack,8,4,2,No,No,18.0,62.0,48.0,59.0,70.0,46.666666666666664,45.142857142857146,44.0,26.238829822920664,22.142892591251318,61.0,44.5,-44.0,14.0,34.2
2025-11-08,Saturday,11,45,Yes,Rainy,No,start,No,No,Roti,17.0,Meal,8,4,2,No,No,3.0,9.0,9.0,10.0,20.0,7.0,7.571428571428571,7.285714285714286,4.276179870598789,3.429029273459443,7.0,7.0,-6.0,0.0,5.4
2025-11-08,Saturday,11,45,Yes,Rainy,No,start,No,No,Soft drinks,25.0,Cold Beverage,8,4,2,No,No,8.0,39.0,11.0,36.0,25.0,30.0,31.285714285714285,25.214285714285715,12.284329933079869,11.630057685077997,35.0,25.5,-31.0,28.0,17.6
2025-11-08,Saturday,11,45,Yes,Rainy,No,start,No,No,String Hoppers,35.0,Meal,8,4,2,No,No,45.0,86.0,100.0,80.0,55.0,71.0,64.57142857142857,69.42857142857143,33.56514632202647,35.584599706386136,71.0,68.5,-41.0,-14.0,62.8
2025-11-08,Saturday,11,45,Yes,Rainy,No,start,No,No,Tea,24.0,Hot Beverage,8,4,2,No,No,5.0,27.0,17.0,23.0,25.0,24.0,21.571428571428573,18.0,14.010200365651961,10.720218137849477,26.0,16.5,-22.0,10.0,12.8
2025-11-08,Saturday,11,45,Yes,Rainy,No,start,No,No,Ulundu Wade,63.0,Snack,8,4,2,No,No,12.0,65.0,44.0,64.0,54.0,61.666666666666664,50.857142857142854,46.142857142857146,34.265768007486095,26.506478577762962,56.0,47.0,-53.0,21.0,31.1
2025-11-08,Saturday,11,45,Yes,Rainy,No,start,No,No,Vegitable Roti,20.0,Meal,8,4,2,No,No,7.0,20.0,12.0,19.0,19.0,15.0,13.857142857142858,12.357142857142858,7.712080813644944,5.89141674037673,19.0,12.5,-13.0,8.0,11.399999999999999
2025-11-08,Saturday,11,45,Yes,Rainy,No,start,No,No,Watter Bottle,3.0,Cold Beverage,8,4,2,No,No,1.0,4.0,2.0,3.0,3.0,3.3333333333333335,2.5714285714285716,4.071428571428571,2.1491969707422407,3.2454532862093437,4.0,4.0,-3.0,2.0,1.9999999999999998
2025-11-09,Sunday,11,45,Yes,Rainy,No,start,No,No,Bread,3.5,Meal,9,4,2,No,No,2.5,1.5,2.0,1.5,2.0,2.1666666666666665,1.8571428571428572,1.7857142857142858,1.1073348527841418,0.9550329376979162,1.5,1.5,1.0,-0.5,2.15
2025-11-09,Sunday,11,45,Yes,Rainy,No,start,No,No,Breakfast,10.5,Meal,9,4,2,No,No,10.5,12.5,0.0,12.0,13.0,10.333333333333334,10.5,9.071428571428571,5.172040216394302,4.484405212499213,11.0,9.75,-2.0,12.5,10.05
2025-11-09,Sunday,11,45,Yes,Rainy,No,start,No,No,Bulath vita,19.0,Other,9,4,2,No,No,33.0,18.0,4.0,25.0,17.0,21.0,15.428571428571429,13.857142857142858,10.277112805600982,7.989003431228196,14.0,13.5,15.0,14.0,25.599999999999998
2025-11-09,Sunday,11,45,Yes,Rainy,No,start,No,No,Chicken Curry,0.0,Meal,9,4,2,No,No,1.0,3.0,2.0,0.0,3.0,2.6666666666666665,3.142857142857143,2.4285714285714284,2.5448360411214073,2.1380899352993947,3.0,2.0,-2.0,1.0,1.7
2025-11-09,Sunday,11,45,Yes,Rainy,No,start,No,No,Cigarette,67.0,Other,9,4,2,No,No,64.0,29.0,38.0,33.0,28.0,34.666666666666664,31.285714285714285,28.214285714285715,18.544669366283195,14.471077634788907,29.0,27.0,35.0,-9.0,50.89999999999999
2025-11-09,Sunday,11,45,Yes,Rainy,No,start,No,No,Dal Curry,9.0,Meal,9,4,2,No,No,7.0,7.0,4.0,6.0,7.0,6.333333333333333,5.857142857142857,6.285714285714286,2.734262327610579,2.163635524139568,7.0,7.0,0.0,3.0,6.700000000000001
2025-11-09,Sunday,11,45,Yes,Rainy,No,start,No,No,Egg Rotti,66.0,Meal,9,4,2,No,No,47.0,54.0,53.0,43.0,45.0,40.666666666666664,39.57142857142857,39.214285714285715,21.469801604867737,16.871362041721987,47.0,43.5,-7.0,1.0,49.7
2025-11-09,Sunday,11,45,Yes,Rainy,No,start,No,No,Hoppers,33.0,Meal,9,4,2,No,No,42.0,31.0,23.0,13.0,30.0,34.0,28.714285714285715,24.357142857142858,14.197585307770769,11.22913204986951,31.0,23.5,11.0,8.0,36.8
2025-11-09,Sunday,11,45,Yes,Rainy,No,start,No,No,Kahata,19.0,Hot Beverage,9,4,2,No,No,27.0,19.0,15.0,14.0,19.0,17.333333333333332,17.428571428571427,18.714285714285715,6.704653678780203,8.352139950829475,19.0,19.0,8.0,4.0,23.4
2025-11-09,Sunday,11,45,Yes,Rainy,No,start,No,No,Plain Tea,57.5,Hot Beverage,9,4,2,No,No,99.0,75.5,67.0,54.0,62.0,63.333333333333336,59.92857142857143,59.607142857142854,35.26616481774536,26.638735944996583,66.5,66.5,23.5,8.5,88.75
2025-11-09,Sunday,11,45,Yes,Rainy,No,start,No,No,Roast bread,39.0,Meal,9,4,2,No,No,19.0,12.0,16.0,15.0,12.0,10.333333333333334,11.714285714285714,13.642857142857142,8.769536014223432,8.214500713860945,12.0,16.5,7.0,-4.0,16.6
2025-11-09,Sunday,11,45,Yes,Rainy,No,start,No,No,Rolls,83.0,Snack,9,4,2,No,No,64.0,69.0,79.0,62.0,66.0,47.666666666666664,45.42857142857143,45.142857142857146,26.46291205226127,22.769267894237633,61.0,44.5,-5.0,-10.0,67.0
2025-11-09,Sunday,11,45,Yes,Rainy,No,start,No,No,Roti,6.0,Meal,9,4,2,No,No,17.0,13.0,7.0,12.0,12.0,11.0,8.714285714285714,7.857142857142857,5.589105048046174,4.294130929485089,7.0,7.0,4.0,6.0,14.799999999999999
2025-11-09,Sunday,11,45,Yes,Rainy,No,start,No,No,Soft drinks,41.0,Cold Beverage,9,4,2,No,No,25.0,35.0,30.0,30.0,30.0,22.666666666666668,29.285714285714285,26.214285714285715,11.954277975049857,10.892330198027286,28.0,26.0,-10.0,5.0,28.5
2025-11-09,Sunday,11,45,Yes,Rainy,No,start,No,No,String Hoppers,40.0,Meal,9,4,2,No,No,35.0,71.0,20.0,55.0,80.0,60.666666666666664,57.285714285714285,64.78571428571429,33.67350237062906,35.5293563808179,66.0,63.0,-36.0,51.0,44.3
2025-11-09,Sunday,11,45,Yes,Rainy,No,start,No,No,Tea,40.0,Hot Beverage,9,4,2,No,No,24.0,26.0,16.0,19.0,23.0,23.0,21.142857142857142,18.5,13.861560415150135,10.832642976031003,26.0,18.0,-2.0,10.0,23.8
2025-11-09,Sunday,11,45,Yes,Rainy,No,start,No,No,Ulundu Wade,79.0,Snack,9,4,2,No,No,63.0,56.0,59.0,60.0,51.0,50.666666666666664,50.57142857142857,47.5,34.13628149470464,26.872204684680874,56.0,53.0,7.0,-3.0,60.49999999999999
2025-11-09,Sunday,11,45,Yes,Rainy,No,start,No,No,Vegitable Roti,23.0,Meal,9,4,2,No,No,20.0,19.0,12.0,16.0,20.0,15.333333333333334,13.857142857142858,12.928571428571429,7.712080813644944,6.232227478250398,19.0,13.0,1.0,7.0,18.9
2025-11-09,Sunday,11,45,Yes,Rainy,No,start,No,No,Watter Bottle,9.0,Cold Beverage,9,4,2,No,No,3.0,4.0,9.0,3.0,4.0,2.6666666666666665,2.4285714285714284,4.142857142857143,2.070196678027064,3.207134902949092,3.0,4.0,-1.0,-5.0,3.9
2025-11-10,Monday,11,46,No,Cloudy,No,start,No,No,Bread,1.0,Meal,10,4,2,No,No,3.5,0.0,0.5,0.0,0.75,2.8333333333333335,2.142857142857143,1.8928571428571428,1.248808956375558,1.0593643128087462,2.5,1.5,3.5,-0.5,2.15
2025-11-10,Monday,11,46,No,Cloudy,No,start,No,No,Breakfast,9.5,Meal,10,4,2,No,No,10.5,0.0,9.0,0.0,9.0,10.166666666666666,10.214285714285714,9.821428571428571,5.097852021988796,3.6511702173473033,10.5,10.0,10.5,-9.0,7.2
2025-11-10,Monday,11,46,No,Cloudy,No,start,No,No,Bulath vita,20.0,Other,10,4,2,No,No,19.0,0.0,19.0,0.0,17.0,20.333333333333332,15.571428571428571,14.928571428571429,10.3256499853059,7.559652878826626,14.0,15.0,19.0,-19.0,13.3
2025-11-10,Monday,11,46,No,Cloudy,No,start,No,No,Chicken Curry,2.0,Meal,10,4,2,No,No,0.0,0.0,0.0,0.0,2.0,0.6666666666666666,2.7142857142857144,2.2857142857142856,2.811540841738193,2.2336094083368714,1.0,1.5,0.0,0.0,0.0
2025-11-10,Monday,11,46,No,Cloudy,No,start,No,No,Cigarette,30.0,Other,10,4,2,No,No,67.0,19.0,24.0,0.0,34.0,45.666666666666664,36.714285714285715,30.285714285714285,22.830639396173193,17.695842933945162,34.0,27.0,48.0,-5.0,48.3
2025-11-10,Monday,11,46,No,Cloudy,No,start,No,No,Dal Curry,4.0,Meal,10,4,2,No,No,9.0,0.0,7.0,0.0,4.0,7.666666666666667,6.142857142857143,6.642857142857143,2.968084198523309,2.16997493275642,7.0,7.0,9.0,-7.0,6.1
2025-11-10,Monday,11,46,No,Cloudy,No,start,No,No,Egg Rotti,43.0,Meal,10,4,2,No,No,66.0,0.0,42.0,0.0,42.0,44.666666666666664,41.285714285714285,40.142857142857146,23.221500710292077,18.007934759036488,47.0,43.5,66.0,-42.0,43.800000000000004
2025-11-10,Monday,11,46,No,Cloudy,No,start,No,No,Hoppers,35.0,Meal,10,4,2,No,No,33.0,0.0,11.0,0.0,32.0,33.0,29.0,25.071428571428573,14.271183085738425,11.452002080350479,33.0,24.0,33.0,-11.0,20.900000000000002
2025-11-10,Monday,11,46,No,Cloudy,No,start,No,No,Kahata,22.0,Hot Beverage,10,4,2,No,No,19.0,13.0,26.0,0.0,20.0,17.333333333333332,17.428571428571427,19.0,6.704653678780203,8.283440385213419,19.0,19.0,6.0,-13.0,17.900000000000002
2025-11-10,Monday,11,46,No,Cloudy,No,start,No,No,Plain Tea,54.0,Hot Beverage,10,4,2,No,No,57.5,0.0,61.0,0.0,66.0,60.333333333333336,57.357142857142854,58.92857142857143,34.5913215100193,26.556802071479478,66.5,66.25,57.5,-61.0,40.6
2025-11-10,Monday,11,46,No,Cloudy,No,start,No,No,Roast bread,16.0,Meal,10,4,2,No,No,39.0,0.0,13.0,0.0,14.0,19.333333333333332,15.571428571428571,15.285714285714286,13.550610599491359,10.65853627870148,17.0,17.0,39.0,-13.0,24.7
2025-11-10,Monday,11,46,No,Cloudy,No,start,No,No,Rolls,42.0,Snack,10,4,2,No,No,83.0,0.0,42.0,0.0,50.0,55.0,47.42857142857143,45.42857142857143,28.953164149807787,23.246883283949757,61.0,44.5,83.0,-42.0,54.0
2025-11-10,Monday,11,46,No,Cloudy,No,start,No,No,Roti,9.0,Meal,10,4,2,No,No,6.0,7.0,8.0,0.0,10.0,8.666666666666666,7.714285714285714,7.785714285714286,5.313952882562587,4.317737502773551,6.0,6.5,-1.0,-1.0,6.499999999999999
2025-11-10,Monday,11,46,No,Cloudy,No,start,No,No,Soft drinks,36.0,Cold Beverage,10,4,2,No,No,41.0,28.0,20.0,0.0,32.0,24.666666666666668,30.142857142857142,27.0,12.628388277060168,11.562538981223272,28.0,26.0,13.0,8.0,35.0
2025-11-10,Monday,11,46,No,Cloudy,No,start,No,No,String Hoppers,85.0,Meal,10,4,2,No,No,40.0,0.0,120.0,0.0,90.0,40.0,52.857142857142854,66.21428571428571,33.60768052806068,33.95739088334668,45.0,63.0,40.0,-120.0,36.0
2025-11-10,Monday,11,46,No,Cloudy,No,start,No,No,Tea,19.0,Hot Beverage,10,4,2,No,No,40.0,0.0,15.0,0.0,19.0,23.0,23.142857142857142,20.214285714285715,15.582346543750205,12.217129030923827,26.0,22.0,40.0,-15.0,25.5
2025-11-10,Monday,11,46,No,Cloudy,No,start,No,No,Ulundu Wade,60.0,Snack,10,4,2,No,No,79.0,0.0,63.0,0.0,58.0,51.333333333333336,53.857142857142854,48.92857142857143,35.811676733660356,28.03696539519619,63.0,53.0,79.0,-63.0,53.7
2025-11-10,Monday,11,46,No,Cloudy,No,start,No,No,Vegitable Roti,20.0,Meal,10,4,2,No,No,23.0,0.0,13.0,0.0,21.0,16.666666666666668,14.428571428571429,13.714285714285714,8.283661486266059,6.7758459185616005,19.0,14.0,23.0,-13.0,15.1
2025-11-10,Monday,11,46,No,Cloudy,No,start,No,No,Watter Bottle,5.0,Cold Beverage,10,4,2,No,No,9.0,0.0,6.0,0.0,5.0,4.333333333333333,3.142857142857143,4.142857142857143,3.2366943748507486,3.207134902949092,3.0,4.0,9.0,-6.0,6.0
2025-11-11,Tuesday,11,46,No,Rainy,No,middle,No,No,Bread,1.0,Meal,11,4,2,No,No,1.0,1.5,1.0,3.5,2.0,2.3333333333333335,2.2857142857142856,1.9285714285714286,0.9940297973880052,1.0163498575623617,2.5,1.5,-0.5,0.5,1.15
2025-11-11,Tuesday,11,46,No,Rainy,No,middle,No,No,Breakfast,7.0,Meal,11,4,2,No,No,9.5,16.5,8.5,10.0,13.0,10.166666666666666,11.571428571428571,9.857142857142858,2.5565043097390427,3.6449573777637347,10.5,10.0,-7.0,8.0,11.5
2025-11-11,Tuesday,11,46,No,Rainy,No,middle,No,No,Bulath vita,17.0,Other,11,4,2,No,No,20.0,14.0,16.0,8.0,12.0,24.0,18.428571428571427,15.0,7.742892285985972,7.605665904189711,19.0,15.0,6.0,-2.0,17.8
2025-11-11,Tuesday,11,46,No,Rainy,No,middle,No,No,Chicken Curry,0.0,Meal,11,4,2,No,No,2.0,5.0,0.0,4.0,5.0,1.0,3.0,2.4285714285714284,2.581988897471611,2.1380899352993947,2.0,2.0,-3.0,5.0,2.7
2025-11-11,Tuesday,11,46,No,Rainy,No,middle,No,No,Cigarette,29.0,Other,11,4,2,No,No,30.0,43.0,31.0,30.0,35.0,53.666666666666664,38.285714285714285,30.714285714285715,21.76169636244906,17.604320149102257,34.0,29.0,-13.0,12.0,34.0
2025-11-11,Tuesday,11,46,No,Rainy,No,middle,No,No,Dal Curry,6.0,Meal,11,4,2,No,No,4.0,7.0,6.0,11.0,7.0,6.666666666666667,6.714285714285714,6.428571428571429,1.7043362064926773,2.2774576147127763,7.0,7.0,-3.0,1.0,5.1
2025-11-11,Tuesday,11,46,No,Rainy,No,middle,No,No,Egg Rotti,22.0,Meal,11,4,2,No,No,43.0,42.0,28.0,64.0,46.0,52.0,47.42857142857143,40.214285714285715,14.54713193791297,18.01784829392393,47.0,44.0,1.0,14.0,41.199999999999996
2025-11-11,Tuesday,11,46,No,Rainy,No,middle,No,No,Hoppers,20.0,Meal,11,4,2,No,No,35.0,40.0,22.0,13.0,41.0,36.666666666666664,34.0,26.785714285714285,6.350852961085869,10.96973859465962,35.0,26.0,-5.0,18.0,35.2
2025-11-11,Tuesday,11,46,No,Rainy,No,middle,No,No,Kahata,26.0,Hot Beverage,11,4,2,No,No,22.0,22.0,26.0,27.0,20.0,22.666666666666668,18.714285714285715,18.714285714285715,6.575568054403756,8.090151386132986,19.0,19.0,0.0,-4.0,22.4
2025-11-11,Tuesday,11,46,No,Rainy,No,middle,No,No,Plain Tea,68.0,Hot Beverage,11,4,2,No,No,54.0,66.5,66.0,86.0,61.0,70.16666666666667,65.07142857142857,58.42857142857143,24.0977671362386,26.58068785853683,66.5,66.25,-12.5,0.5,58.949999999999996
2025-11-11,Tuesday,11,46,No,Rainy,No,middle,No,No,Roast bread,18.0,Meal,11,4,2,No,No,16.0,17.0,17.0,20.0,20.0,24.666666666666668,17.857142857142858,15.5,11.710800875382395,10.63918736052278,17.0,17.0,-1.0,0.0,16.4
2025-11-11,Tuesday,11,46,No,Rainy,No,middle,No,No,Rolls,29.0,Snack,11,4,2,No,No,42.0,45.0,30.0,42.0,46.0,63.0,53.42857142857143,45.42857142857143,20.6466877315882,23.246883283949757,61.0,44.5,-3.0,15.0,41.7
2025-11-11,Tuesday,11,46,No,Rainy,No,middle,No,No,Roti,12.0,Meal,11,4,2,No,No,9.0,3.0,11.0,7.0,3.0,10.666666666666666,8.0,7.857142857142857,5.322906474223769,4.329809781878736,6.0,6.5,6.0,-8.0,7.399999999999999
2025-11-11,Tuesday,11,46,No,Rainy,No,middle,No,No,Soft drinks,21.0,Cold Beverage,11,4,2,No,No,36.0,27.0,21.0,27.0,25.0,34.0,31.285714285714285,28.142857142857142,12.763414978161688,11.60806843308794,35.0,27.5,9.0,6.0,31.799999999999997
2025-11-11,Tuesday,11,46,No,Rainy,No,middle,No,No,String Hoppers,50.0,Meal,11,4,2,No,No,85.0,82.0,60.0,120.0,80.0,53.333333333333336,65.0,63.714285714285715,25.76819745345024,30.83810971815575,66.0,63.0,3.0,22.0,81.6
2025-11-11,Tuesday,11,46,No,Rainy,No,middle,No,No,Tea,14.0,Hot Beverage,11,4,2,No,No,19.0,26.0,12.0,13.0,23.0,27.666666666666668,25.857142857142858,20.5,12.1576940169394,12.132283696497856,26.0,22.0,-7.0,14.0,20.4
2025-11-11,Tuesday,11,46,No,Rainy,No,middle,No,No,Ulundu Wade,44.0,Snack,11,4,2,No,No,60.0,50.0,41.0,54.0,42.0,67.33333333333333,62.42857142857143,48.714285714285715,26.82571616227697,27.93241450751761,63.0,53.0,10.0,9.0,55.1
2025-11-11,Tuesday,11,46,No,Rainy,No,middle,No,No,Vegitable Roti,7.0,Meal,11,4,2,No,No,20.0,13.0,7.0,23.0,12.0,21.0,17.285714285714285,14.214285714285714,5.437961803049791,6.974443142133796,19.0,17.0,7.0,6.0,16.6
2025-11-11,Tuesday,11,46,No,Rainy,No,middle,No,No,Watter Bottle,4.0,Cold Beverage,11,4,2,No,No,5.0,0.0,4.0,2.0,0.0,5.666666666666667,3.857142857142857,4.071428571428571,2.9680841985233184,3.173551413074722,4.0,4.0,5.0,-4.0,3.4
2025-11-12,Wednesday,11,46,No,Cloudy,No,middle,No,No,Bread,1.5,Meal,12,4,2,No,No,1.0,3.5,3.0,2.0,3.0,1.8333333333333333,2.2142857142857144,1.9285714285714286,1.0745984853711201,1.0163498575623617,2.5,1.5,-2.5,0.5,1.95
2025-11-12,Wednesday,11,46,No,Cloudy,No,middle,No,No,Breakfast,11.0,Meal,12,4,2,No,No,7.0,13.5,10.0,13.0,12.0,9.0,10.214285714285714,9.75,1.954847454772006,3.7093955551565783,10.5,10.0,-6.5,3.5,9.25
2025-11-12,Wednesday,11,46,No,Cloudy,No,middle,No,No,Bulath vita,16.0,Other,12,4,2,No,No,17.0,13.0,11.0,6.0,14.0,18.666666666666668,18.857142857142858,15.071428571428571,7.537209285241052,7.620461178395217,19.0,15.0,4.0,2.0,15.2
2025-11-12,Wednesday,11,46,No,Cloudy,No,middle,No,No,Chicken Curry,3.0,Meal,12,4,2,No,No,0.0,6.0,2.0,3.0,5.0,0.6666666666666666,2.2857142857142856,2.4285714285714284,2.627691364061218,2.1380899352993947,1.0,2.0,-6.0,4.0,1.9999999999999998
2025-11-12,Wednesday,11,46,No,Cloudy,No,middle,No,No,Cigarette,41.0,Other,12,4,2,No,No,29.0,24.0,29.0,29.0,27.0,42.0,36.285714285714285,30.571428571428573,21.899119356070663,17.609937254569928,30.0,29.0,5.0,-5.0,27.5
2025-11-12,Wednesday,11,46,No,Cloudy,No,middle,No,No,Dal Curry,6.0,Meal,12,4,2,No,No,6.0,8.0,8.0,9.0,7.0,6.333333333333333,6.571428571428571,6.428571428571429,1.7182493859684331,2.2774576147127763,7.0,7.0,-2.0,0.0,6.8
2025-11-12,Wednesday,11,46,No,Cloudy,No,middle,No,No,Egg Rotti,59.0,Meal,12,4,2,No,No,22.0,59.0,45.0,39.0,48.0,43.666666666666664,44.57142857142857,39.785714285714285,17.462885813987935,18.398070849657344,47.0,44.0,-37.0,14.0,35.4
2025-11-12,Wednesday,11,46,No,Cloudy,No,middle,No,No,Hoppers,29.0,Meal,12,4,2,No,No,20.0,28.0,14.0,18.0,24.0,29.333333333333332,31.142857142857142,26.642857142857142,7.581305327988729,11.049588525977182,33.0,26.0,-8.0,14.0,21.799999999999997
2025-11-12,Wednesday,11,46,No,Cloudy,No,middle,No,No,Kahata,27.0,Hot Beverage,12,4,2,No,No,26.0,16.0,19.0,24.0,16.0,22.333333333333332,19.285714285714285,18.714285714285715,7.064330251677215,8.090151386132986,19.0,19.0,10.0,-3.0,22.299999999999997
2025-11-12,Wednesday,11,46,No,Cloudy,No,middle,No,No,Plain Tea,95.5,Hot Beverage,12,4,2,No,No,68.0,87.5,67.0,54.0,76.0,59.833333333333336,65.28571428571429,58.57142857142857,24.119247401983657,26.629839497232272,66.5,66.5,-19.5,20.5,73.75
2025-11-12,Wednesday,11,46,No,Cloudy,No,middle,No,No,Roast bread,20.0,Meal,12,4,2,No,No,18.0,22.0,19.0,15.0,18.0,24.333333333333332,18.0,15.571428571428571,11.704699910719622,10.653380003290293,18.0,17.5,-4.0,3.0,19.299999999999997
2025-11-12,Wednesday,11,46,No,Cloudy,No,middle,No,No,Rolls,48.0,Snack,12,4,2,No,No,29.0,61.0,44.0,70.0,63.0,51.333333333333336,51.142857142857146,45.357142857142854,22.534629435815543,23.29941281154179,61.0,44.5,-32.0,17.0,40.1
2025-11-12,Wednesday,11,46,No,Cloudy,No,middle,No,No,Roti,21.0,Meal,12,4,2,No,No,12.0,5.0,6.0,16.0,5.0,9.0,9.285714285714286,7.928571428571429,4.990467102863407,4.393426658338322,9.0,6.5,7.0,-1.0,9.299999999999999
2025-11-12,Wednesday,11,46,No,Cloudy,No,middle,No,No,Soft drinks,35.0,Cold Beverage,12,4,2,No,No,21.0,47.0,20.0,27.0,36.0,32.666666666666664,30.428571428571427,28.142857142857142,13.289809916588267,11.60806843308794,35.0,27.5,-26.0,27.0,28.7
2025-11-12,Wednesday,11,46,No,Cloudy,No,middle,No,No,String Hoppers,107.0,Meal,12,4,2,No,No,50.0,66.0,60.0,140.0,60.0,58.333333333333336,60.42857142857143,63.0,25.078923042116063,31.045871768178053,50.0,63.0,-16.0,6.0,55.8
2025-11-12,Wednesday,11,46,No,Cloudy,No,middle,No,No,Tea,17.0,Hot Beverage,12,4,2,No,No,14.0,27.0,16.0,17.0,27.0,24.333333333333332,24.142857142857142,20.642857142857142,12.95413153436092,12.035889554272147,24.0,22.0,-13.0,11.0,18.1
2025-11-12,Wednesday,11,46,No,Cloudy,No,middle,No,No,Ulundu Wade,52.0,Snack,12,4,2,No,No,44.0,96.0,30.0,29.0,87.0,61.0,61.57142857142857,48.92857142857143,27.379171784753602,27.88013984545626,63.0,53.0,-52.0,66.0,58.199999999999996
2025-11-12,Wednesday,11,46,No,Cloudy,No,middle,No,No,Vegitable Roti,27.0,Meal,12,4,2,No,No,7.0,19.0,15.0,18.0,18.0,16.666666666666668,16.428571428571427,14.214285714285714,6.5791879655254,6.974443142133796,19.0,17.0,-12.0,4.0,11.4
2025-11-12,Wednesday,11,46,No,Cloudy,No,middle,No,No,Watter Bottle,9.0,Cold Beverage,12,4,2,No,No,4.0,5.0,6.0,5.0,4.0,6.0,4.428571428571429,4.071428571428571,2.439750182371332,3.173551413074722,4.0,4.0,-1.0,-1.0,4.5
2025-11-13,Thursday,11,46,No,Hot,No,middle,No,No,Bread,1.5,Meal,13,4,2,No,No,1.5,1.5,1.5,2.0,1.0,1.1666666666666667,1.9285714285714286,1.8214285714285714,0.9322272357358046,0.972845605134017,1.5,1.5,0.0,0.0,1.5
2025-11-13,Thursday,11,46,No,Hot,No,middle,No,No,Breakfast,8.5,Meal,13,4,2,No,No,11.0,11.0,8.0,10.0,10.0,9.166666666666666,9.857142857142858,9.821428571428571,1.4057704208691033,3.7241784992808133,10.5,10.25,0.0,3.0,10.7
2025-11-13,Thursday,11,46,No,Hot,No,middle,No,No,Bulath vita,13.0,Other,13,4,2,No,No,16.0,21.0,12.0,12.0,18.0,17.666666666666668,19.285714285714285,15.428571428571429,7.227592630889995,7.531618333749711,19.0,16.0,-5.0,9.0,17.099999999999998
2025-11-13,Thursday,11,46,No,Hot,No,middle,No,No,Chicken Curry,4.0,Meal,13,4,2,No,No,3.0,6.0,4.0,5.0,6.0,1.6666666666666667,1.8571428571428572,2.5,2.115700942049815,2.139374459257443,1.0,2.5,-3.0,2.0,3.9999999999999996
2025-11-13,Thursday,11,46,No,Hot,No,middle,No,No,Cigarette,23.0,Other,13,4,2,No,No,41.0,34.0,21.0,27.0,34.0,33.333333333333336,38.714285714285715,31.428571428571427,21.24236557538014,17.818375500996304,34.0,29.0,7.0,13.0,36.9
2025-11-13,Thursday,11,46,No,Hot,No,middle,No,No,Dal Curry,9.0,Meal,13,4,2,No,No,6.0,5.0,8.0,8.0,5.0,5.333333333333333,6.285714285714286,6.285714285714286,1.6035674514745293,2.2336094083368767,6.0,7.0,1.0,-3.0,5.8999999999999995
2025-11-13,Thursday,11,46,No,Hot,No,middle,No,No,Egg Rotti,40.0,Meal,13,4,2,No,No,59.0,54.0,36.0,30.0,43.0,41.333333333333336,44.57142857142857,40.785714285714285,17.462885813987935,19.071438860761933,47.0,45.0,5.0,18.0,55.199999999999996
2025-11-13,Thursday,11,46,No,Hot,No,middle,No,No,Hoppers,23.0,Meal,13,4,2,No,No,29.0,36.0,23.0,8.0,35.0,28.0,31.285714285714285,27.714285714285715,7.521398046336092,10.439780217466792,33.0,28.5,-7.0,13.0,30.499999999999996
2025-11-13,Thursday,11,46,No,Hot,No,middle,No,No,Kahata,13.0,Hot Beverage,13,4,2,No,No,27.0,19.0,12.0,28.0,22.0,25.0,20.857142857142858,19.285714285714285,7.425823667638297,8.388898996508802,22.0,19.0,8.0,7.0,23.099999999999998
2025-11-13,Thursday,11,46,No,Hot,No,middle,No,No,Plain Tea,74.0,Hot Beverage,13,4,2,No,No,95.5,66.5,63.0,72.0,63.0,72.5,66.42857142857143,60.607142857142854,25.49743217696731,28.357049436555506,66.5,66.5,29.0,3.5,83.55
2025-11-13,Thursday,11,46,No,Hot,No,middle,No,No,Roast bread,21.0,Meal,13,4,2,No,No,20.0,12.0,19.0,15.0,12.0,18.0,17.714285714285715,15.642857142857142,11.61485092047082,10.681451520903261,18.0,17.5,8.0,-7.0,17.5
2025-11-13,Thursday,11,46,No,Hot,No,middle,No,No,Rolls,48.0,Snack,13,4,2,No,No,48.0,61.0,41.0,37.0,61.0,39.666666666666664,49.285714285714285,45.642857142857146,22.118727251767805,23.306014881792425,48.0,46.5,-13.0,20.0,51.199999999999996
2025-11-13,Thursday,11,46,No,Hot,No,middle,No,No,Roti,6.0,Meal,13,4,2,No,No,21.0,13.0,5.0,4.0,14.0,14.0,11.571428571428571,9.0,6.214422549122936,5.560852175977792,12.0,8.0,8.0,8.0,17.0
2025-11-13,Thursday,11,46,No,Hot,No,middle,No,No,Soft drinks,28.0,Cold Beverage,13,4,2,No,No,35.0,35.0,24.0,18.0,37.0,30.666666666666668,28.714285714285715,29.214285714285715,11.44136189029794,11.490320819170911,35.0,31.5,0.0,11.0,33.9
2025-11-13,Thursday,11,46,No,Hot,No,middle,No,No,String Hoppers,146.0,Meal,13,4,2,No,No,107.0,102.0,120.0,100.0,90.0,80.66666666666667,66.28571428571429,66.35714285714286,30.744724673317446,33.165336730381036,50.0,68.5,5.0,-18.0,106.8
2025-11-13,Thursday,11,46,No,Hot,No,middle,No,No,Tea,19.0,Hot Beverage,13,4,2,No,No,17.0,40.0,20.0,15.0,28.0,16.666666666666668,22.714285714285715,20.714285714285715,13.136644494368747,12.009154017655874,19.0,22.0,-23.0,20.0,24.2
2025-11-13,Thursday,11,46,No,Hot,No,middle,No,No,Ulundu Wade,36.0,Snack,13,4,2,No,No,52.0,77.0,41.0,64.0,72.0,52.0,55.285714285714285,50.5,22.83063939617319,27.346072703547254,60.0,54.0,-25.0,36.0,58.4
2025-11-13,Thursday,11,46,No,Hot,No,middle,No,No,Vegitable Roti,11.0,Meal,13,4,2,No,No,27.0,19.0,11.0,17.0,16.0,18.0,17.571428571428573,15.071428571428571,7.699721701835349,7.770400303660094,20.0,19.0,8.0,8.0,23.0
2025-11-13,Thursday,11,46,No,Hot,No,middle,No,No,Watter Bottle,12.0,Cold Beverage,13,4,2,No,No,9.0,4.0,11.0,1.0,4.0,6.0,5.0,4.285714285714286,2.9999999999999987,3.4065225090105598,4.0,4.0,5.0,-7.0,7.699999999999999
2025-11-14,Friday,11,46,No,Hot,No,middle,No,No,Bread,1.5,Meal,14,4,2,No,No,1.5,2.5,2.5,2.0,3.5,1.3333333333333333,1.9285714285714286,1.8214285714285714,0.9322272357358046,0.972845605134017,1.5,1.5,-1.0,0.0,1.9
2025-11-14,Friday,11,46,No,Hot,No,middle,No,No,Breakfast,9.5,Meal,14,4,2,No,No,8.5,9.5,8.0,10.0,8.0,8.833333333333334,9.5,9.857142857142858,1.3844373104863532,3.707728785557642,9.5,10.25,-1.0,1.5,8.75
2025-11-14,Friday,11,46,No,Hot,No,middle,No,No,Bulath vita,19.0,Other,14,4,2,No,No,13.0,9.0,8.0,16.0,15.0,15.333333333333334,18.142857142857142,15.5,7.537209285241051,7.501281941723749,17.0,16.0,4.0,1.0,11.3
2025-11-14,Friday,11,46,No,Hot,No,middle,No,No,Chicken Curry,0.0,Meal,14,4,2,No,No,4.0,1.0,1.0,3.0,3.0,2.3333333333333335,1.5714285714285714,2.5,1.5118578920369083,2.139374459257443,1.0,2.5,3.0,0.0,2.8
2025-11-14,Friday,11,46,No,Hot,No,middle,No,No,Cigarette,53.0,Other,14,4,2,No,No,23.0,6.0,8.0,26.0,23.0,31.0,37.142857142857146,31.571428571428573,22.041087173946842,17.736161607614775,30.0,29.0,17.0,-2.0,16.4
2025-11-14,Friday,11,46,No,Hot,No,middle,No,No,Dal Curry,5.0,Meal,14,4,2,No,No,9.0,7.0,6.0,44.0,9.0,7.0,6.857142857142857,6.357142857142857,1.7728105208558211,2.3074175660629455,7.0,7.0,2.0,1.0,8.1
2025-11-14,Friday,11,46,No,Hot,No,middle,No,No,Egg Rotti,45.0,Meal,14,4,2,No,No,40.0,21.0,18.0,39.0,45.0,40.333333333333336,42.57142857142857,41.07142857142857,16.998599382077956,19.024131581167712,43.0,45.0,19.0,3.0,32.1
2025-11-14,Friday,11,46,No,Hot,No,middle,No,No,Hoppers,46.0,Meal,14,4,2,No,No,23.0,24.0,24.0,7.0,19.0,24.0,29.428571428571427,27.714285714285715,7.764387566686383,10.439780217466792,29.0,28.5,-1.0,0.0,23.4
2025-11-14,Friday,11,46,No,Hot,No,middle,No,No,Kahata,30.0,Hot Beverage,14,4,2,No,No,13.0,6.0,6.0,25.0,23.0,22.0,20.0,19.357142857142858,7.9999999999999964,8.326114089067952,22.0,19.0,7.0,0.0,10.2
2025-11-14,Friday,11,46,No,Hot,No,middle,No,No,Plain Tea,69.5,Hot Beverage,14,4,2,No,No,74.0,24.5,21.0,55.0,70.0,79.16666666666667,67.5,61.392857142857146,25.658007197234426,28.57996781732899,68.0,67.25,49.5,3.5,53.85
2025-11-14,Friday,11,46,No,Hot,No,middle,No,No,Roast bread,22.0,Meal,14,4,2,No,No,21.0,0.0,0.0,11.0,17.0,19.666666666666668,19.0,15.785714285714286,11.37248140615465,10.743001811043685,19.0,17.5,21.0,0.0,12.6
2025-11-14,Friday,11,46,No,Hot,No,middle,No,No,Rolls,56.0,Snack,14,4,2,No,No,48.0,18.0,16.0,57.0,54.0,41.666666666666664,47.42857142857143,46.142857142857146,21.5085807904438,23.273812100090737,48.0,48.0,30.0,2.0,35.8
2025-11-14,Friday,11,46,No,Hot,No,middle,No,No,Roti,11.0,Meal,14,4,2,No,No,6.0,3.0,3.0,9.0,8.0,13.0,10.571428571428571,9.071428571428571,6.502746672423452,5.5117257623289735,9.0,8.0,3.0,0.0,4.8
2025-11-14,Friday,11,46,No,Hot,No,middle,No,No,Soft drinks,51.0,Cold Beverage,14,4,2,No,No,28.0,8.0,8.0,20.0,36.0,28.0,27.714285714285715,29.5,11.101265479128738,11.400067476183569,28.0,31.5,20.0,0.0,20.0
2025-11-14,Friday,11,46,No,Hot,No,middle,No,No,String Hoppers,80.0,Meal,14,4,2,No,No,146.0,45.0,40.0,20.0,60.0,101.0,72.57142857142857,68.21428571428571,41.780606118378024,36.91607648839058,50.0,68.5,101.0,5.0,105.1
2025-11-14,Friday,11,46,No,Hot,No,middle,No,No,Tea,18.0,Hot Beverage,14,4,2,No,No,19.0,5.0,5.0,14.0,18.0,16.666666666666668,19.714285714285715,20.642857142857142,10.703804397102395,12.016700832637007,19.0,21.5,14.0,0.0,13.4
2025-11-14,Friday,11,46,No,Hot,No,middle,No,No,Ulundu Wade,34.0,Snack,14,4,2,No,No,36.0,12.0,12.0,58.0,52.0,44.0,49.42857142857143,50.142857142857146,21.55502372114324,27.511835614896704,52.0,54.0,24.0,0.0,26.399999999999995
2025-11-14,Friday,11,46,No,Hot,No,middle,No,No,Vegitable Roti,26.0,Meal,14,4,2,No,No,11.0,7.0,6.0,11.0,24.0,15.0,16.428571428571427,15.071428571428571,8.038597366397175,7.770400303660094,20.0,19.0,4.0,1.0,9.299999999999999
2025-11-14,Friday,11,46,No,Hot,No,middle,No,No,Watter Bottle,7.0,Cold Beverage,14,4,2,No,No,12.0,1.0,1.0,1.0,4.0,8.333333333333334,6.142857142857143,4.357142857142857,3.933978962347214,3.564939159199102,5.0,4.0,11.0,0.0,7.599999999999999
2025-11-15,Saturday,11,46,Yes,Rainy,No,middle,No,No,Bread,1.0,Meal,15,4,3,No,No,1.5,2.5,1.5,2.0,1.5,1.5,1.7857142857142858,1.75,0.9063269671749659,0.9557518184453214,1.5,1.5,-1.0,1.0,1.7999999999999998
2025-11-15,Saturday,11,46,Yes,Rainy,No,middle,No,No,Breakfast,15.0,Meal,15,4,3,No,No,9.5,10.5,10.0,15.0,10.0,9.666666666666666,9.5,9.964285714285714,1.3844373104863532,3.671429640398356,9.5,10.25,-1.0,0.5,9.85
2025-11-15,Saturday,11,46,Yes,Rainy,No,middle,No,No,Bulath vita,21.0,Other,15,4,3,No,No,19.0,33.0,16.0,23.0,16.0,16.0,19.571428571428573,16.285714285714285,6.373307431706692,7.22632549915794,19.0,16.5,-14.0,17.0,22.900000000000002
2025-11-15,Saturday,11,46,Yes,Rainy,No,middle,No,No,Chicken Curry,2.0,Meal,15,4,3,No,No,0.0,1.0,3.0,6.0,3.0,2.3333333333333335,1.4285714285714286,2.4285714285714284,1.6183471874253736,2.2088732148135795,1.0,2.5,-1.0,-2.0,0.6000000000000001
2025-11-15,Saturday,11,46,Yes,Rainy,No,middle,No,No,Cigarette,44.0,Other,15,4,3,No,No,53.0,64.0,25.0,32.0,23.0,39.0,43.857142857142854,34.785714285714285,17.705258836746506,17.205448919672868,41.0,29.5,-11.0,39.0,53.5
2025-11-15,Saturday,11,46,Yes,Rainy,No,middle,No,No,Dal Curry,5.0,Meal,15,4,3,No,No,5.0,7.0,8.0,7.0,7.0,6.666666666666667,6.571428571428571,6.285714285714286,1.902379462422669,2.3346411823981588,6.0,7.0,-2.0,-1.0,5.8999999999999995
2025-11-15,Saturday,11,46,Yes,Rainy,No,middle,No,No,Egg Rotti,61.0,Meal,15,4,3,No,No,45.0,47.0,50.0,45.0,47.0,48.0,46.0,43.0,14.094916341243984,17.836867610481562,45.0,46.0,-2.0,-3.0,46.1
2025-11-15,Saturday,11,46,Yes,Rainy,No,middle,No,No,Hoppers,40.0,Meal,15,4,3,No,No,46.0,42.0,23.0,31.0,22.0,32.666666666666664,32.57142857142857,29.285714285714285,9.466733735510228,11.445043075017715,33.0,30.0,4.0,19.0,42.49999999999999
2025-11-15,Saturday,11,46,Yes,Rainy,No,middle,No,No,Kahata,13.0,Hot Beverage,15,4,3,No,No,30.0,27.0,36.0,20.0,31.0,23.333333333333332,23.428571428571427,21.071428571428573,5.855400437691196,7.819741149702568,26.0,20.5,3.0,-9.0,29.700000000000003
2025-11-15,Saturday,11,46,Yes,Rainy,No,middle,No,No,Plain Tea,80.5,Hot Beverage,15,4,3,No,No,69.5,99.0,70.0,78.0,61.0,79.66666666666667,73.92857142857143,64.85714285714286,17.395949172696728,26.142676994515323,69.5,68.75,-29.5,29.0,78.39999999999999
2025-11-15,Saturday,11,46,Yes,Rainy,No,middle,No,No,Roast bread,7.0,Meal,15,4,3,No,No,22.0,19.0,25.0,20.0,24.0,21.0,22.142857142857142,17.357142857142858,7.6904393335398655,9.826237583884536,20.0,18.5,3.0,-6.0,21.4
2025-11-15,Saturday,11,46,Yes,Rainy,No,middle,No,No,Rolls,75.0,Snack,15,4,3,No,No,56.0,64.0,62.0,48.0,59.0,50.666666666666664,52.857142857142854,49.0,17.2088017346606,21.690125367584645,48.0,52.0,-8.0,2.0,59.0
2025-11-15,Saturday,11,46,Yes,Rainy,No,middle,No,No,Roti,17.0,Meal,15,4,3,No,No,11.0,17.0,9.0,9.0,10.0,12.666666666666666,11.714285714285714,9.642857142857142,5.589105048046175,5.241948299823454,11.0,9.0,-6.0,8.0,12.6
2025-11-15,Saturday,11,46,Yes,Rainy,No,middle,No,No,Soft drinks,22.0,Cold Beverage,15,4,3,No,No,51.0,25.0,39.0,11.0,36.0,38.0,33.857142857142854,32.57142857142857,10.237652260627142,10.945419032736833,35.0,35.0,26.0,-14.0,41.99999999999999
2025-11-15,Saturday,11,46,Yes,Rainy,No,middle,No,No,String Hoppers,51.0,Meal,15,4,3,No,No,80.0,35.0,86.0,100.0,80.0,111.0,77.57142857142857,71.07142857142857,39.98690261763695,36.10340765019342,80.0,75.5,45.0,-51.0,67.1
2025-11-15,Saturday,11,46,Yes,Rainy,No,middle,No,No,Tea,26.0,Hot Beverage,15,4,3,No,No,18.0,24.0,27.0,17.0,23.0,18.0,21.571428571428573,21.571428571428573,8.657504314314897,11.188691308049089,19.0,21.5,-6.0,-3.0,20.7
2025-11-15,Saturday,11,46,Yes,Rainy,No,middle,No,No,Ulundu Wade,41.0,Snack,15,4,3,No,No,34.0,63.0,65.0,44.0,64.0,40.666666666666664,52.57142857142857,51.714285714285715,16.1023512036508,25.736620337053314,52.0,54.0,-29.0,-2.0,45.8
2025-11-15,Saturday,11,46,Yes,Rainy,No,middle,No,No,Vegitable Roti,19.0,Meal,15,4,3,No,No,26.0,20.0,20.0,12.0,19.0,21.333333333333332,19.142857142857142,16.5,7.515064236331611,7.812711535597711,20.0,19.0,6.0,0.0,23.6
2025-11-15,Saturday,11,46,Yes,Rainy,No,middle,No,No,Watter Bottle,3.0,Cold Beverage,15,4,3,No,No,7.0,3.0,4.0,2.0,3.0,9.333333333333334,7.0,4.785714285714286,3.214550253664316,3.490174591810369,7.0,4.0,4.0,-1.0,5.5
2025-11-16,Sunday,11,46,Yes,Rainy,No,middle,No,No,Bread,2.0,Meal,16,4,3,No,No,1.0,3.5,1.5,2.0,1.5,1.3333333333333333,1.5714285714285714,1.7142857142857142,0.8864052604279183,0.9749612559222293,1.5,1.5,-2.5,2.0,1.7999999999999998
2025-11-16,Sunday,11,46,Yes,Rainy,No,middle,No,No,Breakfast,0.0,Meal,16,4,3,No,No,15.0,10.5,12.5,0.0,12.0,11.0,10.142857142857142,10.321428571428571,2.511876551410086,3.9105731571704956,9.5,10.5,4.5,-2.0,13.4
2025-11-16,Sunday,11,46,Yes,Rainy,No,middle,No,No,Bulath vita,4.0,Other,16,4,3,No,No,21.0,19.0,18.0,4.0,25.0,17.666666666666668,17.857142857142858,16.642857142857142,2.7342623276106073,7.333874438911149,19.0,17.5,2.0,1.0,20.1
2025-11-16,Sunday,11,46,Yes,Rainy,No,middle,No,No,Chicken Curry,1.0,Meal,16,4,3,No,No,2.0,0.0,3.0,2.0,0.0,2.0,1.5714285714285714,2.357142857142857,1.6183471874253736,2.2051388533689575,2.0,2.0,2.0,-3.0,1.5
2025-11-16,Sunday,11,46,Yes,Rainy,No,middle,No,No,Cigarette,40.0,Other,16,4,3,No,No,44.0,67.0,29.0,38.0,33.0,40.0,41.0,36.142857142857146,15.373136743466938,17.12334053883152,41.0,32.0,-23.0,38.0,49.4
2025-11-16,Sunday,11,46,Yes,Rainy,No,middle,No,No,Dal Curry,4.0,Meal,16,4,3,No,No,5.0,9.0,7.0,4.0,6.0,6.333333333333333,6.285714285714286,6.071428571428571,1.9760470401186934,2.3026501693044534,6.0,6.5,-4.0,2.0,6.3999999999999995
2025-11-16,Sunday,11,46,Yes,Rainy,No,middle,No,No,Egg Rotti,42.0,Meal,16,4,3,No,No,61.0,66.0,54.0,53.0,43.0,48.666666666666664,48.0,43.785714285714285,15.209646062066446,18.402251415054007,45.0,46.0,-5.0,12.0,61.800000000000004
2025-11-16,Sunday,11,46,Yes,Rainy,No,middle,No,No,Hoppers,22.0,Meal,16,4,3,No,No,40.0,33.0,31.0,23.0,13.0,36.333333333333336,32.285714285714285,30.5,9.159954252329086,11.62722269900717,33.0,32.0,7.0,2.0,37.0
2025-11-16,Sunday,11,46,Yes,Rainy,No,middle,No,No,Kahata,17.0,Hot Beverage,16,4,3,No,No,13.0,19.0,19.0,15.0,14.0,18.666666666666668,21.428571428571427,19.428571428571427,6.754187413675132,6.79042635700367,22.0,19.0,-6.0,0.0,15.4
2025-11-16,Sunday,11,46,Yes,Rainy,No,middle,No,No,Plain Tea,60.5,Hot Beverage,16,4,3,No,No,80.5,57.5,75.5,67.0,54.0,74.66666666666667,71.28571428571429,65.60714285714286,14.032275720807448,26.45037339523306,69.5,68.75,23.0,-18.0,73.1
2025-11-16,Sunday,11,46,Yes,Rainy,No,middle,No,No,Roast bread,15.0,Meal,16,4,3,No,No,7.0,39.0,12.0,16.0,15.0,16.666666666666668,20.428571428571427,16.071428571428573,9.606545387688241,9.926377336821677,20.0,17.5,-32.0,27.0,17.099999999999998
2025-11-16,Sunday,11,46,Yes,Rainy,No,middle,No,No,Rolls,82.0,Snack,16,4,3,No,No,75.0,83.0,69.0,79.0,62.0,59.666666666666664,54.42857142857143,49.92857142857143,18.82247896228642,22.550675533849702,48.0,52.0,-8.0,14.0,76.80000000000001
2025-11-16,Sunday,11,46,Yes,Rainy,No,middle,No,No,Roti,6.0,Meal,16,4,3,No,No,17.0,6.0,13.0,7.0,12.0,11.333333333333334,11.714285714285714,10.214285714285714,5.589105048046175,5.590907060418888,11.0,10.0,11.0,-7.0,13.3
2025-11-16,Sunday,11,46,Yes,Rainy,No,middle,No,No,Soft drinks,25.0,Cold Beverage,16,4,3,No,No,22.0,41.0,35.0,30.0,30.0,33.666666666666664,33.42857142857143,31.357142857142858,10.721584815333095,11.11898683027676,35.0,31.5,-19.0,6.0,29.0
2025-11-16,Sunday,11,46,Yes,Rainy,No,middle,No,No,String Hoppers,16.0,Meal,16,4,3,No,No,51.0,40.0,71.0,20.0,55.0,92.33333333333333,79.85714285714286,68.57142857142857,37.5296708015963,36.20181526624638,80.0,68.5,11.0,-31.0,49.699999999999996
2025-11-16,Sunday,11,46,Yes,Rainy,No,middle,No,No,Tea,16.0,Hot Beverage,16,4,3,No,No,26.0,40.0,26.0,16.0,19.0,21.0,21.857142857142858,21.5,8.783100656536805,11.154509264108258,19.0,21.5,-14.0,14.0,30.200000000000003
2025-11-16,Sunday,11,46,Yes,Rainy,No,middle,No,No,Ulundu Wade,60.0,Snack,16,4,3,No,No,41.0,79.0,56.0,59.0,60.0,37.0,49.42857142857143,50.0,15.873007936505953,25.582445904595172,44.0,51.0,-38.0,23.0,53.9
2025-11-16,Sunday,11,46,Yes,Rainy,No,middle,No,No,Vegitable Roti,11.0,Meal,16,4,3,No,No,19.0,23.0,19.0,12.0,16.0,18.666666666666668,19.0,16.428571428571427,7.505553499465131,7.782764841072136,20.0,19.0,-4.0,4.0,20.2
2025-11-16,Sunday,11,46,Yes,Rainy,No,middle,No,No,Watter Bottle,10.0,Cold Beverage,16,4,3,No,No,3.0,9.0,4.0,9.0,3.0,7.333333333333333,7.0,4.714285714285714,3.214550253664316,3.517616575698148,7.0,4.0,-6.0,5.0,4.9
2025-11-17,Monday,11,47,No,Cloudy,No,middle,No,No,Bread,0.0,Meal,17,4,3,No,No,2.0,1.0,0.0,0.5,0.0,1.5,1.3571428571428572,1.75,0.3779644730092271,0.9756654533819864,1.5,1.5,1.0,1.0,1.5
2025-11-17,Monday,11,47,No,Cloudy,No,middle,No,No,Breakfast,0.0,Meal,17,4,3,No,No,0.0,9.5,0.0,9.0,0.0,8.166666666666666,8.642857142857142,9.428571428571429,4.561745697594708,4.718446382416172,9.5,10.0,-9.5,9.5,2.85
2025-11-17,Monday,11,47,No,Cloudy,No,middle,No,No,Bulath vita,0.0,Other,17,4,3,No,No,4.0,20.0,0.0,19.0,0.0,14.666666666666666,15.714285714285714,15.642857142857142,5.822779568622012,8.053734373732313,17.0,16.5,-16.0,20.0,8.4
2025-11-17,Monday,11,47,No,Cloudy,No,middle,No,No,Chicken Curry,0.0,Meal,17,4,3,No,No,1.0,2.0,0.0,0.0,0.0,1.0,1.7142857142857142,2.2142857142857144,1.496026483086191,2.22498302253061,2.0,1.5,-1.0,2.0,1.2
2025-11-17,Monday,11,47,No,Cloudy,No,middle,No,No,Cigarette,26.0,Other,17,4,3,No,No,40.0,30.0,19.0,24.0,0.0,45.666666666666664,37.142857142857146,36.92857142857143,10.318730080595703,17.022448010310853,40.0,37.0,10.0,11.0,34.9
2025-11-17,Monday,11,47,No,Cloudy,No,middle,No,No,Dal Curry,0.0,Meal,17,4,3,No,No,4.0,4.0,0.0,7.0,0.0,4.666666666666667,5.571428571428571,5.857142857142857,1.7182493859684327,2.348719548282328,5.0,6.0,0.0,4.0,3.5999999999999996
2025-11-17,Monday,11,47,No,Cloudy,No,middle,No,No,Egg Rotti,0.0,Meal,17,4,3,No,No,42.0,43.0,0.0,42.0,0.0,49.333333333333336,44.57142857142857,42.92857142857143,13.023787760058426,18.167868024934258,43.0,44.0,-1.0,43.0,38.1
2025-11-17,Monday,11,47,No,Cloudy,No,middle,No,No,Hoppers,0.0,Meal,17,4,3,No,No,22.0,35.0,0.0,11.0,0.0,36.0,30.714285714285715,29.857142857142858,9.928314487939451,11.844227044670928,29.0,31.0,-13.0,35.0,23.7
2025-11-17,Monday,11,47,No,Cloudy,No,middle,No,No,Kahata,0.0,Hot Beverage,17,4,3,No,No,17.0,22.0,13.0,26.0,0.0,20.0,21.142857142857142,19.285714285714285,6.914443130833008,6.821104934500903,22.0,19.0,-5.0,9.0,18.099999999999998
2025-11-17,Monday,11,47,No,Cloudy,No,middle,No,No,Plain Tea,0.0,Hot Beverage,17,4,3,No,No,60.5,54.0,0.0,61.0,0.0,70.16666666666667,71.71428571428571,64.53571428571429,13.57957149194194,26.322310137771176,69.5,67.25,6.5,54.0,52.5
2025-11-17,Monday,11,47,No,Cloudy,No,middle,No,No,Roast bread,0.0,Meal,17,4,3,No,No,15.0,16.0,0.0,13.0,0.0,14.666666666666666,17.0,16.285714285714285,5.099019513592778,9.863909128570846,18.0,17.5,-1.0,16.0,13.8
2025-11-17,Monday,11,47,No,Cloudy,No,middle,No,No,Rolls,31.0,Snack,17,4,3,No,No,82.0,42.0,0.0,42.0,0.0,71.0,54.285714285714285,50.857142857142854,18.57161172070864,23.63783519587302,48.0,52.0,40.0,42.0,61.8
2025-11-17,Monday,11,47,No,Cloudy,No,middle,No,No,Roti,0.0,Meal,17,4,3,No,No,6.0,9.0,7.0,8.0,0.0,11.333333333333334,11.714285714285714,9.714285714285714,5.589105048046175,5.635445125120267,11.0,8.0,-3.0,2.0,6.999999999999999
2025-11-17,Monday,11,47,No,Cloudy,No,middle,No,No,Soft drinks,0.0,Cold Beverage,17,4,3,No,No,25.0,36.0,28.0,20.0,0.0,32.666666666666664,31.142857142857142,30.642857142857142,10.542431272854348,11.187954668764508,28.0,28.0,-11.0,8.0,28.599999999999998
2025-11-17,Monday,11,47,No,Cloudy,No,middle,No,No,String Hoppers,45.0,Meal,17,4,3,No,No,16.0,85.0,0.0,120.0,0.0,49.0,76.42857142857143,64.64285714285714,42.539617389194355,38.80841927460339,80.0,58.5,-69.0,85.0,35.1
2025-11-17,Monday,11,47,No,Cloudy,No,middle,No,No,Tea,0.0,Hot Beverage,17,4,3,No,No,16.0,19.0,0.0,15.0,0.0,20.0,18.428571428571427,20.785714285714285,3.7796447300922638,11.16435654853683,18.0,19.0,-3.0,19.0,15.3
2025-11-17,Monday,11,47,No,Cloudy,No,middle,No,No,Ulundu Wade,0.0,Snack,17,4,3,No,No,60.0,60.0,0.0,63.0,0.0,45.0,46.714285714285715,50.285714285714285,10.781377242175287,25.676773615403924,44.0,51.0,0.0,60.0,54.0
2025-11-17,Monday,11,47,No,Cloudy,No,middle,No,No,Vegitable Roti,0.0,Meal,17,4,3,No,No,11.0,20.0,0.0,13.0,0.0,18.666666666666668,17.285714285714285,15.857142857142858,7.80415029998538,7.872612144518615,19.0,19.0,-9.0,20.0,12.6
2025-11-17,Monday,11,47,No,Cloudy,No,middle,No,No,Watter Bottle,2.0,Cold Beverage,17,4,3,No,No,10.0,5.0,0.0,6.0,0.0,6.666666666666667,7.142857142857143,5.142857142857143,3.338091841585118,3.7796447300922713,7.0,4.5,5.0,5.0,7.5
2025-11-18,Tuesday,11,47,No,Rainy,No,middle,No,No,Bread,3.0,Meal,18,4,3,No,No,0.0,1.0,1.5,1.0,3.5,1.0,1.2142857142857142,1.75,0.6362090102803517,0.9756654533819864,1.5,1.5,-1.0,-0.5,0.45
2025-11-18,Tuesday,11,47,No,Rainy,No,middle,No,No,Breakfast,11.5,Meal,18,4,3,No,No,0.0,7.0,16.5,8.5,10.0,5.0,7.285714285714286,9.428571428571429,5.5666951809934115,4.718446382416172,8.5,10.0,-7.0,-9.5,3.75
2025-11-18,Tuesday,11,47,No,Rainy,No,middle,No,No,Bulath vita,9.0,Other,18,4,3,No,No,0.0,17.0,14.0,16.0,8.0,8.333333333333334,12.857142857142858,15.642857142857142,7.904188160474827,8.053734373732313,16.0,16.5,-17.0,3.0,6.5
2025-11-18,Tuesday,11,47,No,Rainy,No,middle,No,No,Chicken Curry,5.0,Meal,18,4,3,No,No,0.0,0.0,5.0,0.0,4.0,1.0,1.4285714285714286,2.2142857142857144,1.6183471874253736,2.22498302253061,1.0,1.5,0.0,-5.0,0.5
2025-11-18,Tuesday,11,47,No,Rainy,No,middle,No,No,Cigarette,26.0,Other,18,4,3,No,No,26.0,29.0,43.0,31.0,30.0,36.666666666666664,36.57142857142857,37.42857142857143,10.875923606099596,16.55161756312789,40.0,37.0,-3.0,-14.0,28.599999999999998
2025-11-18,Tuesday,11,47,No,Rainy,No,middle,No,No,Dal Curry,9.0,Meal,18,4,3,No,No,0.0,6.0,7.0,6.0,11.0,3.0,5.0,5.857142857142857,2.7080128015453098,2.348719548282328,5.0,6.0,-6.0,-1.0,2.5
2025-11-18,Tuesday,11,47,No,Rainy,No,middle,No,No,Egg Rotti,58.0,Meal,18,4,3,No,No,0.0,22.0,42.0,28.0,64.0,34.333333333333336,38.42857142857143,42.92857142857143,21.360845355128493,18.167868024934258,42.0,44.0,-22.0,-20.0,10.8
2025-11-18,Tuesday,11,47,No,Rainy,No,middle,No,No,Hoppers,12.0,Meal,18,4,3,No,No,0.0,20.0,40.0,22.0,13.0,20.666666666666668,25.714285714285715,29.857142857142858,14.95230512567973,11.844227044670928,23.0,31.0,-20.0,-20.0,10.0
2025-11-18,Tuesday,11,47,No,Rainy,No,middle,No,No,Kahata,27.0,Hot Beverage,18,4,3,No,No,0.0,26.0,22.0,26.0,27.0,10.0,18.0,18.357142857142858,10.519822558706332,8.436250925045421,17.0,19.0,-26.0,4.0,10.0
2025-11-18,Tuesday,11,47,No,Rainy,No,middle,No,No,Plain Tea,80.0,Hot Beverage,18,4,3,No,No,0.0,68.0,66.5,66.0,86.0,47.0,64.0,64.53571428571429,30.32875423312559,26.322310137771176,69.5,67.25,-68.0,1.5,27.049999999999997
2025-11-18,Tuesday,11,47,No,Rainy,No,middle,No,No,Roast bread,18.0,Meal,18,4,3,No,No,0.0,18.0,17.0,17.0,20.0,7.333333333333333,14.714285714285714,16.285714285714285,8.240434570140208,9.863909128570846,18.0,17.5,-18.0,1.0,7.1
2025-11-18,Tuesday,11,47,No,Rainy,No,middle,No,No,Rolls,34.0,Snack,18,4,3,No,No,31.0,29.0,45.0,30.0,42.0,62.666666666666664,52.714285714285715,53.07142857142857,20.180141110460447,19.61735607416708,48.0,52.0,2.0,-16.0,31.799999999999997
2025-11-18,Tuesday,11,47,No,Rainy,No,middle,No,No,Roti,7.0,Meal,18,4,3,No,No,0.0,12.0,3.0,11.0,7.0,7.666666666666667,10.428571428571429,9.214285714285714,7.138093649734566,6.179103388139635,11.0,7.5,-12.0,9.0,3.8999999999999995
2025-11-18,Tuesday,11,47,No,Rainy,No,middle,No,No,Soft drinks,28.0,Cold Beverage,18,4,3,No,No,0.0,21.0,27.0,21.0,27.0,15.666666666666666,26.0,28.642857142857142,15.427248620541516,13.876416866574202,25.0,27.5,-21.0,-6.0,9.0
2025-11-18,Tuesday,11,47,No,Rainy,No,middle,No,No,String Hoppers,117.0,Meal,18,4,3,No,No,45.0,50.0,82.0,60.0,120.0,37.333333333333336,70.71428571428571,67.85714285714286,43.862338764648214,34.6873001429744,51.0,58.5,-5.0,-32.0,50.2
2025-11-18,Tuesday,11,47,No,Rainy,No,middle,No,No,Tea,14.0,Hot Beverage,18,4,3,No,No,0.0,14.0,26.0,12.0,13.0,14.0,15.714285714285714,20.785714285714285,7.8891124493250215,11.16435654853683,17.0,19.0,-14.0,-12.0,6.800000000000001
2025-11-18,Tuesday,11,47,No,Rainy,No,middle,No,No,Ulundu Wade,60.0,Snack,18,4,3,No,No,0.0,44.0,50.0,41.0,54.0,33.666666666666664,38.142857142857146,50.285714285714285,19.099987534276654,25.676773615403924,41.0,51.0,-44.0,-6.0,18.2
2025-11-18,Tuesday,11,47,No,Rainy,No,middle,No,No,Vegitable Roti,24.0,Meal,18,4,3,No,No,0.0,7.0,13.0,7.0,23.0,10.0,14.428571428571429,15.857142857142858,9.99761876410483,7.872612144518615,11.0,19.0,-7.0,-6.0,3.4000000000000004
2025-11-18,Tuesday,11,47,No,Rainy,No,middle,No,No,Watter Bottle,2.0,Cold Beverage,18,4,3,No,No,2.0,4.0,0.0,4.0,2.0,5.0,6.714285714285714,5.285714285714286,3.8172540616821085,3.6040270516480564,7.0,4.5,-2.0,4.0,2.4
2025-11-19,Wednesday,11,47,No,Cloudy,No,middle,No,No,Bread,4.0,Meal,19,4,3,No,No,3.0,1.5,3.5,3.0,2.0,1.6666666666666667,1.5,1.8571428571428572,0.9128709291752769,1.0271051820261912,1.5,1.5,1.5,-2.0,2.6
2025-11-19,Wednesday,11,47,No,Cloudy,No,middle,No,No,Breakfast,12.5,Meal,19,4,3,No,No,11.5,11.0,13.5,10.0,13.0,3.8333333333333335,7.928571428571429,9.071428571428571,5.783803329331054,4.313918185349614,9.5,10.0,0.5,-2.5,11.549999999999999
2025-11-19,Wednesday,11,47,No,Cloudy,No,middle,No,No,Bulath vita,52.0,Other,19,4,3,No,No,9.0,16.0,13.0,11.0,6.0,4.333333333333333,11.714285714285714,15.285714285714286,7.78276484107213,8.240879073987676,13.0,16.5,-7.0,3.0,11.5
2025-11-19,Wednesday,11,47,No,Cloudy,No,middle,No,No,Chicken Curry,0.0,Meal,19,4,3,No,No,5.0,3.0,6.0,2.0,3.0,2.0,2.142857142857143,2.2142857142857144,1.9518001458970662,2.22498302253061,2.0,1.5,2.0,-3.0,4.5
2025-11-19,Wednesday,11,47,No,Cloudy,No,middle,No,No,Cigarette,72.0,Other,19,4,3,No,No,26.0,41.0,24.0,29.0,29.0,30.666666666666668,36.142857142857146,36.214285714285715,11.27576414895493,16.734021409316775,40.0,32.0,-15.0,17.0,30.299999999999997
2025-11-19,Wednesday,11,47,No,Cloudy,No,middle,No,No,Dal Curry,7.0,Meal,19,4,3,No,No,9.0,6.0,8.0,8.0,9.0,4.333333333333333,5.428571428571429,6.0,3.101458950082616,2.480694691784174,5.0,6.0,3.0,-2.0,7.999999999999999
2025-11-19,Wednesday,11,47,No,Cloudy,No,middle,No,No,Egg Rotti,57.0,Meal,19,4,3,No,No,58.0,59.0,59.0,45.0,39.0,33.333333333333336,43.57142857142857,44.07142857142857,21.078086115340604,18.602995150551124,45.0,46.0,-1.0,0.0,58.4
2025-11-19,Wednesday,11,47,No,Cloudy,No,middle,No,No,Hoppers,55.0,Meal,19,4,3,No,No,12.0,29.0,28.0,14.0,18.0,11.333333333333334,24.571428571428573,27.857142857142858,15.746503769166688,12.352870378717919,23.0,28.5,-17.0,1.0,18.7
2025-11-19,Wednesday,11,47,No,Cloudy,No,middle,No,No,Kahata,1.0,Hot Beverage,19,4,3,No,No,27.0,27.0,16.0,19.0,24.0,14.666666666666666,18.142857142857142,18.714285714285715,10.652520381402255,8.703921056526294,17.0,19.0,0.0,11.0,25.9
2025-11-19,Wednesday,11,47,No,Cloudy,No,middle,No,No,Plain Tea,111.0,Hot Beverage,19,4,3,No,No,80.0,95.5,87.5,67.0,54.0,46.833333333333336,65.71428571428571,65.5,30.92579444258081,26.645103461265425,74.0,68.75,-15.5,8.0,85.4
2025-11-19,Wednesday,11,47,No,Cloudy,No,middle,No,No,Roast bread,13.0,Meal,19,4,3,No,No,18.0,20.0,22.0,19.0,15.0,11.0,14.714285714285714,16.357142857142858,8.240434570140208,9.873095865939009,18.0,18.0,-2.0,-2.0,18.999999999999996
2025-11-19,Wednesday,11,47,No,Cloudy,No,middle,No,No,Rolls,49.0,Snack,19,4,3,No,No,34.0,48.0,61.0,44.0,70.0,49.0,53.42857142857143,52.285714285714285,19.268775630166928,20.177781274036494,48.0,52.0,-14.0,-13.0,40.9
2025-11-19,Wednesday,11,47,No,Cloudy,No,middle,No,No,Roti,15.0,Meal,19,4,3,No,No,7.0,21.0,5.0,6.0,16.0,4.333333333333333,9.714285714285714,9.5,7.2044959507769795,5.958187643906495,7.0,8.0,-14.0,16.0,11.0
2025-11-19,Wednesday,11,47,No,Cloudy,No,middle,No,No,Soft drinks,21.0,Cold Beverage,19,4,3,No,No,28.0,35.0,47.0,20.0,27.0,17.666666666666668,27.0,28.714285714285715,15.275252316519472,13.869881988453482,28.0,28.0,-7.0,-12.0,32.0
2025-11-19,Wednesday,11,47,No,Cloudy,No,middle,No,No,String Hoppers,61.0,Meal,19,4,3,No,No,117.0,107.0,66.0,60.0,140.0,59.333333333333336,80.28571428571429,70.35714285714286,45.8538049519495,36.9711054387428,80.0,58.5,10.0,41.0,108.9
2025-11-19,Wednesday,11,47,No,Cloudy,No,middle,No,No,Tea,18.0,Hot Beverage,19,4,3,No,No,14.0,17.0,27.0,16.0,17.0,10.0,15.714285714285714,19.928571428571427,7.8891124493250215,11.193846425701839,17.0,18.5,-3.0,-10.0,16.2
2025-11-19,Wednesday,11,47,No,Cloudy,No,middle,No,No,Ulundu Wade,38.0,Snack,19,4,3,No,No,60.0,52.0,96.0,30.0,29.0,40.0,40.42857142857143,51.0,20.799496330898194,25.806975801127876,41.0,56.0,8.0,-44.0,61.2
2025-11-19,Wednesday,11,47,No,Cloudy,No,middle,No,No,Vegitable Roti,24.0,Meal,19,4,3,No,No,24.0,27.0,19.0,15.0,18.0,11.666666666666666,16.857142857142858,16.642857142857142,9.957050624700928,8.110839308340063,19.0,19.0,-3.0,8.0,24.4
2025-11-19,Wednesday,11,47,No,Cloudy,No,middle,No,No,Watter Bottle,6.0,Cold Beverage,19,4,3,No,No,2.0,9.0,5.0,6.0,5.0,4.666666666666667,6.428571428571429,5.428571428571429,4.117326918327101,3.4129681581215556,7.0,4.5,-7.0,4.0,4.3999999999999995
2025-11-20,Thursday,11,47,No,Hot,No,middle,No,No,Bread,1.5,Meal,20,4,3,No,No,4.0,1.5,1.5,1.5,2.0,2.3333333333333335,1.8571428571428572,1.8928571428571428,1.313845682030609,1.0950688673210578,1.5,1.5,2.5,0.0,2.9999999999999996
2025-11-20,Thursday,11,47,No,Hot,No,middle,No,No,Breakfast,9.5,Meal,20,4,3,No,No,12.5,8.5,11.0,8.0,10.0,8.0,8.142857142857142,9.0,5.942181738176966,4.242640687119284,9.5,10.0,4.0,-2.5,11.15
2025-11-20,Thursday,11,47,No,Hot,No,middle,No,No,Bulath vita,11.0,Other,20,4,3,No,No,52.0,13.0,21.0,12.0,12.0,20.333333333333332,16.857142857142858,18.071428571428573,17.237832147426694,12.760903547188944,13.0,18.0,39.0,-8.0,37.2
2025-11-20,Thursday,11,47,No,Hot,No,middle,No,No,Chicken Curry,5.0,Meal,20,4,3,No,No,0.0,4.0,6.0,4.0,5.0,1.6666666666666667,1.7142857142857142,1.7857142857142858,2.058663459163551,2.006856379383569,1.0,1.0,-4.0,-2.0,1.8
2025-11-20,Thursday,11,47,No,Hot,No,middle,No,No,Cigarette,24.0,Other,20,4,3,No,No,72.0,23.0,34.0,21.0,27.0,41.333333333333336,40.57142857142857,39.642857142857146,17.737503985032603,18.825543787659857,40.0,37.0,49.0,-11.0,53.49999999999999
2025-11-20,Thursday,11,47,No,Hot,No,middle,No,No,Dal Curry,9.0,Meal,20,4,3,No,No,7.0,9.0,5.0,8.0,8.0,5.333333333333333,5.571428571428571,5.928571428571429,3.154739442867017,2.432608151261202,5.0,6.0,-2.0,4.0,7.4
2025-11-20,Thursday,11,47,No,Hot,No,middle,No,No,Egg Rotti,45.0,Meal,20,4,3,No,No,57.0,40.0,54.0,36.0,30.0,38.333333333333336,43.285714285714285,43.92857142857143,20.846376869169102,18.48685306545536,45.0,46.0,17.0,-14.0,51.599999999999994
2025-11-20,Thursday,11,47,No,Hot,No,middle,No,No,Hoppers,27.0,Meal,20,4,3,No,No,55.0,23.0,36.0,23.0,8.0,22.333333333333332,28.285714285714285,29.785714285714285,19.567952419830792,14.326836418352856,23.0,31.0,32.0,-13.0,43.5
2025-11-20,Thursday,11,47,No,Hot,No,middle,No,No,Kahata,14.0,Hot Beverage,20,4,3,No,No,1.0,13.0,19.0,12.0,28.0,9.333333333333334,14.428571428571429,17.642857142857142,11.544943234408485,9.904211558393058,13.0,19.0,-12.0,-6.0,6.4
2025-11-20,Thursday,11,47,No,Hot,No,middle,No,No,Plain Tea,74.0,Hot Beverage,20,4,3,No,No,111.0,74.0,66.5,63.0,72.0,63.666666666666664,67.92857142857143,67.17857142857143,33.83221907618606,28.791429776435706,74.0,68.75,37.0,7.5,95.45
2025-11-20,Thursday,11,47,No,Hot,No,middle,No,No,Roast bread,17.0,Meal,20,4,3,No,No,13.0,21.0,12.0,19.0,15.0,10.333333333333334,13.714285714285714,15.714285714285714,7.9102103999469255,9.769879705019372,15.0,17.0,-8.0,9.0,15.3
2025-11-20,Thursday,11,47,No,Hot,No,middle,No,No,Rolls,37.0,Snack,20,4,3,No,No,49.0,48.0,61.0,41.0,37.0,38.0,53.57142857142857,51.42857142857143,19.22547912586441,20.03348844661508,49.0,48.5,1.0,-13.0,49.9
2025-11-20,Thursday,11,47,No,Hot,No,middle,No,No,Roti,5.0,Meal,20,4,3,No,No,15.0,6.0,13.0,5.0,4.0,7.333333333333333,8.857142857142858,10.214285714285714,5.871642911161275,5.976602732303716,7.0,10.0,9.0,-7.0,12.100000000000001
2025-11-20,Thursday,11,47,No,Hot,No,middle,No,No,Soft drinks,23.0,Cold Beverage,20,4,3,No,No,21.0,28.0,35.0,24.0,18.0,16.333333333333332,25.0,26.857142857142858,14.966629547095769,12.942815903677355,25.0,26.5,-7.0,-7.0,24.5
2025-11-20,Thursday,11,47,No,Hot,No,middle,No,No,String Hoppers,115.0,Meal,20,4,3,No,No,61.0,146.0,102.0,120.0,100.0,74.33333333333333,73.71428571428571,70.0,44.6680881081572,37.04051835490427,61.0,56.0,-85.0,44.0,90.60000000000001
2025-11-20,Thursday,11,47,No,Hot,No,middle,No,No,Tea,19.0,Hot Beverage,20,4,3,No,No,18.0,19.0,40.0,20.0,15.0,10.666666666666666,15.857142857142858,19.285714285714285,7.925245977856057,11.013478256059859,18.0,18.0,-1.0,-21.0,20.5
2025-11-20,Thursday,11,47,No,Hot,No,middle,No,No,Ulundu Wade,39.0,Snack,20,4,3,No,No,38.0,36.0,77.0,41.0,64.0,32.666666666666664,38.42857142857143,46.857142857142854,20.164797237241128,22.466580797870705,38.0,48.0,2.0,-41.0,41.300000000000004
2025-11-20,Thursday,11,47,No,Hot,No,middle,No,No,Vegitable Roti,9.0,Meal,20,4,3,No,No,24.0,11.0,19.0,11.0,17.0,16.0,16.428571428571427,17.0,9.501879513323367,8.329742816234809,19.0,19.5,13.0,-8.0,19.599999999999998
2025-11-20,Thursday,11,47,No,Hot,No,middle,No,No,Watter Bottle,12.0,Cold Beverage,20,4,3,No,No,6.0,12.0,4.0,11.0,1.0,3.3333333333333335,6.0,5.5,3.9581140290126378,3.413773008541451,6.0,4.5,-6.0,8.0,7.6
2025-11-21,Friday,11,47,No,Hot,No,end,No,No,Bread,1.0,Meal,21,4,3,No,No,1.5,1.5,2.5,2.5,2.0,2.8333333333333335,1.8571428571428572,1.8928571428571428,1.313845682030609,1.0950688673210578,1.5,1.5,0.0,-1.0,1.5999999999999999
2025-11-21,Friday,11,47,No,Hot,No,end,No,No,Breakfast,12.0,Meal,21,4,3,No,No,9.5,9.5,9.5,8.0,10.0,11.166666666666666,8.285714285714286,8.892857142857142,5.964178784328031,4.207038842722493,9.5,9.5,0.0,0.0,9.5
2025-11-21,Friday,11,47,No,Hot,No,end,No,No,Bulath vita,22.0,Other,21,4,3,No,No,11.0,19.0,9.0,8.0,16.0,24.0,16.571428571428573,17.357142857142858,17.328753973835347,12.863826101826081,11.0,16.5,-8.0,10.0,13.200000000000001
2025-11-21,Friday,11,47,No,Hot,No,end,No,No,Chicken Curry,0.0,Meal,21,4,3,No,No,5.0,0.0,1.0,1.0,3.0,3.3333333333333335,1.8571428571428572,1.7142857142857142,2.2677868380553634,1.85756546332813,1.0,1.0,5.0,-1.0,3.1
2025-11-21,Friday,11,47,No,Hot,No,end,No,No,Cigarette,61.0,Other,21,4,3,No,No,24.0,53.0,6.0,8.0,26.0,40.666666666666664,40.714285714285715,38.92857142857143,17.575686669509153,19.241238908273928,40.0,35.0,-29.0,47.0,30.9
2025-11-21,Friday,11,47,No,Hot,No,end,No,No,Dal Curry,4.0,Meal,21,4,3,No,No,9.0,5.0,7.0,6.0,44.0,8.333333333333334,5.571428571428571,6.214285714285714,3.154739442867017,2.5473537227897918,5.0,6.5,4.0,-2.0,7.6
2025-11-21,Friday,11,47,No,Hot,No,end,No,No,Egg Rotti,53.0,Meal,21,4,3,No,No,45.0,45.0,21.0,18.0,39.0,53.333333333333336,44.0,43.285714285714285,20.800641015763592,18.26484042099453,45.0,45.0,0.0,24.0,42.6
2025-11-21,Friday,11,47,No,Hot,No,end,No,No,Hoppers,37.0,Meal,21,4,3,No,No,27.0,46.0,24.0,24.0,7.0,31.333333333333332,28.857142857142858,29.142857142857142,19.445895637456687,14.228125682589411,27.0,28.0,-19.0,22.0,32.4
2025-11-21,Friday,11,47,No,Hot,No,end,No,No,Kahata,28.0,Hot Beverage,21,4,3,No,No,14.0,30.0,6.0,6.0,25.0,14.0,14.571428571428571,17.285714285714285,11.530497862294624,9.94158764157742,14.0,18.0,-16.0,24.0,18.0
2025-11-21,Friday,11,47,No,Hot,No,end,No,No,Plain Tea,104.0,Hot Beverage,21,4,3,No,No,74.0,69.5,24.5,21.0,55.0,88.33333333333333,67.92857142857143,67.71428571428571,33.83221907618606,28.847553079616972,74.0,71.75,4.5,45.0,67.7
2025-11-21,Friday,11,47,No,Hot,No,end,No,No,Roast bread,22.0,Meal,21,4,3,No,No,17.0,22.0,0.0,0.0,11.0,16.0,13.142857142857142,16.071428571428573,7.425823667638297,9.714891707019737,15.0,17.5,-5.0,22.0,16.799999999999997
2025-11-21,Friday,11,47,No,Hot,No,end,No,No,Rolls,72.0,Snack,21,4,3,No,No,37.0,56.0,18.0,16.0,57.0,40.0,52.0,49.714285714285715,20.18250067096082,20.17778127403649,49.0,48.0,-19.0,38.0,40.8
2025-11-21,Friday,11,47,No,Hot,No,end,No,No,Roti,10.0,Meal,21,4,3,No,No,5.0,11.0,3.0,3.0,9.0,9.0,8.714285714285714,9.642857142857142,5.964178784328028,6.071460891963102,7.0,8.0,-6.0,8.0,6.6
2025-11-21,Friday,11,47,No,Hot,No,end,No,No,Soft drinks,49.0,Cold Beverage,21,4,3,No,No,23.0,51.0,8.0,8.0,20.0,24.0,24.285714285714285,26.0,14.918827989203061,12.75810451318027,23.0,25.0,-28.0,43.0,29.9
2025-11-21,Friday,11,47,No,Hot,No,end,No,No,String Hoppers,67.0,Meal,21,4,3,No,No,115.0,80.0,45.0,40.0,20.0,97.66666666666667,69.28571428571429,70.92857142857143,37.2232646146389,38.05353371989819,61.0,56.0,35.0,35.0,97.5
2025-11-21,Friday,11,47,No,Hot,No,end,No,No,Tea,18.0,Hot Beverage,21,4,3,No,No,19.0,18.0,5.0,5.0,14.0,17.0,15.857142857142858,17.785714285714285,7.925245977856057,9.266802381276207,18.0,18.0,1.0,13.0,17.3
2025-11-21,Friday,11,47,No,Hot,No,end,No,No,Ulundu Wade,39.0,Snack,21,4,3,No,No,39.0,34.0,12.0,12.0,58.0,45.666666666666664,38.857142857142854,44.142857142857146,20.136439369366926,20.776677541665066,39.0,42.5,5.0,22.0,34.8
2025-11-21,Friday,11,47,No,Hot,No,end,No,No,Vegitable Roti,28.0,Meal,21,4,3,No,No,9.0,26.0,7.0,6.0,11.0,19.0,16.142857142857142,16.285714285714285,9.719886340703294,8.57032959987826,19.0,19.5,-17.0,19.0,13.899999999999999
2025-11-21,Friday,11,47,No,Hot,No,end,No,No,Watter Bottle,5.0,Cold Beverage,21,4,3,No,No,12.0,7.0,1.0,1.0,1.0,6.666666666666667,6.0,6.071428571428571,3.9581140290126378,3.791981128529106,6.0,5.5,5.0,6.0,9.399999999999999
2025-11-22,Saturday,11,47,Yes,Rainy,No,end,No,No,Bread,2.5,Meal,22,4,4,No,No,1.0,1.0,2.5,1.5,2.0,2.1666666666666665,1.7857142857142858,1.7857142857142858,1.349603116263656,1.10443660740679,1.5,1.5,0.0,-1.5,1.15
2025-11-22,Saturday,11,47,Yes,Rainy,No,end,No,No,Breakfast,11.0,Meal,22,4,4,No,No,12.0,15.0,10.5,10.0,15.0,11.333333333333334,8.642857142857142,9.071428571428571,6.121780008803853,4.287087692026007,11.5,10.0,-3.0,4.5,12.75
2025-11-22,Saturday,11,47,Yes,Rainy,No,end,No,No,Bulath vita,32.0,Other,22,4,4,No,No,22.0,21.0,33.0,16.0,23.0,28.333333333333332,17.0,18.285714285714285,17.435595774162696,12.68208046162635,11.0,18.0,1.0,-12.0,22.8
2025-11-22,Saturday,11,47,Yes,Rainy,No,end,No,No,Chicken Curry,1.0,Meal,22,4,4,No,No,0.0,2.0,1.0,3.0,6.0,1.6666666666666667,1.8571428571428572,1.6428571428571428,2.2677868380553634,1.9057460827371866,1.0,1.0,-2.0,1.0,0.7
2025-11-22,Saturday,11,47,Yes,Rainy,No,end,No,No,Cigarette,58.0,Other,22,4,4,No,No,61.0,44.0,64.0,25.0,32.0,52.333333333333336,41.857142857142854,42.857142857142854,18.72990987190071,17.54053390493942,40.0,40.5,17.0,-20.0,56.199999999999996
2025-11-22,Saturday,11,47,Yes,Rainy,No,end,No,No,Dal Curry,8.0,Meal,22,4,4,No,No,4.0,5.0,7.0,8.0,7.0,6.666666666666667,5.428571428571429,6.0,3.2071349029490843,2.6017745423519685,5.0,6.0,-1.0,-2.0,4.6
2025-11-22,Saturday,11,47,Yes,Rainy,No,end,No,No,Egg Rotti,54.0,Meal,22,4,4,No,No,53.0,61.0,47.0,50.0,45.0,51.666666666666664,45.142857142857146,45.57142857142857,21.08260397759704,17.234644383710584,53.0,46.0,-8.0,14.0,54.8
2025-11-22,Saturday,11,47,Yes,Rainy,No,end,No,No,Hoppers,41.0,Meal,22,4,4,No,No,37.0,40.0,42.0,23.0,31.0,39.666666666666664,27.571428571428573,30.071428571428573,18.392545073635514,14.290740873911144,27.0,31.0,-3.0,-2.0,38.400000000000006
2025-11-22,Saturday,11,47,Yes,Rainy,No,end,No,No,Kahata,19.0,Hot Beverage,22,4,4,No,No,28.0,13.0,27.0,36.0,20.0,14.333333333333334,14.285714285714286,18.857142857142858,11.101265479128728,9.757499229248815,14.0,20.5,15.0,-14.0,23.4
2025-11-22,Saturday,11,47,Yes,Rainy,No,end,No,No,Plain Tea,104.5,Hot Beverage,22,4,4,No,No,104.0,80.5,99.0,70.0,78.0,96.33333333333333,72.85714285714286,73.39285714285714,36.50652257441389,27.478788022923993,80.0,74.0,23.5,-18.5,96.45
2025-11-22,Saturday,11,47,Yes,Rainy,No,end,No,No,Roast bread,20.0,Meal,22,4,4,No,No,22.0,7.0,19.0,25.0,20.0,17.333333333333332,13.142857142857142,17.642857142857142,7.425823667638297,8.634520545748039,15.0,18.0,15.0,-12.0,17.2
2025-11-22,Saturday,11,47,Yes,Rainy,No,end,No,No,Rolls,62.0,Snack,22,4,4,No,No,72.0,75.0,64.0,62.0,48.0,52.666666666666664,54.285714285714285,53.57142857142857,21.569378647473734,18.76049157021331,49.0,48.5,-3.0,11.0,72.1
2025-11-22,Saturday,11,47,Yes,Rainy,No,end,No,No,Roti,19.0,Meal,22,4,4,No,No,10.0,17.0,17.0,9.0,9.0,10.0,8.571428571428571,10.142857142857142,5.912053869204925,5.76270693414052,7.0,9.5,-7.0,0.0,12.8
2025-11-22,Saturday,11,47,Yes,Rainy,No,end,No,No,Soft drinks,25.0,Cold Beverage,22,4,4,No,No,49.0,22.0,25.0,39.0,11.0,31.0,24.0,28.928571428571427,14.329456840136453,13.011617801111349,23.0,26.5,27.0,-3.0,38.5
2025-11-22,Saturday,11,47,Yes,Rainy,No,end,No,No,String Hoppers,33.0,Meal,22,4,4,No,No,67.0,51.0,35.0,86.0,100.0,81.0,67.42857142857143,72.5,36.92269917389184,37.34815410946859,61.0,64.0,16.0,16.0,58.99999999999999
2025-11-22,Saturday,11,47,Yes,Rainy,No,end,No,No,Tea,28.0,Hot Beverage,22,4,4,No,No,18.0,26.0,24.0,27.0,17.0,18.333333333333332,15.857142857142858,18.714285714285715,7.925245977856057,8.507269031459296,18.0,18.0,-8.0,2.0,21.0
2025-11-22,Saturday,11,47,Yes,Rainy,No,end,No,No,Ulundu Wade,71.0,Snack,22,4,4,No,No,39.0,41.0,63.0,65.0,44.0,38.666666666666664,39.57142857142857,46.07142857142857,20.02379536832068,18.71430668566898,39.0,42.5,-2.0,-22.0,42.0
2025-11-22,Saturday,11,47,Yes,Rainy,No,end,No,No,Vegitable Roti,17.0,Meal,22,4,4,No,No,28.0,19.0,20.0,20.0,12.0,20.333333333333332,16.428571428571427,17.785714285714285,10.080627342534175,8.657398538276349,19.0,20.0,9.0,-1.0,24.5
2025-11-22,Saturday,11,47,Yes,Rainy,No,end,No,No,Watter Bottle,3.0,Cold Beverage,22,4,4,No,No,5.0,3.0,3.0,4.0,2.0,7.666666666666667,5.714285714285714,6.357142857142857,3.94606494769518,3.521519402345938,5.0,5.5,2.0,0.0,4.2
2025-11-23,Sunday,11,47,Yes,Rainy,No,end,No,No,Bread,2.0,Meal,23,4,4,No,No,2.5,2.0,3.5,1.5,2.0,1.6666666666666667,2.0,1.7857142857142858,1.3228756555322954,1.10443660740679,2.0,1.5,0.5,-1.5,2.45
2025-11-23,Sunday,11,47,Yes,Rainy,No,end,No,No,Breakfast,0.0,Meal,23,4,4,No,No,11.0,0.0,10.5,12.5,0.0,10.833333333333334,8.071428571428571,9.107142857142858,5.593363414414829,4.30196096354536,11.0,10.0,11.0,-10.5,7.6499999999999995
2025-11-23,Sunday,11,47,Yes,Rainy,No,end,No,No,Bulath vita,4.0,Other,23,4,4,No,No,32.0,4.0,19.0,18.0,4.0,21.666666666666668,18.571428571428573,18.214285714285715,18.329003817785107,12.59535061611455,11.0,18.0,28.0,-15.0,22.299999999999997
2025-11-23,Sunday,11,47,Yes,Rainy,No,end,No,No,Chicken Curry,2.0,Meal,23,4,4,No,No,1.0,1.0,0.0,3.0,2.0,2.0,1.7142857142857142,1.6428571428571428,2.288688541085317,1.9057460827371866,1.0,1.0,0.0,1.0,0.8999999999999999
2025-11-23,Sunday,11,47,Yes,Rainy,No,end,No,No,Cigarette,37.0,Other,23,4,4,No,No,58.0,40.0,67.0,29.0,38.0,47.666666666666664,43.857142857142854,42.42857142857143,19.718253568952896,17.050667867426025,40.0,40.5,18.0,-27.0,53.5
2025-11-23,Sunday,11,47,Yes,Rainy,No,end,No,No,Dal Curry,4.0,Meal,23,4,4,No,No,8.0,4.0,9.0,7.0,4.0,7.0,5.857142857142857,6.071428571428571,3.3380918415851126,2.6447127432871644,7.0,6.0,4.0,-5.0,6.9
2025-11-23,Sunday,11,47,Yes,Rainy,No,end,No,No,Egg Rotti,49.0,Meal,23,4,4,No,No,54.0,42.0,66.0,54.0,53.0,50.666666666666664,44.142857142857146,46.07142857142857,20.358688328971258,17.3802022016842,53.0,49.0,12.0,-24.0,51.6
2025-11-23,Sunday,11,47,Yes,Rainy,No,end,No,No,Hoppers,21.0,Meal,23,4,4,No,No,41.0,22.0,33.0,31.0,23.0,35.0,27.714285714285715,30.0,18.508685219956288,14.228898005873061,27.0,31.0,19.0,-11.0,34.49999999999999
2025-11-23,Sunday,11,47,Yes,Rainy,No,end,No,No,Kahata,14.0,Hot Beverage,23,4,4,No,No,19.0,17.0,19.0,19.0,15.0,20.333333333333332,15.142857142857142,18.285714285714285,11.216484467493537,9.47408263412568,17.0,19.0,2.0,-2.0,18.4
2025-11-23,Sunday,11,47,Yes,Rainy,No,end,No,No,Plain Tea,54.0,Hot Beverage,23,4,4,No,No,104.5,60.5,57.5,75.5,67.0,94.16666666666667,76.28571428571429,73.78571428571429,38.42075951754158,27.908996540758817,80.0,74.0,44.0,3.0,86.6
2025-11-23,Sunday,11,47,Yes,Rainy,No,end,No,No,Roast bread,14.0,Meal,23,4,4,No,No,20.0,15.0,39.0,12.0,16.0,19.666666666666668,15.0,17.714285714285715,7.257180352359076,8.650732040420902,17.0,18.0,5.0,-24.0,20.4
2025-11-23,Sunday,11,47,Yes,Rainy,No,end,No,No,Rolls,67.0,Snack,23,4,4,No,No,62.0,82.0,83.0,69.0,79.0,57.0,52.42857142857143,53.42857142857143,19.99047392182207,18.68242401384167,49.0,48.5,-20.0,-1.0,70.1
2025-11-23,Sunday,11,47,Yes,Rainy,No,end,No,No,Roti,7.0,Meal,23,4,4,No,No,19.0,6.0,6.0,13.0,7.0,11.333333333333334,8.857142857142858,10.285714285714286,6.414269805898183,5.966941897186165,7.0,9.5,13.0,0.0,13.799999999999999
2025-11-23,Sunday,11,47,Yes,Rainy,No,end,No,No,Soft drinks,26.0,Cold Beverage,23,4,4,No,No,25.0,25.0,41.0,35.0,30.0,32.333333333333336,24.428571428571427,28.928571428571427,14.304511442864719,13.011617801111349,25.0,26.5,0.0,-16.0,26.6
2025-11-23,Sunday,11,47,Yes,Rainy,No,end,No,No,String Hoppers,18.0,Meal,23,4,4,No,No,33.0,16.0,40.0,71.0,20.0,71.66666666666667,64.85714285714286,72.35714285714286,38.83481501362992,37.50611671726082,61.0,64.0,17.0,-24.0,28.6
2025-11-23,Sunday,11,47,Yes,Rainy,No,end,No,No,Tea,18.0,Hot Beverage,23,4,4,No,No,28.0,16.0,40.0,26.0,16.0,21.666666666666668,16.142857142857142,19.0,8.375133261199904,8.761805223196347,18.0,18.0,12.0,-24.0,25.6
2025-11-23,Sunday,11,47,Yes,Rainy,No,end,No,No,Ulundu Wade,51.0,Snack,23,4,4,No,No,71.0,60.0,79.0,56.0,59.0,49.666666666666664,43.857142857142854,46.642857142857146,23.319723922240666,19.381224629312463,39.0,42.5,11.0,-19.0,68.5
2025-11-23,Sunday,11,47,Yes,Rainy,No,end,No,No,Vegitable Roti,11.0,Meal,23,4,4,No,No,17.0,11.0,23.0,19.0,12.0,18.0,16.142857142857142,17.571428571428573,10.023781246425447,8.635475005547095,17.0,19.5,6.0,-12.0,15.8
2025-11-23,Sunday,11,47,Yes,Rainy,No,end,No,No,Watter Bottle,7.0,Cold Beverage,23,4,4,No,No,3.0,10.0,9.0,4.0,9.0,6.666666666666667,5.714285714285714,6.357142857142857,3.94606494769518,3.521519402345938,5.0,5.5,-7.0,1.0,5.7
2025-11-24,Monday,11,48,No,Cloudy,No,end,No,No,Bread,1.0,Meal,24,4,4,No,No,2.0,0.0,1.0,0.0,0.5,1.8333333333333333,2.0,1.6785714285714286,1.3228756555322954,0.9924162986822164,2.0,1.5,2.0,-1.0,1.3
2025-11-24,Monday,11,48,No,Cloudy,No,end,No,No,Breakfast,0.0,Meal,24,4,4,No,No,0.0,0.0,9.5,0.0,9.0,7.666666666666667,8.071428571428571,8.357142857142858,5.593363414414829,4.912419783759133,11.0,9.5,0.0,-9.5,0.9500000000000001
2025-11-24,Monday,11,48,No,Cloudy,No,end,No,No,Bulath vita,0.0,Other,24,4,4,No,No,4.0,0.0,20.0,0.0,19.0,19.333333333333332,18.571428571428573,17.142857142857142,18.329003817785107,13.14918624482515,11.0,16.5,4.0,-20.0,4.4
2025-11-24,Monday,11,48,No,Cloudy,No,end,No,No,Chicken Curry,0.0,Meal,24,4,4,No,No,2.0,0.0,2.0,0.0,0.0,1.0,1.8571428571428572,1.7857142857142858,2.2677868380553634,1.847183778644646,1.0,1.5,2.0,-2.0,1.4
2025-11-24,Monday,11,48,No,Cloudy,No,end,No,No,Cigarette,0.0,Other,24,4,4,No,No,37.0,26.0,30.0,19.0,24.0,52.0,43.42857142857143,40.285714285714285,19.84823369855315,15.543628778518716,37.0,38.5,11.0,-4.0,33.0
2025-11-24,Monday,11,48,No,Cloudy,No,end,No,No,Dal Curry,0.0,Meal,24,4,4,No,No,4.0,0.0,4.0,0.0,7.0,5.333333333333333,5.857142857142857,5.714285714285714,3.3380918415851126,2.554891881757926,7.0,5.5,4.0,-4.0,2.8
2025-11-24,Monday,11,48,No,Cloudy,No,end,No,No,Egg Rotti,0.0,Meal,24,4,4,No,No,49.0,0.0,43.0,0.0,42.0,52.0,45.142857142857146,44.857142857142854,20.40774829510082,16.449723602340754,53.0,47.0,49.0,-43.0,33.699999999999996
2025-11-24,Monday,11,48,No,Cloudy,No,end,No,No,Hoppers,0.0,Meal,24,4,4,No,No,21.0,0.0,35.0,0.0,11.0,33.0,27.571428571428573,29.142857142857142,18.563917895181703,14.394748737258013,27.0,28.0,21.0,-35.0,16.1
2025-11-24,Monday,11,48,No,Cloudy,No,end,No,No,Kahata,20.0,Hot Beverage,24,4,4,No,No,14.0,0.0,22.0,13.0,26.0,20.333333333333332,14.714285714285714,17.928571428571427,11.190982764623275,9.539104019482412,14.0,18.0,14.0,-22.0,10.600000000000001
2025-11-24,Monday,11,48,No,Cloudy,No,end,No,No,Plain Tea,57.0,Hot Beverage,24,4,4,No,No,54.0,0.0,54.0,0.0,61.0,87.5,75.35714285714286,73.53571428571429,38.94088927005723,28.08124496316569,80.0,74.0,54.0,-54.0,37.8
2025-11-24,Monday,11,48,No,Cloudy,No,end,No,No,Roast bread,0.0,Meal,24,4,4,No,No,14.0,0.0,16.0,0.0,13.0,18.666666666666668,14.857142857142858,15.928571428571429,7.267016155859552,6.132690283219111,17.0,17.5,14.0,-16.0,10.0
2025-11-24,Monday,11,48,No,Cloudy,No,end,No,No,Rolls,0.0,Snack,24,4,4,No,No,67.0,31.0,42.0,0.0,42.0,67.0,50.285714285714285,52.285714285714285,16.849473638804344,17.161802717881162,49.0,48.5,36.0,-11.0,53.699999999999996
2025-11-24,Monday,11,48,No,Cloudy,No,end,No,No,Roti,0.0,Meal,24,4,4,No,No,7.0,0.0,9.0,7.0,8.0,12.0,9.0,10.357142857142858,6.350852961085882,5.917472730523018,7.0,9.5,7.0,-9.0,5.1000000000000005
2025-11-24,Monday,11,48,No,Cloudy,No,end,No,No,Soft drinks,23.0,Cold Beverage,24,4,4,No,No,26.0,0.0,36.0,28.0,20.0,33.333333333333336,24.571428571428573,27.857142857142858,14.31615803741985,12.550557099845546,25.0,25.5,26.0,-36.0,19.2
2025-11-24,Monday,11,48,No,Cloudy,No,end,No,No,String Hoppers,0.0,Meal,24,4,4,No,No,18.0,45.0,85.0,0.0,120.0,39.333333333333336,65.14285714285714,70.78571428571429,38.42060459106359,39.38015621219276,61.0,64.0,-27.0,-40.0,32.8
2025-11-24,Monday,11,48,No,Cloudy,No,end,No,No,Tea,10.0,Hot Beverage,24,4,4,No,No,18.0,0.0,19.0,0.0,15.0,21.333333333333332,16.428571428571427,17.428571428571427,8.403514004215584,6.345371247116774,18.0,18.0,18.0,-19.0,12.7
2025-11-24,Monday,11,48,No,Cloudy,No,end,No,No,Ulundu Wade,0.0,Snack,24,4,4,No,No,51.0,0.0,60.0,0.0,63.0,53.666666666666664,42.57142857142857,44.642857142857146,22.51560305548978,17.095240646076107,39.0,42.5,51.0,-60.0,36.599999999999994
2025-11-24,Monday,11,48,No,Cloudy,No,end,No,No,Vegitable Roti,0.0,Meal,24,4,4,No,No,11.0,0.0,20.0,0.0,13.0,18.666666666666668,16.142857142857142,16.714285714285715,10.023781246425447,8.650732040420905,17.0,18.0,11.0,-20.0,8.6
2025-11-24,Monday,11,48,No,Cloudy,No,end,No,No,Watter Bottle,0.0,Cold Beverage,24,4,4,No,No,7.0,2.0,5.0,0.0,6.0,5.0,5.285714285714286,6.214285714285714,3.545621041711673,3.445812875596463,5.0,5.5,5.0,-3.0,5.3
2025-11-25,Tuesday,11,48,No,Rainy,No,end,No,No,Bread,3.0,Meal,25,4,4,No,No,1.0,3.0,1.0,1.5,1.0,1.8333333333333333,2.142857142857143,1.6785714285714286,1.1073348527841413,0.9924162986822164,2.0,1.5,-2.0,2.0,1.6
2025-11-25,Tuesday,11,48,No,Rainy,No,end,No,No,Breakfast,12.0,Meal,25,4,4,No,No,0.0,11.5,7.0,16.5,8.5,3.6666666666666665,8.071428571428571,7.678571428571429,5.593363414414829,5.376612970352899,11.0,9.5,-11.5,4.5,4.1499999999999995
2025-11-25,Tuesday,11,48,No,Rainy,No,end,No,No,Bulath vita,9.0,Other,25,4,4,No,No,0.0,9.0,17.0,14.0,16.0,12.0,18.571428571428573,15.714285714285714,18.329003817785107,13.880969659260794,11.0,14.5,-9.0,-8.0,4.4
2025-11-25,Tuesday,11,48,No,Rainy,No,end,No,No,Chicken Curry,4.0,Meal,25,4,4,No,No,0.0,5.0,0.0,5.0,0.0,1.0,1.8571428571428572,1.6428571428571428,2.2677868380553634,1.9057460827371866,1.0,1.0,-5.0,5.0,1.5
2025-11-25,Tuesday,11,48,No,Rainy,No,end,No,No,Cigarette,28.0,Other,25,4,4,No,No,0.0,26.0,29.0,43.0,31.0,31.666666666666668,39.714285714285715,38.142857142857146,25.329260324206636,18.797942370446744,37.0,38.5,-26.0,-3.0,10.7
2025-11-25,Tuesday,11,48,No,Rainy,No,end,No,No,Dal Curry,10.0,Meal,25,4,4,No,No,0.0,9.0,6.0,7.0,6.0,4.0,5.857142857142857,5.428571428571429,3.3380918415851126,2.953857600710426,7.0,5.5,-9.0,3.0,3.3
2025-11-25,Tuesday,11,48,No,Rainy,No,end,No,No,Egg Rotti,63.0,Meal,25,4,4,No,No,0.0,58.0,22.0,42.0,28.0,34.333333333333336,45.142857142857146,41.785714285714285,20.40774829510082,20.370335035304393,53.0,47.0,-58.0,36.0,19.599999999999998
2025-11-25,Tuesday,11,48,No,Rainy,No,end,No,No,Hoppers,13.0,Meal,25,4,4,No,No,0.0,12.0,20.0,40.0,22.0,20.666666666666668,27.571428571428573,26.642857142857142,18.563917895181703,16.2225253789393,27.0,25.0,-12.0,-8.0,5.6
2025-11-25,Tuesday,11,48,No,Rainy,No,end,No,No,Kahata,24.0,Hot Beverage,25,4,4,No,No,20.0,27.0,26.0,22.0,26.0,17.666666666666668,17.571428571428573,17.785714285714285,9.180725150319786,9.488280799358362,19.0,18.0,-7.0,1.0,22.700000000000003
2025-11-25,Tuesday,11,48,No,Rainy,No,end,No,No,Plain Tea,105.0,Hot Beverage,25,4,4,No,No,57.0,80.0,68.0,66.5,66.0,71.83333333333333,83.5,73.75,23.42541355024498,27.931750613015506,80.0,74.0,-23.0,12.0,65.0
2025-11-25,Tuesday,11,48,No,Rainy,No,end,No,No,Roast bread,19.0,Meal,25,4,4,No,No,0.0,18.0,18.0,17.0,17.0,11.333333333333334,14.857142857142858,14.785714285714286,7.267016155859552,7.464568321060517,17.0,17.5,-18.0,0.0,7.199999999999999
2025-11-25,Tuesday,11,48,No,Rainy,No,end,No,No,Rolls,36.0,Snack,25,4,4,No,No,0.0,34.0,29.0,45.0,30.0,43.0,45.857142857142854,49.285714285714285,24.909359495502716,22.067827509499242,49.0,48.5,-34.0,5.0,13.1
2025-11-25,Tuesday,11,48,No,Rainy,No,end,No,No,Roti,7.0,Meal,25,4,4,No,No,0.0,7.0,12.0,3.0,11.0,8.666666666666666,9.0,9.714285714285714,6.350852961085882,6.533094112387997,7.0,8.5,-7.0,-5.0,3.3000000000000003
2025-11-25,Tuesday,11,48,No,Rainy,No,end,No,No,Soft drinks,26.0,Cold Beverage,25,4,4,No,No,23.0,28.0,21.0,27.0,21.0,24.666666666666668,27.857142857142858,26.928571428571427,9.59910710133277,12.381526473024147,25.0,25.0,-5.0,7.0,24.3
2025-11-25,Tuesday,11,48,No,Rainy,No,end,No,No,String Hoppers,124.0,Meal,25,4,4,No,No,0.0,117.0,50.0,82.0,60.0,17.0,58.714285714285715,64.71428571428571,45.47055562197835,43.37037019658712,61.0,56.0,-117.0,67.0,40.1
2025-11-25,Tuesday,11,48,No,Rainy,No,end,No,No,Tea,15.0,Hot Beverage,25,4,4,No,No,10.0,14.0,14.0,26.0,12.0,18.666666666666668,17.857142857142858,16.785714285714285,5.490251100164458,6.623716960561222,18.0,18.0,-4.0,0.0,11.6
2025-11-25,Tuesday,11,48,No,Rainy,No,end,No,No,Ulundu Wade,55.0,Snack,25,4,4,No,No,0.0,60.0,44.0,50.0,41.0,40.666666666666664,42.57142857142857,40.357142857142854,22.51560305548978,20.189895198635085,39.0,40.0,-60.0,16.0,22.4
2025-11-25,Tuesday,11,48,No,Rainy,No,end,No,No,Vegitable Roti,20.0,Meal,25,4,4,No,No,0.0,24.0,7.0,13.0,7.0,9.333333333333334,16.142857142857142,15.285714285714286,10.023781246425447,9.659021860245648,17.0,14.0,-24.0,17.0,7.8999999999999995
2025-11-25,Tuesday,11,48,No,Rainy,No,end,No,No,Watter Bottle,2.0,Cold Beverage,25,4,4,No,No,0.0,2.0,4.0,0.0,4.0,3.3333333333333335,5.0,5.857142857142857,3.915780041490243,3.8201317507916643,5.0,5.5,-2.0,-2.0,1.0
2025-11-26,Wednesday,11,48,No,Cloudy,No,end,No,No,Bread,2.0,Meal,26,4,4,No,No,3.0,4.0,1.5,3.5,3.0,2.0,2.142857142857143,1.8214285714285714,1.1073348527841416,1.0304431992173013,2.0,1.5,-1.0,2.5,3.15
2025-11-26,Wednesday,11,48,No,Cloudy,No,end,No,No,Breakfast,14.0,Meal,26,4,4,No,No,12.0,12.5,11.0,13.5,10.0,4.0,8.142857142857142,8.035714285714286,5.647376129040563,5.492877506071229,11.0,10.25,-0.5,1.5,12.049999999999999
2025-11-26,Wednesday,11,48,No,Cloudy,No,end,No,No,Bulath vita,6.0,Other,26,4,4,No,No,9.0,52.0,16.0,13.0,11.0,4.333333333333333,18.571428571428573,15.142857142857142,18.329003817785107,13.988221104569721,11.0,12.0,-43.0,36.0,22.6
2025-11-26,Wednesday,11,48,No,Cloudy,No,end,No,No,Chicken Curry,3.0,Meal,26,4,4,No,No,4.0,0.0,3.0,6.0,2.0,2.0,1.7142857142857142,1.9285714285714286,2.058663459163551,1.9400351192017795,1.0,1.5,4.0,-3.0,2.7
2025-11-26,Wednesday,11,48,No,Cloudy,No,end,No,No,Cigarette,31.0,Other,26,4,4,No,No,28.0,72.0,41.0,24.0,29.0,21.666666666666668,40.0,38.07142857142857,25.15949125081825,18.837214744772087,37.0,38.5,-44.0,31.0,42.5
2025-11-26,Wednesday,11,48,No,Cloudy,No,end,No,No,Dal Curry,9.0,Meal,26,4,4,No,No,10.0,7.0,6.0,8.0,8.0,4.666666666666667,6.0,5.714285714285714,3.5118845842842386,3.1968390982000088,7.0,5.5,3.0,1.0,8.7
2025-11-26,Wednesday,11,48,No,Cloudy,No,end,No,No,Egg Rotti,44.0,Meal,26,4,4,No,No,63.0,57.0,59.0,59.0,45.0,37.333333333333336,45.857142857142854,44.714285714285715,21.01133480948296,20.253883089910936,53.0,51.0,6.0,-2.0,60.79999999999999
2025-11-26,Wednesday,11,48,No,Cloudy,No,end,No,No,Hoppers,20.0,Meal,26,4,4,No,No,13.0,55.0,29.0,28.0,14.0,11.333333333333334,27.714285714285715,26.142857142857142,18.42746397558352,16.547633541512088,27.0,25.0,-42.0,26.0,27.200000000000003
2025-11-26,Wednesday,11,48,No,Cloudy,No,end,No,No,Kahata,24.0,Hot Beverage,26,4,4,No,No,24.0,1.0,27.0,16.0,19.0,19.333333333333332,17.142857142857142,17.642857142857142,8.725987459471686,9.369403091217407,19.0,18.0,23.0,-26.0,17.4
2025-11-26,Wednesday,11,48,No,Cloudy,No,end,No,No,Plain Tea,50.5,Hot Beverage,26,4,4,No,No,105.0,111.0,95.5,87.5,67.0,72.0,87.07142857142857,76.39285714285714,24.67527198672892,29.072970907057936,104.0,77.0,-6.0,15.5,105.85
2025-11-26,Wednesday,11,48,No,Cloudy,No,end,No,No,Roast bread,16.0,Meal,26,4,4,No,No,19.0,13.0,20.0,22.0,19.0,11.0,15.0,14.857142857142858,7.348469228349529,7.502380574571933,17.0,17.5,6.0,-7.0,17.3
2025-11-26,Wednesday,11,48,No,Cloudy,No,end,No,No,Rolls,72.0,Snack,26,4,4,No,No,36.0,49.0,48.0,61.0,44.0,34.333333333333336,46.142857142857146,49.785714285714285,24.76172161104429,21.64816059490639,49.0,48.5,-13.0,1.0,41.099999999999994
2025-11-26,Wednesday,11,48,No,Cloudy,No,end,No,No,Roti,16.0,Meal,26,4,4,No,No,7.0,15.0,21.0,5.0,6.0,4.666666666666667,9.0,9.357142857142858,6.350852961085882,6.535196340492858,7.0,7.0,-8.0,-6.0,10.799999999999999
2025-11-26,Wednesday,11,48,No,Cloudy,No,end,No,No,Soft drinks,30.0,Cold Beverage,26,4,4,No,No,26.0,21.0,35.0,47.0,20.0,25.0,27.571428571428573,27.285714285714285,9.62387903181704,12.268963791921161,25.0,25.5,5.0,-14.0,25.4
2025-11-26,Wednesday,11,48,No,Cloudy,No,end,No,No,String Hoppers,155.0,Meal,26,4,4,No,No,124.0,61.0,107.0,66.0,60.0,47.333333333333336,59.714285714285715,70.0,47.016714353210894,45.876087285375434,61.0,64.0,63.0,-46.0,103.39999999999999
2025-11-26,Wednesday,11,48,No,Cloudy,No,end,No,No,Tea,18.0,Hot Beverage,26,4,4,No,No,15.0,18.0,17.0,27.0,16.0,14.333333333333334,18.0,16.857142857142858,5.385164807134495,6.596702472939304,18.0,18.0,-3.0,1.0,16.099999999999998
2025-11-26,Wednesday,11,48,No,Cloudy,No,end,No,No,Ulundu Wade,31.0,Snack,26,4,4,No,No,55.0,38.0,52.0,96.0,30.0,35.333333333333336,41.857142857142854,41.142857142857146,21.942565722271183,20.553334533344227,39.0,40.0,17.0,-14.0,49.6
2025-11-26,Wednesday,11,48,No,Cloudy,No,end,No,No,Vegitable Roti,20.0,Meal,26,4,4,No,No,20.0,24.0,27.0,19.0,15.0,10.333333333333334,15.571428571428571,16.214285714285715,9.606545387688247,9.423200268311362,17.0,18.0,-4.0,-3.0,21.9
2025-11-26,Wednesday,11,48,No,Cloudy,No,end,No,No,Watter Bottle,5.0,Cold Beverage,26,4,4,No,No,2.0,6.0,9.0,5.0,6.0,3.0,5.0,5.714285714285714,3.915780041490243,3.930718693896759,5.0,5.5,-4.0,-3.0,3.9
2025-11-27,Thursday,11,48,No,Hot,No,end,No,No,Bread,6.5,Meal,27,4,4,No,No,2.0,1.5,1.5,1.5,1.5,2.0,1.8571428571428572,1.8571428571428572,0.7480132415430956,1.0271051820261912,2.0,1.75,0.5,0.0,1.7999999999999998
2025-11-27,Thursday,11,48,No,Hot,No,end,No,No,Breakfast,13.0,Meal,27,4,4,No,No,14.0,9.5,8.5,11.0,8.0,8.666666666666666,8.357142857142858,8.25,5.864542364316006,5.6729791386618285,11.0,10.25,4.5,1.0,12.1
2025-11-27,Thursday,11,48,No,Hot,No,end,No,No,Bulath vita,27.0,Other,27,4,4,No,No,6.0,11.0,13.0,21.0,12.0,5.0,12.0,14.428571428571429,11.21011448053349,14.194876029557483,9.0,10.0,-5.0,-2.0,8.2
2025-11-27,Thursday,11,48,No,Hot,No,end,No,No,Chicken Curry,2.0,Meal,27,4,4,No,No,3.0,5.0,4.0,6.0,4.0,2.3333333333333335,2.142857142857143,1.9285714285714286,1.9518001458970662,1.9400351192017795,2.0,1.5,-2.0,1.0,3.6999999999999997
2025-11-27,Thursday,11,48,No,Hot,No,end,No,No,Cigarette,78.0,Other,27,4,4,No,No,31.0,24.0,23.0,34.0,21.0,19.666666666666668,34.142857142857146,37.357142857142854,20.87605144201183,18.907089198975644,31.0,34.0,7.0,1.0,28.099999999999998
2025-11-27,Thursday,11,48,No,Hot,No,end,No,No,Dal Curry,4.0,Meal,27,4,4,No,No,9.0,9.0,9.0,5.0,8.0,6.333333333333333,6.285714285714286,5.928571428571429,3.683941988065029,3.3157963590222965,8.0,6.0,0.0,0.0,9.0
2025-11-27,Thursday,11,48,No,Hot,No,end,No,No,Egg Rotti,70.0,Meal,27,4,4,No,No,44.0,45.0,40.0,54.0,36.0,35.666666666666664,44.0,43.642857142857146,20.42873792805942,19.83240216978709,49.0,47.0,-1.0,5.0,43.9
2025-11-27,Thursday,11,48,No,Hot,No,end,No,No,Hoppers,66.0,Meal,27,4,4,No,No,20.0,27.0,23.0,36.0,23.0,11.0,22.714285714285715,25.5,14.008500820505207,16.602826450753685,21.0,22.5,-7.0,4.0,22.400000000000002
2025-11-27,Thursday,11,48,No,Hot,No,end,No,No,Kahata,30.0,Hot Beverage,27,4,4,No,No,24.0,14.0,13.0,19.0,12.0,22.666666666666668,20.428571428571427,17.428571428571427,5.287001130355556,9.171144427490505,20.0,18.0,10.0,1.0,19.9
2025-11-27,Thursday,11,48,No,Hot,No,end,No,No,Plain Tea,109.5,Hot Beverage,27,4,4,No,No,50.5,74.0,74.0,66.5,63.0,70.83333333333333,78.42857142857143,73.17857142857143,25.47945016974232,29.284813038933244,74.0,74.0,-23.5,0.0,59.9
2025-11-27,Thursday,11,48,No,Hot,No,end,No,No,Roast bread,19.0,Meal,27,4,4,No,No,16.0,17.0,21.0,12.0,19.0,11.666666666666666,15.428571428571429,14.571428571428571,7.299706452023547,7.366392350651455,17.0,16.5,-1.0,-4.0,16.8
2025-11-27,Thursday,11,48,No,Hot,No,end,No,No,Rolls,48.0,Snack,27,4,4,No,No,72.0,37.0,48.0,61.0,41.0,36.0,49.42857142857143,51.5,26.65743887958947,22.43194837040038,62.0,52.5,35.0,-11.0,59.099999999999994
2025-11-27,Thursday,11,48,No,Hot,No,end,No,No,Roti,16.0,Meal,27,4,4,No,No,16.0,5.0,6.0,13.0,5.0,7.666666666666667,9.142857142857142,9.0,6.5173760422573785,5.961414390768484,7.0,7.0,11.0,-1.0,11.7
2025-11-27,Thursday,11,48,No,Hot,No,end,No,No,Soft drinks,34.0,Cold Beverage,27,4,4,No,No,30.0,23.0,28.0,35.0,24.0,26.333333333333332,28.857142857142858,26.928571428571427,9.191092996819833,12.098723935982704,26.0,25.5,7.0,-5.0,27.7
2025-11-27,Thursday,11,48,No,Hot,No,end,No,No,String Hoppers,66.0,Meal,27,4,4,No,No,155.0,115.0,146.0,102.0,120.0,93.0,73.14285714285714,73.42857142857143,59.27177116590036,50.42239167688878,67.0,64.0,40.0,-31.0,142.1
2025-11-27,Thursday,11,48,No,Hot,No,end,No,No,Tea,21.0,Hot Beverage,27,4,4,No,No,18.0,19.0,19.0,40.0,20.0,14.333333333333334,18.0,16.928571428571427,5.385164807134495,6.603778472199845,18.0,18.0,-1.0,0.0,18.4
2025-11-27,Thursday,11,48,No,Hot,No,end,No,No,Ulundu Wade,91.0,Snack,27,4,4,No,No,31.0,39.0,36.0,77.0,41.0,28.666666666666668,40.857142857142854,39.642857142857146,22.304174283666956,20.466133913434586,39.0,39.0,-8.0,3.0,33.9
2025-11-27,Thursday,11,48,No,Hot,No,end,No,No,Vegitable Roti,15.0,Meal,27,4,4,No,No,20.0,9.0,11.0,19.0,11.0,13.333333333333334,15.0,15.714285714285714,9.12870929175277,8.982278034069013,17.0,18.0,11.0,-2.0,15.799999999999999
2025-11-27,Thursday,11,48,No,Hot,No,end,No,No,Watter Bottle,5.0,Cold Beverage,27,4,4,No,No,5.0,12.0,12.0,4.0,11.0,2.3333333333333335,4.857142857142857,5.428571428571429,3.891382420536067,3.81725406168211,5.0,5.0,-7.0,0.0,7.8
2025-11-28,Friday,11,48,No,Hot,No,end,No,No,Bread,3.0,Meal,28,4,4,No,No,6.5,1.0,1.5,2.5,2.5,3.8333333333333335,2.5714285714285716,2.2142857142857144,1.8803495115840263,1.60185332222837,2.0,2.0,5.5,-0.5,4.3500000000000005
2025-11-28,Friday,11,48,No,Hot,No,end,No,No,Breakfast,8.0,Meal,28,4,4,No,No,13.0,12.0,9.5,9.5,8.0,13.0,8.857142857142858,8.571428571428571,6.121780008803853,5.8139657551621164,12.0,11.25,1.0,2.5,12.349999999999998
2025-11-28,Friday,11,48,No,Hot,No,end,No,No,Bulath vita,9.0,Other,28,4,4,No,No,27.0,22.0,19.0,9.0,8.0,14.0,14.285714285714286,15.428571428571429,12.526163095887021,14.574552563203527,9.0,10.0,5.0,3.0,24.699999999999996
2025-11-28,Friday,11,48,No,Hot,No,end,No,No,Chicken Curry,1.0,Meal,28,4,4,No,No,2.0,0.0,0.0,1.0,1.0,3.0,1.7142857142857142,1.7857142857142858,1.496026483086191,1.847183778644646,2.0,1.5,2.0,0.0,1.2
2025-11-28,Friday,11,48,No,Hot,No,end,No,No,Cigarette,8.0,Other,28,4,4,No,No,78.0,61.0,53.0,6.0,8.0,45.666666666666664,41.857142857142854,41.285714285714285,25.880678580932216,21.261842207718825,37.0,38.5,17.0,8.0,70.39999999999999
2025-11-28,Friday,11,48,No,Hot,No,end,No,No,Dal Curry,7.0,Meal,28,4,4,No,No,4.0,4.0,5.0,7.0,6.0,7.666666666666667,5.571428571428571,5.571428571428571,3.55232988601109,3.227627986243527,4.0,5.0,0.0,-1.0,4.1
2025-11-28,Friday,11,48,No,Hot,No,end,No,No,Egg Rotti,22.0,Meal,28,4,4,No,No,70.0,53.0,45.0,21.0,18.0,59.0,47.57142857142857,45.785714285714285,22.692562238592206,20.995159044329792,53.0,51.0,17.0,8.0,62.4
2025-11-28,Friday,11,48,No,Hot,No,end,No,No,Hoppers,29.0,Meal,28,4,4,No,No,66.0,37.0,46.0,24.0,24.0,33.0,28.285714285714285,28.571428571428573,21.66190423850348,19.778443143655497,21.0,24.5,29.0,-9.0,55.300000000000004
2025-11-28,Friday,11,48,No,Hot,No,end,No,No,Kahata,7.0,Hot Beverage,28,4,4,No,No,30.0,28.0,30.0,6.0,6.0,26.0,22.714285714285715,18.642857142857142,5.498917642417934,9.652477903125689,24.0,19.5,2.0,-2.0,29.4
2025-11-28,Friday,11,48,No,Hot,No,end,No,No,Plain Tea,26.5,Hot Beverage,28,4,4,No,No,109.5,104.0,69.5,24.5,21.0,88.33333333333333,83.5,75.71428571428571,27.8717300025193,30.856188935194112,104.0,77.0,5.5,34.5,103.85000000000001
2025-11-28,Friday,11,48,No,Hot,No,end,No,No,Roast bread,0.0,Meal,28,4,4,No,No,19.0,22.0,22.0,0.0,0.0,18.0,15.714285714285714,14.428571428571429,7.409774753982864,7.250615737399726,19.0,16.5,-3.0,0.0,20.2
2025-11-28,Friday,11,48,No,Hot,No,end,No,No,Rolls,16.0,Snack,28,4,4,No,No,48.0,72.0,56.0,18.0,16.0,52.0,51.0,51.5,26.121510931286764,22.43194837040038,62.0,52.5,-24.0,16.0,55.99999999999999
2025-11-28,Friday,11,48,No,Hot,No,end,No,No,Roti,3.0,Meal,28,4,4,No,No,16.0,10.0,11.0,3.0,3.0,13.0,10.714285714285714,9.714285714285714,6.67618368317024,6.169759644097499,10.0,8.5,6.0,-1.0,13.7
2025-11-28,Friday,11,48,No,Hot,No,end,No,No,Soft drinks,9.0,Cold Beverage,28,4,4,No,No,34.0,49.0,51.0,8.0,8.0,30.0,30.428571428571427,27.357142857142858,8.960229588895277,12.2449810305921,26.0,25.5,-15.0,-2.0,40.199999999999996
2025-11-28,Friday,11,48,No,Hot,No,end,No,No,String Hoppers,49.0,Meal,28,4,4,No,No,66.0,67.0,80.0,45.0,40.0,115.0,66.14285714285714,67.71428571428571,56.324738707571385,45.89524622848893,66.0,63.5,-1.0,-13.0,67.7
2025-11-28,Friday,11,48,No,Hot,No,end,No,No,Tea,6.0,Hot Beverage,28,4,4,No,No,21.0,18.0,18.0,5.0,5.0,18.0,18.285714285714285,17.071428571428573,5.498917642417929,6.673302558176652,18.0,18.0,3.0,0.0,19.8
2025-11-28,Friday,11,48,No,Hot,No,end,No,No,Ulundu Wade,12.0,Snack,28,4,4,No,No,91.0,39.0,34.0,12.0,12.0,59.0,48.285714285714285,43.57142857142857,29.181696807612617,24.578647035788812,51.0,40.0,52.0,5.0,69.7
2025-11-28,Friday,11,48,No,Hot,No,end,No,No,Vegitable Roti,8.0,Meal,28,4,4,No,No,15.0,28.0,26.0,7.0,6.0,18.333333333333332,15.857142857142858,16.0,8.745066636463697,8.883866102270842,17.0,18.0,-13.0,2.0,20.0
2025-11-28,Friday,11,48,No,Hot,No,end,No,No,Watter Bottle,1.0,Cold Beverage,28,4,4,No,No,5.0,5.0,7.0,1.0,1.0,4.0,3.857142857142857,4.928571428571429,2.3401261667248807,3.315796359022292,5.0,5.0,0.0,-2.0,5.2
2025-11-29,Saturday,11,48,Yes,Rainy,No,end,No,No,Bread,2.5,Meal,29,4,5,No,No,3.0,2.5,1.0,2.5,1.5,3.8333333333333335,2.857142857142857,2.3214285714285716,1.7491494531696856,1.60056652058363,2.5,2.0,0.5,1.5,2.65
2025-11-29,Saturday,11,48,Yes,Rainy,No,end,No,No,Breakfast,10.5,Meal,29,4,5,No,No,8.0,11.0,15.0,10.5,10.0,11.666666666666666,8.285714285714286,8.464285714285714,5.964178784328031,5.809356795173315,11.0,11.25,-3.0,-4.0,9.6
2025-11-29,Saturday,11,48,Yes,Rainy,No,end,No,No,Bulath vita,31.0,Other,29,4,5,No,No,9.0,32.0,21.0,33.0,16.0,14.0,12.428571428571429,14.714285714285714,12.149857925879118,14.630992244749983,9.0,9.0,-23.0,11.0,17.1
2025-11-29,Saturday,11,48,Yes,Rainy,No,end,No,No,Chicken Curry,1.0,Meal,29,4,5,No,No,1.0,1.0,2.0,1.0,3.0,2.0,1.8571428571428572,1.8571428571428572,1.345185418269098,1.7913099142223292,2.0,1.5,0.0,-1.0,1.0999999999999999
2025-11-29,Saturday,11,48,Yes,Rainy,No,end,No,No,Cigarette,59.0,Other,29,4,5,No,No,8.0,58.0,44.0,64.0,25.0,39.0,34.285714285714285,38.07142857142857,27.072213834571457,22.707044944463593,31.0,34.0,-50.0,14.0,26.6
2025-11-29,Saturday,11,48,Yes,Rainy,No,end,No,No,Dal Curry,8.0,Meal,29,4,5,No,No,7.0,8.0,5.0,7.0,8.0,6.666666666666667,6.0,5.714285714285714,3.5118845842842386,3.2446066830160714,7.0,6.0,-1.0,3.0,7.1
2025-11-29,Saturday,11,48,Yes,Rainy,No,end,No,No,Egg Rotti,61.0,Meal,29,4,5,No,No,22.0,54.0,61.0,47.0,50.0,45.333333333333336,43.142857142857146,44.142857142857146,24.416036884450705,21.93997806203637,49.0,51.0,-32.0,-7.0,35.5
2025-11-29,Saturday,11,48,Yes,Rainy,No,end,No,No,Hoppers,43.0,Meal,29,4,5,No,No,29.0,41.0,40.0,42.0,23.0,38.333333333333336,27.142857142857142,27.357142857142858,21.33407736797767,19.13758743277879,21.0,24.5,-12.0,1.0,33.699999999999996
2025-11-29,Saturday,11,48,Yes,Rainy,No,end,No,No,Kahata,28.0,Hot Beverage,29,4,5,No,No,7.0,19.0,13.0,27.0,36.0,20.333333333333332,19.714285714285715,17.0,7.499206307209798,9.5272887417791,20.0,18.0,-12.0,6.0,11.200000000000001
2025-11-29,Saturday,11,48,Yes,Rainy,No,end,No,No,Plain Tea,104.0,Hot Beverage,29,4,5,No,No,26.5,104.5,80.5,99.0,70.0,62.166666666666664,72.42857142857143,72.64285714285714,33.24583754826632,33.545278569207234,57.0,77.0,-78.0,24.0,55.3
2025-11-29,Saturday,11,48,Yes,Rainy,No,end,No,No,Roast bread,23.0,Meal,29,4,5,No,No,0.0,20.0,7.0,19.0,25.0,11.666666666666666,12.571428571428571,12.857142857142858,8.829064557040054,7.843244450894256,16.0,15.5,-20.0,13.0,6.7
2025-11-29,Saturday,11,48,Yes,Rainy,No,end,No,No,Rolls,71.0,Snack,29,4,5,No,No,16.0,62.0,75.0,64.0,62.0,45.333333333333336,43.0,48.642857142857146,27.172289806590356,24.285504200772007,48.0,48.5,-46.0,-13.0,35.699999999999996
2025-11-29,Saturday,11,48,Yes,Rainy,No,end,No,No,Roti,19.0,Meal,29,4,5,No,No,3.0,19.0,17.0,17.0,9.0,11.666666666666666,9.714285714285714,9.142857142857142,7.296444013222826,6.4074132889134825,7.0,7.0,-16.0,2.0,9.2
2025-11-29,Saturday,11,48,Yes,Rainy,No,end,No,No,Soft drinks,29.0,Cold Beverage,29,4,5,No,No,9.0,25.0,22.0,25.0,39.0,24.333333333333332,24.714285714285715,24.357142857142858,7.825477316949762,11.098212904352197,26.0,25.0,-16.0,3.0,15.099999999999998
2025-11-29,Saturday,11,48,Yes,Rainy,No,end,No,No,String Hoppers,39.0,Meal,29,4,5,No,No,49.0,33.0,51.0,35.0,86.0,90.0,63.57142857142857,65.5,56.68879119913431,46.004598432364105,49.0,56.0,16.0,-18.0,44.4
2025-11-29,Saturday,11,48,Yes,Rainy,No,end,No,No,Tea,24.0,Hot Beverage,29,4,5,No,No,6.0,28.0,26.0,24.0,27.0,15.0,16.571428571428573,16.214285714285715,7.207800007795776,7.287276281601763,18.0,18.0,-22.0,2.0,14.6
2025-11-29,Saturday,11,48,Yes,Rainy,No,end,No,No,Ulundu Wade,74.0,Snack,29,4,5,No,No,12.0,71.0,41.0,63.0,65.0,44.666666666666664,44.42857142857143,42.0,32.23795456113359,25.905152442649765,51.0,40.0,-59.0,30.0,32.6
2025-11-29,Saturday,11,48,Yes,Rainy,No,end,No,No,Vegitable Roti,18.0,Meal,29,4,5,No,No,8.0,17.0,19.0,20.0,20.0,14.333333333333334,13.0,14.714285714285714,7.257180352359084,8.624014516083932,15.0,16.0,-9.0,-2.0,11.799999999999999
2025-11-29,Saturday,11,48,Yes,Rainy,No,end,No,No,Watter Bottle,3.0,Cold Beverage,29,4,5,No,No,1.0,3.0,3.0,3.0,4.0,3.6666666666666665,3.2857142857142856,4.5,2.4976179127511178,3.413773008541451,3.0,4.0,-2.0,0.0,1.8
2025-11-30,Sunday,11,48,Yes,Rainy,No,end,No,No,Bread,2.0,Meal,30,4,5,No,Yes,2.5,2.0,2.0,3.5,1.5,4.0,2.857142857142857,2.4285714285714284,1.7491494531696856,1.5548576840284833,2.5,2.25,0.5,0.0,2.3000000000000003
2025-11-30,Sunday,11,48,Yes,Rainy,No,end,No,No,Breakfast,0.0,Meal,30,4,5,No,Yes,10.5,0.0,0.0,10.5,12.5,10.5,8.214285714285714,8.142857142857142,5.929145124279041,5.538079962435506,10.5,10.75,10.5,0.0,6.3
2025-11-30,Sunday,11,48,Yes,Rainy,No,end,No,No,Bulath vita,4.0,Other,30,4,5,No,Yes,31.0,4.0,4.0,19.0,18.0,22.333333333333332,12.285714285714286,15.428571428571429,11.884363476353927,15.194707002082039,9.0,9.0,27.0,0.0,20.199999999999996
2025-11-30,Sunday,11,48,Yes,Rainy,No,end,No,No,Chicken Curry,2.0,Meal,30,4,5,No,Yes,1.0,2.0,1.0,0.0,3.0,1.3333333333333333,1.8571428571428572,1.7857142857142858,1.345185418269098,1.8050600428356278,2.0,1.0,-1.0,1.0,1.3
2025-11-30,Sunday,11,48,Yes,Rainy,No,end,No,No,Cigarette,31.0,Other,30,4,5,No,Yes,59.0,37.0,40.0,67.0,29.0,48.333333333333336,34.42857142857143,39.142857142857146,27.220440498867415,23.35300060725895,31.0,34.0,22.0,-3.0,50.5
2025-11-30,Sunday,11,48,Yes,Rainy,No,end,No,No,Dal Curry,4.0,Meal,30,4,5,No,Yes,8.0,4.0,4.0,9.0,7.0,6.333333333333333,6.0,5.928571428571429,3.5118845842842386,3.2925156553400576,7.0,7.0,4.0,0.0,6.4
2025-11-30,Sunday,11,48,Yes,Rainy,No,end,No,No,Egg Rotti,53.0,Meal,30,4,5,No,Yes,61.0,49.0,42.0,66.0,54.0,51.0,44.142857142857146,44.142857142857146,25.069427406229096,21.93997806203637,49.0,51.0,12.0,7.0,55.5
2025-11-30,Sunday,11,48,Yes,Rainy,No,end,No,No,Hoppers,24.0,Meal,30,4,5,No,Yes,43.0,21.0,22.0,33.0,31.0,46.0,27.428571428571427,27.571428571428573,21.562754484350577,19.30609423796731,21.0,24.5,22.0,-1.0,34.300000000000004
2025-11-30,Sunday,11,48,Yes,Rainy,No,end,No,No,Kahata,15.0,Hot Beverage,30,4,5,No,Yes,28.0,14.0,17.0,19.0,19.0,21.666666666666668,21.0,18.071428571428573,8.103497187428811,9.879771764058628,24.0,19.5,14.0,-3.0,22.7
2025-11-30,Sunday,11,48,Yes,Rainy,No,end,No,No,Plain Tea,61.0,Hot Beverage,30,4,5,No,Yes,104.0,54.0,60.5,57.5,75.5,80.0,72.35714285714286,74.32142857142857,33.16588895953478,34.541840371696125,57.0,77.0,50.0,-6.5,84.64999999999999
2025-11-30,Sunday,11,48,Yes,Rainy,No,end,No,No,Roast bread,14.0,Meal,30,4,5,No,Yes,23.0,14.0,15.0,39.0,12.0,14.0,13.0,14.0,9.309493362512622,8.086075400626399,16.0,16.5,9.0,-1.0,19.5
2025-11-30,Sunday,11,48,Yes,Rainy,No,end,No,No,Rolls,90.0,Snack,30,4,5,No,Yes,71.0,67.0,82.0,83.0,69.0,45.0,44.285714285714285,48.357142857142854,28.406069103358227,23.97308472451536,48.0,48.5,4.0,-15.0,70.9
2025-11-30,Sunday,11,48,Yes,Rainy,No,end,No,No,Roti,7.0,Meal,30,4,5,No,Yes,19.0,7.0,6.0,6.0,13.0,12.666666666666666,9.714285714285714,9.285714285714286,7.296444013222826,6.615001266684821,7.0,7.0,12.0,1.0,14.1
2025-11-30,Sunday,11,48,Yes,Rainy,No,end,No,No,Soft drinks,31.0,Cold Beverage,30,4,5,No,Yes,29.0,26.0,25.0,41.0,35.0,24.0,25.285714285714285,24.857142857142858,7.994045402971009,11.141448206219337,26.0,25.5,3.0,1.0,27.7
2025-11-30,Sunday,11,48,Yes,Rainy,No,end,No,No,String Hoppers,19.0,Meal,30,4,5,No,Yes,39.0,18.0,16.0,40.0,71.0,51.333333333333336,64.42857142857143,64.64285714285714,56.192695678522554,46.4055817976461,49.0,55.0,21.0,2.0,30.4
2025-11-30,Sunday,11,48,Yes,Rainy,No,end,No,No,Tea,15.0,Hot Beverage,30,4,5,No,Yes,24.0,18.0,16.0,40.0,26.0,17.0,16.0,16.071428571428573,6.244997998398382,7.097825080904776,18.0,18.0,6.0,2.0,21.4
2025-11-30,Sunday,11,48,Yes,Rainy,No,end,No,No,Ulundu Wade,64.0,Snack,30,4,5,No,Yes,74.0,51.0,60.0,79.0,56.0,59.0,44.857142857142854,44.357142857142854,32.667152571702005,27.27243506336965,51.0,45.0,23.0,-9.0,65.69999999999999
2025-11-30,Sunday,11,48,Yes,Rainy,No,end,No,No,Vegitable Roti,12.0,Meal,30,4,5,No,Yes,18.0,11.0,11.0,23.0,19.0,13.666666666666666,13.142857142857142,14.642857142857142,7.358183005529096,8.589861133086746,15.0,16.0,7.0,0.0,15.199999999999998
2025-11-30,Sunday,11,48,Yes,Rainy,No,end,No,No,Watter Bottle,9.0,Cold Beverage,30,4,5,No,Yes,3.0,7.0,10.0,9.0,4.0,3.0,3.2857142857142856,4.5,2.4976179127511178,3.413773008541451,3.0,4.0,-4.0,-3.0,4.9
2025-12-01,Monday,12,49,No,Rainy,No,start,No,No,Bread,0.5,Meal,1,4,1,Yes,No,2.0,1.0,0.0,1.0,0.0,2.5,2.857142857142857,2.4285714285714284,1.7491494531696856,1.5548576840284833,2.5,2.25,1.0,1.0,1.5
2025-12-01,Monday,12,49,No,Rainy,No,start,No,No,Breakfast,10.0,Meal,1,4,1,Yes,No,0.0,0.0,0.0,9.5,0.0,6.166666666666667,8.214285714285714,8.142857142857142,5.929145124279041,5.538079962435506,10.5,10.75,0.0,0.0,0.0
2025-12-01,Monday,12,49,No,Rainy,No,start,No,No,Bulath vita,20.0,Other,1,4,1,Yes,No,4.0,0.0,0.0,20.0,0.0,14.666666666666666,12.285714285714286,15.428571428571429,11.884363476353927,15.194707002082039,9.0,9.0,4.0,0.0,2.4
2025-12-01,Monday,12,49,No,Rainy,No,start,No,No,Chicken Curry,2.0,Meal,1,4,1,Yes,No,2.0,0.0,0.0,2.0,0.0,1.3333333333333333,1.8571428571428572,1.8571428571428572,1.345185418269098,1.7913099142223292,2.0,1.5,2.0,0.0,1.2
2025-12-01,Monday,12,49,No,Rainy,No,start,No,No,Cigarette,37.0,Other,1,4,1,Yes,No,31.0,0.0,26.0,30.0,19.0,32.666666666666664,33.57142857142857,38.5,27.22044049886742,23.45125878202571,31.0,31.0,31.0,-26.0,21.2
2025-12-01,Monday,12,49,No,Rainy,No,start,No,No,Dal Curry,3.0,Meal,1,4,1,Yes,No,4.0,0.0,0.0,4.0,0.0,6.333333333333333,6.0,5.928571428571429,3.5118845842842386,3.2925156553400576,7.0,7.0,4.0,0.0,2.4
2025-12-01,Monday,12,49,No,Rainy,No,start,No,No,Egg Rotti,40.0,Meal,1,4,1,Yes,No,53.0,0.0,0.0,43.0,0.0,45.333333333333336,44.714285714285715,44.92857142857143,25.243575325973442,22.05400464494194,53.0,53.0,53.0,0.0,31.799999999999997
2025-12-01,Monday,12,49,No,Rainy,No,start,No,No,Hoppers,36.0,Meal,1,4,1,Yes,No,24.0,0.0,0.0,35.0,0.0,32.0,27.857142857142858,27.714285714285715,21.443169630666166,19.269060778790003,24.0,25.5,24.0,0.0,14.399999999999999
2025-12-01,Monday,12,49,No,Rainy,No,start,No,No,Kahata,21.0,Hot Beverage,1,4,1,Yes,No,15.0,20.0,0.0,22.0,13.0,16.666666666666668,21.142857142857142,17.928571428571427,7.9671946427955715,9.910866497197647,24.0,19.5,-5.0,20.0,15.0
2025-12-01,Monday,12,49,No,Rainy,No,start,No,No,Plain Tea,75.0,Hot Beverage,1,4,1,Yes,No,61.0,57.0,0.0,54.0,0.0,63.833333333333336,73.35714285714286,74.35714285714286,32.62120257045803,34.526705701433585,61.0,77.0,4.0,57.0,53.7
2025-12-01,Monday,12,49,No,Rainy,No,start,No,No,Roast bread,13.0,Meal,1,4,1,Yes,No,14.0,0.0,0.0,16.0,0.0,12.333333333333334,13.0,13.928571428571429,9.309493362512622,8.08097752763846,16.0,16.5,14.0,0.0,8.4
2025-12-01,Monday,12,49,No,Rainy,No,start,No,No,Rolls,52.0,Snack,1,4,1,Yes,No,90.0,0.0,31.0,42.0,0.0,59.0,47.57142857142857,48.92857142857143,32.505677159829304,24.913586919326043,48.0,48.5,90.0,-31.0,57.1
2025-12-01,Monday,12,49,No,Rainy,No,start,No,No,Roti,11.0,Meal,1,4,1,Yes,No,7.0,0.0,0.0,9.0,7.0,9.666666666666666,9.714285714285714,9.357142857142858,7.296444013222826,6.582110286540013,7.0,7.0,7.0,0.0,4.2
2025-12-01,Monday,12,49,No,Rainy,No,start,No,No,Soft drinks,36.0,Cold Beverage,1,4,1,Yes,No,31.0,23.0,0.0,36.0,28.0,23.0,26.0,25.285714285714285,8.286535263104037,11.26211191718342,29.0,26.0,8.0,23.0,25.499999999999996
2025-12-01,Monday,12,49,No,Rainy,No,start,No,No,String Hoppers,105.0,Meal,1,4,1,Yes,No,19.0,0.0,45.0,85.0,0.0,35.666666666666664,64.57142857142857,64.85714285714286,56.05609435454556,46.170015482673726,49.0,55.0,19.0,-45.0,15.9
2025-12-01,Monday,12,49,No,Rainy,No,start,No,No,Tea,19.0,Hot Beverage,1,4,1,Yes,No,15.0,10.0,0.0,19.0,0.0,15.0,15.571428571428571,16.0,6.187545093630758,7.103628541917044,15.0,18.0,5.0,10.0,12.0
2025-12-01,Monday,12,49,No,Rainy,No,start,No,No,Ulundu Wade,63.0,Snack,1,4,1,Yes,No,64.0,0.0,0.0,60.0,0.0,50.0,46.714285714285715,44.642857142857146,33.43508280092576,27.46916353031058,55.0,45.0,64.0,0.0,38.4
2025-12-01,Monday,12,49,No,Rainy,No,start,No,No,Vegitable Roti,25.0,Meal,1,4,1,Yes,No,12.0,0.0,0.0,20.0,0.0,12.666666666666666,13.285714285714286,14.714285714285714,7.319250547114002,8.561349385272354,15.0,16.0,12.0,0.0,7.199999999999999
2025-12-01,Monday,12,49,No,Rainy,No,start,No,No,Watter Bottle,5.0,Cold Beverage,1,4,1,Yes,No,9.0,0.0,2.0,5.0,0.0,4.333333333333333,3.5714285714285716,4.428571428571429,3.0472470011002217,3.2983512364696512,3.0,4.0,9.0,-2.0,5.6
2025-12-02,Tuesday,12,49,No,Cloudy,No,start,No,No,Bread,4.0,Meal,2,4,1,No,No,0.5,3.0,3.0,1.0,1.5,1.6666666666666667,2.7857142857142856,2.4642857142857144,1.8451996923807203,1.4995420546374731,2.5,2.25,-2.5,0.0,1.5
2025-12-02,Tuesday,12,49,No,Cloudy,No,start,No,No,Breakfast,11.5,Meal,2,4,1,No,No,10.0,12.0,11.5,7.0,16.5,6.833333333333333,9.642857142857142,8.857142857142858,4.696756733057806,5.028490259085154,10.5,10.75,-2.0,0.5,10.75
2025-12-02,Tuesday,12,49,No,Cloudy,No,start,No,No,Bulath vita,9.0,Other,2,4,1,No,No,20.0,9.0,9.0,17.0,14.0,18.333333333333332,15.142857142857142,16.857142857142858,10.792413561210045,14.559465030626022,9.0,10.0,11.0,0.0,15.6
2025-12-02,Tuesday,12,49,No,Cloudy,No,start,No,No,Chicken Curry,5.0,Meal,2,4,1,No,No,2.0,4.0,5.0,0.0,5.0,1.6666666666666667,2.142857142857143,2.0,1.0690449676496974,1.7097008285302204,2.0,2.0,-2.0,-1.0,2.9
2025-12-02,Tuesday,12,49,No,Cloudy,No,start,No,No,Cigarette,31.0,Other,2,4,1,No,No,37.0,28.0,26.0,29.0,43.0,42.333333333333336,38.857142857142854,39.285714285714285,22.857738087487807,23.18297973623212,31.0,34.0,9.0,2.0,33.2
2025-12-02,Tuesday,12,49,No,Cloudy,No,start,No,No,Dal Curry,13.0,Meal,2,4,1,No,No,3.0,10.0,9.0,6.0,7.0,5.0,6.428571428571429,6.142857142857143,2.7602622373694072,2.957575484624657,7.0,7.0,-7.0,1.0,5.7
2025-12-02,Tuesday,12,49,No,Cloudy,No,start,No,No,Egg Rotti,72.0,Meal,2,4,1,No,No,40.0,63.0,58.0,22.0,42.0,51.333333333333336,50.42857142857143,47.785714285714285,16.420080621575746,18.005035925576994,53.0,53.0,-23.0,5.0,48.7
2025-12-02,Tuesday,12,49,No,Cloudy,No,start,No,No,Hoppers,14.0,Meal,2,4,1,No,No,36.0,13.0,12.0,20.0,40.0,34.333333333333336,33.0,30.285714285714285,17.625738755203045,17.61742394260938,29.0,28.0,23.0,1.0,26.699999999999996
2025-12-02,Tuesday,12,49,No,Cloudy,No,start,No,No,Kahata,27.0,Hot Beverage,2,4,1,No,No,21.0,24.0,27.0,26.0,22.0,21.333333333333332,21.285714285714285,19.428571428571427,7.952238379104037,8.473617751716075,24.0,20.5,-3.0,-3.0,22.499999999999996
2025-12-02,Tuesday,12,49,No,Cloudy,No,start,No,No,Plain Tea,95.0,Hot Beverage,2,4,1,No,No,75.0,105.0,80.0,68.0,66.5,80.0,75.92857142857143,79.71428571428571,31.816437800069874,27.127699642839005,75.0,77.5,-30.0,25.0,84.5
2025-12-02,Tuesday,12,49,No,Cloudy,No,start,No,No,Roast bread,20.0,Meal,2,4,1,No,No,13.0,19.0,18.0,18.0,17.0,16.666666666666668,14.857142857142858,14.857142857142858,7.380798769522875,7.0367949747369725,16.0,16.5,-6.0,1.0,15.3
2025-12-02,Tuesday,12,49,No,Cloudy,No,start,No,No,Rolls,48.0,Snack,2,4,1,No,No,52.0,36.0,34.0,29.0,45.0,71.0,55.0,50.42857142857143,24.866309202077698,24.377525228450423,52.0,50.5,16.0,2.0,45.4
2025-12-02,Tuesday,12,49,No,Cloudy,No,start,No,No,Roti,7.0,Meal,2,4,1,No,No,11.0,7.0,7.0,12.0,3.0,12.333333333333334,11.285714285714286,10.142857142857142,5.908025211926732,6.010978966180812,11.0,8.5,4.0,0.0,9.399999999999999
2025-12-02,Tuesday,12,49,No,Cloudy,No,start,No,No,Soft drinks,34.0,Cold Beverage,2,4,1,No,No,36.0,26.0,28.0,21.0,27.0,32.0,27.857142857142858,27.857142857142858,8.933617621631445,8.908571005646042,30.0,27.0,10.0,-2.0,32.199999999999996
2025-12-02,Tuesday,12,49,No,Cloudy,No,start,No,No,String Hoppers,125.0,Meal,2,4,1,No,No,105.0,124.0,117.0,50.0,82.0,54.333333333333336,79.57142857142857,69.14285714285714,49.57101687766467,46.96292669240796,66.0,63.5,-19.0,7.0,111.89999999999999
2025-12-02,Tuesday,12,49,No,Cloudy,No,start,No,No,Tea,14.0,Hot Beverage,2,4,1,No,No,19.0,15.0,14.0,14.0,26.0,19.333333333333332,16.857142857142858,17.357142857142858,5.756983337031382,5.429366627703638,18.0,18.0,4.0,1.0,17.3
2025-12-02,Tuesday,12,49,No,Cloudy,No,start,No,No,Ulundu Wade,62.0,Snack,2,4,1,No,No,63.0,55.0,60.0,44.0,50.0,67.0,55.714285714285715,49.142857142857146,26.531203551756978,24.60411830085844,63.0,53.0,8.0,-5.0,60.3
2025-12-02,Tuesday,12,49,No,Cloudy,No,start,No,No,Vegitable Roti,24.0,Meal,2,4,1,No,No,25.0,20.0,24.0,7.0,13.0,18.333333333333332,16.857142857142858,16.5,5.66946709513841,7.8323785561063035,18.0,17.5,5.0,-4.0,23.4
2025-12-02,Tuesday,12,49,No,Cloudy,No,start,No,No,Watter Bottle,3.0,Cold Beverage,2,4,1,No,No,5.0,2.0,2.0,4.0,0.0,5.666666666666667,4.285714285714286,4.642857142857143,2.627691364061219,3.225073472201664,5.0,5.0,3.0,0.0,3.8000000000000003
2025-12-03,Wednesday,12,49,No,Rainy,No,start,No,No,Bread,3.5,Meal,3,4,1,No,No,4.0,2.0,4.0,1.5,3.5,2.1666666666666665,2.9285714285714284,2.5357142857142856,1.9023794624226837,1.5499911378690294,2.5,2.25,2.0,-2.0,3.4
2025-12-03,Wednesday,12,49,No,Rainy,No,start,No,No,Breakfast,12.0,Meal,3,4,1,No,No,11.5,14.0,12.5,11.0,13.5,7.166666666666667,9.571428571428571,8.857142857142858,4.658581431335184,5.028490259085154,10.5,10.75,-2.5,1.5,12.35
2025-12-03,Wednesday,12,49,No,Rainy,No,start,No,No,Bulath vita,16.0,Other,3,4,1,No,No,9.0,6.0,52.0,16.0,13.0,11.0,15.142857142857142,16.857142857142858,10.792413561210045,14.559465030626022,9.0,10.0,3.0,-46.0,12.399999999999999
2025-12-03,Wednesday,12,49,No,Rainy,No,start,No,No,Chicken Curry,4.0,Meal,3,4,1,No,No,5.0,3.0,0.0,3.0,6.0,3.0,2.2857142857142856,2.0,1.3801311186847083,1.7097008285302204,2.0,2.0,2.0,3.0,3.9
2025-12-03,Wednesday,12,49,No,Rainy,No,start,No,No,Cigarette,24.0,Other,3,4,1,No,No,31.0,31.0,72.0,41.0,24.0,33.0,39.285714285714285,39.642857142857146,22.647400775911617,23.000358334523465,31.0,34.0,0.0,-41.0,35.1
2025-12-03,Wednesday,12,49,No,Rainy,No,start,No,No,Dal Curry,7.0,Meal,3,4,1,No,No,13.0,9.0,7.0,6.0,8.0,6.666666666666667,6.857142857142857,6.428571428571429,3.5321651258386018,3.41296815812156,7.0,7.0,4.0,2.0,11.2
2025-12-03,Wednesday,12,49,No,Rainy,No,start,No,No,Egg Rotti,48.0,Meal,3,4,1,No,No,72.0,44.0,57.0,59.0,59.0,55.0,51.714285714285715,48.785714285714285,17.857904745651478,18.97844352630948,53.0,53.0,28.0,-13.0,62.099999999999994
2025-12-03,Wednesday,12,49,No,Rainy,No,start,No,No,Hoppers,26.0,Meal,3,4,1,No,No,14.0,20.0,55.0,29.0,28.0,24.666666666666668,33.142857142857146,30.428571428571427,17.439692002522783,17.46519301447788,29.0,28.0,-6.0,-35.0,19.9
2025-12-03,Wednesday,12,49,No,Rainy,No,start,No,No,Kahata,17.0,Hot Beverage,3,4,1,No,No,27.0,24.0,1.0,27.0,16.0,21.0,21.714285714285715,19.428571428571427,8.199883855158877,8.473617751716075,24.0,20.5,3.0,23.0,23.5
2025-12-03,Wednesday,12,49,No,Rainy,No,start,No,No,Plain Tea,86.5,Hot Beverage,3,4,1,No,No,95.0,50.5,111.0,95.5,87.5,77.0,74.5,80.78571428571429,30.490435658853208,27.434337191608197,75.0,85.0,44.5,-60.5,83.25
2025-12-03,Wednesday,12,49,No,Rainy,No,start,No,No,Roast bread,16.0,Meal,3,4,1,No,No,20.0,16.0,13.0,20.0,22.0,15.666666666666666,15.0,15.0,7.483314773547876,7.125253031944252,16.0,16.5,4.0,3.0,18.1
2025-12-03,Wednesday,12,49,No,Rainy,No,start,No,No,Rolls,78.0,Snack,3,4,1,No,No,48.0,72.0,49.0,48.0,61.0,63.333333333333336,56.714285714285715,51.42857142857143,23.725614046948554,23.93489337513584,52.0,50.5,-24.0,23.0,55.29999999999999
2025-12-03,Wednesday,12,49,No,Rainy,No,start,No,No,Roti,6.0,Meal,3,4,1,No,No,7.0,16.0,15.0,21.0,5.0,8.333333333333334,11.285714285714286,10.142857142857142,5.908025211926732,6.010978966180812,11.0,8.5,-9.0,1.0,10.5
2025-12-03,Wednesday,12,49,No,Rainy,No,start,No,No,Soft drinks,37.0,Cold Beverage,3,4,1,No,No,34.0,30.0,21.0,35.0,47.0,33.666666666666664,29.0,28.285714285714285,9.165151389911683,9.059025006364319,31.0,27.5,4.0,9.0,31.5
2025-12-03,Wednesday,12,49,No,Rainy,No,start,No,No,String Hoppers,71.0,Meal,3,4,1,No,No,125.0,155.0,61.0,107.0,66.0,83.0,79.71428571428571,69.71428571428571,49.72160591974174,47.633906106774525,66.0,63.5,-30.0,94.0,127.6
2025-12-03,Wednesday,12,49,No,Rainy,No,start,No,No,Tea,28.0,Hot Beverage,3,4,1,No,No,14.0,18.0,18.0,17.0,27.0,16.0,16.714285714285715,17.357142857142858,5.822779568621995,5.429366627703638,18.0,18.0,-4.0,0.0,15.600000000000001
2025-12-03,Wednesday,12,49,No,Rainy,No,start,No,No,Ulundu Wade,84.0,Snack,3,4,1,No,No,62.0,31.0,38.0,52.0,96.0,63.0,56.714285714285715,49.285714285714285,26.631524463276513,24.677702708903247,63.0,53.0,31.0,-7.0,50.29999999999999
2025-12-03,Wednesday,12,49,No,Rainy,No,start,No,No,Vegitable Roti,23.0,Meal,3,4,1,No,No,24.0,20.0,24.0,27.0,19.0,20.333333333333332,17.428571428571427,16.5,6.214422549122937,7.8323785561063035,18.0,17.5,4.0,-4.0,22.799999999999997
2025-12-03,Wednesday,12,49,No,Rainy,No,start,No,No,Watter Bottle,5.0,Cold Beverage,3,4,1,No,No,3.0,5.0,6.0,9.0,5.0,5.666666666666667,4.428571428571429,4.714285714285714,2.507132682112035,3.172685623558386,5.0,5.0,-2.0,-1.0,3.9
2025-12-04,Thursday,12,49,No,Cloudy,No,start,No,No,Bread,6.5,Meal,4,4,1,No,No,3.5,6.5,1.5,1.5,1.5,2.6666666666666665,3.142857142857143,2.5,1.864454471471609,1.5191090506255,3.0,2.25,-3.0,5.0,4.2
2025-12-04,Thursday,12,49,No,Cloudy,No,start,No,No,Breakfast,12.5,Meal,4,4,1,No,No,12.0,13.0,9.5,8.5,11.0,11.166666666666666,9.285714285714286,8.821428571428571,4.395614697790128,5.002334619790208,10.5,10.75,-1.0,3.5,12.049999999999999
2025-12-04,Thursday,12,49,No,Cloudy,No,start,No,No,Bulath vita,22.0,Other,4,4,1,No,No,16.0,27.0,11.0,13.0,21.0,15.0,16.571428571428573,14.285714285714286,10.014275524755364,10.483896599646906,16.0,10.0,-11.0,16.0,18.8
2025-12-04,Thursday,12,49,No,Cloudy,No,start,No,No,Chicken Curry,3.0,Meal,4,4,1,No,No,4.0,2.0,5.0,4.0,6.0,3.6666666666666665,2.4285714285714284,2.2857142857142856,1.5118578920369088,1.6837947722821907,2.0,2.0,2.0,-3.0,3.5
2025-12-04,Thursday,12,49,No,Cloudy,No,start,No,No,Cigarette,58.0,Other,4,4,1,No,No,24.0,78.0,24.0,23.0,34.0,30.666666666666668,38.285714285714285,36.214285714285715,23.22150071029208,21.322355806590803,31.0,31.0,-54.0,54.0,40.199999999999996
2025-12-04,Thursday,12,49,No,Cloudy,No,start,No,No,Dal Curry,5.0,Meal,4,4,1,No,No,7.0,4.0,9.0,9.0,5.0,7.666666666666667,6.571428571428571,6.428571428571429,3.4086724129853794,3.41296815812156,7.0,7.0,3.0,-5.0,6.300000000000001
2025-12-04,Thursday,12,49,No,Cloudy,No,start,No,No,Egg Rotti,52.0,Meal,4,4,1,No,No,48.0,70.0,45.0,40.0,54.0,53.333333333333336,52.285714285714285,48.142857142857146,17.632491653330266,18.830650721454266,53.0,51.0,-22.0,25.0,54.3
2025-12-04,Thursday,12,49,No,Cloudy,No,start,No,No,Hoppers,53.0,Meal,4,4,1,No,No,26.0,66.0,27.0,23.0,36.0,25.333333333333332,34.0,28.357142857142858,16.822603841260722,15.983679863473927,29.0,26.5,-40.0,39.0,38.1
2025-12-04,Thursday,12,49,No,Cloudy,No,start,No,No,Kahata,29.0,Hot Beverage,4,4,1,No,No,17.0,30.0,14.0,13.0,19.0,21.666666666666668,20.714285714285715,20.571428571428573,8.300889223737531,6.687695770986796,21.0,20.5,-13.0,16.0,20.599999999999998
2025-12-04,Thursday,12,49,No,Cloudy,No,start,No,No,Plain Tea,111.5,Hot Beverage,4,4,1,No,No,86.5,109.5,74.0,74.0,66.5,85.5,79.64285714285714,79.03571428571429,28.75429574532342,26.108106820645602,86.5,80.75,-23.0,35.5,92.15
2025-12-04,Thursday,12,49,No,Cloudy,No,start,No,No,Roast bread,18.0,Meal,4,4,1,No,No,16.0,19.0,17.0,21.0,12.0,16.333333333333332,15.0,15.214285714285714,7.483314773547876,7.105561975594258,16.0,16.5,-3.0,2.0,17.0
2025-12-04,Thursday,12,49,No,Cloudy,No,start,No,No,Rolls,46.0,Snack,4,4,1,No,No,78.0,48.0,37.0,48.0,61.0,59.333333333333336,57.57142857142857,53.5,24.466692617087585,24.94224097019723,52.0,57.0,30.0,11.0,64.89999999999999
2025-12-04,Thursday,12,49,No,Cloudy,No,start,No,No,Roti,15.0,Meal,4,4,1,No,No,6.0,16.0,5.0,6.0,13.0,8.0,9.857142857142858,9.5,5.7858612562167835,5.93231048515734,7.0,7.0,-10.0,11.0,8.899999999999999
2025-12-04,Thursday,12,49,No,Cloudy,No,start,No,No,Soft drinks,35.0,Cold Beverage,4,4,1,No,No,37.0,34.0,23.0,28.0,35.0,35.666666666666664,30.0,29.428571428571427,9.660917830792965,9.078412990032035,34.0,29.5,3.0,11.0,34.699999999999996
2025-12-04,Thursday,12,49,No,Cloudy,No,start,No,No,String Hoppers,50.0,Meal,4,4,1,No,No,71.0,66.0,115.0,146.0,102.0,100.33333333333333,67.71428571428571,70.42857142857143,37.04373219909268,47.568111952496864,66.0,66.5,5.0,-49.0,73.9
2025-12-04,Thursday,12,49,No,Cloudy,No,start,No,No,Tea,21.0,Hot Beverage,4,4,1,No,No,28.0,21.0,19.0,19.0,40.0,20.333333333333332,18.142857142857142,18.071428571428573,7.244045173533252,6.1326902832191115,19.0,18.0,7.0,2.0,25.0
2025-12-04,Thursday,12,49,No,Cloudy,No,start,No,No,Ulundu Wade,83.0,Snack,4,4,1,No,No,84.0,91.0,39.0,36.0,77.0,69.66666666666667,64.28571428571429,52.57142857142857,25.61714455668499,26.081866042592427,64.0,58.5,-7.0,52.0,81.60000000000001
2025-12-04,Thursday,12,49,No,Cloudy,No,start,No,No,Vegitable Roti,14.0,Meal,4,4,1,No,No,23.0,15.0,9.0,11.0,19.0,24.0,17.857142857142858,16.428571428571427,6.51737604225738,7.762972128233895,18.0,17.5,8.0,6.0,19.199999999999996
2025-12-04,Thursday,12,49,No,Cloudy,No,start,No,No,Watter Bottle,4.0,Cold Beverage,4,4,1,No,No,5.0,5.0,12.0,12.0,4.0,4.333333333333333,4.428571428571429,4.642857142857143,2.507132682112035,3.1527068432634895,5.0,5.0,0.0,-7.0,5.7
2025-12-05,Friday,12,49,No,Hot,No,start,No,No,Bread,2.0,Meal,5,4,1,No,No,6.5,3.0,1.0,1.5,2.5,4.666666666666667,3.142857142857143,2.857142857142857,1.864454471471609,1.8232322463624389,3.0,2.5,3.5,2.0,4.8999999999999995
2025-12-05,Friday,12,49,No,Hot,No,start,No,No,Breakfast,16.0,Meal,5,4,1,No,No,12.5,8.0,12.0,9.5,9.5,12.0,9.214285714285714,9.035714285714286,4.3287521571574485,5.0969986859323,10.5,11.25,4.5,-4.0,11.100000000000001
2025-12-05,Friday,12,49,No,Hot,No,start,No,No,Bulath vita,17.0,Other,5,4,1,No,No,22.0,9.0,22.0,19.0,9.0,15.666666666666666,15.857142857142858,15.071428571428571,9.299257522845062,10.629887369793979,16.0,12.5,13.0,-13.0,18.099999999999998
2025-12-05,Friday,12,49,No,Hot,No,start,No,No,Chicken Curry,1.0,Meal,5,4,1,No,No,3.0,1.0,0.0,0.0,1.0,4.0,2.5714285714285716,2.142857142857143,1.511857892036909,1.5118578920369088,2.0,2.0,2.0,1.0,2.0999999999999996
2025-12-05,Friday,12,49,No,Hot,No,start,No,No,Cigarette,50.0,Other,5,4,1,No,No,58.0,8.0,61.0,53.0,6.0,37.666666666666664,35.42857142857143,38.642857142857146,18.210410418742573,21.756014704540338,31.0,34.0,50.0,-53.0,43.3
2025-12-05,Friday,12,49,No,Hot,No,start,No,No,Dal Curry,6.0,Meal,5,4,1,No,No,5.0,7.0,4.0,5.0,7.0,8.333333333333334,6.714285714285714,6.142857142857143,3.3022358947782418,3.347953286530628,7.0,6.0,-2.0,3.0,5.5
2025-12-05,Friday,12,49,No,Hot,No,start,No,No,Egg Rotti,45.0,Meal,5,4,1,No,No,52.0,22.0,53.0,45.0,21.0,57.333333333333336,49.714285714285715,48.642857142857146,15.839973544951446,18.83371421703087,52.0,52.5,30.0,-31.0,43.099999999999994
2025-12-05,Friday,12,49,No,Hot,No,start,No,No,Hoppers,37.0,Meal,5,4,1,No,No,53.0,29.0,37.0,46.0,24.0,31.0,32.142857142857146,30.214285714285715,12.97983784475717,17.27238156234295,29.0,27.5,24.0,-8.0,44.2
2025-12-05,Friday,12,49,No,Hot,No,start,No,No,Kahata,22.0,Hot Beverage,5,4,1,No,No,29.0,7.0,28.0,30.0,6.0,24.333333333333332,20.571428571428573,21.642857142857142,8.121107126025425,6.755136425851669,21.0,22.5,22.0,-21.0,22.3
2025-12-05,Friday,12,49,No,Hot,No,start,No,No,Plain Tea,89.5,Hot Beverage,5,4,1,No,No,111.5,26.5,104.0,69.5,24.5,97.66666666666667,79.92857142857143,81.71428571428571,29.108172637349035,27.441346040736995,86.5,90.75,85.0,-77.5,85.25
2025-12-05,Friday,12,49,No,Hot,No,start,No,No,Roast bread,26.0,Meal,5,4,1,No,No,18.0,0.0,22.0,22.0,0.0,18.0,14.857142857142858,15.285714285714286,7.403345447128866,7.129878318398205,16.0,17.0,18.0,-22.0,13.0
2025-12-05,Friday,12,49,No,Hot,No,start,No,No,Rolls,60.0,Snack,5,4,1,No,No,46.0,16.0,72.0,56.0,18.0,57.333333333333336,57.285714285714285,54.142857142857146,24.60836094849531,24.59786464421141,52.0,57.0,30.0,-56.0,39.6
2025-12-05,Friday,12,49,No,Hot,No,start,No,No,Roti,26.0,Meal,5,4,1,No,No,15.0,3.0,10.0,11.0,3.0,9.333333333333334,9.714285714285714,10.214285714285714,5.61884583979918,5.950805652353968,7.0,8.5,12.0,-7.0,10.9
2025-12-05,Friday,12,49,No,Hot,No,start,No,No,Soft drinks,41.0,Cold Beverage,5,4,1,No,No,35.0,9.0,49.0,51.0,8.0,35.333333333333336,30.142857142857142,30.285714285714285,9.737018219636026,8.990837827208587,34.0,30.5,26.0,-40.0,28.6
2025-12-05,Friday,12,49,No,Hot,No,start,No,No,String Hoppers,73.0,Meal,5,4,1,No,No,50.0,49.0,67.0,80.0,45.0,82.0,65.42857142857143,65.78571428571429,37.65570847763167,46.030388910986886,50.0,58.0,1.0,-18.0,51.400000000000006
2025-12-05,Friday,12,49,No,Hot,No,start,No,No,Tea,25.0,Hot Beverage,5,4,1,No,No,21.0,6.0,18.0,18.0,5.0,21.0,18.142857142857142,18.214285714285715,7.244045173533252,6.179103388139631,19.0,18.0,15.0,-12.0,16.2
2025-12-05,Friday,12,49,No,Hot,No,start,No,No,Ulundu Wade,98.0,Snack,5,4,1,No,No,83.0,12.0,39.0,34.0,12.0,76.33333333333333,63.142857142857146,55.714285714285715,24.37504578750279,26.95702725972058,64.0,62.5,71.0,-27.0,57.3
2025-12-05,Friday,12,49,No,Hot,No,start,No,No,Vegitable Roti,32.0,Meal,5,4,1,No,No,14.0,8.0,28.0,26.0,7.0,20.333333333333332,17.714285714285715,16.785714285714285,6.600865744084527,7.505675508251396,18.0,17.5,6.0,-20.0,13.600000000000001
2025-12-05,Friday,12,49,No,Hot,No,start,No,No,Watter Bottle,1.0,Cold Beverage,5,4,1,No,No,4.0,1.0,5.0,7.0,1.0,4.0,4.285714285714286,4.071428571428571,2.497617912751116,2.3358176204584025,4.0,4.5,3.0,-4.0,3.1999999999999997
2025-12-06,Saturday,12,49,Yes,Hot,No,start,No,No,Bread,2.5,Meal,6,4,1,No,No,2.0,2.5,2.5,1.0,2.5,4.0,3.0,2.9285714285714284,1.9148542155126764,1.7634880520973513,2.5,2.5,-0.5,0.0,2.2
2025-12-06,Saturday,12,49,Yes,Hot,No,start,No,No,Breakfast,10.5,Meal,6,4,1,No,No,16.0,10.5,11.0,15.0,10.5,13.5,10.357142857142858,9.321428571428571,4.964157243969732,5.3801885256400235,11.5,11.25,5.5,-0.5,13.85
2025-12-06,Saturday,12,49,Yes,Hot,No,start,No,No,Bulath vita,34.0,Other,6,4,1,No,No,17.0,31.0,32.0,21.0,33.0,18.333333333333332,17.0,14.714285714285714,8.793937305515282,10.461861662751497,17.0,12.5,-14.0,-1.0,22.7
2025-12-06,Saturday,12,49,Yes,Hot,No,start,No,No,Chicken Curry,1.0,Meal,6,4,1,No,No,1.0,1.0,1.0,2.0,1.0,2.6666666666666665,2.5714285714285716,2.2142857142857144,1.511857892036909,1.4238934396479697,2.0,2.0,0.0,0.0,0.9999999999999999
2025-12-06,Saturday,12,49,Yes,Hot,No,start,No,No,Cigarette,54.0,Other,6,4,1,No,No,50.0,59.0,58.0,44.0,64.0,44.0,41.42857142857143,37.857142857142854,14.128660503354435,21.07443636569832,37.0,34.0,-9.0,1.0,53.5
2025-12-06,Saturday,12,49,Yes,Hot,No,start,No,No,Dal Curry,9.0,Meal,6,4,1,No,No,6.0,8.0,8.0,5.0,7.0,6.0,6.571428571428571,6.285714285714286,3.3094381626464786,3.2916811563644583,6.0,6.5,-2.0,0.0,6.8
2025-12-06,Saturday,12,49,Yes,Hot,No,start,No,No,Egg Rotti,64.0,Meal,6,4,1,No,No,45.0,61.0,54.0,61.0,47.0,48.333333333333336,53.0,48.07142857142857,10.67707825203129,18.812697372189398,52.0,50.5,-16.0,7.0,50.699999999999996
2025-12-06,Saturday,12,49,Yes,Hot,No,start,No,No,Hoppers,46.0,Meal,6,4,1,No,No,37.0,43.0,41.0,40.0,42.0,38.666666666666664,33.285714285714285,30.214285714285715,13.009154286043934,17.27238156234295,36.0,27.5,-6.0,2.0,39.2
2025-12-06,Saturday,12,49,Yes,Hot,No,start,No,No,Kahata,26.0,Hot Beverage,6,4,1,No,No,22.0,28.0,19.0,13.0,27.0,22.666666666666668,22.714285714285715,21.214285714285715,5.4989176424179345,6.5065478431473,22.0,21.5,-6.0,9.0,23.5
2025-12-06,Saturday,12,49,Yes,Hot,No,start,No,No,Plain Tea,91.0,Hot Beverage,6,4,1,No,No,89.5,104.0,104.5,80.5,99.0,95.83333333333333,88.92857142857143,80.67857142857143,17.096365528547746,26.801698527444923,89.5,88.0,-14.5,-0.5,95.35
2025-12-06,Saturday,12,49,Yes,Hot,No,start,No,No,Roast bread,22.0,Meal,6,4,1,No,No,26.0,23.0,20.0,7.0,19.0,20.0,18.571428571428573,15.571428571428571,4.755948656056699,7.490653516876221,18.0,17.0,3.0,3.0,24.5
2025-12-06,Saturday,12,49,Yes,Hot,No,start,No,No,Rolls,71.0,Snack,6,4,1,No,No,60.0,71.0,62.0,75.0,64.0,61.333333333333336,63.57142857142857,53.285714285714285,16.631868434395695,24.13241857696047,60.0,56.0,-11.0,9.0,63.5
2025-12-06,Saturday,12,49,Yes,Hot,No,start,No,No,Roti,21.0,Meal,6,4,1,No,No,26.0,19.0,19.0,17.0,17.0,15.666666666666666,13.0,11.357142857142858,7.461009761866465,7.291798795244537,11.0,9.0,7.0,0.0,23.2
2025-12-06,Saturday,12,49,Yes,Hot,No,start,No,No,Soft drinks,31.0,Cold Beverage,6,4,1,No,No,41.0,29.0,25.0,22.0,25.0,37.666666666666664,34.714285714285715,29.714285714285715,3.9460649476952034,7.89769753622069,35.0,30.5,12.0,4.0,35.8
2025-12-06,Saturday,12,49,Yes,Hot,No,start,No,No,String Hoppers,45.0,Meal,6,4,1,No,No,73.0,39.0,33.0,51.0,35.0,64.66666666666667,68.85714285714286,66.21428571428571,36.99742590788614,46.07047873626898,71.0,58.0,34.0,6.0,58.8
2025-12-06,Saturday,12,49,Yes,Hot,No,start,No,No,Tea,21.0,Hot Beverage,6,4,1,No,No,25.0,24.0,28.0,26.0,24.0,24.666666666666668,20.857142857142858,18.714285714285715,5.209880722517286,6.438210112333196,21.0,18.5,1.0,-4.0,25.0
2025-12-06,Saturday,12,49,Yes,Hot,No,start,No,No,Ulundu Wade,88.0,Snack,6,4,1,No,No,98.0,74.0,71.0,41.0,63.0,88.33333333333333,75.42857142857143,59.92857142857143,13.587459203951568,28.69860432337938,74.0,63.5,24.0,3.0,88.1
2025-12-06,Saturday,12,49,Yes,Hot,No,start,No,No,Vegitable Roti,21.0,Meal,6,4,1,No,No,32.0,18.0,17.0,19.0,20.0,23.0,21.142857142857142,17.071428571428573,6.938505396903363,8.023660067520364,23.0,17.5,14.0,1.0,26.299999999999997
2025-12-06,Saturday,12,49,Yes,Hot,No,start,No,No,Watter Bottle,3.0,Cold Beverage,6,4,1,No,No,1.0,3.0,3.0,3.0,3.0,3.3333333333333335,4.285714285714286,3.7857142857142856,2.497617912751116,2.4550911444328345,4.0,3.5,-2.0,0.0,1.8
2025-12-07,Sunday,12,49,Yes,Rainy,No,start,No,No,Bread,1.5,Meal,7,4,1,No,No,2.5,2.0,2.0,2.0,3.5,3.6666666666666665,3.0,2.9285714285714284,1.9148542155126764,1.7634880520973513,2.5,2.5,0.5,0.0,2.3000000000000003
2025-12-07,Sunday,12,49,Yes,Rainy,No,start,No,No,Breakfast,13.0,Meal,7,4,1,No,No,10.5,0.0,0.0,0.0,10.5,13.0,10.357142857142858,9.285714285714286,4.964157243969732,5.369838436597961,11.5,11.0,10.5,0.0,6.3
2025-12-07,Sunday,12,49,Yes,Rainy,No,start,No,No,Bulath vita,24.0,Other,7,4,1,No,No,34.0,4.0,4.0,4.0,19.0,24.333333333333332,17.428571428571427,14.857142857142858,9.623879031817038,10.726366815233623,17.0,12.5,30.0,0.0,21.999999999999996
2025-12-07,Sunday,12,49,Yes,Rainy,No,start,No,No,Chicken Curry,0.0,Meal,7,4,1,No,No,1.0,2.0,2.0,1.0,0.0,1.6666666666666667,2.5714285714285716,2.2142857142857144,1.511857892036909,1.4238934396479697,2.0,2.0,-1.0,0.0,1.4
2025-12-07,Sunday,12,49,Yes,Rainy,No,start,No,No,Cigarette,34.0,Other,7,4,1,No,No,54.0,31.0,37.0,40.0,67.0,54.0,40.714285714285715,37.57142857142857,13.18729547347605,20.80574730402925,37.0,34.0,23.0,-6.0,45.4
2025-12-07,Sunday,12,49,Yes,Rainy,No,start,No,No,Dal Curry,5.0,Meal,7,4,1,No,No,9.0,4.0,4.0,4.0,9.0,6.666666666666667,6.714285714285714,6.357142857142857,3.4016802570830373,3.3422043130738874,6.0,6.5,5.0,0.0,7.0
2025-12-07,Sunday,12,49,Yes,Rainy,No,start,No,No,Egg Rotti,37.0,Meal,7,4,1,No,No,64.0,53.0,49.0,42.0,66.0,53.666666666666664,53.42857142857143,48.785714285714285,11.103410029613144,19.240096639084694,52.0,50.5,11.0,4.0,59.199999999999996
2025-12-07,Sunday,12,49,Yes,Rainy,No,start,No,No,Hoppers,12.0,Meal,7,4,1,No,No,46.0,24.0,21.0,22.0,33.0,45.333333333333336,33.714285714285715,30.571428571428573,13.425278218275228,17.56182172832825,36.0,27.5,22.0,3.0,36.9
2025-12-07,Sunday,12,49,Yes,Rainy,No,start,No,No,Kahata,12.0,Hot Beverage,7,4,1,No,No,26.0,15.0,14.0,17.0,19.0,25.666666666666668,22.428571428571427,21.714285714285715,5.223572942509204,6.5917030766372795,22.0,23.0,11.0,1.0,21.5
2025-12-07,Sunday,12,49,Yes,Rainy,No,start,No,No,Plain Tea,56.0,Hot Beverage,7,4,1,No,No,91.0,61.0,54.0,60.5,57.5,97.33333333333333,87.07142857142857,79.71428571428571,15.846736181909792,26.112710054179093,89.5,88.0,30.0,7.0,78.30000000000001
2025-12-07,Sunday,12,49,Yes,Rainy,No,start,No,No,Roast bread,17.0,Meal,7,4,1,No,No,22.0,14.0,14.0,15.0,39.0,22.0,18.428571428571427,15.714285714285714,4.613644360558601,7.59988432531981,18.0,17.0,8.0,0.0,18.799999999999997
2025-12-07,Sunday,12,49,Yes,Rainy,No,start,No,No,Rolls,59.0,Snack,7,4,1,No,No,71.0,90.0,67.0,82.0,83.0,59.0,63.57142857142857,53.92857142857143,16.631868434395695,24.499495397360235,60.0,56.0,-19.0,23.0,76.3
2025-12-07,Sunday,12,49,Yes,Rainy,No,start,No,No,Roti,11.0,Meal,7,4,1,No,No,21.0,7.0,7.0,6.0,6.0,20.666666666666668,13.285714285714286,11.5,7.761320457119088,7.4704546252348205,11.0,9.0,14.0,0.0,15.399999999999999
2025-12-07,Sunday,12,49,Yes,Rainy,No,start,No,No,Soft drinks,30.0,Cold Beverage,7,4,1,No,No,31.0,31.0,26.0,25.0,41.0,35.666666666666664,35.0,30.142857142857142,3.511884584284272,7.784176680510699,35.0,31.0,0.0,5.0,30.5
2025-12-07,Sunday,12,49,Yes,Rainy,No,start,No,No,String Hoppers,53.0,Meal,7,4,1,No,No,45.0,19.0,18.0,16.0,40.0,56.0,69.71428571428571,67.07142857142857,36.25242192237776,45.51325130064919,71.0,58.0,26.0,1.0,34.5
2025-12-07,Sunday,12,49,Yes,Rainy,No,start,No,No,Tea,17.0,Hot Beverage,7,4,1,No,No,21.0,15.0,18.0,16.0,40.0,22.333333333333332,20.428571428571427,18.214285714285715,5.028490259085161,5.911898971612204,21.0,18.5,6.0,-3.0,18.900000000000002
2025-12-07,Sunday,12,49,Yes,Rainy,No,start,No,No,Ulundu Wade,59.0,Snack,7,4,1,No,No,88.0,64.0,51.0,60.0,79.0,89.66666666666667,77.42857142857143,61.142857142857146,14.351041110399676,29.550106450041607,83.0,63.5,24.0,13.0,77.1
2025-12-07,Sunday,12,49,Yes,Rainy,No,start,No,No,Vegitable Roti,16.0,Meal,7,4,1,No,No,21.0,12.0,11.0,11.0,23.0,22.333333333333332,21.571428571428573,17.357142857142858,6.803360514166086,8.091849107467464,23.0,19.0,9.0,1.0,17.3
2025-12-07,Sunday,12,49,Yes,Rainy,No,start,No,No,Watter Bottle,3.0,Cold Beverage,7,4,1,No,No,3.0,9.0,7.0,10.0,9.0,2.6666666666666665,4.285714285714286,3.7857142857142856,2.497617912751116,2.4550911444328345,4.0,3.5,-6.0,2.0,5.2
2025-12-08,Monday,12,50,No,Rainy,No,start,No,No,Bread,1.0,Meal,8,4,2,No,No,1.5,0.5,1.0,0.0,1.0,2.0,2.9285714285714284,2.892857142857143,1.9669894811736082,1.7886240030190317,2.5,2.5,1.0,-0.5,1.15
2025-12-08,Monday,12,50,No,Rainy,No,start,No,No,Breakfast,8.5,Meal,8,4,2,No,No,13.0,10.0,0.0,0.0,9.5,13.166666666666666,12.214285714285714,10.214285714285714,1.9760470401187102,4.726009398548086,12.0,11.75,3.0,10.0,10.8
2025-12-08,Monday,12,50,No,Rainy,No,start,No,No,Bulath vita,19.0,Other,8,4,2,No,No,24.0,20.0,0.0,0.0,20.0,25.0,20.285714285714285,16.285714285714285,7.761320457119093,10.49856086422231,20.0,16.5,4.0,20.0,20.4
2025-12-08,Monday,12,50,No,Rainy,No,start,No,No,Chicken Curry,2.0,Meal,8,4,2,No,No,0.0,2.0,0.0,0.0,2.0,0.6666666666666666,2.2857142857142856,2.0714285714285716,1.7994708216848745,1.5424399110243738,2.0,2.0,-2.0,2.0,0.6
2025-12-08,Monday,12,50,No,Rainy,No,start,No,No,Cigarette,33.0,Other,8,4,2,No,No,34.0,37.0,0.0,26.0,30.0,46.0,41.142857142857146,37.357142857142854,12.863754913562,20.827522999284234,37.0,32.5,-3.0,37.0,31.5
2025-12-08,Monday,12,50,No,Rainy,No,start,No,No,Dal Curry,4.0,Meal,8,4,2,No,No,5.0,3.0,0.0,0.0,4.0,6.666666666666667,6.857142857142857,6.428571428571429,3.2877840272018717,3.2983512364696552,6.0,6.5,2.0,3.0,3.9
2025-12-08,Monday,12,50,No,Rainy,No,start,No,No,Egg Rotti,44.0,Meal,8,4,2,No,No,37.0,40.0,0.0,0.0,43.0,48.666666666666664,51.142857142857146,47.92857142857143,12.73353278327962,19.495420707731036,48.0,50.0,-3.0,40.0,34.2
2025-12-08,Monday,12,50,No,Rainy,No,start,No,No,Hoppers,33.0,Meal,8,4,2,No,No,12.0,36.0,0.0,0.0,35.0,31.666666666666668,32.0,29.928571428571427,15.481171359644161,18.095746570839342,36.0,27.5,-24.0,36.0,18.0
2025-12-08,Monday,12,50,No,Rainy,No,start,No,No,Kahata,23.0,Hot Beverage,8,4,2,No,No,12.0,21.0,20.0,0.0,22.0,20.0,22.0,21.571428571428573,5.999999999999997,6.790426357003664,22.0,23.0,-9.0,1.0,15.5
2025-12-08,Monday,12,50,No,Rainy,No,start,No,No,Plain Tea,67.5,Hot Beverage,8,4,2,No,No,56.0,75.0,57.0,0.0,54.0,78.83333333333333,86.35714285714286,79.85714285714286,17.2668137519016,25.96627144484268,89.5,88.0,-19.0,18.0,61.800000000000004
2025-12-08,Monday,12,50,No,Rainy,No,start,No,No,Roast bread,12.0,Meal,8,4,2,No,No,17.0,13.0,0.0,0.0,16.0,21.666666666666668,18.857142857142858,15.928571428571429,4.259443290250152,7.590117924636618,18.0,17.5,4.0,13.0,14.1
2025-12-08,Monday,12,50,No,Rainy,No,start,No,No,Rolls,40.0,Snack,8,4,2,No,No,59.0,52.0,0.0,31.0,42.0,63.333333333333336,59.142857142857146,53.357142857142854,11.86631888200904,24.26332193267838,59.0,55.5,7.0,52.0,51.0
2025-12-08,Monday,12,50,No,Rainy,No,start,No,No,Roti,10.0,Meal,8,4,2,No,No,11.0,11.0,0.0,0.0,9.0,19.333333333333332,13.857142857142858,11.785714285714286,7.358183005529093,7.3607960630164655,11.0,11.0,0.0,11.0,9.899999999999999
2025-12-08,Monday,12,50,No,Rainy,No,start,No,No,Soft drinks,33.0,Cold Beverage,8,4,2,No,No,30.0,36.0,23.0,0.0,36.0,34.0,34.857142857142854,30.428571428571427,3.716116764786056,7.693296639725597,35.0,31.0,-6.0,13.0,31.099999999999998
2025-12-08,Monday,12,50,No,Rainy,No,start,No,No,String Hoppers,74.0,Meal,8,4,2,No,No,53.0,105.0,0.0,45.0,85.0,57.0,74.57142857142857,69.57142857142857,30.076885603716498,43.528442135289836,71.0,59.5,-52.0,105.0,63.3
2025-12-08,Monday,12,50,No,Rainy,No,start,No,No,Tea,18.0,Hot Beverage,8,4,2,No,No,17.0,19.0,10.0,0.0,19.0,21.0,20.714285714285715,18.142857142857142,4.715728494951265,5.9207216667349805,21.0,18.5,-2.0,9.0,16.9
2025-12-08,Monday,12,50,No,Rainy,No,start,No,No,Ulundu Wade,52.0,Snack,8,4,2,No,No,59.0,63.0,0.0,0.0,60.0,81.66666666666667,76.71428571428571,61.714285714285715,15.228419547174372,29.41592601460479,83.0,63.5,-4.0,63.0,54.3
2025-12-08,Monday,12,50,No,Rainy,No,start,No,No,Vegitable Roti,21.0,Meal,8,4,2,No,No,16.0,25.0,0.0,0.0,20.0,23.0,22.142857142857142,17.714285714285715,5.98410593234476,7.897697536220692,23.0,19.0,-9.0,25.0,17.1
2025-12-08,Monday,12,50,No,Rainy,No,start,No,No,Watter Bottle,5.0,Cold Beverage,8,4,2,No,No,3.0,5.0,0.0,2.0,5.0,2.3333333333333335,3.4285714285714284,3.5,1.3972762620115466,2.2786635759382494,3.0,3.0,-2.0,5.0,3.3
2025-12-09,Tuesday,12,50,No,Cloudy,No,start,No,No,Bread,1.5,Meal,9,4,2,No,No,1.0,4.0,3.0,3.0,1.0,1.6666666666666667,3.0,2.892857142857143,1.870828693386971,1.7886240030190317,2.5,2.5,-3.0,1.0,2.0999999999999996
2025-12-09,Tuesday,12,50,No,Cloudy,No,start,No,No,Breakfast,12.5,Meal,9,4,2,No,No,8.5,11.5,12.0,11.5,7.0,10.666666666666666,12.0,10.821428571428571,2.3094010767585056,3.760151095865201,12.0,11.75,-3.0,-0.5,9.75
2025-12-09,Tuesday,12,50,No,Cloudy,No,start,No,No,Bulath vita,5.0,Other,9,4,2,No,No,19.0,9.0,9.0,9.0,17.0,25.666666666666668,20.142857142857142,17.642857142857142,7.776643908280137,9.402185857613054,19.0,18.0,10.0,0.0,15.0
2025-12-09,Tuesday,12,50,No,Cloudy,No,start,No,No,Chicken Curry,2.0,Meal,9,4,2,No,No,2.0,5.0,4.0,5.0,0.0,1.0,2.2857142857142856,2.2142857142857144,1.7994708216848745,1.4238934396479697,2.0,2.0,-3.0,1.0,3.1
2025-12-09,Tuesday,12,50,No,Cloudy,No,start,No,No,Cigarette,51.0,Other,9,4,2,No,No,33.0,31.0,28.0,26.0,29.0,40.333333333333336,40.57142857142857,39.714285714285715,13.163803184707463,17.941908703147707,34.0,33.5,2.0,3.0,31.900000000000002
2025-12-09,Tuesday,12,50,No,Cloudy,No,start,No,No,Dal Curry,6.0,Meal,9,4,2,No,No,4.0,13.0,10.0,9.0,6.0,6.0,7.0,6.714285714285714,3.109126351029597,2.840058813816025,6.0,6.5,-9.0,3.0,7.3
2025-12-09,Tuesday,12,50,No,Cloudy,No,start,No,No,Egg Rotti,57.0,Meal,9,4,2,No,No,44.0,72.0,63.0,58.0,22.0,48.333333333333336,51.714285714285715,51.07142857142857,12.229939843328266,13.925429344102167,48.0,50.0,-28.0,9.0,54.3
2025-12-09,Tuesday,12,50,No,Cloudy,No,start,No,No,Hoppers,32.0,Meal,9,4,2,No,No,33.0,14.0,13.0,12.0,20.0,30.333333333333332,31.571428571428573,32.285714285714285,15.39325764587798,15.915297775935677,33.0,31.0,19.0,1.0,25.3
2025-12-09,Tuesday,12,50,No,Cloudy,No,start,No,No,Kahata,33.0,Hot Beverage,9,4,2,No,No,23.0,27.0,24.0,27.0,26.0,20.333333333333332,22.285714285714285,21.785714285714285,5.992058236095664,6.784354982418923,23.0,23.5,-4.0,3.0,24.299999999999997
2025-12-09,Tuesday,12,50,No,Cloudy,No,start,No,No,Plain Tea,74.0,Hot Beverage,9,4,2,No,No,67.5,95.0,105.0,80.0,68.0,71.5,85.28571428571429,80.60714285714286,18.291293791622003,25.400771165934618,89.5,88.0,-27.5,-10.0,79.5
2025-12-09,Tuesday,12,50,No,Cloudy,No,start,No,No,Roast bread,10.0,Meal,9,4,2,No,No,12.0,20.0,19.0,18.0,18.0,17.0,18.714285714285715,16.785714285714285,4.498677054212175,6.2039512400574965,18.0,17.5,-8.0,1.0,15.1
2025-12-09,Tuesday,12,50,No,Cloudy,No,start,No,No,Rolls,86.0,Snack,9,4,2,No,No,40.0,48.0,36.0,34.0,29.0,56.666666666666664,57.42857142857143,56.214285714285715,13.782321319443307,19.355693145502638,59.0,55.5,-8.0,12.0,42.0
2025-12-09,Tuesday,12,50,No,Cloudy,No,start,No,No,Roti,3.0,Meal,9,4,2,No,No,10.0,7.0,7.0,7.0,12.0,14.0,13.714285714285714,12.5,7.432233529572066,6.572085490337728,11.0,11.0,3.0,0.0,8.799999999999999
2025-12-09,Tuesday,12,50,No,Cloudy,No,start,No,No,Soft drinks,43.0,Cold Beverage,9,4,2,No,No,33.0,34.0,26.0,28.0,21.0,31.333333333333332,34.42857142857143,31.142857142857142,3.735288603626381,7.409527576107593,34.0,32.0,-1.0,8.0,32.6
2025-12-09,Tuesday,12,50,No,Cloudy,No,start,No,No,String Hoppers,85.0,Meal,9,4,2,No,No,74.0,125.0,124.0,117.0,50.0,57.333333333333336,70.14285714285714,74.85714285714286,26.97176654348379,38.65002167947872,71.0,68.5,-51.0,1.0,94.30000000000001
2025-12-09,Tuesday,12,50,No,Cloudy,No,start,No,No,Tea,29.0,Hot Beverage,9,4,2,No,No,18.0,14.0,15.0,14.0,14.0,18.666666666666668,20.571428571428573,18.714285714285715,4.790864322059333,5.440992152576181,21.0,18.5,4.0,-1.0,16.5
2025-12-09,Tuesday,12,50,No,Cloudy,No,start,No,No,Ulundu Wade,66.0,Snack,9,4,2,No,No,52.0,62.0,55.0,60.0,44.0,66.33333333333333,75.14285714285714,65.42857142857143,17.30538039097064,23.763949055770894,83.0,63.5,-10.0,7.0,55.3
2025-12-09,Tuesday,12,50,No,Cloudy,No,start,No,No,Vegitable Roti,21.0,Meal,9,4,2,No,No,21.0,24.0,20.0,24.0,7.0,19.333333333333332,21.571428571428573,19.214285714285715,5.855400437691194,6.053334382210943,21.0,20.0,-3.0,4.0,21.799999999999997
2025-12-09,Tuesday,12,50,No,Cloudy,No,start,No,No,Watter Bottle,8.0,Cold Beverage,9,4,2,No,No,5.0,3.0,2.0,2.0,4.0,3.6666666666666665,3.4285714285714284,3.857142857142857,1.3972762620115469,2.070196678027062,3.0,3.5,2.0,1.0,4.1
2025-12-10,Wednesday,12,50,No,Rainy,No,start,No,No,Bread,3.0,Meal,10,4,2,No,No,1.5,3.5,2.0,4.0,1.5,1.3333333333333333,2.642857142857143,2.7857142857142856,1.8866700319673841,1.8262433669050893,2.0,2.25,-2.0,1.5,2.15
2025-12-10,Wednesday,12,50,No,Rainy,No,start,No,No,Breakfast,11.5,Meal,10,4,2,No,No,12.5,12.0,14.0,12.5,11.0,11.333333333333334,12.142857142857142,10.857142857142858,2.304240397511471,3.7745533175798114,12.5,11.75,0.5,-2.0,12.5
2025-12-10,Wednesday,12,50,No,Rainy,No,start,No,No,Bulath vita,16.0,Other,10,4,2,No,No,5.0,16.0,6.0,52.0,16.0,16.0,19.571428571428573,17.357142857142858,8.810167286666452,9.739745241156843,19.0,18.0,-11.0,10.0,8.4
2025-12-10,Wednesday,12,50,No,Rainy,No,start,No,No,Chicken Curry,5.0,Meal,10,4,2,No,No,2.0,4.0,3.0,0.0,3.0,1.3333333333333333,1.8571428571428572,2.0714285714285716,1.345185418269098,1.3280573269766118,2.0,2.0,-2.0,1.0,2.7
2025-12-10,Wednesday,12,50,No,Rainy,No,start,No,No,Cigarette,31.0,Other,10,4,2,No,No,51.0,24.0,31.0,72.0,41.0,39.333333333333336,43.42857142857143,41.357142857142854,12.90810007782119,17.839485775863956,50.0,35.5,27.0,-7.0,40.9
2025-12-10,Wednesday,12,50,No,Rainy,No,start,No,No,Dal Curry,6.0,Meal,10,4,2,No,No,6.0,7.0,9.0,7.0,6.0,5.0,6.0,6.428571428571429,1.6329931618554345,2.680823229310954,6.0,6.0,-1.0,-2.0,6.6
2025-12-10,Wednesday,12,50,No,Rainy,No,start,No,No,Egg Rotti,45.0,Meal,10,4,2,No,No,57.0,48.0,44.0,57.0,59.0,46.0,49.57142857142857,50.642857142857146,8.960229588895258,13.619031609406791,48.0,50.0,9.0,4.0,52.99999999999999
2025-12-10,Wednesday,12,50,No,Rainy,No,start,No,No,Hoppers,25.0,Meal,10,4,2,No,No,32.0,26.0,20.0,55.0,29.0,25.666666666666668,34.142857142857146,33.642857142857146,13.334523756382296,14.923430946293514,33.0,32.5,6.0,6.0,29.0
2025-12-10,Wednesday,12,50,No,Rainy,No,start,No,No,Kahata,14.0,Hot Beverage,10,4,2,No,No,33.0,17.0,24.0,1.0,27.0,22.666666666666668,23.142857142857142,22.428571428571427,7.104659772022194,7.40804433566112,23.0,23.5,16.0,-7.0,27.299999999999997
2025-12-10,Wednesday,12,50,No,Rainy,No,start,No,No,Plain Tea,72.0,Hot Beverage,10,4,2,No,No,74.0,86.5,50.5,111.0,95.5,65.83333333333333,82.28571428571429,78.39285714285714,18.15410225187215,24.443953610900753,86.5,80.75,-12.5,36.0,75.39999999999999
2025-12-10,Wednesday,12,50,No,Rainy,No,start,No,No,Roast bread,19.0,Meal,10,4,2,No,No,10.0,16.0,16.0,13.0,20.0,13.0,17.285714285714285,16.142857142857142,5.4989176424179265,6.419407387663691,17.0,16.5,-6.0,0.0,12.4
2025-12-10,Wednesday,12,50,No,Rainy,No,start,No,No,Rolls,65.0,Snack,10,4,2,No,No,86.0,78.0,72.0,49.0,48.0,61.666666666666664,62.857142857142854,59.785714285714285,16.637593690480724,19.94291303244792,60.0,59.5,8.0,6.0,82.2
2025-12-10,Wednesday,12,50,No,Rainy,No,start,No,No,Roti,5.0,Meal,10,4,2,No,No,3.0,6.0,16.0,15.0,21.0,8.0,13.142857142857142,12.214285714285714,8.15329322888552,6.907950507913345,11.0,11.0,-3.0,-10.0,5.199999999999999
2025-12-10,Wednesday,12,50,No,Rainy,No,start,No,No,Soft drinks,37.0,Cold Beverage,10,4,2,No,No,43.0,37.0,30.0,21.0,35.0,35.333333333333336,35.714285714285715,32.357142857142854,4.9232200070782355,7.8799369663346015,35.0,33.5,6.0,7.0,39.9
2025-12-10,Wednesday,12,50,No,Rainy,No,start,No,No,String Hoppers,53.0,Meal,10,4,2,No,No,85.0,71.0,155.0,61.0,107.0,70.66666666666667,64.42857142857143,72.07142857142857,14.98729620775703,36.160888956300425,71.0,68.5,14.0,-84.0,87.8
2025-12-10,Wednesday,12,50,No,Rainy,No,start,No,No,Tea,26.0,Hot Beverage,10,4,2,No,No,29.0,28.0,18.0,18.0,17.0,21.333333333333332,22.714285714285715,19.714285714285715,4.7157284949512785,5.9669418971861585,21.0,20.0,1.0,10.0,27.599999999999998
2025-12-10,Wednesday,12,50,No,Rainy,No,start,No,No,Ulundu Wade,88.0,Snack,10,4,2,No,No,66.0,84.0,31.0,38.0,52.0,59.0,75.71428571428571,66.21428571428571,16.85936224292295,23.573709513349396,83.0,65.0,-18.0,53.0,67.89999999999999
2025-12-10,Wednesday,12,50,No,Rainy,No,start,No,No,Vegitable Roti,17.0,Meal,10,4,2,No,No,21.0,23.0,20.0,24.0,27.0,19.333333333333332,21.142857142857142,19.285714285714285,5.756983337031391,6.069198038881647,21.0,20.5,-2.0,3.0,21.5
2025-12-10,Wednesday,12,50,No,Rainy,No,start,No,No,Watter Bottle,4.0,Cold Beverage,10,4,2,No,No,8.0,5.0,5.0,6.0,9.0,5.333333333333333,4.142857142857143,4.285714285714286,2.1930626551751353,2.2677868380553625,4.0,4.5,3.0,0.0,6.8
2025-12-11,Thursday,12,50,No,Cloudy,No,middle,No,No,Bread,1.5,Meal,11,4,2,No,No,3.0,6.5,6.5,1.5,1.5,1.8333333333333333,2.5714285714285716,2.857142857142857,1.8580583823930166,1.8126539343499317,2.0,2.5,-3.5,0.0,4.4
2025-12-11,Thursday,12,50,No,Cloudy,No,middle,No,No,Breakfast,8.5,Meal,11,4,2,No,No,11.5,12.5,13.0,9.5,8.5,10.833333333333334,12.071428571428571,10.678571428571429,2.317120544781309,3.672177842900602,12.5,11.5,-1.0,-0.5,11.95
2025-12-11,Thursday,12,50,No,Cloudy,No,middle,No,No,Bulath vita,12.0,Other,11,4,2,No,No,16.0,22.0,27.0,11.0,13.0,13.333333333333334,19.571428571428573,18.071428571428573,8.810167286666452,9.194181150758727,19.0,18.0,-6.0,-5.0,18.9
2025-12-11,Thursday,12,50,No,Cloudy,No,middle,No,No,Chicken Curry,4.0,Meal,11,4,2,No,No,5.0,3.0,2.0,5.0,4.0,3.0,2.0,2.2142857142857144,1.6329931618554518,1.5281246137553164,2.0,2.0,2.0,1.0,4.1
2025-12-11,Thursday,12,50,No,Cloudy,No,middle,No,No,Cigarette,24.0,Other,11,4,2,No,No,31.0,58.0,78.0,24.0,23.0,38.333333333333336,44.42857142857143,41.357142857142854,11.326328367379872,17.839485775863956,50.0,35.5,-27.0,-20.0,43.8
2025-12-11,Thursday,12,50,No,Cloudy,No,middle,No,No,Dal Curry,9.0,Meal,11,4,2,No,No,6.0,5.0,4.0,9.0,9.0,5.333333333333333,5.857142857142857,6.214285714285714,1.5735915849388677,2.5773740789526784,6.0,6.0,1.0,1.0,5.5
2025-12-11,Thursday,12,50,No,Cloudy,No,middle,No,No,Egg Rotti,34.0,Meal,11,4,2,No,No,45.0,52.0,70.0,45.0,40.0,48.666666666666664,49.142857142857146,50.714285714285715,9.118270512704532,13.584088947274743,45.0,50.0,-7.0,-18.0,49.6
2025-12-11,Thursday,12,50,No,Cloudy,No,middle,No,No,Hoppers,28.0,Meal,11,4,2,No,No,25.0,53.0,66.0,27.0,23.0,30.0,34.0,34.0,13.4412301024373,14.628738838327784,33.0,32.5,-28.0,-13.0,37.5
2025-12-11,Thursday,12,50,No,Cloudy,No,middle,No,No,Kahata,13.0,Hot Beverage,11,4,2,No,No,14.0,29.0,30.0,14.0,13.0,23.333333333333332,22.714285714285715,21.714285714285715,7.609517849690733,7.720388306581189,23.0,22.5,-15.0,-1.0,20.1
2025-12-11,Thursday,12,50,No,Cloudy,No,middle,No,No,Plain Tea,63.0,Hot Beverage,11,4,2,No,No,72.0,111.5,109.5,74.0,74.0,71.16666666666667,80.21428571428571,79.92857142857143,18.418417283743356,23.200511551768336,74.0,80.75,-39.5,2.0,87.6
2025-12-11,Thursday,12,50,No,Cloudy,No,middle,No,No,Roast bread,21.0,Meal,11,4,2,No,No,19.0,18.0,19.0,17.0,21.0,13.666666666666666,17.714285714285715,16.357142857142858,5.4989176424179265,6.464187055285007,18.0,17.5,1.0,-1.0,18.7
2025-12-11,Thursday,12,50,No,Cloudy,No,middle,No,No,Rolls,47.0,Snack,11,4,2,No,No,65.0,46.0,48.0,37.0,48.0,63.666666666666664,61.0,59.285714285714285,15.340577998671813,19.699389180021164,60.0,59.5,19.0,-2.0,57.599999999999994
2025-12-11,Thursday,12,50,No,Cloudy,No,middle,No,No,Roti,5.0,Meal,11,4,2,No,No,5.0,15.0,16.0,5.0,6.0,6.0,13.0,11.428571428571429,8.306623862918075,7.067958966777041,11.0,10.5,-10.0,-1.0,9.1
2025-12-11,Thursday,12,50,No,Cloudy,No,middle,No,No,Soft drinks,24.0,Cold Beverage,11,4,2,No,No,37.0,35.0,34.0,23.0,28.0,37.666666666666664,35.714285714285715,32.857142857142854,4.9232200070782355,7.940714391976645,35.0,34.0,2.0,1.0,36.1
2025-12-11,Thursday,12,50,No,Cloudy,No,middle,No,No,String Hoppers,130.0,Meal,11,4,2,No,No,53.0,50.0,66.0,115.0,146.0,70.66666666666667,61.857142857142854,64.78571428571429,15.214341605084035,27.375392013852327,53.0,59.5,3.0,-16.0,53.4
2025-12-11,Thursday,12,50,No,Cloudy,No,middle,No,No,Tea,20.0,Hot Beverage,11,4,2,No,No,26.0,21.0,21.0,19.0,19.0,24.333333333333332,22.428571428571427,20.285714285714285,4.391550328268422,6.169759644097491,21.0,21.0,5.0,0.0,24.0
2025-12-11,Thursday,12,50,No,Cloudy,No,middle,No,No,Ulundu Wade,39.0,Snack,11,4,2,No,No,88.0,83.0,91.0,39.0,36.0,68.66666666666667,76.28571428571429,70.28571428571429,17.25025879723053,21.885817576435443,83.0,70.0,5.0,-8.0,86.79999999999998
2025-12-11,Thursday,12,50,No,Cloudy,No,middle,No,No,Vegitable Roti,13.0,Meal,11,4,2,No,No,17.0,14.0,15.0,9.0,11.0,19.666666666666668,20.285714285714285,19.071428571428573,5.879747322073334,6.094944761714552,21.0,19.5,3.0,-1.0,15.899999999999999
2025-12-11,Thursday,12,50,No,Cloudy,No,middle,No,No,Watter Bottle,11.0,Cold Beverage,11,4,2,No,No,4.0,4.0,5.0,12.0,12.0,5.666666666666667,4.0,4.214285714285714,2.160246899469288,2.2592909516916144,4.0,4.0,0.0,-1.0,4.1
2025-12-12,Friday,12,50,No,Hot,No,middle,No,No,Bread,1.0,Meal,12,4,2,No,No,1.5,2.0,3.0,1.0,1.5,2.0,1.8571428571428572,2.5,0.6900655593423549,1.5063966175050878,1.5,2.25,-0.5,-1.0,1.8
2025-12-12,Friday,12,50,No,Hot,No,middle,No,No,Breakfast,11.5,Meal,12,4,2,No,No,8.5,16.0,8.0,12.0,9.5,10.833333333333334,11.5,10.357142857142858,2.6614532371118877,3.6502295577368593,11.5,11.0,-7.5,8.0,10.7
2025-12-12,Friday,12,50,No,Hot,No,middle,No,No,Bulath vita,20.0,Other,12,4,2,No,No,12.0,17.0,9.0,22.0,19.0,11.0,18.142857142857142,17.0,9.154754164341274,8.944271909999161,17.0,16.5,-5.0,8.0,13.2
2025-12-12,Friday,12,50,No,Hot,No,middle,No,No,Chicken Curry,1.0,Meal,12,4,2,No,No,4.0,1.0,1.0,0.0,0.0,3.6666666666666665,2.142857142857143,2.357142857142857,1.7728105208558365,1.5984195491000022,2.0,2.0,3.0,0.0,2.8
2025-12-12,Friday,12,50,No,Hot,No,middle,No,No,Cigarette,56.0,Other,12,4,2,No,No,24.0,50.0,8.0,61.0,53.0,35.333333333333336,39.57142857142857,37.5,11.81605042385347,14.903535976921185,34.0,33.5,-26.0,42.0,30.2
2025-12-12,Friday,12,50,No,Hot,No,middle,No,No,Dal Curry,5.0,Meal,12,4,2,No,No,9.0,6.0,7.0,4.0,5.0,7.0,6.428571428571429,6.571428571428571,1.9023794624226693,2.5933134645227036,6.0,6.0,3.0,-1.0,7.8999999999999995
2025-12-12,Friday,12,50,No,Hot,No,middle,No,No,Egg Rotti,47.0,Meal,12,4,2,No,No,34.0,45.0,22.0,53.0,45.0,45.333333333333336,46.57142857142857,48.142857142857146,10.596495377515831,13.049356853336253,45.0,46.5,-11.0,23.0,36.1
2025-12-12,Friday,12,50,No,Hot,No,middle,No,No,Hoppers,48.0,Meal,12,4,2,No,No,28.0,37.0,29.0,37.0,46.0,28.333333333333332,30.428571428571427,31.285714285714285,10.564991605252109,11.404645284529188,32.0,30.5,-9.0,8.0,30.799999999999997
2025-12-12,Friday,12,50,No,Hot,No,middle,No,No,Kahata,31.0,Hot Beverage,12,4,2,No,No,13.0,22.0,7.0,28.0,30.0,20.0,20.428571428571427,20.5,7.807200583588266,7.653556237261411,22.0,21.5,-9.0,15.0,15.099999999999998
2025-12-12,Friday,12,50,No,Hot,No,middle,No,No,Plain Tea,100.5,Hot Beverage,12,4,2,No,No,63.0,89.5,26.5,104.0,69.5,69.66666666666667,73.28571428571429,76.60714285714286,13.01875935863688,21.935375863789393,72.0,74.5,-26.5,63.0,67.3
2025-12-12,Friday,12,50,No,Hot,No,middle,No,No,Roast bread,20.0,Meal,12,4,2,No,No,21.0,26.0,0.0,22.0,22.0,16.666666666666668,18.142857142857142,16.5,5.639993245521106,6.548634619874234,19.0,17.5,-5.0,26.0,20.4
2025-12-12,Friday,12,50,No,Hot,No,middle,No,No,Rolls,74.0,Snack,12,4,2,No,No,47.0,60.0,16.0,72.0,56.0,66.0,61.142857142857146,59.214285714285715,15.181442305531805,19.745217810235147,60.0,59.5,-13.0,44.0,47.800000000000004
2025-12-12,Friday,12,50,No,Hot,No,middle,No,No,Roti,10.0,Meal,12,4,2,No,No,5.0,26.0,3.0,10.0,11.0,4.333333333333333,11.571428571428571,10.642857142857142,8.753230696094306,7.131804635759268,10.0,8.5,-21.0,23.0,11.100000000000001
2025-12-12,Friday,12,50,No,Hot,No,middle,No,No,Soft drinks,61.0,Cold Beverage,12,4,2,No,No,24.0,41.0,9.0,49.0,51.0,34.666666666666664,34.142857142857146,32.142857142857146,6.644009116704861,8.272820585481133,33.0,33.5,-17.0,32.0,27.599999999999994
2025-12-12,Friday,12,50,No,Hot,No,middle,No,No,String Hoppers,68.0,Meal,12,4,2,No,No,130.0,73.0,49.0,67.0,80.0,89.33333333333333,73.28571428571429,69.35714285714286,28.802281655650642,32.4644353168134,73.0,62.0,57.0,24.0,104.80000000000001
2025-12-12,Friday,12,50,No,Hot,No,middle,No,No,Tea,22.0,Hot Beverage,12,4,2,No,No,20.0,25.0,6.0,18.0,18.0,25.0,22.285714285714285,20.214285714285715,4.4614753058559105,6.166641916592244,21.0,20.5,-5.0,19.0,20.1
2025-12-12,Friday,12,50,No,Hot,No,middle,No,No,Ulundu Wade,33.0,Snack,12,4,2,No,No,39.0,98.0,12.0,39.0,34.0,64.33333333333333,70.0,66.57142857142857,21.80978373727413,22.50372374558446,66.0,65.0,-59.0,86.0,54.0
2025-12-12,Friday,12,50,No,Hot,No,middle,No,No,Vegitable Roti,28.0,Meal,12,4,2,No,No,13.0,32.0,8.0,28.0,26.0,17.0,20.142857142857142,18.928571428571427,6.067085281214019,6.219872441361896,21.0,19.5,-19.0,24.0,18.2
2025-12-12,Friday,12,50,No,Hot,No,middle,No,No,Watter Bottle,5.0,Cold Beverage,12,4,2,No,No,11.0,1.0,1.0,5.0,7.0,7.666666666666667,5.0,4.642857142857143,3.415650255319866,2.898464921488424,4.0,4.0,10.0,0.0,6.999999999999999
2025-12-13,Saturday,12,50,Yes,Hot,No,middle,No,No,Bread,3.0,Meal,13,4,2,No,No,1.0,2.5,2.5,2.5,1.0,1.8333333333333333,1.7142857142857142,2.357142857142857,0.7559289460184553,1.549547966698321,1.5,2.0,-1.5,0.0,1.6
2025-12-13,Saturday,12,50,Yes,Hot,No,middle,No,No,Breakfast,11.0,Meal,13,4,2,No,No,11.5,10.5,10.5,11.0,15.0,10.5,10.857142857142858,10.607142857142858,1.7961599250040325,3.5958232791594558,11.5,11.5,1.0,0.0,11.1
2025-12-13,Saturday,12,50,Yes,Hot,No,middle,No,No,Bulath vita,39.0,Other,13,4,2,No,No,20.0,34.0,31.0,32.0,21.0,16.0,18.571428571428573,17.785714285714285,9.162553189607198,8.666279224926672,19.0,18.0,-14.0,3.0,25.3
2025-12-13,Saturday,12,50,Yes,Hot,No,middle,No,No,Chicken Curry,1.0,Meal,13,4,2,No,No,1.0,1.0,1.0,1.0,2.0,3.3333333333333335,2.142857142857143,2.357142857142857,1.7728105208558365,1.5984195491000022,2.0,2.0,0.0,0.0,0.9999999999999999
2025-12-13,Saturday,12,50,Yes,Hot,No,middle,No,No,Cigarette,63.0,Other,13,4,2,No,No,56.0,54.0,59.0,58.0,44.0,37.0,40.42857142857143,40.92857142857143,12.869306415617265,12.993870067868885,34.0,35.5,2.0,-5.0,55.699999999999996
2025-12-13,Saturday,12,50,Yes,Hot,No,middle,No,No,Dal Curry,9.0,Meal,13,4,2,No,No,5.0,9.0,8.0,8.0,5.0,6.666666666666667,6.285714285714286,6.428571428571429,1.9760470401186936,2.622807823520607,6.0,6.0,-4.0,1.0,6.499999999999999
2025-12-13,Saturday,12,50,Yes,Hot,No,middle,No,No,Egg Rotti,61.0,Meal,13,4,2,No,No,47.0,64.0,61.0,54.0,61.0,42.0,46.857142857142854,49.92857142857143,10.57400226071112,10.694817477597281,45.0,47.5,-17.0,3.0,53.5
2025-12-13,Saturday,12,50,Yes,Hot,No,middle,No,No,Hoppers,50.0,Meal,13,4,2,No,No,48.0,46.0,43.0,41.0,40.0,33.666666666666664,32.0,32.642857142857146,12.36931687685298,12.213530598083809,32.0,32.5,2.0,3.0,46.89999999999999
2025-12-13,Saturday,12,50,Yes,Hot,No,middle,No,No,Kahata,20.0,Hot Beverage,13,4,2,No,No,31.0,26.0,28.0,19.0,13.0,19.333333333333332,21.714285714285715,22.214285714285715,8.788520651286838,7.062126193550091,23.0,22.5,5.0,-2.0,29.2
2025-12-13,Saturday,12,50,Yes,Hot,No,middle,No,No,Plain Tea,93.0,Hot Beverage,13,4,2,No,No,100.5,91.0,104.0,104.5,80.5,78.5,74.85714285714286,81.89285714285714,15.691596173627167,17.37391786494979,72.0,80.75,9.5,-13.0,98.0
2025-12-13,Saturday,12,50,Yes,Hot,No,middle,No,No,Roast bread,27.0,Meal,13,4,2,No,No,20.0,22.0,23.0,20.0,7.0,20.0,17.285714285714285,17.928571428571427,4.608480795022925,4.548275847704612,19.0,18.5,-2.0,-1.0,20.900000000000002
2025-12-13,Saturday,12,50,Yes,Hot,No,middle,No,No,Rolls,77.0,Snack,13,4,2,No,No,74.0,71.0,71.0,62.0,75.0,62.0,63.142857142857146,63.357142857142854,15.910463762658125,15.638252621534987,65.0,62.5,3.0,0.0,72.8
2025-12-13,Saturday,12,50,Yes,Hot,No,middle,No,No,Roti,19.0,Meal,13,4,2,No,No,10.0,21.0,19.0,19.0,17.0,6.666666666666667,9.285714285714286,11.142857142857142,6.019808571549035,6.792044473637386,10.0,10.0,-11.0,2.0,14.200000000000001
2025-12-13,Saturday,12,50,Yes,Hot,No,middle,No,No,Soft drinks,28.0,Cold Beverage,13,4,2,No,No,61.0,31.0,29.0,25.0,22.0,40.666666666666664,37.0,35.857142857142854,12.12435565298215,8.742972059863876,33.0,34.5,30.0,2.0,48.8
2025-12-13,Saturday,12,50,Yes,Hot,No,middle,No,No,String Hoppers,41.0,Meal,13,4,2,No,No,68.0,45.0,39.0,33.0,51.0,83.66666666666667,72.57142857142857,70.71428571428571,28.87246175197135,31.940879452823157,68.0,69.5,23.0,6.0,58.199999999999996
2025-12-13,Saturday,12,50,Yes,Hot,No,middle,No,No,Tea,28.0,Hot Beverage,13,4,2,No,No,22.0,21.0,24.0,28.0,26.0,22.666666666666668,21.857142857142858,21.357142857142858,4.298393941484497,4.617810717664351,21.0,21.0,1.0,-3.0,21.9
2025-12-13,Saturday,12,50,Yes,Hot,No,middle,No,No,Ulundu Wade,89.0,Snack,13,4,2,No,No,33.0,88.0,74.0,71.0,41.0,53.333333333333336,60.714285714285715,68.07142857142857,21.73870807043116,19.016042966660798,59.0,65.0,-55.0,14.0,53.6
2025-12-13,Saturday,12,50,Yes,Hot,No,middle,No,No,Vegitable Roti,20.0,Meal,13,4,2,No,No,28.0,21.0,18.0,17.0,19.0,19.333333333333332,19.571428571428573,20.357142857142858,4.8255273583012945,5.799298934515113,21.0,21.0,7.0,3.0,24.900000000000002
2025-12-13,Saturday,12,50,Yes,Hot,No,middle,No,No,Watter Bottle,3.0,Cold Beverage,13,4,2,No,No,5.0,3.0,3.0,3.0,3.0,6.666666666666667,5.571428571428571,4.928571428571429,2.9358214555806375,2.7022579081571387,5.0,4.5,2.0,0.0,4.2
2025-12-14,Sunday,12,50,Yes,Rainy,No,middle,No,No,Bread,2.0,Meal,14,4,2,No,No,3.0,1.5,2.0,2.0,2.0,1.8333333333333333,1.7857142857142858,2.392857142857143,0.8591246929842251,1.5588281030777753,1.5,2.0,1.5,-0.5,2.45
2025-12-14,Sunday,12,50,Yes,Rainy,No,middle,No,No,Breakfast,0.0,Meal,14,4,2,No,No,11.0,13.0,0.0,0.0,0.0,10.333333333333334,10.928571428571429,10.642857142857142,1.7895197546774853,3.5971600519799574,11.5,11.5,-2.0,13.0,10.5
2025-12-14,Sunday,12,50,Yes,Rainy,No,middle,No,No,Bulath vita,4.0,Other,14,4,2,No,No,39.0,24.0,4.0,4.0,4.0,23.666666666666668,19.285714285714285,18.357142857142858,10.641338977689571,9.794874192125208,19.0,18.0,15.0,20.0,30.999999999999996
2025-12-14,Sunday,12,50,Yes,Rainy,No,middle,No,No,Chicken Curry,2.0,Meal,14,4,2,No,No,1.0,0.0,2.0,2.0,1.0,2.0,2.142857142857143,2.357142857142857,1.7728105208558365,1.5984195491000022,2.0,2.0,1.0,-2.0,0.8
2025-12-14,Sunday,12,50,Yes,Rainy,No,middle,No,No,Cigarette,39.0,Other,14,4,2,No,No,63.0,34.0,31.0,37.0,40.0,47.666666666666664,41.714285714285715,41.214285714285715,14.761597539045761,13.45750331987309,34.0,35.5,29.0,3.0,51.1
2025-12-14,Sunday,12,50,Yes,Rainy,No,middle,No,No,Dal Curry,3.0,Meal,14,4,2,No,No,9.0,5.0,4.0,4.0,4.0,7.666666666666667,6.285714285714286,6.5,1.9760470401186936,2.681847813040053,6.0,6.0,4.0,1.0,7.3
2025-12-14,Sunday,12,50,Yes,Rainy,No,middle,No,No,Egg Rotti,52.0,Meal,14,4,2,No,No,61.0,37.0,53.0,49.0,42.0,47.333333333333336,46.42857142857143,49.92857142857143,9.795528620364552,10.694817477597281,45.0,47.5,24.0,-16.0,53.0
2025-12-14,Sunday,12,50,Yes,Rainy,No,middle,No,No,Hoppers,20.0,Meal,14,4,2,No,No,50.0,12.0,24.0,21.0,22.0,42.0,32.57142857142857,33.142857142857146,13.18910083941968,12.799381853205865,32.0,32.5,38.0,-12.0,36.0
2025-12-14,Sunday,12,50,Yes,Rainy,No,middle,No,No,Kahata,17.0,Hot Beverage,14,4,2,No,No,20.0,12.0,15.0,14.0,17.0,21.333333333333332,20.857142857142858,21.642857142857142,8.591246929842246,6.879256923838196,20.0,21.5,8.0,-3.0,17.1
2025-12-14,Sunday,12,50,Yes,Rainy,No,middle,No,No,Plain Tea,58.0,Hot Beverage,14,4,2,No,No,93.0,56.0,61.0,54.0,60.5,85.5,75.14285714285714,81.10714285714286,16.048661122022736,16.52524708465174,72.0,80.75,37.0,-5.0,78.69999999999999
2025-12-14,Sunday,12,50,Yes,Rainy,No,middle,No,No,Roast bread,16.0,Meal,14,4,2,No,No,27.0,17.0,14.0,14.0,15.0,22.666666666666668,18.0,18.214285714285715,5.715476066494073,4.995052497276616,19.0,18.5,10.0,3.0,22.699999999999996
2025-12-14,Sunday,12,50,Yes,Rainy,No,middle,No,No,Rolls,71.0,Snack,14,4,2,No,No,77.0,59.0,90.0,67.0,82.0,66.0,64.0,63.785714285714285,16.552945357246855,15.94306490864663,65.0,62.5,18.0,-31.0,72.89999999999999
2025-12-14,Sunday,12,50,Yes,Rainy,No,middle,No,No,Roti,6.0,Meal,14,4,2,No,No,19.0,11.0,7.0,7.0,6.0,11.333333333333334,9.0,11.142857142857142,5.385164807134503,6.792044473637386,10.0,10.0,8.0,4.0,15.399999999999999
2025-12-14,Sunday,12,50,Yes,Rainy,No,middle,No,No,Soft drinks,24.0,Cold Beverage,14,4,2,No,No,28.0,30.0,31.0,26.0,25.0,37.666666666666664,36.57142857142857,35.785714285714285,12.421180068162386,8.80715243798664,33.0,34.5,-2.0,-1.0,28.900000000000002
2025-12-14,Sunday,12,50,Yes,Rainy,No,middle,No,No,String Hoppers,16.0,Meal,14,4,2,No,No,41.0,53.0,19.0,18.0,16.0,79.66666666666667,72.0,70.85714285714286,29.540932054806046,31.792251457662655,68.0,69.5,-12.0,34.0,42.4
2025-12-14,Sunday,12,50,Yes,Rainy,No,middle,No,No,Tea,18.0,Hot Beverage,14,4,2,No,No,28.0,17.0,15.0,18.0,16.0,23.333333333333332,22.857142857142858,21.642857142857142,4.845223470201421,4.908503498359404,22.0,21.0,11.0,2.0,23.4
2025-12-14,Sunday,12,50,Yes,Rainy,No,middle,No,No,Ulundu Wade,64.0,Snack,14,4,2,No,No,89.0,59.0,64.0,51.0,60.0,53.666666666666664,60.857142857142854,69.14285714285714,21.95015999507803,19.782887487994188,59.0,65.0,30.0,-5.0,77.5
2025-12-14,Sunday,12,50,Yes,Rainy,No,middle,No,No,Vegitable Roti,12.0,Meal,14,4,2,No,No,20.0,16.0,12.0,11.0,11.0,20.333333333333332,19.428571428571427,20.5,4.790864322059323,5.7612765679411435,20.0,21.0,4.0,4.0,18.0
2025-12-14,Sunday,12,50,Yes,Rainy,No,middle,No,No,Watter Bottle,8.0,Cold Beverage,14,4,2,No,No,3.0,3.0,9.0,7.0,10.0,6.333333333333333,5.571428571428571,4.928571428571429,2.9358214555806375,2.7022579081571387,5.0,4.5,0.0,-6.0,3.5999999999999996
2025-12-15,Monday,12,51,No,Rainy,No,middle,No,No,Bread,0.5,Meal,15,4,3,No,No,2.0,1.0,0.5,1.0,0.0,2.0,1.8571428571428572,2.392857142857143,0.8521681032463473,1.5588281030777753,1.5,2.0,1.0,0.5,1.55
2025-12-15,Monday,12,51,No,Rainy,No,middle,No,No,Breakfast,9.0,Meal,15,4,3,No,No,0.0,8.5,10.0,0.0,0.0,7.5,9.071428571428571,10.642857142857142,4.285912693820027,3.5971600519799574,11.0,11.5,-8.5,-1.5,3.55
2025-12-15,Monday,12,51,No,Rainy,No,middle,No,No,Bulath vita,17.0,Other,15,4,3,No,No,4.0,19.0,20.0,0.0,0.0,21.0,16.428571428571427,18.357142857142858,11.787806452108935,9.794874192125208,16.0,18.0,-15.0,-1.0,10.1
2025-12-15,Monday,12,51,No,Rainy,No,middle,No,No,Chicken Curry,2.0,Meal,15,4,3,No,No,2.0,2.0,2.0,0.0,0.0,1.3333333333333333,2.4285714285714284,2.357142857142857,1.5118578920369088,1.5984195491000022,2.0,2.0,0.0,0.0,1.9999999999999998
2025-12-15,Monday,12,51,No,Rainy,No,middle,No,No,Cigarette,27.0,Other,15,4,3,No,No,39.0,33.0,37.0,0.0,26.0,52.666666666666664,42.42857142857143,41.785714285714285,14.443650771845997,13.156914364865163,39.0,38.0,6.0,-4.0,37.0
2025-12-15,Monday,12,51,No,Rainy,No,middle,No,No,Dal Curry,7.0,Meal,15,4,3,No,No,3.0,4.0,3.0,0.0,0.0,5.666666666666667,6.0,6.428571428571429,2.309401076758491,2.7655653397364657,6.0,6.0,-1.0,1.0,3.3
2025-12-15,Monday,12,51,No,Rainy,No,middle,No,No,Egg Rotti,39.0,Meal,15,4,3,No,No,52.0,44.0,40.0,0.0,0.0,53.333333333333336,48.57142857142857,49.857142857142854,8.99735410842437,10.676048987243426,47.0,47.5,8.0,4.0,48.4
2025-12-15,Monday,12,51,No,Rainy,No,middle,No,No,Hoppers,10.0,Meal,15,4,3,No,No,20.0,33.0,36.0,0.0,0.0,39.333333333333336,33.714285714285715,32.857142857142854,11.32422603263001,13.061141090785535,32.0,32.5,-13.0,-3.0,25.5
2025-12-15,Monday,12,51,No,Rainy,No,middle,No,No,Kahata,26.0,Hot Beverage,15,4,3,No,No,17.0,23.0,21.0,20.0,0.0,22.666666666666668,21.571428571428573,21.785714285714285,7.913219801006895,6.750254370461457,20.0,21.5,-6.0,2.0,19.2
2025-12-15,Monday,12,51,No,Rainy,No,middle,No,No,Plain Tea,55.5,Hot Beverage,15,4,3,No,No,58.0,67.5,75.0,57.0,0.0,83.83333333333333,75.42857142857143,80.89285714285714,15.664260200183344,16.822807974053195,72.0,80.75,-9.5,-7.5,62.55
2025-12-15,Monday,12,51,No,Rainy,No,middle,No,No,Roast bread,13.0,Meal,15,4,3,No,No,16.0,12.0,13.0,0.0,0.0,21.0,17.857142857142858,18.357142857142858,5.756983337031386,4.892807010250899,19.0,18.5,4.0,-1.0,14.5
2025-12-15,Monday,12,51,No,Rainy,No,middle,No,No,Rolls,44.0,Snack,15,4,3,No,No,71.0,40.0,52.0,0.0,31.0,74.0,65.71428571428571,62.42857142857143,16.570196998570314,14.259756636796443,71.0,62.5,31.0,-12.0,59.800000000000004
2025-12-15,Monday,12,51,No,Rainy,No,middle,No,No,Roti,8.0,Meal,15,4,3,No,No,6.0,10.0,11.0,0.0,0.0,11.666666666666666,8.285714285714286,11.071428571428571,5.40722620556004,6.844023622158195,6.0,10.0,-4.0,-1.0,7.699999999999999
2025-12-15,Monday,12,51,No,Rainy,No,middle,No,No,Soft drinks,21.0,Cold Beverage,15,4,3,No,No,24.0,33.0,36.0,23.0,0.0,37.666666666666664,35.714285714285715,35.285714285714285,13.136644494368749,9.2854606896901,33.0,34.5,-9.0,-3.0,27.9
2025-12-15,Monday,12,51,No,Rainy,No,middle,No,No,String Hoppers,130.0,Meal,15,4,3,No,No,16.0,74.0,105.0,0.0,45.0,41.666666666666664,66.71428571428571,70.64285714285714,36.09115443666813,32.176453748419455,68.0,69.5,-58.0,-31.0,42.3
2025-12-15,Monday,12,51,No,Rainy,No,middle,No,No,Tea,14.0,Hot Beverage,15,4,3,No,No,18.0,18.0,19.0,10.0,0.0,22.666666666666668,23.0,21.857142857142858,4.654746681256338,4.655140134338556,22.0,21.0,0.0,-1.0,18.099999999999998
2025-12-15,Monday,12,51,No,Rainy,No,middle,No,No,Ulundu Wade,66.0,Snack,15,4,3,No,No,64.0,52.0,63.0,0.0,0.0,62.0,61.57142857142857,69.14285714285714,21.961004400657874,19.782887487994188,64.0,65.0,12.0,-11.0,60.3
2025-12-15,Monday,12,51,No,Rainy,No,middle,No,No,Vegitable Roti,13.0,Meal,15,4,3,No,No,12.0,21.0,25.0,0.0,0.0,20.0,18.857142857142858,20.5,5.459809869356607,5.7612765679411435,20.0,21.0,-9.0,-4.0,16.0
2025-12-15,Monday,12,51,No,Rainy,No,middle,No,No,Watter Bottle,5.0,Cold Beverage,15,4,3,No,No,8.0,5.0,5.0,0.0,2.0,5.333333333333333,6.285714285714286,4.857142857142857,2.8115408417381906,2.5975474485084464,5.0,4.5,3.0,0.0,6.8
2025-12-16,Tuesday,12,51,No,Cloudy,No,middle,No,No,Bread,4.0,Meal,16,4,3,No,No,0.5,1.5,4.0,3.0,3.0,1.8333333333333333,1.7857142857142858,2.392857142857143,0.9511897312113424,1.5588281030777753,1.5,2.0,-1.0,-2.5,1.15
2025-12-16,Tuesday,12,51,No,Cloudy,No,middle,No,No,Breakfast,10.5,Meal,16,4,3,No,No,9.0,12.5,11.5,12.0,11.5,6.666666666666667,9.142857142857142,10.571428571428571,4.278962936217587,3.6207582230646276,11.0,11.5,-3.5,1.0,10.299999999999999
2025-12-16,Tuesday,12,51,No,Cloudy,No,middle,No,No,Bulath vita,8.0,Other,16,4,3,No,No,17.0,5.0,9.0,9.0,9.0,20.0,16.142857142857142,18.142857142857142,11.739230119966296,9.78898236918301,16.0,17.0,12.0,-4.0,12.6
2025-12-16,Tuesday,12,51,No,Cloudy,No,middle,No,No,Chicken Curry,4.0,Meal,16,4,3,No,No,2.0,2.0,5.0,4.0,5.0,1.6666666666666667,2.4285714285714284,2.357142857142857,1.5118578920369088,1.5984195491000022,2.0,2.0,0.0,-3.0,2.3
2025-12-16,Tuesday,12,51,No,Cloudy,No,middle,No,No,Cigarette,34.0,Other,16,4,3,No,No,27.0,51.0,31.0,28.0,26.0,43.0,41.57142857142857,41.07142857142857,15.251853907608988,13.697075969340673,39.0,36.5,-24.0,20.0,34.6
2025-12-16,Tuesday,12,51,No,Cloudy,No,middle,No,No,Dal Curry,8.0,Meal,16,4,3,No,No,7.0,6.0,13.0,10.0,9.0,6.333333333333333,6.428571428571429,6.714285714285714,2.149196970742227,2.5848246906354606,6.0,6.0,1.0,-7.0,7.3
2025-12-16,Tuesday,12,51,No,Cloudy,No,middle,No,No,Egg Rotti,59.0,Meal,16,4,3,No,No,39.0,57.0,72.0,63.0,58.0,50.666666666666664,47.857142857142854,49.785714285714285,9.599107101332764,10.75015972281033,47.0,47.5,-18.0,-15.0,47.7
2025-12-16,Tuesday,12,51,No,Cloudy,No,middle,No,No,Hoppers,13.0,Meal,16,4,3,No,No,10.0,32.0,14.0,13.0,12.0,26.666666666666668,30.428571428571427,31.0,14.466710555123239,14.363415064241932,28.0,30.0,-22.0,18.0,17.0
2025-12-16,Tuesday,12,51,No,Cloudy,No,middle,No,No,Kahata,30.0,Hot Beverage,16,4,3,No,No,26.0,33.0,27.0,24.0,27.0,21.0,22.0,22.142857142857142,8.08290376865476,6.837196263619516,20.0,22.5,-7.0,6.0,28.2
2025-12-16,Tuesday,12,51,No,Cloudy,No,middle,No,No,Plain Tea,89.5,Hot Beverage,16,4,3,No,No,55.5,74.0,95.0,105.0,80.0,68.83333333333333,73.71428571428571,79.5,17.25267405084679,18.106522411720963,72.0,80.25,-18.5,-21.0,65.0
2025-12-16,Tuesday,12,51,No,Cloudy,No,middle,No,No,Roast bread,24.0,Meal,16,4,3,No,No,13.0,10.0,20.0,19.0,18.0,18.666666666666668,18.0,18.357142857142858,5.597618541248879,4.892807010250899,19.0,18.5,3.0,-10.0,12.8
2025-12-16,Tuesday,12,51,No,Cloudy,No,middle,No,No,Rolls,39.0,Snack,16,4,3,No,No,44.0,86.0,48.0,36.0,34.0,64.0,66.28571428571429,61.857142857142854,15.57470476675011,14.857565505400055,71.0,62.5,-42.0,38.0,57.0
2025-12-16,Tuesday,12,51,No,Cloudy,No,middle,No,No,Roti,7.0,Meal,16,4,3,No,No,8.0,3.0,7.0,7.0,7.0,11.0,8.0,10.857142857142858,5.354126134736335,6.893220112290304,6.0,9.0,5.0,-4.0,6.3999999999999995
2025-12-16,Tuesday,12,51,No,Cloudy,No,middle,No,No,Soft drinks,28.0,Cold Beverage,16,4,3,No,No,21.0,43.0,34.0,26.0,28.0,24.333333333333332,34.0,34.214285714285715,14.282856857085706,10.03209136435953,28.0,33.5,-22.0,9.0,28.9
2025-12-16,Tuesday,12,51,No,Cloudy,No,middle,No,No,String Hoppers,119.0,Meal,16,4,3,No,No,130.0,85.0,125.0,124.0,117.0,62.333333333333336,74.71428571428571,72.42857142857143,43.434680021515405,34.81536859075156,68.0,69.5,45.0,-40.0,116.0
2025-12-16,Tuesday,12,51,No,Cloudy,No,middle,No,No,Tea,14.0,Hot Beverage,16,4,3,No,No,14.0,29.0,14.0,15.0,14.0,20.0,22.428571428571427,21.5,5.533448076836703,5.064962601426202,22.0,21.0,-15.0,15.0,18.5
2025-12-16,Tuesday,12,51,No,Cloudy,No,middle,No,No,Ulundu Wade,55.0,Snack,16,4,3,No,No,66.0,66.0,62.0,55.0,60.0,73.0,63.57142857142857,69.35714285714286,21.578207701731113,19.72740047929096,66.0,66.0,0.0,4.0,65.60000000000001
2025-12-16,Tuesday,12,51,No,Cloudy,No,middle,No,No,Vegitable Roti,31.0,Meal,16,4,3,No,No,13.0,21.0,24.0,20.0,24.0,15.0,17.714285714285715,19.642857142857142,5.7652489311473145,5.930457796016229,17.0,20.5,-8.0,-3.0,16.5
2025-12-16,Tuesday,12,51,No,Cloudy,No,middle,No,No,Watter Bottle,2.0,Cold Beverage,16,4,3,No,No,5.0,8.0,3.0,2.0,2.0,5.333333333333333,6.285714285714286,4.857142857142857,2.8115408417381906,2.5975474485084464,5.0,4.5,-3.0,5.0,5.7
2025-12-17,Wednesday,12,51,No,Rainy,No,middle,No,No,Bread,2.0,Meal,17,4,3,No,No,4.0,3.0,3.5,2.0,4.0,2.1666666666666665,2.142857142857143,2.392857142857143,1.248808956375558,1.5588281030777753,2.0,2.0,1.0,-0.5,3.65
2025-12-17,Wednesday,12,51,No,Rainy,No,middle,No,No,Breakfast,14.0,Meal,17,4,3,No,No,10.5,11.5,12.0,14.0,12.5,6.5,8.857142857142858,10.5,4.079565803226756,3.6108809920103355,10.5,11.25,-1.0,-0.5,10.95
2025-12-17,Wednesday,12,51,No,Rainy,No,middle,No,No,Bulath vita,6.0,Other,17,4,3,No,No,8.0,16.0,16.0,6.0,52.0,9.666666666666666,16.571428571428573,18.071428571428573,11.311603818750948,9.864187640256942,16.0,17.0,-8.0,0.0,11.2
2025-12-17,Wednesday,12,51,No,Rainy,No,middle,No,No,Chicken Curry,3.0,Meal,17,4,3,No,No,4.0,5.0,4.0,3.0,0.0,2.6666666666666665,2.7142857142857144,2.2857142857142856,1.6035674514745464,1.4898926873369838,2.0,2.0,-1.0,1.0,4.3
2025-12-17,Wednesday,12,51,No,Rainy,No,middle,No,No,Cigarette,34.0,Other,17,4,3,No,No,34.0,31.0,24.0,31.0,72.0,33.333333333333336,39.142857142857146,41.285714285714285,14.848440674905586,13.550069948321125,34.0,36.5,3.0,7.0,32.099999999999994
2025-12-17,Wednesday,12,51,No,Rainy,No,middle,No,No,Dal Curry,8.0,Meal,17,4,3,No,No,8.0,6.0,7.0,9.0,7.0,6.0,6.714285714285714,6.357142857142857,2.214669705568271,1.9057460827371933,7.0,6.0,2.0,-1.0,7.3
2025-12-17,Wednesday,12,51,No,Rainy,No,middle,No,No,Egg Rotti,37.0,Meal,17,4,3,No,No,59.0,45.0,48.0,44.0,57.0,50.0,48.142857142857146,48.857142857142854,9.940297973880046,9.121885288074537,47.0,47.5,14.0,-3.0,53.7
2025-12-17,Wednesday,12,51,No,Rainy,No,middle,No,No,Hoppers,16.0,Meal,17,4,3,No,No,13.0,25.0,26.0,20.0,55.0,14.333333333333334,27.714285714285715,30.928571428571427,15.839973544951446,14.456642262105861,25.0,30.0,-12.0,-1.0,17.900000000000002
2025-12-17,Wednesday,12,51,No,Rainy,No,middle,No,No,Kahata,25.0,Hot Beverage,17,4,3,No,No,30.0,14.0,17.0,24.0,1.0,24.333333333333332,21.571428571428573,22.357142857142858,7.457817885886434,7.044988866695819,20.0,22.5,16.0,-3.0,23.9
2025-12-17,Wednesday,12,51,No,Rainy,No,middle,No,No,Plain Tea,56.5,Hot Beverage,17,4,3,No,No,89.5,72.0,86.5,50.5,111.0,67.66666666666667,75.92857142857143,79.10714285714286,18.260678545781953,17.801446107451024,72.0,80.25,17.5,-14.5,83.95
2025-12-17,Wednesday,12,51,No,Rainy,No,middle,No,No,Roast bread,13.0,Meal,17,4,3,No,No,24.0,19.0,16.0,16.0,13.0,17.666666666666668,20.0,18.642857142857142,4.690415759823417,5.10817057207436,20.0,18.5,5.0,3.0,21.7
2025-12-17,Wednesday,12,51,No,Rainy,No,middle,No,No,Rolls,61.0,Snack,17,4,3,No,No,39.0,65.0,78.0,72.0,49.0,51.333333333333336,59.57142857142857,61.214285714285715,15.788784446109677,15.67545151565916,65.0,62.5,-26.0,-13.0,50.7
2025-12-17,Wednesday,12,51,No,Rainy,No,middle,No,No,Roti,17.0,Meal,17,4,3,No,No,7.0,5.0,6.0,16.0,15.0,7.0,8.571428571428571,10.857142857142858,4.9280538030458105,6.893220112290304,7.0,9.0,2.0,-1.0,6.300000000000001
2025-12-17,Wednesday,12,51,No,Rainy,No,middle,No,No,Soft drinks,30.0,Cold Beverage,17,4,3,No,No,28.0,37.0,37.0,30.0,21.0,24.333333333333332,31.857142857142858,33.785714285714285,13.825442385068817,10.169173413414082,28.0,32.0,-9.0,0.0,31.599999999999998
2025-12-17,Wednesday,12,51,No,Rainy,No,middle,No,No,String Hoppers,150.0,Meal,17,4,3,No,No,119.0,53.0,71.0,155.0,61.0,88.33333333333333,79.57142857142857,72.0,46.564854926067525,34.14899480444258,68.0,69.5,66.0,-18.0,94.39999999999998
2025-12-17,Wednesday,12,51,No,Rainy,No,middle,No,No,Tea,18.0,Hot Beverage,17,4,3,No,No,14.0,26.0,28.0,18.0,18.0,15.333333333333334,20.285714285714285,21.5,5.468524655221183,5.064962601426202,20.0,21.0,-12.0,-2.0,19.0
2025-12-17,Wednesday,12,51,No,Rainy,No,middle,No,No,Ulundu Wade,26.0,Snack,17,4,3,No,No,55.0,88.0,84.0,31.0,38.0,61.666666666666664,62.0,68.85714285714286,21.771541057077247,20.014829666859676,64.0,66.0,-33.0,4.0,67.8
2025-12-17,Wednesday,12,51,No,Rainy,No,middle,No,No,Vegitable Roti,16.0,Meal,17,4,3,No,No,31.0,17.0,23.0,20.0,24.0,18.666666666666668,19.142857142857142,20.142857142857142,7.6469726347222196,6.5850313106801055,17.0,20.5,14.0,-6.0,25.999999999999996
2025-12-17,Wednesday,12,51,No,Rainy,No,middle,No,No,Watter Bottle,6.0,Cold Beverage,17,4,3,No,No,2.0,4.0,5.0,5.0,6.0,5.0,5.428571428571429,4.785714285714286,3.101458950082624,2.6654072117399994,5.0,4.5,-2.0,-1.0,2.9
2025-12-18,Thursday,12,51,No,Cloudy,No,middle,No,No,Bread,5.0,Meal,18,4,3,No,No,2.0,1.5,6.5,6.5,1.5,2.1666666666666665,2.0,2.2857142857142856,1.1902380714238088,1.5281246137553166,2.0,2.0,0.5,-5.0,2.3
2025-12-18,Thursday,12,51,No,Cloudy,No,middle,No,No,Breakfast,9.5,Meal,18,4,3,No,No,14.0,8.5,12.5,13.0,9.5,11.166666666666666,9.214285714285714,10.642857142857142,4.4427576164016935,3.7129118338191516,10.5,11.25,5.5,-4.0,12.2
2025-12-18,Thursday,12,51,No,Cloudy,No,middle,No,No,Bulath vita,26.0,Other,18,4,3,No,No,6.0,12.0,22.0,27.0,11.0,10.333333333333334,15.142857142857142,17.357142857142858,12.005950905399255,10.374577973675274,12.0,17.0,-6.0,-10.0,9.399999999999999
2025-12-18,Thursday,12,51,No,Cloudy,No,middle,No,No,Chicken Curry,2.0,Meal,18,4,3,No,No,3.0,4.0,3.0,2.0,5.0,3.0,2.4285714285714284,2.2142857142857144,1.2724180205607036,1.4238934396479699,2.0,2.0,-1.0,1.0,3.3
2025-12-18,Thursday,12,51,No,Cloudy,No,middle,No,No,Cigarette,62.0,Other,18,4,3,No,No,34.0,24.0,58.0,78.0,24.0,31.666666666666668,39.57142857142857,42.0,14.615712354142978,12.812253749978801,34.0,36.5,10.0,-34.0,33.4
2025-12-18,Thursday,12,51,No,Cloudy,No,middle,No,No,Dal Curry,5.0,Meal,18,4,3,No,No,8.0,9.0,5.0,4.0,9.0,7.666666666666667,7.0,6.428571428571429,2.2360679774997783,1.9499225118444647,8.0,6.0,-1.0,4.0,8.0
2025-12-18,Thursday,12,51,No,Cloudy,No,middle,No,No,Egg Rotti,67.0,Meal,18,4,3,No,No,37.0,34.0,52.0,70.0,45.0,45.0,47.0,48.07142857142857,10.785793124908958,9.65930627955224,47.0,46.0,3.0,-18.0,37.6
2025-12-18,Thursday,12,51,No,Cloudy,No,middle,No,No,Hoppers,56.0,Meal,18,4,3,No,No,16.0,28.0,53.0,66.0,27.0,13.0,26.428571428571427,30.214285714285715,16.450502959455292,14.957265131693696,20.0,30.0,-12.0,-25.0,23.3
2025-12-18,Thursday,12,51,No,Cloudy,No,middle,No,No,Kahata,26.0,Hot Beverage,18,4,3,No,No,25.0,13.0,29.0,30.0,14.0,27.0,23.142857142857142,22.928571428571427,6.718843437888481,6.899992036943956,25.0,24.0,12.0,-16.0,21.799999999999997
2025-12-18,Thursday,12,51,No,Cloudy,No,middle,No,No,Plain Tea,95.5,Hot Beverage,18,4,3,No,No,56.5,63.0,111.5,109.5,74.0,67.16666666666667,73.71428571428571,76.96428571428571,19.699528638305758,18.62944762147602,63.0,73.0,-6.5,-48.5,63.949999999999996
2025-12-18,Thursday,12,51,No,Cloudy,No,middle,No,No,Roast bread,19.0,Meal,18,4,3,No,No,13.0,21.0,18.0,19.0,17.0,16.666666666666668,19.142857142857142,18.428571428571427,5.398412465054614,5.287347535016386,20.0,18.5,-8.0,3.0,15.9
2025-12-18,Thursday,12,51,No,Cloudy,No,middle,No,No,Rolls,42.0,Snack,18,4,3,No,No,61.0,47.0,46.0,48.0,37.0,48.0,59.0,60.0,15.631165450257825,14.91514460075863,61.0,60.5,14.0,1.0,55.300000000000004
2025-12-18,Thursday,12,51,No,Cloudy,No,middle,No,No,Roti,14.0,Meal,18,4,3,No,No,17.0,5.0,15.0,16.0,5.0,10.666666666666666,10.285714285714286,11.642857142857142,5.529143565818179,6.923840006785286,8.0,10.0,12.0,-10.0,13.2
2025-12-18,Thursday,12,51,No,Cloudy,No,middle,No,No,Soft drinks,35.0,Cold Beverage,18,4,3,No,No,30.0,24.0,35.0,34.0,23.0,26.333333333333332,30.857142857142858,33.285714285714285,13.64341808869234,10.171064322407432,28.0,30.5,6.0,-11.0,28.7
2025-12-18,Thursday,12,51,No,Cloudy,No,middle,No,No,String Hoppers,58.0,Meal,18,4,3,No,No,150.0,130.0,50.0,66.0,115.0,133.0,93.42857142857143,77.64285714285714,51.51005449701752,39.99732133888109,119.0,70.5,20.0,80.0,134.0
2025-12-18,Thursday,12,51,No,Cloudy,No,middle,No,No,Tea,22.0,Hot Beverage,18,4,3,No,No,18.0,20.0,21.0,21.0,19.0,15.333333333333334,19.142857142857142,20.785714285714285,4.879500364742663,4.774589332780699,18.0,20.5,-2.0,-1.0,18.9
2025-12-18,Thursday,12,51,No,Cloudy,No,middle,No,No,Ulundu Wade,85.0,Snack,18,4,3,No,No,26.0,39.0,83.0,91.0,39.0,49.0,53.142857142857146,64.71428571428571,22.041087173946835,22.489069383997222,55.0,65.0,-13.0,-44.0,35.599999999999994
2025-12-18,Thursday,12,51,No,Cloudy,No,middle,No,No,Vegitable Roti,15.0,Meal,18,4,3,No,No,16.0,13.0,14.0,15.0,9.0,20.0,19.0,19.642857142857142,7.702813338860896,6.617077473153406,16.0,18.5,3.0,-1.0,14.9
2025-12-18,Thursday,12,51,No,Cloudy,No,middle,No,No,Watter Bottle,4.0,Cold Beverage,18,4,3,No,No,6.0,11.0,4.0,5.0,12.0,4.333333333333333,5.714285714285714,4.857142857142857,3.039423504234846,2.684919218298979,5.0,4.5,-5.0,7.0,7.3
2025-12-19,Friday,12,51,No,Hot,No,middle,No,No,Bread,1.0,Meal,19,4,3,No,No,5.0,1.0,2.0,3.0,1.0,3.6666666666666665,2.5,2.1785714285714284,1.6072751268321592,1.2342413250056279,2.0,2.0,4.0,-1.0,3.5
2025-12-19,Friday,12,51,No,Hot,No,middle,No,No,Breakfast,13.5,Meal,19,4,3,No,No,9.5,11.5,16.0,8.0,12.0,11.333333333333334,9.357142857142858,10.428571428571429,4.432026302139594,3.683941988065037,10.5,10.75,-2.0,-4.5,10.75
2025-12-19,Friday,12,51,No,Hot,No,middle,No,No,Bulath vita,21.0,Other,19,4,3,No,No,26.0,20.0,17.0,9.0,22.0,13.333333333333334,17.142857142857142,17.642857142857142,12.548951768023914,10.565598332885278,17.0,17.0,6.0,3.0,23.3
2025-12-19,Friday,12,51,No,Hot,No,middle,No,No,Chicken Curry,0.0,Meal,19,4,3,No,No,2.0,1.0,1.0,1.0,0.0,3.0,2.142857142857143,2.142857142857143,1.0690449676496978,1.4064216928154862,2.0,2.0,1.0,0.0,1.6
2025-12-19,Friday,12,51,No,Hot,No,middle,No,No,Cigarette,60.0,Other,19,4,3,No,No,62.0,56.0,50.0,8.0,61.0,43.333333333333336,45.0,42.285714285714285,14.92201952373291,13.234154946306804,39.0,36.5,6.0,6.0,59.0
2025-12-19,Friday,12,51,No,Hot,No,middle,No,No,Dal Curry,5.0,Meal,19,4,3,No,No,5.0,5.0,6.0,7.0,4.0,7.0,6.428571428571429,6.428571428571429,2.149196970742227,1.9499225118444647,7.0,6.0,0.0,-1.0,5.1
2025-12-19,Friday,12,51,No,Hot,No,middle,No,No,Egg Rotti,54.0,Meal,19,4,3,No,No,67.0,47.0,45.0,22.0,53.0,54.333333333333336,51.714285714285715,49.142857142857146,11.353623294119002,10.882994093518562,52.0,46.0,20.0,2.0,58.8
2025-12-19,Friday,12,51,No,Hot,No,middle,No,No,Hoppers,46.0,Meal,19,4,3,No,No,56.0,48.0,37.0,29.0,37.0,28.333333333333332,30.428571428571427,30.428571428571427,19.93202735011454,15.32576656742235,20.0,30.0,8.0,11.0,51.7
2025-12-19,Friday,12,51,No,Hot,No,middle,No,No,Kahata,30.0,Hot Beverage,19,4,3,No,No,26.0,31.0,22.0,7.0,28.0,27.0,25.0,22.714285714285715,5.033222956847159,6.741702266531009,26.0,24.0,-5.0,9.0,27.099999999999998
2025-12-19,Friday,12,51,No,Hot,No,middle,No,No,Plain Tea,112.0,Hot Beverage,19,4,3,No,No,95.5,100.5,89.5,26.5,104.0,80.5,78.35714285714286,75.82142857142857,20.56435890425125,16.743089438811584,89.5,73.0,-5.0,11.0,96.39999999999999
2025-12-19,Friday,12,51,No,Hot,No,middle,No,No,Roast bread,22.0,Meal,19,4,3,No,No,19.0,20.0,26.0,0.0,22.0,18.666666666666668,18.857142857142858,18.5,5.3363086938623,5.287867099458756,19.0,19.0,-1.0,-6.0,20.0
2025-12-19,Friday,12,51,No,Hot,No,middle,No,No,Rolls,69.0,Snack,19,4,3,No,No,42.0,74.0,60.0,16.0,72.0,47.333333333333336,58.285714285714285,59.714285714285715,16.36779648898295,15.238759143046426,61.0,60.5,-32.0,14.0,53.4
2025-12-19,Friday,12,51,No,Hot,No,middle,No,No,Roti,9.0,Meal,19,4,3,No,No,14.0,10.0,26.0,3.0,10.0,12.666666666666666,11.571428571428571,11.571428571428571,5.126959555693246,6.891625751192931,10.0,10.0,4.0,-16.0,14.0
2025-12-19,Friday,12,51,No,Hot,No,middle,No,No,Soft drinks,44.0,Cold Beverage,19,4,3,No,No,35.0,61.0,41.0,9.0,49.0,31.0,32.42857142857143,33.285714285714285,13.35236736634049,10.171064322407432,28.0,30.5,-26.0,20.0,43.4
2025-12-19,Friday,12,51,No,Hot,No,middle,No,No,String Hoppers,67.0,Meal,19,4,3,No,No,58.0,68.0,73.0,49.0,67.0,109.0,83.14285714285714,78.21428571428571,50.16116881755107,39.62745468529569,68.0,70.5,-10.0,-5.0,62.5
2025-12-19,Friday,12,51,No,Hot,No,middle,No,No,Tea,26.0,Hot Beverage,19,4,3,No,No,22.0,22.0,25.0,6.0,18.0,18.0,19.428571428571427,20.857142857142858,4.995235825502229,4.785509262460876,18.0,20.5,0.0,-3.0,22.299999999999997
2025-12-19,Friday,12,51,No,Hot,No,middle,No,No,Ulundu Wade,36.0,Snack,19,4,3,No,No,85.0,33.0,98.0,12.0,39.0,55.333333333333336,59.714285714285715,64.85714285714286,23.900587759260134,22.620131071024524,64.0,65.0,52.0,-65.0,70.7
2025-12-19,Friday,12,51,No,Hot,No,middle,No,No,Vegitable Roti,23.0,Meal,19,4,3,No,No,15.0,28.0,32.0,8.0,28.0,20.666666666666668,19.285714285714285,19.714285714285715,7.476948702830714,6.5566005665291955,16.0,18.5,-13.0,-4.0,20.599999999999998
2025-12-19,Friday,12,51,No,Hot,No,middle,No,No,Watter Bottle,6.0,Cold Beverage,19,4,3,No,No,4.0,5.0,1.0,1.0,5.0,4.0,4.714285714285714,4.857142857142857,1.9760470401187067,2.684919218298979,5.0,4.5,-1.0,4.0,4.0
2025-12-20,Saturday,12,51,Yes,Hot,No,middle,No,No,Bread,1.0,Meal,20,4,3,No,No,1.0,3.0,2.5,2.5,2.5,2.6666666666666665,2.5,2.107142857142857,1.6072751268321592,1.2736768613948934,2.0,1.75,-2.0,0.5,1.75
2025-12-20,Saturday,12,51,Yes,Hot,No,middle,No,No,Breakfast,17.0,Meal,20,4,3,No,No,13.5,11.0,10.5,10.5,11.0,12.333333333333334,9.642857142857142,10.25,4.652188425123939,3.446012188022556,10.5,10.75,2.5,0.5,12.45
2025-12-20,Saturday,12,51,Yes,Hot,No,middle,No,No,Bulath vita,28.0,Other,20,4,3,No,No,21.0,39.0,34.0,31.0,32.0,17.666666666666668,17.285714285714285,17.928571428571427,12.592514783450866,10.600901889892242,17.0,18.0,-18.0,5.0,27.699999999999996
2025-12-20,Saturday,12,51,Yes,Hot,No,middle,No,No,Chicken Curry,2.0,Meal,20,4,3,No,No,0.0,1.0,1.0,1.0,1.0,1.6666666666666667,2.0,2.0714285714285716,1.2909944487358058,1.4917354742965405,2.0,2.0,-1.0,0.0,0.4
2025-12-20,Saturday,12,51,Yes,Hot,No,middle,No,No,Cigarette,52.0,Other,20,4,3,No,No,60.0,63.0,54.0,59.0,58.0,52.0,45.57142857142857,43.0,15.479633316685735,13.933909937768576,39.0,36.5,-3.0,9.0,60.3
2025-12-20,Saturday,12,51,Yes,Hot,No,middle,No,No,Dal Curry,5.0,Meal,20,4,3,No,No,5.0,9.0,9.0,8.0,8.0,6.0,6.428571428571429,6.357142857142857,2.149196970742227,1.9848325973644387,7.0,6.0,-4.0,0.0,6.6
2025-12-20,Saturday,12,51,Yes,Hot,No,middle,No,No,Egg Rotti,80.0,Meal,20,4,3,No,No,54.0,61.0,64.0,61.0,54.0,52.666666666666664,52.714285714285715,49.785714285714285,11.1760798988179,10.88526577484493,54.0,49.5,-7.0,-3.0,57.1
2025-12-20,Saturday,12,51,Yes,Hot,No,middle,No,No,Hoppers,40.0,Meal,20,4,3,No,No,46.0,50.0,46.0,43.0,41.0,39.333333333333336,30.142857142857142,31.071428571428573,19.650517986629687,15.803915219455465,20.0,30.0,-4.0,4.0,47.199999999999996
2025-12-20,Saturday,12,51,Yes,Hot,No,middle,No,No,Kahata,16.0,Hot Beverage,20,4,3,No,No,30.0,20.0,26.0,28.0,19.0,27.0,24.857142857142858,23.285714285714285,4.8452234702013905,7.010196655077305,26.0,25.5,10.0,-6.0,26.6
2025-12-20,Saturday,12,51,Yes,Hot,No,middle,No,No,Plain Tea,85.0,Hot Beverage,20,4,3,No,No,112.0,93.0,91.0,104.0,104.5,88.0,80.0,77.42857142857143,22.94921930407802,19.07460771131766,89.5,73.0,19.0,2.0,104.19999999999999
2025-12-20,Saturday,12,51,Yes,Hot,No,middle,No,No,Roast bread,9.0,Meal,20,4,3,No,No,22.0,27.0,22.0,23.0,20.0,18.0,19.142857142857142,18.214285714285715,5.459809869356596,4.94863728606279,19.0,19.0,-5.0,5.0,23.499999999999996
2025-12-20,Saturday,12,51,Yes,Hot,No,middle,No,No,Rolls,63.0,Snack,20,4,3,No,No,69.0,77.0,71.0,71.0,62.0,57.333333333333336,57.57142857142857,60.357142857142854,15.66159999124339,15.440242838151857,61.0,63.0,-8.0,6.0,71.6
2025-12-20,Saturday,12,51,Yes,Hot,No,middle,No,No,Roti,21.0,Meal,20,4,3,No,No,9.0,19.0,21.0,19.0,19.0,13.333333333333334,11.428571428571429,10.357142857142858,5.19156825558337,5.5137191532665994,9.0,9.5,-10.0,-2.0,13.2
2025-12-20,Saturday,12,51,Yes,Hot,No,middle,No,No,Soft drinks,26.0,Cold Beverage,20,4,3,No,No,44.0,28.0,31.0,29.0,25.0,36.333333333333336,30.0,33.5,7.593857166596354,10.37563714447677,28.0,30.5,16.0,-3.0,37.9
2025-12-20,Saturday,12,51,Yes,Hot,No,middle,No,No,String Hoppers,49.0,Meal,20,4,3,No,No,67.0,41.0,45.0,39.0,33.0,91.66666666666667,83.0,77.78571428571429,50.2128801537348,39.72052089562496,67.0,67.5,26.0,-4.0,56.99999999999999
2025-12-20,Saturday,12,51,Yes,Hot,No,middle,No,No,Tea,28.0,Hot Beverage,20,4,3,No,No,26.0,28.0,21.0,24.0,28.0,22.0,20.0,20.928571428571427,5.537749241945386,4.859000937424281,18.0,20.5,-2.0,7.0,26.1
2025-12-20,Saturday,12,51,Yes,Hot,No,middle,No,No,Ulundu Wade,56.0,Snack,20,4,3,No,No,36.0,89.0,88.0,74.0,71.0,49.0,60.142857142857146,60.42857142857143,23.36256672134986,21.682017666949022,64.0,61.5,-53.0,1.0,57.099999999999994
2025-12-20,Saturday,12,51,Yes,Hot,No,middle,No,No,Vegitable Roti,21.0,Meal,20,4,3,No,No,23.0,20.0,21.0,18.0,17.0,18.0,18.571428571428573,19.071428571428573,6.704653678780207,5.635932599289691,16.0,18.5,3.0,-1.0,21.9
2025-12-20,Saturday,12,51,Yes,Hot,No,middle,No,No,Watter Bottle,3.0,Cold Beverage,20,4,3,No,No,6.0,3.0,3.0,3.0,3.0,5.333333333333333,4.857142857142857,5.214285714285714,2.035400978396429,2.4550911444328336,5.0,5.0,3.0,0.0,4.8
2025-12-21,Sunday,12,51,Yes,Rainy,No,end,No,No,Bread,2.0,Meal,21,4,3,No,No,1.0,2.0,1.5,2.0,2.0,2.3333333333333335,2.2142857142857144,2.0,1.679710859472121,1.3008872711759814,2.0,1.5,-1.0,0.5,1.35
2025-12-21,Sunday,12,51,Yes,Rainy,No,end,No,No,Breakfast,0.0,Meal,21,4,3,No,No,17.0,0.0,13.0,0.0,0.0,13.333333333333334,10.5,10.714285714285714,5.431390245600109,3.8913824205360688,10.5,11.25,17.0,-13.0,11.5
2025-12-21,Sunday,12,51,Yes,Rainy,No,end,No,No,Bulath vita,3.0,Other,21,4,3,No,No,28.0,4.0,24.0,4.0,4.0,25.0,15.714285714285714,17.5,9.810101693565427,10.005767567527473,17.0,18.0,24.0,-20.0,20.4
2025-12-21,Sunday,12,51,Yes,Rainy,No,end,No,No,Chicken Curry,2.0,Meal,21,4,3,No,No,2.0,2.0,0.0,2.0,2.0,1.3333333333333333,2.142857142857143,2.142857142857143,1.214985792587912,1.4600918230947433,2.0,2.0,0.0,2.0,1.7999999999999998
2025-12-21,Sunday,12,51,Yes,Rainy,No,end,No,No,Cigarette,37.0,Other,21,4,3,No,No,52.0,39.0,34.0,31.0,37.0,58.0,44.0,42.857142857142854,13.892443989449788,13.822262660467162,39.0,36.5,13.0,5.0,46.3
2025-12-21,Sunday,12,51,Yes,Rainy,No,end,No,No,Dal Curry,4.0,Meal,21,4,3,No,No,5.0,3.0,5.0,4.0,4.0,5.0,5.857142857142857,6.071428571428571,1.8644544714715934,1.8590438284354625,5.0,5.5,2.0,-2.0,4.4
2025-12-21,Sunday,12,51,Yes,Rainy,No,end,No,No,Egg Rotti,54.0,Meal,21,4,3,No,No,80.0,52.0,37.0,53.0,49.0,67.0,55.42857142857143,50.92857142857143,15.131172490999512,13.105866482752509,54.0,49.5,28.0,15.0,67.3
2025-12-21,Sunday,12,51,Yes,Rainy,No,end,No,No,Hoppers,22.0,Meal,21,4,3,No,No,40.0,20.0,12.0,24.0,21.0,47.333333333333336,28.714285714285715,30.642857142857142,18.282179717913696,15.445224020872757,20.0,30.0,20.0,8.0,31.2
2025-12-21,Sunday,12,51,Yes,Rainy,No,end,No,No,Kahata,16.0,Hot Beverage,21,4,3,No,No,16.0,17.0,12.0,15.0,14.0,24.0,24.285714285714285,22.571428571428573,5.6778600932125105,7.2187180378437015,26.0,24.0,-1.0,5.0,15.899999999999999
2025-12-21,Sunday,12,51,Yes,Rainy,No,end,No,No,Plain Tea,68.5,Hot Beverage,21,4,3,No,No,85.0,58.0,56.0,61.0,54.0,97.5,78.85714285714286,77.0,22.38622025137021,18.811821160765252,85.0,73.0,27.0,2.0,74.0
2025-12-21,Sunday,12,51,Yes,Rainy,No,end,No,No,Roast bread,13.0,Meal,21,4,3,No,No,9.0,16.0,17.0,14.0,14.0,16.666666666666668,16.571428571428573,17.285714285714285,5.380741673076383,5.384144406403947,16.0,18.0,-7.0,-1.0,11.899999999999999
2025-12-21,Sunday,12,51,Yes,Rainy,No,end,No,No,Rolls,67.0,Snack,21,4,3,No,No,63.0,71.0,59.0,90.0,67.0,58.0,55.57142857142857,59.785714285714285,13.513661517851055,15.161583900556932,61.0,62.0,-8.0,12.0,65.0
2025-12-21,Sunday,12,51,Yes,Rainy,No,end,No,No,Roti,7.0,Meal,21,4,3,No,No,21.0,6.0,11.0,7.0,7.0,14.666666666666666,11.714285714285714,10.357142857142858,5.707138387268052,5.5137191532665994,9.0,9.5,15.0,-5.0,15.499999999999998
2025-12-21,Sunday,12,51,Yes,Rainy,No,end,No,No,Soft drinks,30.0,Cold Beverage,21,4,3,No,No,26.0,24.0,30.0,31.0,26.0,35.0,29.714285714285715,33.142857142857146,7.718252948137209,10.552849727094443,28.0,30.0,2.0,-6.0,25.799999999999997
2025-12-21,Sunday,12,51,Yes,Rainy,No,end,No,No,String Hoppers,18.0,Meal,21,4,3,No,No,49.0,16.0,53.0,19.0,18.0,58.0,84.14285714285714,78.07142857142857,49.178005149418084,39.48020786656033,67.0,67.5,33.0,-37.0,39.5
2025-12-21,Sunday,12,51,Yes,Rainy,No,end,No,No,Tea,18.0,Hot Beverage,21,4,3,No,No,28.0,18.0,17.0,15.0,18.0,25.333333333333332,20.0,21.428571428571427,5.537749241945386,5.214097542893986,18.0,21.0,10.0,1.0,23.9
2025-12-21,Sunday,12,51,Yes,Rainy,No,end,No,No,Ulundu Wade,62.0,Snack,21,4,3,No,No,56.0,64.0,59.0,64.0,51.0,59.0,55.42857142857143,58.142857142857146,19.594702879920913,20.1870375121384,56.0,57.5,-8.0,5.0,58.699999999999996
2025-12-21,Sunday,12,51,Yes,Rainy,No,end,No,No,Vegitable Roti,12.0,Meal,21,4,3,No,No,21.0,12.0,16.0,12.0,11.0,19.666666666666668,18.714285714285715,19.071428571428573,6.750661343263235,5.635932599289691,16.0,18.5,9.0,-4.0,17.8
2025-12-21,Sunday,12,51,Yes,Rainy,No,end,No,No,Watter Bottle,8.0,Cold Beverage,21,4,3,No,No,3.0,8.0,3.0,9.0,7.0,4.333333333333333,4.857142857142857,5.214285714285714,2.035400978396429,2.4550911444328336,5.0,5.0,-5.0,5.0,4.499999999999999
2025-12-22,Monday,12,52,No,Rainy,No,end,No,No,Bread,0.0,Meal,22,4,4,No,No,2.0,0.5,1.0,0.5,1.0,1.3333333333333333,2.2142857142857144,2.0357142857142856,1.679710859472121,1.2929436556568488,2.0,1.75,1.5,-0.5,1.45
2025-12-22,Monday,12,52,No,Rainy,No,end,No,No,Breakfast,0.0,Meal,22,4,4,No,No,0.0,9.0,8.5,10.0,0.0,10.166666666666666,10.5,9.785714285714286,5.431390245600109,4.758451128556133,10.5,10.75,-9.0,0.5,3.55
2025-12-22,Monday,12,52,No,Rainy,No,end,No,No,Bulath vita,0.0,Other,22,4,4,No,No,3.0,17.0,19.0,20.0,0.0,17.333333333333332,15.571428571428571,16.0,10.014275524755362,10.517384875309292,17.0,16.5,-14.0,-2.0,8.799999999999999
2025-12-22,Monday,12,52,No,Rainy,No,end,No,No,Chicken Curry,0.0,Meal,22,4,4,No,No,2.0,2.0,2.0,2.0,0.0,1.3333333333333333,2.142857142857143,2.2857142857142856,1.214985792587912,1.3259870882635916,2.0,2.0,0.0,0.0,1.9999999999999998
2025-12-22,Monday,12,52,No,Rainy,No,end,No,No,Cigarette,0.0,Other,22,4,4,No,No,37.0,27.0,33.0,37.0,0.0,49.666666666666664,43.714285714285715,43.07142857142857,14.032275720807423,13.697075969340679,37.0,38.0,10.0,-6.0,33.599999999999994
2025-12-22,Monday,12,52,No,Rainy,No,end,No,No,Dal Curry,0.0,Meal,22,4,4,No,No,4.0,7.0,4.0,3.0,0.0,4.666666666666667,6.0,6.0,1.6329931618554345,1.9215378456610523,5.0,5.5,-3.0,3.0,4.9
2025-12-22,Monday,12,52,No,Rainy,No,end,No,No,Egg Rotti,0.0,Meal,22,4,4,No,No,54.0,39.0,44.0,40.0,0.0,62.666666666666664,55.714285714285715,52.142857142857146,15.074418570482067,12.489116140785192,54.0,53.0,15.0,-5.0,48.49999999999999
2025-12-22,Monday,12,52,No,Rainy,No,end,No,No,Hoppers,0.0,Meal,22,4,4,No,No,22.0,10.0,33.0,36.0,0.0,36.0,29.0,31.357142857142858,18.138357147217047,14.731479339037314,22.0,30.0,12.0,-23.0,19.5
2025-12-22,Monday,12,52,No,Rainy,No,end,No,No,Kahata,0.0,Hot Beverage,22,4,4,No,No,16.0,26.0,23.0,21.0,20.0,20.666666666666668,24.142857142857142,22.857142857142858,5.899959644736882,6.837196263619514,26.0,24.0,-10.0,3.0,19.7
2025-12-22,Monday,12,52,No,Rainy,No,end,No,No,Plain Tea,0.0,Hot Beverage,22,4,4,No,No,68.5,55.5,67.5,75.0,57.0,88.5,80.35714285714286,77.89285714285714,21.068764964820737,18.01834382749186,85.0,73.0,13.0,-12.0,64.5
2025-12-22,Monday,12,52,No,Rainy,No,end,No,No,Roast bread,0.0,Meal,22,4,4,No,No,13.0,13.0,12.0,13.0,0.0,14.666666666666666,16.142857142857142,17.0,5.550632739564354,5.505242256948574,13.0,17.5,0.0,1.0,12.899999999999999
2025-12-22,Monday,12,52,No,Rainy,No,end,No,No,Rolls,0.0,Snack,22,4,4,No,No,67.0,44.0,40.0,52.0,0.0,66.33333333333333,55.0,60.357142857142854,12.819256348686308,15.279987630165897,61.0,64.0,23.0,4.0,57.39999999999999
2025-12-22,Monday,12,52,No,Rainy,No,end,No,No,Roti,10.0,Meal,22,4,4,No,No,7.0,8.0,10.0,11.0,0.0,12.333333333333334,11.857142857142858,10.071428571428571,5.5506327395643655,5.581070833482737,9.0,8.5,-1.0,-2.0,7.6
2025-12-22,Monday,12,52,No,Rainy,No,end,No,No,Soft drinks,31.0,Cold Beverage,22,4,4,No,No,30.0,21.0,33.0,36.0,23.0,33.333333333333336,30.571428571428573,33.142857142857146,7.299706452023562,10.552849727094443,30.0,30.0,9.0,-12.0,27.6
2025-12-22,Monday,12,52,No,Rainy,No,end,No,No,String Hoppers,0.0,Meal,22,4,4,No,No,18.0,130.0,74.0,105.0,0.0,44.666666666666664,84.42857142857143,75.57142857142857,48.71980139141629,42.20410896093901,67.0,67.5,-112.0,56.0,57.199999999999996
2025-12-22,Monday,12,52,No,Rainy,No,end,No,No,Tea,0.0,Hot Beverage,22,4,4,No,No,18.0,14.0,18.0,19.0,10.0,24.0,20.0,21.5,5.537749241945386,5.155281086121589,18.0,21.0,4.0,-4.0,16.8
2025-12-22,Monday,12,52,No,Rainy,No,end,No,No,Ulundu Wade,0.0,Snack,22,4,4,No,No,62.0,66.0,52.0,63.0,0.0,51.333333333333336,55.142857142857146,58.357142857142854,19.463029666768833,20.212742145858,56.0,59.0,-4.0,14.0,62.2
2025-12-22,Monday,12,52,No,Rainy,No,end,No,No,Vegitable Roti,0.0,Meal,22,4,4,No,No,12.0,13.0,21.0,25.0,0.0,18.666666666666668,18.714285714285715,18.785714285714285,6.750661343263235,5.898873053109661,16.0,18.5,-1.0,-8.0,13.2
2025-12-22,Monday,12,52,No,Rainy,No,end,No,No,Watter Bottle,0.0,Cold Beverage,22,4,4,No,No,8.0,5.0,5.0,5.0,0.0,5.666666666666667,4.857142857142857,5.571428571428571,2.035400978396429,2.4718191903717597,5.0,5.0,3.0,0.0,6.8
2025-12-23,Tuesday,12,52,No,Cloudy,No,end,No,No,Bread,3.5,Meal,23,4,4,No,No,0.0,4.0,1.5,4.0,3.0,1.0,2.142857142857143,1.9642857142857142,1.7728105208558367,1.3793014635939913,2.0,1.75,-4.0,2.5,1.35
2025-12-23,Tuesday,12,52,No,Cloudy,No,end,No,No,Breakfast,10.0,Meal,23,4,4,No,No,0.0,10.5,12.5,11.5,12.0,5.666666666666667,9.214285714285714,9.178571428571429,6.750661343263235,5.429999089308404,10.5,10.75,-10.5,-2.0,4.4
2025-12-23,Tuesday,12,52,No,Cloudy,No,end,No,No,Bulath vita,10.0,Other,23,4,4,No,No,0.0,8.0,5.0,9.0,9.0,10.333333333333334,13.142857142857142,14.642857142857142,11.553189623484524,11.297427500624565,8.0,14.0,-8.0,3.0,2.9
2025-12-23,Tuesday,12,52,No,Cloudy,No,end,No,No,Chicken Curry,4.0,Meal,23,4,4,No,No,0.0,4.0,2.0,5.0,4.0,1.3333333333333333,1.8571428571428572,2.142857142857143,1.4638501094228,1.4600918230947433,2.0,2.0,-4.0,2.0,1.4
2025-12-23,Tuesday,12,52,No,Cloudy,No,end,No,No,Cigarette,34.0,Other,23,4,4,No,No,0.0,34.0,51.0,31.0,28.0,29.666666666666668,39.857142857142854,40.714285714285715,21.247969090625826,17.791218972500793,37.0,38.0,-34.0,-17.0,15.3
2025-12-23,Tuesday,12,52,No,Cloudy,No,end,No,No,Dal Curry,10.0,Meal,23,4,4,No,No,0.0,8.0,6.0,13.0,10.0,3.0,5.0,5.714285714285714,2.7080128015453084,2.462911704859533,5.0,5.5,-8.0,2.0,3.0
2025-12-23,Tuesday,12,52,No,Cloudy,No,end,No,No,Egg Rotti,53.0,Meal,23,4,4,No,No,0.0,59.0,57.0,72.0,63.0,44.666666666666664,50.142857142857146,49.0,25.725658860552503,18.691832852468345,54.0,53.0,-59.0,2.0,23.4
2025-12-23,Tuesday,12,52,No,Cloudy,No,end,No,No,Hoppers,15.0,Meal,23,4,4,No,No,0.0,13.0,32.0,14.0,13.0,20.666666666666668,27.571428571428573,29.0,20.164797237241125,16.925174695155683,22.0,26.5,-13.0,-19.0,7.1
2025-12-23,Tuesday,12,52,No,Cloudy,No,end,No,No,Kahata,28.0,Hot Beverage,23,4,4,No,No,0.0,30.0,33.0,27.0,24.0,10.666666666666666,20.428571428571427,21.214285714285715,10.737118528064887,9.166650016634891,25.0,22.5,-30.0,-3.0,12.3
2025-12-23,Tuesday,12,52,No,Cloudy,No,end,No,No,Plain Tea,84.0,Hot Beverage,23,4,4,No,No,0.0,89.5,74.0,95.0,105.0,51.166666666666664,72.42857142857143,73.07142857142857,36.6576828821151,27.532398497642145,85.0,73.0,-89.5,15.5,34.25
2025-12-23,Tuesday,12,52,No,Cloudy,No,end,No,No,Roast bread,21.0,Meal,23,4,4,No,No,0.0,24.0,10.0,20.0,19.0,7.333333333333333,14.285714285714286,16.142857142857142,8.280786712108243,7.058624216104422,13.0,17.5,-24.0,14.0,8.2
2025-12-23,Tuesday,12,52,No,Cloudy,No,end,No,No,Rolls,43.0,Snack,23,4,4,No,No,0.0,39.0,86.0,48.0,36.0,43.333333333333336,48.714285714285715,57.5,24.54053983183941,21.749447384668475,61.0,64.0,-39.0,-47.0,20.299999999999997
2025-12-23,Tuesday,12,52,No,Cloudy,No,end,No,No,Roti,8.0,Meal,23,4,4,No,No,10.0,7.0,3.0,7.0,7.0,12.666666666666666,12.142857142857142,10.071428571428571,5.367450401216933,5.581070833482737,10.0,8.5,3.0,4.0,8.4
2025-12-23,Tuesday,12,52,No,Cloudy,No,end,No,No,Soft drinks,33.0,Cold Beverage,23,4,4,No,No,31.0,28.0,43.0,34.0,26.0,29.0,32.0,33.0,5.972157622389651,10.568458151135747,30.0,30.0,3.0,-15.0,31.3
2025-12-23,Tuesday,12,52,No,Cloudy,No,end,No,No,String Hoppers,146.0,Meal,23,4,4,No,No,0.0,119.0,85.0,125.0,124.0,22.333333333333332,65.85714285714286,70.28571428571429,53.03906915795995,46.79978397620848,58.0,62.5,-119.0,34.0,44.199999999999996
2025-12-23,Tuesday,12,52,No,Cloudy,No,end,No,No,Tea,13.0,Hot Beverage,23,4,4,No,No,0.0,14.0,29.0,14.0,15.0,15.333333333333334,18.0,20.214285714285715,9.309493362512622,7.707923709539934,18.0,21.0,-14.0,-15.0,7.1000000000000005
2025-12-23,Tuesday,12,52,No,Cloudy,No,end,No,No,Ulundu Wade,66.0,Snack,23,4,4,No,No,0.0,55.0,66.0,62.0,55.0,39.333333333333336,45.714285714285715,54.642857142857146,27.60865978706853,25.545155021157033,55.0,59.0,-55.0,-11.0,23.1
2025-12-23,Tuesday,12,52,No,Cloudy,No,end,No,No,Vegitable Roti,27.0,Meal,23,4,4,No,No,0.0,31.0,21.0,24.0,20.0,11.0,16.857142857142858,17.285714285714285,9.719886340703294,7.69043933353987,16.0,16.5,-31.0,10.0,11.399999999999999
2025-12-23,Tuesday,12,52,No,Cloudy,No,end,No,No,Watter Bottle,2.0,Cold Beverage,23,4,4,No,No,0.0,2.0,8.0,3.0,2.0,3.6666666666666665,4.142857142857143,5.214285714285714,2.7342623276105886,2.887068553942706,4.0,5.0,-2.0,-6.0,1.4
2025-12-24,Wednesday,12,52,No,Rainy,No,end,Yes,No,Bread,2.0,Meal,24,4,4,No,No,3.5,2.0,3.0,3.5,2.0,1.8333333333333333,2.0714285714285716,2.107142857142857,1.69382632493642,1.4301502264900947,2.0,2.0,1.5,-1.0,3.0
2025-12-24,Wednesday,12,52,No,Rainy,No,end,Yes,No,Breakfast,10.5,Meal,24,4,4,No,No,10.0,14.0,11.5,12.0,14.0,3.3333333333333335,9.142857142857142,9.0,6.737422143732508,5.352928745448247,10.0,10.25,-4.0,2.5,11.35
2025-12-24,Wednesday,12,52,No,Rainy,No,end,Yes,No,Bulath vita,6.0,Other,24,4,4,No,No,10.0,6.0,16.0,16.0,6.0,4.333333333333333,13.428571428571429,15.0,11.4288690437439,11.045361017187263,10.0,14.0,4.0,-10.0,9.4
2025-12-24,Wednesday,12,52,No,Rainy,No,end,Yes,No,Chicken Curry,3.0,Meal,24,4,4,No,No,4.0,3.0,5.0,4.0,3.0,2.0,1.8571428571428572,2.2857142857142856,1.4638501094228,1.5406577730392863,2.0,2.0,1.0,-2.0,3.8
2025-12-24,Wednesday,12,52,No,Rainy,No,end,Yes,No,Cigarette,28.0,Other,24,4,4,No,No,34.0,34.0,31.0,24.0,31.0,23.666666666666668,39.857142857142854,39.5,21.247969090625826,17.61446084242235,37.0,35.5,0.0,3.0,33.699999999999996
2025-12-24,Wednesday,12,52,No,Rainy,No,end,Yes,No,Dal Curry,10.0,Meal,24,4,4,No,No,10.0,8.0,6.0,7.0,9.0,4.666666666666667,5.285714285714286,6.0,3.1471831698777626,2.7174648819470346,5.0,5.5,2.0,2.0,9.0
2025-12-24,Wednesday,12,52,No,Rainy,No,end,Yes,No,Egg Rotti,34.0,Meal,24,4,4,No,No,53.0,37.0,45.0,48.0,44.0,35.666666666666664,49.285714285714285,48.714285714285715,25.480151005009667,18.59043828435454,54.0,52.5,16.0,-8.0,47.4
2025-12-24,Wednesday,12,52,No,Rainy,No,end,Yes,No,Hoppers,16.0,Meal,24,4,4,No,No,15.0,16.0,25.0,26.0,20.0,12.333333333333334,27.857142857142858,27.785714285714285,19.93680492145595,17.2990821073906,22.0,23.5,-1.0,-9.0,16.3
2025-12-24,Wednesday,12,52,No,Rainy,No,end,Yes,No,Kahata,25.0,Hot Beverage,24,4,4,No,No,28.0,25.0,14.0,17.0,24.0,14.666666666666666,20.142857142857142,20.857142857142858,10.46308704332476,8.760550938568457,25.0,22.5,3.0,11.0,25.7
2025-12-24,Wednesday,12,52,No,Rainy,No,end,Yes,No,Plain Tea,56.0,Hot Beverage,24,4,4,No,No,84.0,56.5,72.0,86.5,50.5,50.833333333333336,71.64285714285714,73.78571428571429,36.28787020216981,27.687621703649373,84.0,78.0,27.5,-15.5,74.55
2025-12-24,Wednesday,12,52,No,Rainy,No,end,Yes,No,Roast bread,15.0,Meal,24,4,4,No,No,21.0,13.0,19.0,16.0,16.0,11.333333333333334,13.857142857142858,16.928571428571427,7.755182598937114,6.933356227068424,13.0,19.0,8.0,-6.0,18.4
2025-12-24,Wednesday,12,52,No,Rainy,No,end,Yes,No,Rolls,70.0,Snack,24,4,4,No,No,43.0,61.0,65.0,78.0,72.0,36.666666666666664,49.285714285714285,54.42857142857143,24.32224143806302,20.41008154249829,61.0,62.0,-18.0,-4.0,50.6
2025-12-24,Wednesday,12,52,No,Rainy,No,end,Yes,No,Roti,19.0,Meal,24,4,4,No,No,8.0,17.0,5.0,6.0,16.0,8.333333333333334,12.285714285714286,10.428571428571429,5.219012860502956,5.243520334136746,10.0,8.5,-9.0,12.0,10.399999999999999
2025-12-24,Wednesday,12,52,No,Rainy,No,end,Yes,No,Soft drinks,23.0,Cold Beverage,24,4,4,No,No,33.0,30.0,37.0,37.0,30.0,31.333333333333332,32.714285714285715,32.285714285714285,5.707138387268064,10.171064322407434,31.0,30.0,3.0,-7.0,32.5
2025-12-24,Wednesday,12,52,No,Rainy,No,end,Yes,No,String Hoppers,142.0,Meal,24,4,4,No,No,146.0,150.0,53.0,71.0,155.0,54.666666666666664,69.71428571428571,74.64285714285714,58.271531887976224,50.932243290408934,58.0,62.5,-4.0,97.0,137.9
2025-12-24,Wednesday,12,52,No,Rainy,No,end,Yes,No,Tea,16.0,Hot Beverage,24,4,4,No,No,13.0,18.0,26.0,28.0,18.0,10.333333333333334,17.857142857142858,19.071428571428573,9.388442743227282,7.4880857748444996,18.0,19.0,-5.0,-8.0,15.799999999999999
2025-12-24,Wednesday,12,52,No,Rainy,No,end,Yes,No,Ulundu Wade,32.0,Snack,24,4,4,No,No,66.0,26.0,88.0,84.0,31.0,42.666666666666664,47.285714285714285,54.642857142857146,28.5231735361167,25.545155021157033,56.0,59.0,40.0,-62.0,56.2
2025-12-24,Wednesday,12,52,No,Rainy,No,end,Yes,No,Vegitable Roti,19.0,Meal,24,4,4,No,No,27.0,16.0,17.0,23.0,20.0,13.0,16.285714285714285,17.714285714285715,8.826367424074409,8.071112509614592,16.0,16.5,11.0,-1.0,22.7
2025-12-24,Wednesday,12,52,No,Rainy,No,end,Yes,No,Watter Bottle,4.0,Cold Beverage,24,4,4,No,No,2.0,6.0,4.0,5.0,5.0,3.3333333333333335,4.142857142857143,4.785714285714286,2.7342623276105886,2.8870685539427066,4.0,4.5,-4.0,2.0,3.4
2025-12-25,Thursday,12,52,No,Cloudy,Yes,end,No,No,Bread,2.5,Meal,25,4,4,No,No,2.0,5.0,1.5,6.5,6.5,1.8333333333333333,2.0714285714285716,2.0357142857142856,1.69382632493642,1.4069099489290717,2.0,2.0,-3.0,3.5,2.85
2025-12-25,Thursday,12,52,No,Cloudy,Yes,end,No,No,Breakfast,20.5,Meal,25,4,4,No,No,10.5,9.5,8.5,12.5,13.0,6.833333333333333,8.642857142857142,8.928571428571429,6.4402011207873375,5.323594588307728,10.0,10.25,1.0,1.0,10.0
2025-12-25,Thursday,12,52,No,Cloudy,Yes,end,No,No,Bulath vita,25.0,Other,25,4,4,No,No,6.0,26.0,12.0,22.0,27.0,5.333333333333333,13.428571428571429,14.285714285714286,11.4288690437439,11.296211559828174,10.0,11.0,-20.0,14.0,12.599999999999998
2025-12-25,Thursday,12,52,No,Cloudy,Yes,end,No,No,Chicken Curry,4.0,Meal,25,4,4,No,No,3.0,2.0,4.0,3.0,2.0,2.3333333333333335,1.8571428571428572,2.142857142857143,1.4638501094228,1.3506205330054122,2.0,2.0,1.0,-2.0,2.8
2025-12-25,Thursday,12,52,No,Cloudy,Yes,end,No,No,Cigarette,37.0,Other,25,4,4,No,No,28.0,62.0,24.0,58.0,78.0,20.666666666666668,39.0,39.285714285714285,21.641010450839246,17.743595036946836,37.0,35.5,-34.0,38.0,37.8
2025-12-25,Thursday,12,52,No,Cloudy,Yes,end,No,No,Dal Curry,11.0,Meal,25,4,4,No,No,10.0,5.0,9.0,5.0,4.0,6.666666666666667,5.571428571428571,6.285714285714286,3.505098327538648,2.9201836461894914,5.0,6.0,5.0,-4.0,8.4
2025-12-25,Thursday,12,52,No,Cloudy,Yes,end,No,No,Egg Rotti,55.0,Meal,25,4,4,No,No,34.0,67.0,34.0,52.0,70.0,29.0,48.857142857142854,47.92857142857143,25.745087372342006,18.98770568112342,54.0,52.5,-33.0,33.0,43.9
2025-12-25,Thursday,12,52,No,Cloudy,Yes,end,No,No,Hoppers,14.0,Meal,25,4,4,No,No,16.0,56.0,28.0,53.0,66.0,10.333333333333334,27.857142857142858,27.142857142857142,19.93680492145595,17.57558246264114,22.0,21.0,-40.0,28.0,29.2
2025-12-25,Thursday,12,52,No,Cloudy,Yes,end,No,No,Kahata,38.0,Hot Beverage,25,4,4,No,No,25.0,26.0,13.0,29.0,30.0,17.666666666666668,20.142857142857142,21.642857142857142,10.46308704332476,8.589861133086739,25.0,25.0,-1.0,13.0,24.1
2025-12-25,Thursday,12,52,No,Cloudy,Yes,end,No,No,Plain Tea,89.5,Hot Beverage,25,4,4,No,No,56.0,95.5,63.0,111.5,109.5,46.666666666666664,71.57142857142857,72.64285714285714,36.323120014930545,28.09422919899591,84.0,76.25,-39.5,32.5,68.55
2025-12-25,Thursday,12,52,No,Cloudy,Yes,end,No,No,Roast bread,33.0,Meal,25,4,4,No,No,15.0,19.0,21.0,18.0,19.0,12.0,14.142857142857142,16.642857142857142,7.755182598937114,6.923840006785278,15.0,17.5,-4.0,-2.0,16.8
2025-12-25,Thursday,12,52,No,Cloudy,Yes,end,No,No,Rolls,48.0,Snack,25,4,4,No,No,70.0,42.0,47.0,46.0,48.0,37.666666666666664,50.57142857142857,54.785714285714285,25.264317016015205,20.65161037277751,63.0,62.0,28.0,-5.0,59.300000000000004
2025-12-25,Thursday,12,52,No,Cloudy,Yes,end,No,No,Roti,16.0,Meal,25,4,4,No,No,19.0,14.0,5.0,15.0,16.0,12.333333333333334,12.571428571428571,11.428571428571429,5.563486402641869,5.45913892497689,10.0,9.5,5.0,9.0,16.1
2025-12-25,Thursday,12,52,No,Cloudy,Yes,end,No,No,Soft drinks,34.0,Cold Beverage,25,4,4,No,No,23.0,35.0,24.0,35.0,34.0,29.0,31.714285714285715,31.285714285714285,6.775305299745693,10.358412199594262,31.0,29.0,-12.0,11.0,26.699999999999996
2025-12-25,Thursday,12,52,No,Cloudy,Yes,end,No,No,String Hoppers,159.0,Meal,25,4,4,No,No,142.0,58.0,130.0,50.0,66.0,96.0,68.57142857142857,81.0,56.485564949100485,53.5120403417629,58.0,67.5,84.0,-72.0,115.6
2025-12-25,Thursday,12,52,No,Cloudy,Yes,end,No,No,Tea,22.0,Hot Beverage,25,4,4,No,No,16.0,22.0,20.0,21.0,21.0,9.666666666666666,17.571428571428573,18.357142857142858,9.413769044280164,7.249478950582935,18.0,18.0,-6.0,2.0,18.2
2025-12-25,Thursday,12,52,No,Cloudy,Yes,end,No,No,Ulundu Wade,94.0,Snack,25,4,4,No,No,32.0,85.0,39.0,83.0,91.0,32.666666666666664,48.142857142857146,50.642857142857146,27.85934057264918,24.272831101260707,56.0,55.5,-53.0,46.0,48.6
2025-12-25,Thursday,12,52,No,Cloudy,Yes,end,No,No,Vegitable Roti,32.0,Meal,25,4,4,No,No,19.0,15.0,13.0,14.0,15.0,15.333333333333334,16.714285714285715,17.857142857142858,8.882835240212549,8.075196047700095,19.0,17.5,4.0,2.0,17.2
2025-12-25,Thursday,12,52,No,Cloudy,Yes,end,No,No,Watter Bottle,6.0,Cold Beverage,25,4,4,No,No,4.0,4.0,11.0,4.0,5.0,2.0,3.857142857142857,4.785714285714286,2.6095064302514777,2.8870685539427066,4.0,4.5,0.0,-7.0,4.699999999999999
2025-12-26,Friday,12,52,No,Hot,No,end,No,Yes,Bread,2.5,Meal,26,4,4,No,No,2.5,1.0,1.0,2.0,3.0,2.6666666666666665,1.7142857142857142,2.107142857142857,1.14953406710222,1.4029991423399346,2.0,2.0,1.5,0.0,1.9000000000000001
2025-12-26,Friday,12,52,No,Hot,No,end,No,Yes,Breakfast,9.0,Meal,26,4,4,No,No,20.5,13.5,11.5,16.0,8.0,13.666666666666666,10.214285714285714,9.785714285714286,7.867957924694432,6.15102957521461,10.5,10.5,7.0,2.0,17.499999999999996
2025-12-26,Friday,12,52,No,Hot,No,end,No,Yes,Bulath vita,10.0,Other,26,4,4,No,No,25.0,21.0,20.0,17.0,9.0,13.666666666666666,13.285714285714286,15.214285714285714,11.250396818398388,11.623441641974878,10.0,13.5,4.0,1.0,23.3
2025-12-26,Friday,12,52,No,Hot,No,end,No,Yes,Chicken Curry,1.0,Meal,26,4,4,No,No,4.0,0.0,1.0,1.0,1.0,3.6666666666666665,2.142857142857143,2.142857142857143,1.6761634196950517,1.3506205330054122,2.0,2.0,4.0,-1.0,2.5
2025-12-26,Friday,12,52,No,Hot,No,end,No,Yes,Cigarette,10.0,Other,26,4,4,No,No,37.0,60.0,56.0,50.0,8.0,33.0,35.42857142857143,40.214285714285715,19.1298818854791,17.214388308480917,37.0,37.0,-23.0,4.0,45.800000000000004
2025-12-26,Friday,12,52,No,Hot,No,end,No,Yes,Dal Curry,7.0,Meal,26,4,4,No,No,11.0,5.0,5.0,6.0,7.0,10.333333333333334,6.428571428571429,6.428571428571429,4.035556254807289,3.1061795904859837,5.0,6.0,6.0,0.0,8.6
2025-12-26,Friday,12,52,No,Hot,No,end,No,Yes,Egg Rotti,21.0,Meal,26,4,4,No,No,55.0,54.0,47.0,45.0,22.0,47.333333333333336,47.142857142857146,49.42857142857143,24.714560967363425,18.628820870709088,54.0,53.5,1.0,7.0,53.900000000000006
2025-12-26,Friday,12,52,No,Hot,No,end,No,Yes,Hoppers,28.0,Meal,26,4,4,No,No,14.0,46.0,48.0,37.0,29.0,15.0,21.857142857142858,26.142857142857142,15.983622570499781,17.91800616851509,16.0,18.0,-32.0,-2.0,27.0
2025-12-26,Friday,12,52,No,Hot,No,end,No,Yes,Kahata,7.0,Hot Beverage,26,4,4,No,No,38.0,30.0,31.0,22.0,7.0,30.333333333333332,21.857142857142858,23.428571428571427,12.388550781919186,9.229670264251755,25.0,25.5,8.0,-1.0,34.9
2025-12-26,Friday,12,52,No,Hot,No,end,No,Yes,Plain Tea,22.0,Hot Beverage,26,4,4,No,No,89.5,112.0,100.5,89.5,26.5,76.5,70.71428571428571,74.53571428571429,35.73030593074683,28.286626553165398,84.0,84.5,-22.5,11.5,97.35
2025-12-26,Friday,12,52,No,Hot,No,end,No,Yes,Roast bread,0.0,Meal,26,4,4,No,No,33.0,22.0,20.0,26.0,0.0,23.0,16.142857142857142,17.5,10.526610271570032,8.140591549097072,15.0,17.5,11.0,2.0,28.4
2025-12-26,Friday,12,52,No,Hot,No,end,No,Yes,Rolls,17.0,Snack,26,4,4,No,No,48.0,69.0,74.0,60.0,16.0,53.666666666666664,51.42857142857143,54.857142857142854,25.025701074809383,20.624321500661253,63.0,62.0,-21.0,-5.0,56.9
2025-12-26,Friday,12,52,No,Hot,No,end,No,Yes,Roti,4.0,Meal,26,4,4,No,No,16.0,9.0,10.0,26.0,3.0,14.333333333333334,12.857142857142858,12.214285714285714,5.698788509515903,5.250327043712049,10.0,10.0,7.0,-1.0,13.299999999999999
2025-12-26,Friday,12,52,No,Hot,No,end,No,Yes,Soft drinks,10.0,Cold Beverage,26,4,4,No,No,34.0,44.0,61.0,41.0,9.0,30.0,31.571428571428573,32.0,6.704653678780219,10.160254388093302,31.0,30.0,-10.0,-17.0,39.699999999999996
2025-12-26,Friday,12,52,No,Hot,No,end,No,Yes,String Hoppers,50.0,Meal,26,4,4,No,No,159.0,67.0,68.0,73.0,49.0,149.0,83.0,83.07142857142857,65.51335741663681,56.055555253027975,67.0,67.5,92.0,-1.0,122.29999999999998
2025-12-26,Friday,12,52,No,Hot,No,end,No,Yes,Tea,6.0,Hot Beverage,26,4,4,No,No,22.0,26.0,22.0,25.0,6.0,17.0,17.571428571428573,18.5,9.413769044280164,7.303845141167345,18.0,18.0,-4.0,4.0,23.2
2025-12-26,Friday,12,52,No,Hot,No,end,No,Yes,Ulundu Wade,14.0,Snack,26,4,4,No,No,94.0,36.0,33.0,98.0,12.0,64.0,49.42857142857143,54.57142857142857,29.971414953013376,26.584305044993634,56.0,59.0,58.0,3.0,70.5
2025-12-26,Friday,12,52,No,Hot,No,end,No,Yes,Vegitable Roti,6.0,Meal,26,4,4,No,No,32.0,23.0,28.0,32.0,8.0,26.0,19.142857142857142,19.214285714285715,10.510765456244872,8.763372826526513,21.0,19.5,9.0,-5.0,28.9
2025-12-26,Friday,12,52,No,Hot,No,end,No,Yes,Watter Bottle,1.0,Cold Beverage,26,4,4,No,No,6.0,6.0,5.0,1.0,1.0,4.0,4.142857142857143,4.428571428571429,2.7342623276105886,2.310986659558929,4.0,4.5,0.0,1.0,5.8999999999999995
2025-12-27,Saturday,12,52,Yes,Hot,No,end,No,No,Bread,2.0,Meal,27,4,4,No,No,2.5,1.0,3.0,2.5,2.5,2.3333333333333335,1.9285714285714286,2.2142857142857144,1.1338934190276817,1.3688047244316381,2.0,2.0,1.5,-2.0,2.1
2025-12-27,Saturday,12,52,Yes,Hot,No,end,No,No,Breakfast,17.0,Meal,27,4,4,No,No,9.0,17.0,11.0,10.5,10.5,13.333333333333334,9.571428571428571,9.607142857142858,7.737509135312709,6.133698129778864,10.0,10.25,-8.0,6.0,11.6
2025-12-27,Saturday,12,52,Yes,Hot,No,end,No,No,Bulath vita,26.0,Other,27,4,4,No,No,10.0,28.0,39.0,34.0,31.0,13.666666666666666,11.714285714285714,14.5,10.750415274370965,11.613983613929177,10.0,10.0,-18.0,-11.0,18.3
2025-12-27,Saturday,12,52,Yes,Hot,No,end,No,No,Chicken Curry,7.0,Meal,27,4,4,No,No,1.0,2.0,1.0,1.0,1.0,2.6666666666666665,2.2857142857142856,2.142857142857143,1.4960264830861913,1.3506205330054122,2.0,2.0,-1.0,1.0,1.3
2025-12-27,Saturday,12,52,Yes,Hot,No,end,No,No,Cigarette,35.0,Other,27,4,4,No,No,10.0,52.0,63.0,54.0,59.0,25.0,28.285714285714285,36.92857142857143,17.707948175083125,18.32385702475698,34.0,35.5,-42.0,-11.0,27.900000000000002
2025-12-27,Saturday,12,52,Yes,Hot,No,end,No,No,Dal Curry,8.0,Meal,27,4,4,No,No,7.0,5.0,9.0,9.0,8.0,9.333333333333334,6.714285714285714,6.571428571428571,3.9880774697542987,3.081315546078577,7.0,7.0,2.0,-4.0,6.6000000000000005
2025-12-27,Saturday,12,52,Yes,Hot,No,end,No,No,Egg Rotti,49.0,Meal,27,4,4,No,No,21.0,80.0,61.0,64.0,61.0,36.666666666666664,42.42857142857143,47.57142857142857,26.285973083612127,20.12543085334986,53.0,53.5,-59.0,19.0,42.7
2025-12-27,Saturday,12,52,Yes,Hot,No,end,No,No,Hoppers,42.0,Meal,27,4,4,No,No,28.0,40.0,50.0,46.0,43.0,19.333333333333332,19.285714285714285,24.714285714285715,12.526163095887,16.803976504792733,16.0,18.0,-12.0,-10.0,33.8
2025-12-27,Saturday,12,52,Yes,Hot,No,end,No,No,Kahata,21.0,Hot Beverage,27,4,4,No,No,7.0,16.0,20.0,26.0,28.0,23.333333333333332,18.571428571428573,21.714285714285715,12.908100077821201,9.918347965948074,16.0,25.0,-9.0,-4.0,11.0
2025-12-27,Saturday,12,52,Yes,Hot,No,end,No,No,Plain Tea,98.0,Hot Beverage,27,4,4,No,No,22.0,85.0,93.0,91.0,104.0,55.833333333333336,57.857142857142854,68.92857142857143,34.572043481347606,30.442162780020663,68.5,76.25,-63.0,-8.0,48.0
2025-12-27,Saturday,12,52,Yes,Hot,No,end,No,No,Roast bread,18.0,Meal,27,4,4,No,No,0.0,9.0,27.0,22.0,23.0,16.0,13.0,16.071428571428573,11.704699910719619,9.335328148937862,13.0,15.5,-9.0,-18.0,5.4
2025-12-27,Saturday,12,52,Yes,Hot,No,end,No,No,Rolls,51.0,Snack,27,4,4,No,No,17.0,63.0,77.0,71.0,71.0,45.0,44.0,50.785714285714285,26.608269391300176,22.126136898833806,48.0,54.5,-46.0,-14.0,36.8
2025-12-27,Saturday,12,52,Yes,Hot,No,end,No,No,Roti,9.0,Meal,27,4,4,No,No,4.0,21.0,19.0,21.0,19.0,13.0,12.142857142857142,11.785714285714286,6.517376042257381,5.672858069907859,10.0,9.5,-17.0,2.0,10.6
2025-12-27,Saturday,12,52,Yes,Hot,No,end,No,No,Soft drinks,11.0,Cold Beverage,27,4,4,No,No,10.0,26.0,28.0,31.0,29.0,22.333333333333332,26.714285714285715,28.357142857142858,8.320943169983524,7.840792177964034,30.0,29.0,-16.0,-2.0,16.6
2025-12-27,Saturday,12,52,Yes,Hot,No,end,No,No,String Hoppers,96.0,Meal,27,4,4,No,No,50.0,49.0,41.0,45.0,39.0,117.0,80.57142857142857,81.78571428571429,66.51279862516974,56.63130225947832,50.0,62.5,1.0,8.0,48.800000000000004
2025-12-27,Saturday,12,52,Yes,Hot,No,end,No,No,Tea,19.0,Hot Beverage,27,4,4,No,No,6.0,28.0,28.0,21.0,24.0,14.666666666666666,14.714285714285714,17.357142857142858,9.46421832860106,7.938292229219301,16.0,18.0,-22.0,0.0,14.8
2025-12-27,Saturday,12,52,Yes,Hot,No,end,No,No,Ulundu Wade,64.0,Snack,27,4,4,No,No,14.0,56.0,89.0,88.0,74.0,46.666666666666664,46.285714285714285,53.214285714285715,32.64819691659497,28.205778380784555,56.0,59.0,-42.0,-33.0,34.1
2025-12-27,Saturday,12,52,Yes,Hot,No,end,No,No,Vegitable Roti,14.0,Meal,27,4,4,No,No,6.0,21.0,20.0,21.0,18.0,19.0,16.714285714285715,17.642857142857142,11.397577019031804,9.035035591068146,19.0,17.5,-15.0,1.0,11.899999999999999
2025-12-27,Saturday,12,52,Yes,Hot,No,end,No,No,Watter Bottle,2.0,Cold Beverage,27,4,4,No,No,1.0,3.0,3.0,3.0,3.0,3.6666666666666665,3.4285714285714284,4.142857142857143,2.819996622760558,2.47626091756667,3.0,4.0,-2.0,0.0,1.8
2025-12-28,Sunday,12,52,Yes,Rainy,No,end,No,No,Bread,2.0,Meal,28,4,4,No,No,2.0,2.0,2.0,1.5,2.0,2.3333333333333335,2.0714285714285716,2.142857142857143,1.0578504710249077,1.350620533005412,2.0,2.0,0.0,0.0,1.9999999999999998
2025-12-28,Sunday,12,52,Yes,Rainy,No,end,No,No,Breakfast,8.0,Meal,28,4,4,No,No,17.0,0.0,0.0,13.0,0.0,15.5,9.571428571428571,10.035714285714286,7.737509135312709,6.440449953566567,10.0,10.25,17.0,0.0,10.2
2025-12-28,Sunday,12,52,Yes,Rainy,No,end,No,No,Bulath vita,4.0,Other,28,4,4,No,No,26.0,3.0,4.0,24.0,4.0,20.333333333333332,11.428571428571429,13.571428571428571,10.260882724488877,9.897274572125603,10.0,10.0,23.0,-1.0,16.9
2025-12-28,Sunday,12,52,Yes,Rainy,No,end,No,No,Chicken Curry,2.0,Meal,28,4,4,No,No,7.0,2.0,2.0,0.0,2.0,4.0,3.0,2.5714285714285716,2.309401076758503,1.8277470669267506,3.0,2.0,5.0,0.0,5.0
2025-12-28,Sunday,12,52,Yes,Rainy,No,end,No,No,Cigarette,38.0,Other,28,4,4,No,No,35.0,37.0,39.0,34.0,31.0,27.333333333333332,25.857142857142858,34.92857142857143,14.848440674905627,16.71693883329251,34.0,34.5,-2.0,-2.0,36.0
2025-12-28,Sunday,12,52,Yes,Rainy,No,end,No,No,Dal Curry,4.0,Meal,28,4,4,No,No,8.0,4.0,3.0,5.0,4.0,8.666666666666666,7.142857142857143,6.5,3.9339789623472092,3.031881873079444,8.0,7.0,4.0,1.0,6.3
2025-12-28,Sunday,12,52,Yes,Rainy,No,end,No,No,Egg Rotti,46.0,Meal,28,4,4,No,No,49.0,54.0,52.0,37.0,53.0,41.666666666666664,38.0,46.714285714285715,20.97617696340304,19.761767950450995,49.0,52.5,-5.0,2.0,50.8
2025-12-28,Sunday,12,52,Yes,Rainy,No,end,No,No,Hoppers,23.0,Meal,28,4,4,No,No,42.0,22.0,20.0,12.0,24.0,28.0,19.571428571428573,24.142857142857142,13.087616829878302,15.994504550756666,16.0,18.0,20.0,2.0,33.8
2025-12-28,Sunday,12,52,Yes,Rainy,No,end,No,No,Kahata,16.0,Hot Beverage,28,4,4,No,No,21.0,16.0,17.0,12.0,15.0,22.0,19.285714285714285,21.785714285714285,12.880402241574677,9.90864868089078,21.0,25.0,5.0,-1.0,19.099999999999998
2025-12-28,Sunday,12,52,Yes,Rainy,No,end,No,No,Plain Tea,79.0,Hot Beverage,28,4,4,No,No,98.0,68.5,58.0,56.0,61.0,69.83333333333333,59.714285714285715,69.28571428571429,36.564847808217316,30.773811472215677,68.5,76.25,29.5,10.5,85.14999999999999
2025-12-28,Sunday,12,52,Yes,Rainy,No,end,No,No,Roast bread,18.0,Meal,28,4,4,No,No,18.0,13.0,16.0,17.0,14.0,17.0,14.285714285714286,15.428571428571429,11.686377906410028,8.820555413475828,15.0,15.5,5.0,-3.0,16.3
2025-12-28,Sunday,12,52,Yes,Rainy,No,end,No,No,Rolls,70.0,Snack,28,4,4,No,No,51.0,67.0,71.0,59.0,90.0,38.666666666666664,42.285714285714285,48.92857142857143,25.54547765400817,20.808520021724426,48.0,49.5,-16.0,-4.0,57.8
2025-12-28,Sunday,12,52,Yes,Rainy,No,end,No,No,Roti,6.0,Meal,28,4,4,No,No,9.0,7.0,6.0,11.0,7.0,9.666666666666666,10.428571428571429,11.071428571428571,5.255382728122436,5.312746439015772,9.0,9.0,2.0,1.0,8.1
2025-12-28,Sunday,12,52,Yes,Rainy,No,end,No,No,Soft drinks,31.0,Cold Beverage,28,4,4,No,No,11.0,30.0,24.0,30.0,31.0,18.333333333333332,24.571428571428573,27.142857142857142,10.244626930854105,9.113448581900546,30.0,29.0,-19.0,6.0,18.0
2025-12-28,Sunday,12,52,Yes,Rainy,No,end,No,No,String Hoppers,22.0,Meal,28,4,4,No,No,96.0,18.0,16.0,53.0,19.0,101.66666666666667,87.28571428571429,85.71428571428571,65.15293364005002,55.48032024119842,96.0,81.5,78.0,2.0,64.6
2025-12-28,Sunday,12,52,Yes,Rainy,No,end,No,No,Tea,14.0,Hot Beverage,28,4,4,No,No,19.0,18.0,18.0,17.0,15.0,15.666666666666666,13.428571428571429,16.714285714285715,7.828519290754405,7.3529541047074485,16.0,18.0,1.0,0.0,18.6
2025-12-28,Sunday,12,52,Yes,Rainy,No,end,No,No,Ulundu Wade,65.0,Snack,28,4,4,No,No,64.0,62.0,64.0,59.0,64.0,57.333333333333336,47.42857142857143,51.42857142857143,33.18060248025012,26.506063996214678,62.0,59.0,2.0,-2.0,63.4
2025-12-28,Sunday,12,52,Yes,Rainy,No,end,No,No,Vegitable Roti,13.0,Meal,28,4,4,No,No,14.0,12.0,12.0,16.0,12.0,17.333333333333332,15.714285714285714,17.214285714285715,11.265201369916204,9.056901927672206,14.0,15.5,2.0,0.0,13.2
2025-12-28,Sunday,12,52,Yes,Rainy,No,end,No,No,Watter Bottle,10.0,Cold Beverage,28,4,4,No,No,2.0,8.0,8.0,3.0,9.0,3.0,3.2857142857142856,4.071428571428571,2.870208222079931,2.525692158423286,2.0,4.0,-6.0,0.0,4.3999999999999995
2025-12-29,Monday,12,1,No,Rainy,No,end,No,No,Bread,0.5,Meal,29,4,5,No,No,2.0,0.0,0.5,1.0,0.5,2.1666666666666665,2.0714285714285716,2.142857142857143,1.0578504710249077,1.350620533005412,2.0,2.0,2.0,-0.5,1.25
2025-12-29,Monday,12,1,No,Rainy,No,end,No,No,Breakfast,9.0,Meal,29,4,5,No,No,8.0,0.0,9.0,8.5,10.0,11.333333333333334,10.714285714285714,10.607142857142858,6.594550419709841,5.805099122683076,10.0,10.25,8.0,-9.0,5.7
2025-12-29,Monday,12,1,No,Rainy,No,end,No,No,Bulath vita,18.0,Other,29,4,5,No,No,4.0,0.0,17.0,19.0,20.0,13.333333333333334,11.571428571428571,13.571428571428571,10.130106002359875,9.897274572125603,10.0,10.0,4.0,-17.0,4.1
2025-12-29,Monday,12,1,No,Rainy,No,end,No,No,Chicken Curry,2.0,Meal,29,4,5,No,No,2.0,0.0,2.0,2.0,2.0,3.3333333333333335,3.0,2.5714285714285716,2.309401076758503,1.8277470669267506,3.0,2.0,2.0,-2.0,1.4
2025-12-29,Monday,12,1,No,Rainy,No,end,No,No,Cigarette,45.0,Other,29,4,5,No,No,38.0,0.0,27.0,33.0,37.0,27.666666666666668,26.0,34.857142857142854,14.977761292440693,16.700332299122017,34.0,34.5,38.0,-27.0,25.5
2025-12-29,Monday,12,1,No,Rainy,No,end,No,No,Dal Curry,4.0,Meal,29,4,5,No,No,4.0,0.0,7.0,4.0,3.0,6.333333333333333,7.142857142857143,6.571428571428571,3.9339789623472092,2.9538576007104256,8.0,7.0,4.0,-7.0,3.1
2025-12-29,Monday,12,1,No,Rainy,No,end,No,No,Egg Rotti,46.0,Meal,29,4,5,No,No,46.0,0.0,39.0,44.0,40.0,38.666666666666664,36.857142857142854,46.285714285714285,20.16125468506836,19.70329363887621,46.0,51.0,46.0,-39.0,31.5
2025-12-29,Monday,12,1,No,Rainy,No,end,No,No,Hoppers,36.0,Meal,29,4,5,No,No,23.0,0.0,10.0,33.0,36.0,31.0,19.714285714285715,24.357142857142858,13.123951205261879,15.954778126158475,16.0,19.0,23.0,-10.0,14.799999999999999
2025-12-29,Monday,12,1,No,Rainy,No,end,No,No,Kahata,26.0,Hot Beverage,29,4,5,No,No,16.0,0.0,26.0,23.0,21.0,14.666666666666666,19.285714285714285,21.714285714285715,12.880402241574677,9.94932213716145,21.0,25.0,16.0,-26.0,12.2
2025-12-29,Monday,12,1,No,Rainy,No,end,No,No,Plain Tea,64.5,Hot Beverage,29,4,5,No,No,79.0,0.0,55.5,67.5,75.0,66.33333333333333,61.214285714285715,70.78571428571429,37.195269796549326,30.693092611627367,79.0,81.5,79.0,-55.5,52.95
2025-12-29,Monday,12,1,No,Rainy,No,end,No,No,Roast bread,15.0,Meal,29,4,5,No,No,18.0,0.0,13.0,12.0,13.0,12.0,15.0,15.571428571428571,11.747340124470725,8.846679391937757,18.0,16.5,18.0,-13.0,12.1
2025-12-29,Monday,12,1,No,Rainy,No,end,No,No,Rolls,48.0,Snack,29,4,5,No,No,70.0,0.0,44.0,40.0,52.0,46.0,42.714285714285715,48.857142857142854,26.049403612586428,20.728490771648822,48.0,49.5,70.0,-44.0,46.4
2025-12-29,Monday,12,1,No,Rainy,No,end,No,No,Roti,13.0,Meal,29,4,5,No,No,6.0,10.0,8.0,10.0,11.0,6.333333333333333,10.285714285714286,11.071428571428571,5.37631490007439,5.312746439015772,9.0,9.0,-4.0,2.0,7.3999999999999995
2025-12-29,Monday,12,1,No,Rainy,No,end,No,No,Soft drinks,40.0,Cold Beverage,29,4,5,No,No,31.0,31.0,21.0,33.0,36.0,17.333333333333332,24.714285714285715,27.642857142857142,10.339475900874385,9.119776843230852,31.0,30.0,0.0,10.0,30.0
2025-12-29,Monday,12,1,No,Rainy,No,end,No,No,String Hoppers,87.0,Meal,29,4,5,No,No,22.0,0.0,130.0,74.0,105.0,56.0,87.85714285714286,86.14285714285714,64.45781196883372,54.92072208452572,96.0,81.5,22.0,-130.0,26.2
2025-12-29,Monday,12,1,No,Rainy,No,end,No,No,Tea,18.0,Hot Beverage,29,4,5,No,No,14.0,0.0,14.0,18.0,19.0,13.0,12.857142857142858,16.428571428571427,7.5813053279887095,7.376827395132848,14.0,17.0,14.0,-14.0,9.8
2025-12-29,Monday,12,1,No,Rainy,No,end,No,No,Ulundu Wade,63.0,Snack,29,4,5,No,No,65.0,0.0,66.0,52.0,63.0,47.666666666666664,47.857142857142854,51.5,33.41870021125184,26.543867899703734,64.0,59.0,65.0,-66.0,45.6
2025-12-29,Monday,12,1,No,Rainy,No,end,No,No,Vegitable Roti,25.0,Meal,29,4,5,No,No,13.0,0.0,13.0,21.0,25.0,11.0,15.857142857142858,17.285714285714285,11.216484467493538,9.016468449271217,14.0,15.5,13.0,-13.0,9.1
2025-12-29,Monday,12,1,No,Rainy,No,end,No,No,Watter Bottle,5.0,Cold Beverage,29,4,5,No,No,10.0,0.0,5.0,5.0,5.0,4.333333333333333,3.5714285714285716,4.214285714285714,3.4572215654165053,2.8059982846798692,2.0,4.0,10.0,-5.0,6.5
2025-12-30,Tuesday,12,1,No,Cloudy,No,end,No,No,Bread,4.0,Meal,30,4,5,No,No,0.5,3.5,4.0,1.5,4.0,1.5,2.142857142857143,2.142857142857143,0.8997354108424375,1.350620533005412,2.0,2.0,-3.0,-0.5,1.75
2025-12-30,Tuesday,12,1,No,Cloudy,No,end,No,No,Breakfast,11.0,Meal,30,4,5,No,No,9.0,10.0,10.5,12.5,11.5,11.333333333333334,12.0,10.607142857142858,4.78713553878169,5.805099122683076,10.0,10.25,-1.0,-0.5,9.45
2025-12-30,Tuesday,12,1,No,Cloudy,No,end,No,No,Bulath vita,9.0,Other,30,4,5,No,No,18.0,10.0,8.0,5.0,9.0,16.0,14.142857142857142,13.642857142857142,8.914941978285135,9.927484326602844,10.0,10.0,8.0,2.0,14.6
2025-12-30,Tuesday,12,1,No,Cloudy,No,end,No,No,Chicken Curry,5.0,Meal,30,4,5,No,No,2.0,4.0,4.0,2.0,5.0,3.6666666666666665,3.2857142857142856,2.5714285714285716,1.9760470401187071,1.8277470669267506,3.0,2.0,-2.0,0.0,2.8
2025-12-30,Tuesday,12,1,No,Cloudy,No,end,No,No,Cigarette,37.0,Other,30,4,5,No,No,45.0,34.0,34.0,51.0,31.0,39.333333333333336,32.42857142857143,36.142857142857146,11.118410300895016,16.74173570110679,35.0,36.0,11.0,0.0,40.6
2025-12-30,Tuesday,12,1,No,Cloudy,No,end,No,No,Dal Curry,11.0,Meal,30,4,5,No,No,4.0,10.0,8.0,6.0,13.0,5.333333333333333,7.714285714285714,6.357142857142857,2.8702082220799223,3.0282552188231584,8.0,6.0,-6.0,2.0,6.2
2025-12-30,Tuesday,12,1,No,Cloudy,No,end,No,No,Egg Rotti,72.0,Meal,30,4,5,No,No,46.0,53.0,59.0,57.0,72.0,47.0,43.42857142857143,46.785714285714285,11.984116472191342,19.59269318837066,46.0,51.0,-7.0,-6.0,49.4
2025-12-30,Tuesday,12,1,No,Cloudy,No,end,No,No,Hoppers,13.0,Meal,30,4,5,No,No,36.0,15.0,13.0,32.0,14.0,33.666666666666664,24.857142857142858,26.214285714285715,10.991338581334098,15.665633977343138,23.0,22.5,21.0,2.0,27.4
2025-12-30,Tuesday,12,1,No,Cloudy,No,end,No,No,Kahata,28.0,Hot Beverage,30,4,5,No,No,26.0,28.0,30.0,33.0,27.0,21.0,23.0,21.714285714285715,9.763879010584539,9.94932213716145,25.0,25.0,-2.0,-2.0,27.0
2025-12-30,Tuesday,12,1,No,Cloudy,No,end,No,No,Plain Tea,94.0,Hot Beverage,30,4,5,No,No,64.5,84.0,89.5,74.0,95.0,80.5,70.42857142857143,71.42857142857143,25.723576363958045,30.4415310585196,79.0,81.5,-19.5,-5.5,72.85
2025-12-30,Tuesday,12,1,No,Cloudy,No,end,No,No,Roast bread,24.0,Meal,30,4,5,No,No,15.0,21.0,24.0,10.0,20.0,17.0,17.142857142857142,15.714285714285714,9.754120008635173,8.818063379123656,18.0,16.5,-6.0,-3.0,17.700000000000003
2025-12-30,Tuesday,12,1,No,Cloudy,No,end,No,No,Rolls,54.0,Snack,30,4,5,No,No,48.0,43.0,39.0,86.0,48.0,56.333333333333336,49.57142857142857,49.142857142857146,18.007934759036523,20.683911037910036,48.0,49.5,5.0,4.0,45.599999999999994
2025-12-30,Tuesday,12,1,No,Cloudy,No,end,No,No,Roti,8.0,Meal,30,4,5,No,No,13.0,8.0,7.0,3.0,7.0,9.333333333333334,10.714285714285714,11.428571428571429,5.468524655221177,5.258169990438849,9.0,9.5,5.0,1.0,10.899999999999999
2025-12-30,Tuesday,12,1,No,Cloudy,No,end,No,No,Soft drinks,28.0,Cold Beverage,30,4,5,No,No,40.0,33.0,28.0,43.0,34.0,27.333333333333332,26.0,29.0,11.71893055416464,9.462476501342634,31.0,30.5,7.0,5.0,36.699999999999996
2025-12-30,Tuesday,12,1,No,Cloudy,No,end,No,No,String Hoppers,125.0,Meal,30,4,5,No,No,87.0,146.0,119.0,85.0,125.0,68.33333333333333,100.28571428571429,83.07142857142857,51.84822171722087,53.462372513060735,96.0,77.0,-59.0,27.0,107.9
2025-12-30,Tuesday,12,1,No,Cloudy,No,end,No,No,Tea,14.0,Hot Beverage,30,4,5,No,No,18.0,13.0,14.0,29.0,14.0,17.0,15.428571428571429,16.714285714285715,5.159365040297819,7.352954104707448,16.0,18.0,5.0,-1.0,16.099999999999998
2025-12-30,Tuesday,12,1,No,Cloudy,No,end,No,No,Ulundu Wade,58.0,Snack,30,4,5,No,No,63.0,66.0,55.0,66.0,62.0,64.0,56.857142857142854,51.285714285714285,26.053973282582522,26.42967030682509,64.0,59.0,-3.0,11.0,63.099999999999994
2025-12-30,Tuesday,12,1,No,Cloudy,No,end,No,No,Vegitable Roti,24.0,Meal,30,4,5,No,No,25.0,27.0,31.0,21.0,24.0,17.333333333333332,19.428571428571427,18.142857142857142,9.107819769427863,9.147148718061256,19.0,17.5,-2.0,-4.0,26.200000000000003
2025-12-30,Tuesday,12,1,No,Cloudy,No,end,No,No,Watter Bottle,2.0,Cold Beverage,30,4,5,No,No,5.0,2.0,2.0,8.0,3.0,5.666666666666667,4.285714285714286,4.214285714285714,3.093772546815387,2.8059982846798692,4.0,4.0,3.0,0.0,3.8000000000000003
2025-12-31,Wednesday,12,1,No,Rainy,No,end,Yes,No,Bread,1.5,Meal,31,4,5,No,Yes,4.0,2.0,2.0,3.0,3.5,2.1666666666666665,2.2142857142857144,2.142857142857143,1.0350983390135313,1.350620533005412,2.0,2.0,2.0,0.0,3.2
2025-12-31,Wednesday,12,1,No,Rainy,No,end,Yes,No,Breakfast,9.5,Meal,31,4,5,No,Yes,11.0,10.5,14.0,11.5,12.0,9.333333333333334,12.142857142857142,10.642857142857142,4.732109164300538,5.80592724797609,10.5,10.25,0.5,-3.5,11.15
2025-12-31,Wednesday,12,1,No,Rainy,No,end,Yes,No,Bulath vita,14.0,Other,31,4,5,No,Yes,9.0,6.0,6.0,16.0,16.0,10.333333333333334,14.0,13.714285714285714,9.0,9.88727676148705,10.0,10.0,3.0,0.0,7.799999999999999
2025-12-31,Wednesday,12,1,No,Rainy,No,end,Yes,No,Chicken Curry,3.0,Meal,31,4,5,No,Yes,5.0,3.0,3.0,5.0,4.0,3.0,3.4285714285714284,2.642857142857143,2.070196678027062,1.9057460827371864,3.0,2.0,2.0,0.0,4.2
2025-12-31,Wednesday,12,1,No,Rainy,No,end,Yes,No,Cigarette,39.0,Other,31,4,5,No,Yes,37.0,28.0,34.0,31.0,24.0,40.0,32.857142857142854,36.357142857142854,11.246163366952803,16.73139445591908,37.0,37.0,9.0,-6.0,34.0
2025-12-31,Wednesday,12,1,No,Rainy,No,end,Yes,No,Dal Curry,7.0,Meal,31,4,5,No,Yes,11.0,10.0,8.0,6.0,7.0,6.333333333333333,7.857142857142857,6.571428571428571,3.0237157840738096,3.25137333621173,8.0,6.0,1.0,2.0,10.4
2025-12-31,Wednesday,12,1,No,Rainy,No,end,Yes,No,Egg Rotti,54.0,Meal,31,4,5,No,Yes,72.0,34.0,37.0,45.0,48.0,54.666666666666664,46.142857142857146,47.714285714285715,15.994046511421804,20.503015055684514,46.0,51.0,38.0,-3.0,57.099999999999994
2025-12-31,Wednesday,12,1,No,Rainy,No,end,Yes,No,Hoppers,25.0,Meal,31,4,5,No,Yes,13.0,16.0,16.0,25.0,26.0,24.0,24.571428571428573,26.214285714285715,11.311603818750928,15.665633977343138,23.0,22.5,-3.0,0.0,14.2
2025-12-31,Wednesday,12,1,No,Rainy,No,end,Yes,No,Kahata,28.0,Hot Beverage,31,4,5,No,Yes,28.0,25.0,25.0,14.0,17.0,23.333333333333332,23.0,21.571428571428573,9.763879010584539,9.834900849793792,25.0,25.0,3.0,0.0,26.8
2025-12-31,Wednesday,12,1,No,Rainy,No,end,Yes,No,Plain Tea,97.0,Hot Beverage,31,4,5,No,Yes,94.0,56.0,56.5,72.0,86.5,79.16666666666667,71.85714285714286,71.75,26.85565472067644,30.669923879416967,79.0,81.5,38.0,-0.5,78.85000000000001
2025-12-31,Wednesday,12,1,No,Rainy,No,end,Yes,No,Roast bread,23.0,Meal,31,4,5,No,Yes,24.0,15.0,13.0,19.0,16.0,19.0,17.571428571428573,15.714285714285714,10.014275524755357,8.818063379123656,18.0,16.5,9.0,2.0,20.2
2025-12-31,Wednesday,12,1,No,Rainy,No,end,Yes,No,Rolls,50.0,Snack,31,4,5,No,Yes,54.0,70.0,61.0,65.0,78.0,57.333333333333336,51.142857142857146,50.214285714285715,17.81786155733038,20.50582870768728,51.0,52.5,-16.0,9.0,59.5
2025-12-31,Wednesday,12,1,No,Rainy,No,end,Yes,No,Roti,19.0,Meal,31,4,5,No,Yes,8.0,19.0,17.0,5.0,6.0,9.0,10.714285714285714,11.5,5.468524655221177,5.199852068901727,9.0,9.5,-11.0,2.0,12.2
2025-12-31,Wednesday,12,1,No,Rainy,No,end,Yes,No,Soft drinks,45.0,Cold Beverage,31,4,5,No,Yes,28.0,23.0,30.0,37.0,37.0,33.0,25.285714285714285,29.0,11.368293418015542,9.462476501342634,28.0,30.5,5.0,-7.0,26.7
2025-12-31,Wednesday,12,1,No,Rainy,No,end,Yes,No,String Hoppers,114.0,Meal,31,4,5,No,Yes,125.0,142.0,150.0,53.0,71.0,78.0,97.28571428571429,83.5,49.30758658906451,53.79555314764907,96.0,77.0,-17.0,-8.0,132.6
2025-12-31,Wednesday,12,1,No,Rainy,No,end,Yes,No,Tea,17.0,Hot Beverage,31,4,5,No,Yes,14.0,16.0,18.0,26.0,28.0,15.333333333333334,15.571428571428571,16.714285714285715,5.094347941825396,7.352954104707448,16.0,18.0,-2.0,-2.0,15.0
2025-12-31,Wednesday,12,1,No,Rainy,No,end,Yes,No,Ulundu Wade,55.0,Snack,31,4,5,No,Yes,58.0,32.0,26.0,88.0,84.0,62.0,55.714285714285715,51.5,25.759880212676233,26.47422549168558,63.0,60.0,26.0,6.0,47.0
2025-12-31,Wednesday,12,1,No,Rainy,No,end,Yes,No,Vegitable Roti,23.0,Meal,31,4,5,No,Yes,24.0,19.0,16.0,17.0,23.0,20.666666666666668,19.0,17.642857142857142,8.755950357709134,8.562953685742778,19.0,17.5,5.0,3.0,21.7
2025-12-31,Wednesday,12,1,No,Rainy,No,end,Yes,No,Watter Bottle,10.0,Cold Beverage,31,4,5,No,Yes,2.0,4.0,6.0,4.0,5.0,5.666666666666667,4.285714285714286,4.214285714285714,3.093772546815387,2.8059982846798692,4.0,4.0,-2.0,-2.0,3.0
2026-01-01,Thursday,1,1,No,Hot,Yes,start,No,No,Bread,2.5,Meal,1,1,1,Yes,No,1.5,2.5,5.0,1.5,6.5,2.0,2.142857142857143,2.107142857142857,1.0690449676496976,1.361257498793662,2.0,2.0,-1.0,-2.5,2.15
2026-01-01,Thursday,1,1,No,Hot,Yes,start,No,No,Breakfast,15.5,Meal,1,1,1,Yes,No,9.5,20.5,9.5,8.5,12.5,9.833333333333334,12.0,10.321428571428571,4.804511768466524,5.729838039250669,9.5,9.75,-11.0,11.0,12.799999999999999
2026-01-01,Thursday,1,1,No,Hot,Yes,start,No,No,Bulath vita,16.0,Other,1,1,1,Yes,No,14.0,25.0,26.0,12.0,22.0,13.666666666666666,15.142857142857142,14.285714285714286,8.295150620062534,9.63510066554392,14.0,12.0,-11.0,-1.0,18.5
2026-01-01,Thursday,1,1,No,Hot,Yes,start,No,No,Chicken Curry,7.0,Meal,1,1,1,Yes,No,3.0,4.0,2.0,4.0,3.0,3.3333333333333335,3.4285714285714284,2.642857142857143,2.070196678027062,1.9057460827371864,3.0,2.0,-1.0,2.0,3.2
2026-01-01,Thursday,1,1,No,Hot,Yes,start,No,No,Cigarette,35.0,Other,1,1,1,Yes,No,39.0,37.0,62.0,24.0,58.0,40.333333333333336,34.42857142857143,36.714285714285715,11.22285083890816,16.730573448393432,37.0,37.0,2.0,-25.0,40.7
2026-01-01,Thursday,1,1,No,Hot,Yes,start,No,No,Dal Curry,12.0,Meal,1,1,1,Yes,No,7.0,11.0,5.0,9.0,5.0,7.333333333333333,7.428571428571429,6.5,2.8784916685156894,3.228479041758975,7.0,6.0,-4.0,6.0,8.0
2026-01-01,Thursday,1,1,No,Hot,Yes,start,No,No,Egg Rotti,41.0,Meal,1,1,1,Yes,No,54.0,55.0,67.0,34.0,52.0,57.333333333333336,49.0,48.92857142857143,15.231546211727817,20.322266248981805,49.0,53.5,-1.0,-12.0,55.6
2026-01-01,Thursday,1,1,No,Hot,Yes,start,No,No,Hoppers,12.0,Meal,1,1,1,Yes,No,25.0,14.0,56.0,28.0,53.0,24.666666666666668,25.857142857142858,26.857142857142858,10.668154658117938,15.396588747347412,25.0,24.0,11.0,-42.0,24.8
2026-01-01,Thursday,1,1,No,Hot,Yes,start,No,No,Kahata,36.0,Hot Beverage,1,1,1,Yes,No,28.0,38.0,26.0,13.0,29.0,27.333333333333332,23.428571428571427,21.785714285714285,9.93071234197465,9.947389077066875,26.0,25.5,-10.0,12.0,30.800000000000004
2026-01-01,Thursday,1,1,No,Hot,Yes,start,No,No,Plain Tea,90.5,Hot Beverage,1,1,1,Yes,No,97.0,89.5,95.5,63.0,111.5,85.16666666666667,77.71428571428571,74.64285714285714,27.288363122487997,31.028788475957523,89.5,84.5,7.5,-6.0,94.6
2026-01-01,Thursday,1,1,No,Hot,Yes,start,No,No,Roast bread,21.0,Meal,1,1,1,Yes,No,23.0,33.0,19.0,21.0,18.0,20.666666666666668,18.714285714285715,16.428571428571427,10.127755357009196,8.984724521390438,18.0,18.0,-10.0,14.0,25.599999999999998
2026-01-01,Thursday,1,1,No,Hot,Yes,start,No,No,Rolls,48.0,Snack,1,1,1,Yes,No,50.0,48.0,42.0,47.0,46.0,50.666666666666664,48.285714285714285,49.42857142857143,15.776715814920529,20.270153449816842,50.0,50.5,2.0,6.0,48.6
2026-01-01,Thursday,1,1,No,Hot,Yes,start,No,No,Roti,5.0,Meal,1,1,1,Yes,No,19.0,16.0,14.0,5.0,15.0,13.333333333333334,10.714285714285714,11.642857142857142,5.468524655221177,5.386695045803461,9.0,9.5,3.0,2.0,17.599999999999998
2026-01-01,Thursday,1,1,No,Hot,Yes,start,No,No,Soft drinks,22.0,Cold Beverage,1,1,1,Yes,No,45.0,34.0,35.0,24.0,35.0,37.666666666666664,28.428571428571427,30.071428571428573,13.476611132589968,10.388338770832533,31.0,31.0,11.0,-1.0,40.7
2026-01-01,Thursday,1,1,No,Hot,Yes,start,No,No,String Hoppers,127.0,Meal,1,1,1,Yes,No,114.0,159.0,58.0,130.0,50.0,108.66666666666667,93.28571428571429,80.92857142857143,46.10753476282116,51.168596567868384,96.0,77.0,-45.0,101.0,121.89999999999999
2026-01-01,Thursday,1,1,No,Hot,Yes,start,No,No,Tea,19.0,Hot Beverage,1,1,1,Yes,No,17.0,22.0,22.0,20.0,21.0,16.333333333333332,15.714285714285714,16.642857142857142,5.122313465427018,7.3443556858012045,17.0,17.5,-5.0,0.0,18.999999999999996
2026-01-01,Thursday,1,1,No,Hot,Yes,start,No,No,Ulundu Wade,82.0,Snack,1,1,1,Yes,No,55.0,94.0,85.0,39.0,83.0,58.666666666666664,59.0,53.57142857142857,23.607908279501032,25.439866611026336,63.0,60.0,-39.0,9.0,69.7
2026-01-01,Thursday,1,1,No,Hot,Yes,start,No,No,Vegitable Roti,24.0,Meal,1,1,1,Yes,No,23.0,32.0,15.0,13.0,14.0,24.0,19.571428571428573,18.142857142857142,8.885515232803385,8.663425711284484,23.0,20.0,-9.0,17.0,24.9
2026-01-01,Thursday,1,1,No,Hot,Yes,start,No,No,Watter Bottle,1.0,Cold Beverage,1,1,1,Yes,No,10.0,6.0,4.0,11.0,4.0,5.666666666666667,5.142857142857143,4.5,3.7606990231680517,3.1804692445273877,5.0,4.0,4.0,2.0,8.2
2026-01-02,Friday,1,1,No,Hot,No,start,No,Yes,Bread,2.0,Meal,2,1,1,No,No,2.5,2.5,1.0,1.0,2.0,2.6666666666666665,2.142857142857143,1.9285714285714286,1.0690449676496976,1.0894095588038437,2.0,2.0,0.0,1.5,2.35
2026-01-02,Friday,1,1,No,Hot,No,start,No,Yes,Breakfast,17.0,Meal,2,1,1,No,No,15.5,9.0,13.5,11.5,16.0,12.0,11.285714285714286,10.75,3.5338499173133027,5.885934995328336,9.5,10.25,6.5,-4.5,13.349999999999998
2026-01-02,Friday,1,1,No,Hot,No,start,No,Yes,Bulath vita,15.0,Other,2,1,1,No,No,16.0,10.0,21.0,20.0,17.0,13.0,13.857142857142858,13.571428571428571,7.128079952520442,9.052957746286241,14.0,12.0,6.0,-11.0,14.7
2026-01-02,Friday,1,1,No,Hot,No,start,No,Yes,Chicken Curry,1.0,Meal,2,1,1,No,No,7.0,1.0,0.0,1.0,1.0,5.0,3.857142857142857,3.0,2.4784787961282104,2.218800784900916,3.0,2.5,6.0,1.0,4.5
2026-01-02,Friday,1,1,No,Hot,No,start,No,Yes,Cigarette,50.0,Other,2,1,1,No,No,35.0,10.0,60.0,56.0,50.0,37.0,34.142857142857146,34.785714285714285,11.17181828573686,15.064878009813045,37.0,37.0,25.0,-50.0,30.0
2026-01-02,Friday,1,1,No,Hot,No,start,No,Yes,Dal Curry,6.0,Meal,2,1,1,No,No,12.0,7.0,5.0,5.0,6.0,10.0,7.571428571428571,7.0,3.101458950082617,3.508232077228121,7.0,7.0,5.0,2.0,9.799999999999999
2026-01-02,Friday,1,1,No,Hot,No,start,No,Yes,Egg Rotti,62.0,Meal,2,1,1,No,No,41.0,21.0,54.0,47.0,45.0,55.666666666666664,47.0,47.07142857142857,15.231546211727819,19.722943631580584,46.0,51.0,20.0,-33.0,36.3
2026-01-02,Friday,1,1,No,Hot,No,start,No,Yes,Hoppers,28.0,Meal,2,1,1,No,No,12.0,28.0,46.0,48.0,37.0,16.666666666666668,25.571428571428573,23.714285714285715,11.058287131636343,13.34413481893577,25.0,22.5,-16.0,-18.0,20.2
2026-01-02,Friday,1,1,No,Hot,No,start,No,Yes,Kahata,28.0,Hot Beverage,2,1,1,No,No,36.0,7.0,30.0,31.0,22.0,30.666666666666668,23.142857142857142,22.5,9.459185508075759,10.610227286770202,26.0,25.5,29.0,-23.0,26.7
2026-01-02,Friday,1,1,No,Hot,No,start,No,Yes,Plain Tea,107.5,Hot Beverage,2,1,1,No,No,90.5,22.0,112.0,100.5,89.5,93.83333333333333,77.85714285714286,74.28571428571429,27.362861518419294,30.798173201140884,90.5,84.5,68.5,-90.0,72.1
2026-01-02,Friday,1,1,No,Hot,No,start,No,Yes,Roast bread,31.0,Meal,2,1,1,No,No,21.0,0.0,22.0,20.0,26.0,22.666666666666668,17.0,16.571428571428573,8.124038404635952,9.044456744448377,18.0,18.0,21.0,-22.0,14.8
2026-01-02,Friday,1,1,No,Hot,No,start,No,Yes,Rolls,64.0,Snack,2,1,1,No,No,48.0,17.0,69.0,74.0,60.0,50.666666666666664,48.285714285714285,49.857142857142854,15.776715814920529,20.164161440372553,50.0,50.5,31.0,-52.0,40.8
2026-01-02,Friday,1,1,No,Hot,No,start,No,Yes,Roti,24.0,Meal,2,1,1,No,No,5.0,4.0,9.0,10.0,26.0,10.666666666666666,9.142857142857142,11.0,5.2734735999646185,5.615911461059689,8.0,9.0,1.0,-5.0,5.1000000000000005
2026-01-02,Friday,1,1,No,Hot,No,start,No,Yes,Soft drinks,35.0,Cold Beverage,2,1,1,No,No,22.0,10.0,44.0,61.0,41.0,31.666666666666668,26.714285714285715,29.142857142857142,13.412858081138493,10.494373165266618,28.0,30.5,12.0,-34.0,20.6
2026-01-02,Friday,1,1,No,Hot,No,start,No,Yes,String Hoppers,68.0,Meal,2,1,1,No,No,127.0,50.0,67.0,68.0,73.0,122.0,88.71428571428571,85.85714285714286,39.638845785896635,52.10471282812233,96.0,91.5,77.0,-17.0,97.9
2026-01-02,Friday,1,1,No,Hot,No,start,No,Yes,Tea,24.0,Hot Beverage,2,1,1,No,No,19.0,6.0,26.0,22.0,25.0,16.666666666666668,15.285714285714286,16.428571428571427,4.608480795022902,7.218718037843711,17.0,17.5,13.0,-20.0,15.799999999999999
2026-01-02,Friday,1,1,No,Hot,No,start,No,Yes,Ulundu Wade,85.0,Snack,2,1,1,No,No,82.0,14.0,36.0,33.0,98.0,65.0,57.285714285714285,53.357142857142854,20.92617408664952,25.165932842320295,63.0,60.0,68.0,-22.0,57.0
2026-01-02,Friday,1,1,No,Hot,No,start,No,Yes,Vegitable Roti,34.0,Meal,2,1,1,No,No,24.0,6.0,23.0,28.0,32.0,23.666666666666668,18.428571428571427,18.785714285714285,7.412987316351013,8.745799619760962,23.0,22.0,18.0,-17.0,18.5
2026-01-02,Friday,1,1,No,Hot,No,start,No,Yes,Watter Bottle,1.0,Cold Beverage,2,1,1,No,No,1.0,1.0,6.0,5.0,1.0,4.333333333333333,4.428571428571429,4.285714285714286,4.035556254807295,3.314967720658979,2.0,3.5,0.0,-5.0,1.5
2026-01-03,Saturday,1,1,Yes,Hot,No,start,No,No,Bread,1.0,Meal,3,1,1,No,No,2.0,2.0,1.0,3.0,2.5,2.0,2.0714285714285716,2.0,1.0578504710249075,1.0561177090573826,2.0,2.0,0.0,1.0,1.9
2026-01-03,Saturday,1,1,Yes,Hot,No,start,No,No,Breakfast,18.0,Meal,3,1,1,No,No,17.0,17.0,17.0,11.0,10.5,14.0,12.428571428571429,11.0,3.941537046091826,6.08276253029822,11.0,10.25,0.0,0.0,17.0
2026-01-03,Saturday,1,1,Yes,Hot,No,start,No,No,Bulath vita,27.0,Other,3,1,1,No,No,15.0,26.0,28.0,39.0,34.0,15.0,14.571428571428571,13.142857142857142,6.924765768773769,8.813077196435406,15.0,12.0,-11.0,-2.0,19.6
2026-01-03,Saturday,1,1,Yes,Hot,No,start,No,No,Chicken Curry,2.0,Meal,3,1,1,No,No,1.0,7.0,2.0,1.0,1.0,3.6666666666666665,3.857142857142857,3.0714285714285716,2.47847879612821,2.1290765681316,3.0,2.5,-6.0,5.0,2.9000000000000004
2026-01-03,Saturday,1,1,Yes,Hot,No,start,No,No,Cigarette,57.0,Other,3,1,1,No,No,50.0,35.0,52.0,63.0,54.0,41.333333333333336,39.857142857142854,34.07142857142857,5.610364558225302,13.975056271879444,38.0,37.0,15.0,-17.0,45.7
2026-01-03,Saturday,1,1,Yes,Hot,No,start,No,No,Dal Curry,6.0,Meal,3,1,1,No,No,6.0,8.0,5.0,9.0,9.0,8.333333333333334,7.428571428571429,7.071428571428571,3.154739442867018,3.4743961448615215,7.0,7.0,-2.0,3.0,6.5
2026-01-03,Saturday,1,1,Yes,Hot,No,start,No,No,Egg Rotti,87.0,Meal,3,1,1,No,No,62.0,49.0,80.0,61.0,64.0,52.333333333333336,52.857142857142854,47.642857142857146,10.80784547490959,20.052266869194767,49.0,51.0,13.0,-31.0,59.89999999999999
2026-01-03,Saturday,1,1,Yes,Hot,No,start,No,No,Hoppers,47.0,Meal,3,1,1,No,No,28.0,42.0,40.0,50.0,46.0,21.666666666666668,25.571428571428573,22.428571428571427,11.058287131636343,11.810779207762094,25.0,22.5,-14.0,2.0,33.4
2026-01-03,Saturday,1,1,Yes,Hot,No,start,No,No,Kahata,13.0,Hot Beverage,3,1,1,No,No,28.0,21.0,16.0,20.0,26.0,30.666666666666668,26.142857142857142,22.357142857142858,6.283008075451631,10.514511165762531,28.0,25.5,7.0,5.0,24.700000000000003
2026-01-03,Saturday,1,1,Yes,Hot,No,start,No,No,Plain Tea,85.5,Hot Beverage,3,1,1,No,No,107.5,98.0,85.0,93.0,91.0,98.33333333333333,90.07142857142857,73.96428571428571,14.181644743084263,30.3951313698265,94.0,84.5,9.5,13.0,102.4
2026-01-03,Saturday,1,1,Yes,Hot,No,start,No,No,Roast bread,9.0,Meal,3,1,1,No,No,31.0,18.0,9.0,27.0,22.0,25.0,21.428571428571427,17.214285714285715,5.255382728122428,9.752148255866269,21.0,18.0,13.0,9.0,24.899999999999995
2026-01-03,Saturday,1,1,Yes,Hot,No,start,No,No,Rolls,70.0,Snack,3,1,1,No,No,64.0,51.0,63.0,77.0,71.0,54.0,55.0,49.5,8.621678104251759,19.84071183586534,51.0,50.5,13.0,-12.0,60.0
2026-01-03,Saturday,1,1,Yes,Hot,No,start,No,No,Roti,24.0,Meal,3,1,1,No,No,24.0,9.0,21.0,19.0,21.0,16.0,12.0,12.071428571428571,7.118052168020874,6.5570195588015086,9.0,9.5,15.0,-12.0,19.2
2026-01-03,Saturday,1,1,Yes,Hot,No,start,No,No,Soft drinks,32.0,Cold Beverage,3,1,1,No,No,35.0,11.0,26.0,28.0,31.0,34.0,30.285714285714285,28.5,11.397577019031814,9.764535516149953,31.0,30.5,24.0,-15.0,26.900000000000002
2026-01-03,Saturday,1,1,Yes,Hot,No,start,No,No,String Hoppers,55.0,Meal,3,1,1,No,No,68.0,96.0,49.0,41.0,45.0,103.0,91.28571428571429,85.92857142857143,37.21878685876388,52.0775520600904,96.0,91.5,-28.0,47.0,74.5
2026-01-03,Saturday,1,1,Yes,Hot,No,start,No,No,Tea,29.0,Hot Beverage,3,1,1,No,No,24.0,19.0,28.0,28.0,21.0,20.0,17.857142857142858,16.285714285714285,3.4364987719368765,7.032108464077436,18.0,17.5,5.0,-9.0,22.9
2026-01-03,Saturday,1,1,Yes,Hot,No,start,No,No,Ulundu Wade,61.0,Snack,3,1,1,No,No,85.0,64.0,56.0,89.0,88.0,74.0,67.42857142857143,56.857142857142854,11.559370554621387,25.96108668715586,64.0,62.5,21.0,8.0,75.8
2026-01-03,Saturday,1,1,Yes,Hot,No,start,No,No,Vegitable Roti,21.0,Meal,3,1,1,No,No,34.0,14.0,21.0,20.0,21.0,27.0,22.428571428571427,19.571428571428573,7.138093649734571,9.60540141085922,24.0,22.0,20.0,-7.0,26.7
2026-01-03,Saturday,1,1,Yes,Hot,No,start,No,No,Watter Bottle,4.0,Cold Beverage,3,1,1,No,No,1.0,2.0,3.0,3.0,3.0,4.0,4.428571428571429,3.9285714285714284,4.035556254807295,3.384677821601925,2.0,2.5,-1.0,-1.0,1.5
2026-01-04,Sunday,1,1,Yes,Hot,No,start,No,No,Bread,2.5,Meal,4,1,1,No,No,1.0,2.0,2.0,2.0,1.5,1.8333333333333333,1.9285714285714286,2.0,1.1338934190276815,1.0561177090573826,2.0,2.0,-1.0,0.0,1.4
2026-01-04,Sunday,1,1,Yes,Hot,No,start,No,No,Breakfast,14.5,Meal,4,1,1,No,No,18.0,8.0,0.0,0.0,13.0,16.833333333333332,12.571428571428571,11.071428571428571,4.147575310031265,6.163968323613084,11.0,10.25,10.0,8.0,13.2
2026-01-04,Sunday,1,1,Yes,Hot,No,start,No,No,Bulath vita,19.0,Other,4,1,1,No,No,27.0,4.0,3.0,4.0,24.0,19.333333333333332,14.714285714285714,13.071428571428571,7.204495950776982,8.68654384413295,15.0,12.0,23.0,1.0,17.7
2026-01-04,Sunday,1,1,Yes,Hot,No,start,No,No,Chicken Curry,4.0,Meal,4,1,1,No,No,2.0,2.0,2.0,2.0,0.0,3.3333333333333335,3.142857142857143,3.0714285714285716,2.115700942049815,2.1290765681316,2.0,2.5,0.0,0.0,1.9999999999999998
2026-01-04,Sunday,1,1,Yes,Hot,No,start,No,No,Cigarette,33.0,Other,4,1,1,No,No,57.0,38.0,37.0,39.0,34.0,47.333333333333336,43.0,34.42857142857143,8.062257748298538,14.521677619308317,39.0,37.0,19.0,1.0,49.3
2026-01-04,Sunday,1,1,Yes,Hot,No,start,No,No,Dal Curry,9.0,Meal,4,1,1,No,No,6.0,4.0,4.0,3.0,5.0,8.0,7.142857142857143,7.142857142857143,3.1847852585154137,3.438629934170854,6.0,7.0,2.0,0.0,5.2
2026-01-04,Sunday,1,1,Yes,Hot,No,start,No,No,Egg Rotti,44.0,Meal,4,1,1,No,No,87.0,46.0,54.0,52.0,37.0,63.333333333333336,58.285714285714285,48.142857142857146,16.560135725231692,20.986651958794187,54.0,51.0,41.0,-8.0,71.4
2026-01-04,Sunday,1,1,Yes,Hot,No,start,No,No,Hoppers,35.0,Meal,4,1,1,No,No,47.0,23.0,22.0,20.0,12.0,29.0,26.285714285714285,22.928571428571427,12.378937564997043,12.724683981049678,25.0,22.5,24.0,1.0,37.300000000000004
2026-01-04,Sunday,1,1,Yes,Hot,No,start,No,No,Kahata,26.0,Hot Beverage,4,1,1,No,No,13.0,16.0,16.0,17.0,12.0,25.666666666666668,25.0,22.142857142857142,7.895146188218005,10.683251758330327,28.0,25.5,-3.0,0.0,14.2
2026-01-04,Sunday,1,1,Yes,Hot,No,start,No,No,Plain Tea,78.5,Hot Beverage,4,1,1,No,No,85.5,79.0,68.5,58.0,56.0,94.5,88.28571428571429,74.0,13.798723198352945,30.4093862027955,90.5,84.75,6.5,10.5,81.85
2026-01-04,Sunday,1,1,Yes,Hot,No,start,No,No,Roast bread,13.0,Meal,4,1,1,No,No,9.0,18.0,13.0,16.0,17.0,20.333333333333332,20.142857142857142,17.214285714285715,7.03393136703724,9.752148255866269,21.0,18.0,-9.0,5.0,12.1
2026-01-04,Sunday,1,1,Yes,Hot,No,start,No,No,Rolls,100.0,Snack,4,1,1,No,No,70.0,70.0,67.0,71.0,59.0,60.666666666666664,57.714285714285715,50.0,10.028530728448166,20.290202258536223,54.0,50.5,0.0,3.0,69.7
2026-01-04,Sunday,1,1,Yes,Hot,No,start,No,No,Roti,14.0,Meal,4,1,1,No,No,24.0,6.0,7.0,6.0,11.0,17.666666666666668,14.142857142857142,12.285714285714286,8.234653836654205,6.910733807508562,13.0,9.5,18.0,-1.0,16.9
2026-01-04,Sunday,1,1,Yes,Hot,No,start,No,No,Soft drinks,39.0,Cold Beverage,4,1,1,No,No,32.0,31.0,30.0,24.0,30.0,29.666666666666668,33.285714285714285,28.928571428571427,7.609517849690748,9.778030993502224,32.0,31.0,1.0,1.0,31.5
2026-01-04,Sunday,1,1,Yes,Hot,No,start,No,No,String Hoppers,93.0,Meal,4,1,1,No,No,55.0,22.0,18.0,16.0,53.0,83.33333333333333,85.42857142857143,86.35714285714286,39.50888989774809,51.77407599421686,87.0,91.5,33.0,4.0,41.4
2026-01-04,Sunday,1,1,Yes,Hot,No,start,No,No,Tea,29.0,Hot Beverage,4,1,1,No,No,29.0,14.0,18.0,18.0,17.0,24.0,19.285714285714285,16.357142857142858,5.468524655221172,7.164089322738507,18.0,17.5,15.0,-4.0,23.4
2026-01-04,Sunday,1,1,Yes,Hot,No,start,No,No,Ulundu Wade,65.0,Snack,4,1,1,No,No,61.0,65.0,62.0,64.0,59.0,76.0,67.0,57.214285714285715,11.761519176251579,25.98277113020078,63.0,62.5,-4.0,3.0,62.300000000000004
2026-01-04,Sunday,1,1,Yes,Hot,No,start,No,No,Vegitable Roti,23.0,Meal,4,1,1,No,No,21.0,13.0,12.0,12.0,16.0,26.333333333333332,23.428571428571427,19.571428571428573,6.1875450936307805,9.60540141085922,24.0,22.0,8.0,1.0,17.7
2026-01-04,Sunday,1,1,Yes,Hot,No,start,No,No,Watter Bottle,5.0,Cold Beverage,4,1,1,No,No,4.0,10.0,8.0,8.0,3.0,2.0,4.714285714285714,4.0,3.9036002917941324,3.3741095691478935,4.0,3.0,-6.0,2.0,6.2
2026-01-05,Monday,1,2,No,Cloudy,No,start,No,No,Bread,1.0,Meal,5,1,1,No,No,2.5,0.5,0.0,0.5,1.0,1.8333333333333333,2.0,2.0357142857142856,1.1547005383792515,1.0645382840657995,2.0,2.0,2.0,0.5,1.65
2026-01-05,Monday,1,2,No,Cloudy,No,start,No,No,Breakfast,0.0,Meal,5,1,1,No,No,14.5,9.0,0.0,9.0,8.5,16.5,13.5,12.107142857142858,3.651483716701105,5.321142775716553,14.5,10.75,5.5,9.0,11.399999999999999
2026-01-05,Monday,1,2,No,Cloudy,No,start,No,No,Bulath vita,19.0,Other,5,1,1,No,No,19.0,18.0,0.0,17.0,19.0,20.333333333333332,16.857142857142858,14.214285714285714,5.5205244747388384,8.303646756127666,16.0,14.5,1.0,18.0,16.8
2026-01-05,Monday,1,2,No,Cloudy,No,start,No,No,Chicken Curry,0.0,Meal,5,1,1,No,No,4.0,2.0,0.0,2.0,2.0,2.3333333333333335,3.4285714285714284,3.2142857142857144,2.070196678027062,2.1187286256174924,3.0,3.0,2.0,2.0,3.0
2026-01-05,Monday,1,2,No,Cloudy,No,start,No,No,Cigarette,19.0,Other,5,1,1,No,No,33.0,45.0,0.0,27.0,33.0,46.666666666666664,42.285714285714285,34.142857142857146,8.769536014223432,14.50653509421046,39.0,36.0,-12.0,45.0,33.3
2026-01-05,Monday,1,2,No,Cloudy,No,start,No,No,Dal Curry,0.0,Meal,5,1,1,No,No,9.0,4.0,0.0,7.0,4.0,7.0,7.857142857142857,7.5,2.9113897843109964,3.3454906504588715,7.0,7.5,5.0,4.0,6.6
2026-01-05,Monday,1,2,No,Cloudy,No,start,No,No,Egg Rotti,26.0,Meal,5,1,1,No,No,44.0,46.0,0.0,39.0,44.0,64.33333333333333,58.0,47.42857142857143,16.822603841260715,20.94209704331035,54.0,47.5,-2.0,46.0,40.199999999999996
2026-01-05,Monday,1,2,No,Cloudy,No,start,No,No,Hoppers,0.0,Meal,5,1,1,No,No,35.0,36.0,0.0,10.0,33.0,36.666666666666664,28.0,23.857142857142858,12.675435561221018,13.11990351076821,28.0,24.0,-1.0,36.0,31.799999999999997
2026-01-05,Monday,1,2,No,Cloudy,No,start,No,No,Kahata,20.0,Hot Beverage,5,1,1,No,No,26.0,26.0,0.0,26.0,23.0,22.333333333333332,26.428571428571427,22.857142857142858,6.827814263660631,10.574695070032787,28.0,26.0,0.0,26.0,23.4
2026-01-05,Monday,1,2,No,Cloudy,No,start,No,No,Plain Tea,37.0,Hot Beverage,5,1,1,No,No,78.5,64.5,0.0,55.5,67.5,90.5,88.21428571428571,74.71428571428571,13.855976877798874,30.387696324533845,90.5,84.75,14.0,64.5,66.45
2026-01-05,Monday,1,2,No,Cloudy,No,start,No,No,Roast bread,0.0,Meal,5,1,1,No,No,13.0,15.0,0.0,13.0,12.0,17.666666666666668,19.428571428571427,17.214285714285715,7.524562952029008,9.752148255866269,21.0,18.0,-2.0,15.0,12.3
2026-01-05,Monday,1,2,No,Cloudy,No,start,No,No,Rolls,0.0,Snack,5,1,1,No,No,100.0,48.0,0.0,44.0,40.0,78.0,62.0,52.357142857142854,18.76166303929372,23.995535299003333,54.0,50.5,52.0,48.0,74.4
2026-01-05,Monday,1,2,No,Cloudy,No,start,No,No,Roti,0.0,Meal,5,1,1,No,No,14.0,13.0,10.0,8.0,10.0,20.666666666666668,15.285714285714286,12.785714285714286,7.432233529572067,6.750254370461463,14.0,11.5,1.0,3.0,13.3
2026-01-05,Monday,1,2,No,Cloudy,No,start,No,No,Soft drinks,0.0,Cold Beverage,5,1,1,No,No,39.0,40.0,31.0,21.0,33.0,35.333333333333336,34.42857142857143,29.571428571428573,7.807200583588277,10.14293452996325,35.0,31.5,-1.0,9.0,38.5
2026-01-05,Monday,1,2,No,Cloudy,No,start,No,No,String Hoppers,0.0,Meal,5,1,1,No,No,93.0,87.0,0.0,130.0,74.0,72.0,95.57142857142857,91.71428571428571,27.92762755681872,47.8915900300292,93.0,94.5,6.0,87.0,81.89999999999999
2026-01-05,Monday,1,2,No,Cloudy,No,start,No,No,Tea,9.0,Hot Beverage,5,1,1,No,No,29.0,18.0,0.0,14.0,18.0,27.333333333333332,21.428571428571427,17.142857142857142,5.968169536721262,7.921316351923636,19.0,17.5,11.0,18.0,22.799999999999997
2026-01-05,Monday,1,2,No,Cloudy,No,start,No,No,Ulundu Wade,0.0,Snack,5,1,1,No,No,65.0,63.0,0.0,66.0,52.0,70.33333333333333,67.0,57.42857142857143,11.761519176251579,26.03758905805304,63.0,63.5,2.0,63.0,57.9
2026-01-05,Monday,1,2,No,Cloudy,No,start,No,No,Vegitable Roti,0.0,Meal,5,1,1,No,No,23.0,25.0,0.0,13.0,21.0,26.0,24.857142857142858,20.357142857142858,4.220133150686584,9.385808787387829,24.0,23.0,-2.0,25.0,21.299999999999997
2026-01-05,Monday,1,2,No,Cloudy,No,start,No,No,Watter Bottle,0.0,Cold Beverage,5,1,1,No,No,5.0,5.0,0.0,5.0,5.0,3.3333333333333335,4.0,3.7857142857142856,3.162277660168379,3.19081787028321,4.0,3.0,0.0,5.0,4.5
2026-01-06,Tuesday,1,2,No,Hot,No,start,No,No,Bread,1.0,Meal,6,1,1,No,No,1.0,4.0,3.5,4.0,1.5,1.5,2.0714285714285716,2.107142857142857,1.0578504710249077,0.9441840479925063,2.0,2.0,-3.0,0.5,2.15
2026-01-06,Tuesday,1,2,No,Hot,No,start,No,No,Breakfast,10.5,Meal,6,1,1,No,No,0.0,11.0,10.0,10.5,12.5,10.833333333333334,12.214285714285714,12.107142857142858,6.197157566559196,5.321142775716553,14.5,10.75,-11.0,1.0,4.3
2026-01-06,Tuesday,1,2,No,Hot,No,start,No,No,Bulath vita,18.0,Other,6,1,1,No,No,19.0,9.0,10.0,8.0,5.0,21.666666666666668,17.0,15.571428571428571,5.567764362830027,7.292928985449758,16.0,15.5,10.0,-1.0,15.1
2026-01-06,Tuesday,1,2,No,Hot,No,start,No,No,Chicken Curry,0.0,Meal,6,1,1,No,No,0.0,5.0,4.0,4.0,2.0,2.0,3.142857142857143,3.2142857142857144,2.4102953780654786,2.1187286256174924,3.0,3.0,-5.0,1.0,1.9
2026-01-06,Tuesday,1,2,No,Hot,No,start,No,No,Cigarette,34.0,Other,6,1,1,No,No,19.0,37.0,34.0,34.0,51.0,36.333333333333336,38.57142857142857,35.5,12.24550452012416,11.680028977835468,37.0,36.0,-18.0,3.0,25.9
2026-01-06,Tuesday,1,2,No,Hot,No,start,No,No,Dal Curry,7.0,Meal,6,1,1,No,No,0.0,11.0,10.0,8.0,6.0,5.0,7.285714285714286,7.5,3.9880774697542996,3.3454906504588715,7.0,7.5,-11.0,1.0,4.3
2026-01-06,Tuesday,1,2,No,Hot,No,start,No,No,Egg Rotti,33.0,Meal,6,1,1,No,No,26.0,72.0,53.0,59.0,57.0,52.333333333333336,55.142857142857146,49.285714285714285,20.497386592999042,17.237832147426676,54.0,47.5,-46.0,19.0,42.5
2026-01-06,Tuesday,1,2,No,Hot,No,start,No,No,Hoppers,26.0,Meal,6,1,1,No,No,0.0,13.0,15.0,13.0,32.0,27.333333333333332,22.857142857142858,23.857142857142858,15.805363767073613,13.11990351076821,25.0,24.0,-13.0,-2.0,5.4
2026-01-06,Tuesday,1,2,No,Hot,No,start,No,No,Kahata,24.0,Hot Beverage,6,1,1,No,No,20.0,28.0,28.0,30.0,33.0,19.666666666666668,25.571428571428573,24.285714285714285,7.253898787483016,8.370539652013719,28.0,26.0,-8.0,0.0,23.2
2026-01-06,Tuesday,1,2,No,Hot,No,start,No,No,Plain Tea,64.0,Hot Beverage,6,1,1,No,No,37.0,94.0,84.0,89.5,74.0,67.0,84.28571428571429,77.35714285714286,22.74653296449293,24.41108557399893,90.5,84.75,-57.0,10.0,58.8
2026-01-06,Tuesday,1,2,No,Hot,No,start,No,No,Roast bread,18.0,Meal,6,1,1,No,No,0.0,24.0,21.0,24.0,10.0,7.333333333333333,17.285714285714285,17.214285714285715,10.531132982958754,9.752148255866269,21.0,18.0,-24.0,3.0,9.299999999999999
2026-01-06,Tuesday,1,2,No,Hot,No,start,No,No,Rolls,32.0,Snack,6,1,1,No,No,0.0,54.0,43.0,39.0,86.0,56.666666666666664,55.142857142857146,52.357142857142854,30.085592185344428,23.995535299003333,54.0,50.5,-54.0,11.0,20.5
2026-01-06,Tuesday,1,2,No,Hot,No,start,No,No,Roti,14.0,Meal,6,1,1,No,No,0.0,8.0,8.0,7.0,3.0,12.666666666666666,13.428571428571429,12.071428571428571,9.44911182523068,7.549470543985552,14.0,11.0,-8.0,0.0,3.2
2026-01-06,Tuesday,1,2,No,Hot,No,start,No,No,Soft drinks,25.0,Cold Beverage,6,1,1,No,No,0.0,28.0,33.0,28.0,43.0,23.666666666666668,28.714285714285715,27.357142857142858,14.670995032311048,12.83389228600549,32.0,31.5,-28.0,-5.0,11.700000000000001
2026-01-06,Tuesday,1,2,No,Hot,No,start,No,No,String Hoppers,64.0,Meal,6,1,1,No,No,0.0,125.0,146.0,119.0,85.0,49.333333333333336,83.14285714285714,91.71428571428571,45.93266292965741,47.8915900300292,93.0,94.5,-125.0,-21.0,52.1
2026-01-06,Tuesday,1,2,No,Hot,No,start,No,No,Tea,15.0,Hot Beverage,6,1,1,No,No,9.0,14.0,13.0,14.0,29.0,22.333333333333332,20.142857142857142,17.785714285714285,7.581305327988741,6.693033938110825,19.0,17.5,-5.0,1.0,10.9
2026-01-06,Tuesday,1,2,No,Hot,No,start,No,No,Ulundu Wade,47.0,Snack,6,1,1,No,No,0.0,58.0,66.0,55.0,66.0,42.0,58.0,57.42857142857143,28.095076674273972,26.03758905805304,61.0,63.5,-58.0,-8.0,24.0
2026-01-06,Tuesday,1,2,No,Hot,No,start,No,No,Vegitable Roti,7.0,Meal,6,1,1,No,No,0.0,24.0,27.0,31.0,21.0,14.666666666666666,21.285714285714285,20.357142857142858,10.2910039308496,9.385808787387829,23.0,23.0,-24.0,-3.0,9.899999999999999
2026-01-06,Tuesday,1,2,No,Hot,No,start,No,No,Watter Bottle,4.0,Cold Beverage,6,1,1,No,No,0.0,2.0,2.0,2.0,8.0,3.0,3.2857142857142856,3.7857142857142856,3.450327796711771,3.19081787028321,2.0,3.0,-2.0,0.0,0.8
2026-01-07,Wednesday,1,2,No,Cloudy,No,start,No,No,Bread,1.5,Meal,7,1,1,No,No,1.0,1.5,2.0,2.0,3.0,1.5,1.6428571428571428,1.9285714285714286,0.6900655593423536,0.8956549571111637,1.5,2.0,-0.5,-0.5,1.2499999999999998
2026-01-07,Wednesday,1,2,No,Cloudy,No,start,No,No,Breakfast,11.0,Meal,7,1,1,No,No,10.5,9.5,10.5,14.0,11.5,8.333333333333334,12.142857142857142,12.142857142857142,6.216337920581307,5.307572860576641,14.5,10.75,1.0,-1.0,10.200000000000001
2026-01-07,Wednesday,1,2,No,Cloudy,No,start,No,No,Bulath vita,15.0,Other,7,1,1,No,No,18.0,14.0,6.0,6.0,16.0,18.666666666666668,18.285714285714285,16.142857142857142,4.309458036856682,7.134500606286254,18.0,17.0,4.0,8.0,15.6
2026-01-07,Wednesday,1,2,No,Cloudy,No,start,No,No,Chicken Curry,3.0,Meal,7,1,1,No,No,0.0,3.0,3.0,3.0,5.0,1.3333333333333333,2.4285714285714284,2.9285714285714284,2.5071326821120343,2.2689979392568094,2.0,2.5,-3.0,0.0,1.2
2026-01-07,Wednesday,1,2,No,Cloudy,No,start,No,No,Cigarette,35.0,Other,7,1,1,No,No,34.0,39.0,28.0,34.0,31.0,28.666666666666668,38.142857142857146,35.5,12.361614935336084,11.680028977835468,35.0,36.0,-5.0,11.0,34.89999999999999
2026-01-07,Wednesday,1,2,No,Cloudy,No,start,No,No,Dal Curry,7.0,Meal,7,1,1,No,No,7.0,7.0,10.0,8.0,6.0,5.333333333333333,6.714285714285714,7.285714285714286,3.6384193323605776,3.268228676411538,7.0,7.0,0.0,-3.0,7.300000000000001
2026-01-07,Wednesday,1,2,No,Cloudy,No,start,No,No,Egg Rotti,52.0,Meal,7,1,1,No,No,33.0,54.0,34.0,37.0,45.0,34.333333333333336,49.57142857142857,47.857142857142854,20.452034477912317,17.72810520855835,44.0,46.0,-21.0,20.0,39.4
2026-01-07,Wednesday,1,2,No,Cloudy,No,start,No,No,Hoppers,29.0,Meal,7,1,1,No,No,26.0,25.0,16.0,16.0,25.0,20.333333333333332,24.714285714285715,24.642857142857142,15.206514894547498,12.875780142799666,26.0,25.5,1.0,9.0,24.700000000000003
2026-01-07,Wednesday,1,2,No,Cloudy,No,start,No,No,Kahata,29.0,Hot Beverage,7,1,1,No,No,24.0,28.0,25.0,25.0,14.0,23.333333333333332,25.0,24.0,7.1879528842826055,8.301992346604326,26.0,25.5,-4.0,3.0,25.299999999999997
2026-01-07,Wednesday,1,2,No,Cloudy,No,start,No,No,Plain Tea,96.0,Hot Beverage,7,1,1,No,No,64.0,97.0,56.0,56.5,72.0,59.833333333333336,80.0,75.92857142857143,23.427192177752218,24.577082150511007,85.5,82.25,-33.0,41.0,73.1
2026-01-07,Wednesday,1,2,No,Cloudy,No,start,No,No,Roast bread,21.0,Meal,7,1,1,No,No,18.0,23.0,15.0,13.0,19.0,10.333333333333334,16.428571428571427,17.0,10.13010600235987,9.695359714832655,18.0,18.0,-5.0,8.0,19.2
2026-01-07,Wednesday,1,2,No,Cloudy,No,start,No,No,Rolls,50.0,Snack,7,1,1,No,No,32.0,50.0,70.0,61.0,65.0,44.0,52.0,51.57142857142857,31.347514521356675,24.500280330309224,50.0,50.5,-18.0,-20.0,41.2
2026-01-07,Wednesday,1,2,No,Cloudy,No,start,No,No,Roti,21.0,Meal,7,1,1,No,No,14.0,19.0,19.0,17.0,5.0,9.333333333333334,14.285714285714286,12.5,9.14174100330066,7.47045462523482,14.0,13.5,-5.0,0.0,16.0
2026-01-07,Wednesday,1,2,No,Cloudy,No,start,No,No,Soft drinks,40.0,Cold Beverage,7,1,1,No,No,25.0,45.0,23.0,30.0,37.0,21.333333333333332,28.285714285714285,26.785714285714285,14.738999126063323,12.741081776488404,32.0,29.5,-20.0,22.0,30.8
2026-01-07,Wednesday,1,2,No,Cloudy,No,start,No,No,String Hoppers,132.0,Meal,7,1,1,No,No,64.0,114.0,142.0,150.0,53.0,52.333333333333336,74.42857142857143,85.85714285714286,42.31176803544984,45.706180600165474,68.0,90.0,-50.0,-28.0,86.8
2026-01-07,Wednesday,1,2,No,Cloudy,No,start,No,No,Tea,15.0,Hot Beverage,7,1,1,No,No,15.0,17.0,16.0,18.0,26.0,17.666666666666668,20.285714285714285,17.928571428571427,7.454624643228428,6.603778472199845,19.0,17.5,-2.0,1.0,15.7
2026-01-07,Wednesday,1,2,No,Cloudy,No,start,No,No,Ulundu Wade,47.0,Snack,7,1,1,No,No,47.0,55.0,32.0,26.0,88.0,37.333333333333336,56.42857142857143,56.07142857142857,28.40103955173204,26.051618245069015,61.0,62.0,-8.0,23.0,47.900000000000006
2026-01-07,Wednesday,1,2,No,Cloudy,No,start,No,No,Vegitable Roti,22.0,Meal,7,1,1,No,No,7.0,23.0,19.0,16.0,17.0,10.0,18.857142857142858,18.928571428571427,11.480832888319725,9.809448237555195,23.0,22.0,-16.0,4.0,13.0
2026-01-07,Wednesday,1,2,No,Cloudy,No,start,No,No,Watter Bottle,9.0,Cold Beverage,7,1,1,No,No,4.0,10.0,4.0,6.0,4.0,3.0,3.5714285714285716,3.9285714285714284,3.408672412985386,3.14921933462603,4.0,4.0,-6.0,6.0,5.800000000000001
2026-01-08,Thursday,1,2,No,Hot,No,start,No,No,Bread,1.0,Meal,8,1,2,No,No,1.5,2.5,2.5,5.0,1.5,1.1666666666666667,1.6428571428571428,1.8928571428571428,0.6900655593423536,0.9025300214178129,1.5,2.0,-1.0,0.0,1.9
2026-01-08,Thursday,1,2,No,Hot,No,start,No,No,Breakfast,9.5,Meal,8,1,2,No,No,11.0,15.5,20.5,9.5,8.5,7.166666666666667,12.357142857142858,12.178571428571429,6.1353775061406886,5.2973401992710665,14.5,11.0,-4.5,-5.0,13.3
2026-01-08,Thursday,1,2,No,Hot,No,start,No,No,Bulath vita,21.0,Other,8,1,2,No,No,15.0,16.0,25.0,26.0,12.0,17.333333333333332,18.428571428571427,16.785714285714285,4.157609203101509,6.530149856079657,18.0,17.0,-1.0,-9.0,16.3
2026-01-08,Thursday,1,2,No,Hot,No,start,No,No,Chicken Curry,8.0,Meal,8,1,2,No,No,3.0,7.0,4.0,2.0,4.0,1.0,2.4285714285714284,2.9285714285714284,2.5071326821120343,2.2689979392568094,2.0,2.5,-4.0,3.0,4.3
2026-01-08,Thursday,1,2,No,Hot,No,start,No,No,Cigarette,36.0,Other,8,1,2,No,No,35.0,35.0,37.0,62.0,24.0,29.333333333333332,37.57142857142857,36.0,12.407754871546317,11.482428046635139,35.0,36.0,0.0,-2.0,35.2
2026-01-08,Thursday,1,2,No,Hot,No,start,No,No,Dal Curry,6.0,Meal,8,1,2,No,No,7.0,12.0,11.0,5.0,9.0,4.666666666666667,6.714285714285714,7.071428571428571,3.6384193323605776,3.1735514130747275,7.0,7.0,-5.0,1.0,8.9
2026-01-08,Thursday,1,2,No,Hot,No,start,No,No,Egg Rotti,39.0,Meal,8,1,2,No,No,52.0,41.0,55.0,67.0,34.0,37.0,49.285714285714285,49.142857142857146,20.393743204835197,17.293205170093383,44.0,47.5,11.0,-14.0,49.0
2026-01-08,Thursday,1,2,No,Hot,No,start,No,No,Hoppers,40.0,Meal,8,1,2,No,No,29.0,12.0,14.0,56.0,28.0,18.333333333333332,25.285714285714285,25.571428571428573,15.293945269444427,12.671678206592388,28.0,27.0,17.0,-2.0,22.4
2026-01-08,Thursday,1,2,No,Hot,No,start,No,No,Kahata,23.0,Hot Beverage,8,1,2,No,No,29.0,36.0,38.0,26.0,13.0,24.333333333333332,25.142857142857142,24.285714285714285,7.267016155859554,8.407218248702632,26.0,26.0,-7.0,-2.0,31.999999999999996
2026-01-08,Thursday,1,2,No,Hot,No,start,No,No,Plain Tea,72.5,Hot Beverage,8,1,2,No,No,96.0,90.5,89.5,95.5,63.0,65.66666666666667,79.85714285714286,78.78571428571429,23.309000918304612,24.40658351103895,85.5,87.5,5.5,1.0,93.7
2026-01-08,Thursday,1,2,No,Hot,No,start,No,No,Roast bread,13.0,Meal,8,1,2,No,No,21.0,21.0,33.0,19.0,21.0,13.0,16.142857142857142,17.428571428571427,9.940297973880043,9.73269103204631,18.0,18.0,0.0,-12.0,22.2
2026-01-08,Thursday,1,2,No,Hot,No,start,No,No,Rolls,64.0,Snack,8,1,2,No,No,50.0,48.0,48.0,42.0,47.0,27.333333333333332,52.0,50.142857142857146,31.347514521356675,23.91927816912268,50.0,50.0,2.0,0.0,49.2
2026-01-08,Thursday,1,2,No,Hot,No,start,No,No,Roti,17.0,Meal,8,1,2,No,No,21.0,5.0,16.0,14.0,5.0,11.666666666666666,14.571428571428571,12.642857142857142,9.34268239242426,7.621903082131562,14.0,13.5,16.0,-11.0,15.7
2026-01-08,Thursday,1,2,No,Hot,No,start,No,No,Soft drinks,46.0,Cold Beverage,8,1,2,No,No,40.0,22.0,34.0,35.0,24.0,21.666666666666668,27.571428571428573,28.0,13.890730036696455,13.15587028960544,32.0,31.5,18.0,-12.0,34.0
2026-01-08,Thursday,1,2,No,Hot,No,start,No,No,String Hoppers,106.0,Meal,8,1,2,No,No,132.0,127.0,159.0,58.0,130.0,65.33333333333333,77.0,85.14285714285714,45.5411901469428,44.831062622072366,68.0,90.0,5.0,-32.0,133.20000000000002
2026-01-08,Thursday,1,2,No,Hot,No,start,No,No,Tea,27.0,Hot Beverage,8,1,2,No,No,15.0,19.0,22.0,22.0,20.0,13.0,20.0,17.857142857142858,7.6376261582597325,6.631592718044587,19.0,17.5,-4.0,-3.0,16.9
2026-01-08,Thursday,1,2,No,Hot,No,start,No,No,Ulundu Wade,71.0,Snack,8,1,2,No,No,47.0,82.0,94.0,85.0,39.0,31.333333333333332,55.285714285714285,57.142857142857146,28.62815796678907,25.282578808515375,61.0,62.0,-35.0,-12.0,62.199999999999996
2026-01-08,Thursday,1,2,No,Hot,No,start,No,No,Vegitable Roti,18.0,Meal,8,1,2,No,No,22.0,24.0,32.0,15.0,13.0,9.666666666666666,18.714285714285715,19.142857142857142,11.426785574754984,9.843835578731438,22.0,22.5,-2.0,-8.0,23.599999999999998
2026-01-08,Thursday,1,2,No,Hot,No,start,No,No,Watter Bottle,4.0,Cold Beverage,8,1,2,No,No,9.0,1.0,6.0,4.0,11.0,4.333333333333333,3.4285714285714284,4.285714285714286,3.1014589500826246,3.4290292734594376,4.0,4.0,8.0,-5.0,6.299999999999999
2026-01-09,Friday,1,2,No,Hot,No,start,No,No,Bread,2.0,Meal,9,1,2,No,No,1.0,2.0,2.5,1.0,1.0,1.1666666666666667,1.4285714285714286,1.7857142857142858,0.607492896293955,0.9138735334633743,1.0,1.75,-1.0,-0.5,1.45
2026-01-09,Friday,1,2,No,Hot,No,start,No,No,Breakfast,15.5,Meal,9,1,2,No,No,9.5,17.0,9.0,13.5,11.5,10.333333333333334,11.5,11.392857142857142,6.041522986797286,4.7562856040457415,11.0,10.75,-7.5,8.0,11.700000000000001
2026-01-09,Friday,1,2,No,Hot,No,start,No,No,Bulath vita,14.0,Other,9,1,2,No,No,21.0,15.0,10.0,21.0,20.0,18.0,19.142857142857142,16.5,4.099941927579451,6.22340495474698,19.0,17.0,6.0,5.0,18.1
2026-01-09,Friday,1,2,No,Hot,No,start,No,No,Chicken Curry,1.0,Meal,9,1,2,No,No,8.0,1.0,1.0,0.0,1.0,3.6666666666666665,2.5714285714285716,3.2142857142857144,2.819996622760558,2.6363894724697734,2.0,2.5,7.0,0.0,5.199999999999999
2026-01-09,Friday,1,2,No,Hot,No,start,No,No,Cigarette,49.0,Other,9,1,2,No,No,36.0,50.0,10.0,60.0,56.0,35.0,37.714285714285715,35.92857142857143,12.37893756499707,11.478838628700014,35.0,35.5,-14.0,40.0,37.599999999999994
2026-01-09,Friday,1,2,No,Hot,No,start,No,No,Dal Curry,7.0,Meal,9,1,2,No,No,6.0,6.0,7.0,5.0,5.0,6.666666666666667,5.857142857142857,6.714285714285714,2.7945525240230786,2.972400517286468,6.0,7.0,0.0,-1.0,6.1
2026-01-09,Friday,1,2,No,Hot,No,start,No,No,Egg Rotti,57.0,Meal,9,1,2,No,No,39.0,62.0,21.0,54.0,47.0,41.333333333333336,49.0,48.0,20.542638584174135,17.40468548762305,44.0,46.0,-23.0,41.0,44.1
2026-01-09,Friday,1,2,No,Hot,No,start,No,No,Hoppers,31.0,Meal,9,1,2,No,No,40.0,28.0,28.0,46.0,48.0,31.666666666666668,29.285714285714285,27.428571428571427,14.896468101693154,12.750350135248384,29.0,28.0,12.0,0.0,35.199999999999996
2026-01-09,Friday,1,2,No,Hot,No,start,No,No,Kahata,31.0,Hot Beverage,9,1,2,No,No,23.0,28.0,7.0,30.0,31.0,25.333333333333332,23.285714285714285,23.214285714285715,5.4685246552211755,7.423233500597666,24.0,25.0,-5.0,21.0,22.9
2026-01-09,Friday,1,2,No,Hot,No,start,No,No,Plain Tea,93.5,Hot Beverage,9,1,2,No,No,72.5,107.5,22.0,112.0,100.5,77.5,77.28571428571429,77.57142857142857,22.92897937628486,24.25494171920843,78.5,82.25,-35.0,85.5,77.95
2026-01-09,Friday,1,2,No,Hot,No,start,No,No,Roast bread,24.0,Meal,9,1,2,No,No,13.0,31.0,0.0,22.0,20.0,17.333333333333332,15.0,16.0,9.746794344808956,8.682431421244589,13.0,18.0,-18.0,31.0,17.099999999999998
2026-01-09,Friday,1,2,No,Hot,No,start,No,No,Rolls,61.0,Snack,9,1,2,No,No,64.0,64.0,17.0,69.0,74.0,48.666666666666664,54.285714285714285,51.285714285714285,31.58963060728572,24.189726272590555,64.0,50.5,0.0,47.0,59.3
2026-01-09,Friday,1,2,No,Hot,No,start,No,No,Roti,23.0,Meal,9,1,2,No,No,17.0,24.0,4.0,9.0,10.0,17.333333333333332,16.285714285714285,12.714285714285714,8.34094890114,7.660373272975586,17.0,13.5,-7.0,20.0,17.799999999999997
2026-01-09,Friday,1,2,No,Hot,No,start,No,No,Soft drinks,40.0,Cold Beverage,9,1,2,No,No,46.0,35.0,10.0,44.0,61.0,37.0,31.0,28.857142857142858,15.187714333192694,13.944158649397261,35.0,31.5,11.0,25.0,39.099999999999994
2026-01-09,Friday,1,2,No,Hot,No,start,No,No,String Hoppers,54.0,Meal,9,1,2,No,No,106.0,68.0,50.0,67.0,68.0,100.66666666666667,74.0,81.35714285714286,42.27292277569651,40.102958154570736,68.0,90.0,38.0,18.0,89.0
2026-01-09,Friday,1,2,No,Hot,No,start,No,No,Tea,23.0,Hot Beverage,9,1,2,No,No,27.0,24.0,6.0,26.0,22.0,19.0,21.142857142857142,18.214285714285715,8.05043624964038,6.996466926281396,24.0,17.5,3.0,18.0,24.0
2026-01-09,Friday,1,2,No,Hot,No,start,No,No,Ulundu Wade,76.0,Snack,9,1,2,No,No,71.0,85.0,14.0,36.0,33.0,55.0,53.714285714285715,55.5,27.182802686712822,23.378984645979017,61.0,62.0,-14.0,71.0,69.5
2026-01-09,Friday,1,2,No,Hot,No,start,No,No,Vegitable Roti,34.0,Meal,9,1,2,No,No,18.0,34.0,6.0,23.0,28.0,15.666666666666666,17.857142857142858,18.142857142857142,11.186726828829652,9.121885288074568,21.0,21.5,-16.0,28.0,21.6
2026-01-09,Friday,1,2,No,Hot,No,start,No,No,Watter Bottle,1.0,Cold Beverage,9,1,2,No,No,4.0,1.0,1.0,6.0,5.0,5.666666666666667,3.857142857142857,4.142857142857143,2.911389784311004,3.393594483211498,4.0,4.0,3.0,0.0,2.8
2026-01-10,Saturday,1,2,Yes,Hot,No,start,No,No,Bread,2.5,Meal,10,1,2,No,No,2.0,1.0,2.0,1.0,3.0,1.5,1.4285714285714286,1.75,0.607492896293955,0.8933515114874553,1.0,1.75,1.0,-1.0,1.7
2026-01-10,Saturday,1,2,Yes,Hot,No,start,No,No,Breakfast,17.5,Meal,10,1,2,No,No,15.5,18.0,17.0,17.0,11.0,12.0,11.285714285714286,11.857142857142858,5.837073630804101,4.8215404952414085,11.0,11.0,-2.5,1.0,16.4
2026-01-10,Saturday,1,2,Yes,Hot,No,start,No,No,Bulath vita,29.0,Other,10,1,2,No,No,14.0,27.0,26.0,28.0,39.0,16.666666666666668,19.0,16.785714285714285,4.281744192888388,5.989459606143646,19.0,17.0,-13.0,1.0,19.1
2026-01-10,Saturday,1,2,Yes,Hot,No,start,No,No,Chicken Curry,6.0,Meal,10,1,2,No,No,1.0,2.0,7.0,2.0,1.0,4.0,2.5714285714285716,3.2142857142857144,2.819996622760558,2.6363894724697734,2.0,2.5,-1.0,-5.0,1.9
2026-01-10,Saturday,1,2,Yes,Hot,No,start,No,No,Cigarette,35.0,Other,10,1,2,No,No,49.0,57.0,35.0,52.0,63.0,40.0,37.57142857142857,38.714285714285715,12.218253323847671,9.210600677217773,35.0,36.5,-8.0,22.0,50.0
2026-01-10,Saturday,1,2,Yes,Hot,No,start,No,No,Dal Curry,8.0,Meal,10,1,2,No,No,7.0,6.0,8.0,5.0,9.0,6.666666666666667,6.0,6.714285714285714,2.8284271247461814,2.972400517286468,7.0,7.0,1.0,-2.0,6.8
2026-01-10,Saturday,1,2,Yes,Hot,No,start,No,No,Egg Rotti,50.0,Meal,10,1,2,No,No,57.0,87.0,49.0,80.0,61.0,49.333333333333336,48.285714285714285,50.57142857142857,20.09738196643438,15.682985811255561,44.0,47.5,-30.0,38.0,65.2
2026-01-10,Saturday,1,2,Yes,Hot,No,start,No,No,Hoppers,32.0,Meal,10,1,2,No,No,31.0,47.0,42.0,40.0,50.0,33.333333333333336,29.714285714285715,27.642857142857142,14.896468101693156,12.785852414994547,31.0,28.5,-16.0,5.0,36.9
2026-01-10,Saturday,1,2,Yes,Hot,No,start,No,No,Kahata,24.0,Hot Beverage,10,1,2,No,No,31.0,13.0,21.0,16.0,20.0,27.666666666666668,23.714285714285715,24.928571428571427,5.992058236095663,6.031510663102631,24.0,26.0,18.0,-8.0,24.599999999999998
2026-01-10,Saturday,1,2,Yes,Hot,No,start,No,No,Plain Tea,72.5,Hot Beverage,10,1,2,No,No,93.5,85.5,98.0,85.0,93.0,87.33333333333333,75.28571428571429,82.67857142857143,20.315956665589155,18.498032268384584,78.5,88.0,8.0,-12.5,91.55
2026-01-10,Saturday,1,2,Yes,Hot,No,start,No,No,Roast bread,23.0,Meal,10,1,2,No,No,24.0,9.0,18.0,9.0,27.0,19.333333333333332,14.0,17.714285714285715,8.041558721209869,7.579614070026874,13.0,18.0,15.0,-9.0,18.9
2026-01-10,Saturday,1,2,Yes,Hot,No,start,No,No,Rolls,35.0,Snack,10,1,2,No,No,61.0,70.0,51.0,63.0,77.0,58.333333333333336,53.857142857142854,54.42857142857143,31.455940464023506,22.166205343735765,61.0,52.5,-9.0,19.0,62.7
2026-01-10,Saturday,1,2,Yes,Hot,No,start,No,No,Roti,10.0,Meal,10,1,2,No,No,23.0,24.0,9.0,21.0,19.0,20.333333333333332,16.142857142857142,14.071428571428571,8.194074514114279,7.680788077697853,17.0,14.0,-1.0,15.0,21.9
2026-01-10,Saturday,1,2,Yes,Hot,No,start,No,No,Soft drinks,13.0,Cold Beverage,10,1,2,No,No,40.0,32.0,11.0,26.0,28.0,42.0,31.714285714285715,31.0,15.521106980649352,13.103141138380051,39.0,33.5,8.0,21.0,34.7
2026-01-10,Saturday,1,2,Yes,Hot,No,start,No,No,String Hoppers,115.0,Meal,10,1,2,No,No,54.0,55.0,96.0,49.0,41.0,97.33333333333333,72.0,81.64285714285714,42.93017586733137,39.875975305858105,64.0,90.0,-1.0,-41.0,58.5
2026-01-10,Saturday,1,2,Yes,Hot,No,start,No,No,Tea,19.0,Hot Beverage,10,1,2,No,No,23.0,29.0,19.0,28.0,28.0,21.666666666666668,21.0,19.428571428571427,8.000000000000002,6.135825262208141,23.0,18.5,-6.0,10.0,24.4
2026-01-10,Saturday,1,2,Yes,Hot,No,start,No,No,Ulundu Wade,37.0,Snack,10,1,2,No,No,76.0,61.0,64.0,56.0,89.0,64.66666666666667,52.42857142857143,59.92857142857143,25.624578974473856,20.622856198940955,61.0,63.5,15.0,-3.0,70.30000000000001
2026-01-10,Saturday,1,2,Yes,Hot,No,start,No,No,Vegitable Roti,13.0,Meal,10,1,2,No,No,34.0,21.0,14.0,21.0,20.0,24.666666666666668,17.857142857142858,20.142857142857142,11.186726828829652,9.322075890116906,21.0,22.5,13.0,7.0,28.099999999999998
2026-01-10,Saturday,1,2,Yes,Hot,No,start,No,No,Watter Bottle,3.0,Cold Beverage,10,1,2,No,No,1.0,4.0,2.0,3.0,3.0,4.666666666666667,3.857142857142857,4.142857142857143,2.911389784311004,3.393594483211498,4.0,4.0,-3.0,2.0,1.9999999999999998
2026-01-11,Sunday,1,2,Yes,Hot,No,middle,No,No,Bread,2.0,Meal,11,1,2,No,No,2.5,2.5,2.0,2.0,2.0,1.8333333333333333,1.6428571428571428,1.7857142857142858,0.6900655593423536,0.9138735334633743,1.5,1.75,0.0,0.5,2.45
2026-01-11,Sunday,1,2,Yes,Hot,No,middle,No,No,Breakfast,14.5,Meal,11,1,2,No,No,17.5,14.5,8.0,0.0,0.0,14.166666666666666,11.214285714285714,11.892857142857142,5.743526376547359,4.864228025670086,11.0,11.0,3.0,6.5,15.65
2026-01-11,Sunday,1,2,Yes,Hot,No,middle,No,No,Bulath vita,19.0,Other,11,1,2,No,No,29.0,19.0,4.0,3.0,4.0,21.333333333333332,19.285714285714285,17.0,4.9232200070782275,6.385078759829889,19.0,17.0,10.0,15.0,23.499999999999996
2026-01-11,Sunday,1,2,Yes,Hot,No,middle,No,No,Chicken Curry,3.0,Meal,11,1,2,No,No,6.0,4.0,2.0,2.0,2.0,5.0,3.142857142857143,3.142857142857143,3.0783421635988546,2.537628901072897,3.0,2.5,2.0,2.0,5.0
2026-01-11,Sunday,1,2,Yes,Hot,No,middle,No,No,Cigarette,29.0,Other,11,1,2,No,No,35.0,33.0,38.0,37.0,39.0,40.0,34.42857142857143,38.714285714285715,8.715066319448278,9.210600677217773,35.0,36.5,2.0,-5.0,34.699999999999996
2026-01-11,Sunday,1,2,Yes,Hot,No,middle,No,No,Dal Curry,7.0,Meal,11,1,2,No,No,8.0,9.0,4.0,4.0,3.0,7.0,6.285714285714286,6.714285714285714,2.927700218845591,2.972400517286468,7.0,7.0,-1.0,5.0,7.9
2026-01-11,Sunday,1,2,Yes,Hot,No,middle,No,No,Egg Rotti,50.0,Meal,11,1,2,No,No,50.0,44.0,46.0,54.0,52.0,48.666666666666664,43.0,50.642857142857146,11.045361017187263,15.677554474015187,44.0,48.0,6.0,-2.0,47.800000000000004
2026-01-11,Sunday,1,2,Yes,Hot,No,middle,No,No,Hoppers,30.0,Meal,11,1,2,No,No,32.0,35.0,23.0,22.0,20.0,34.333333333333336,27.571428571428573,26.928571428571427,12.946777499402982,12.187410185636937,31.0,28.5,-3.0,12.0,32.0
2026-01-11,Sunday,1,2,Yes,Hot,No,middle,No,No,Kahata,19.0,Hot Beverage,11,1,2,No,No,24.0,26.0,16.0,16.0,17.0,26.0,25.285714285714285,25.142857142857142,3.7289089429432103,5.933699622393356,24.0,26.0,-2.0,10.0,23.8
2026-01-11,Sunday,1,2,Yes,Hot,No,middle,No,No,Plain Tea,69.5,Hot Beverage,11,1,2,No,No,72.5,78.5,79.0,68.5,58.0,79.5,73.42857142857143,80.85714285714286,19.814617019237307,18.125023683197853,72.5,82.25,-6.0,-0.5,74.95
2026-01-11,Sunday,1,2,Yes,Hot,No,middle,No,No,Roast bread,12.0,Meal,11,1,2,No,No,23.0,13.0,18.0,13.0,16.0,20.0,16.0,18.071428571428573,8.326663997864522,7.710774536714445,18.0,19.5,10.0,-5.0,19.5
2026-01-11,Sunday,1,2,Yes,Hot,No,middle,No,No,Rolls,73.0,Snack,11,1,2,No,No,35.0,100.0,70.0,67.0,71.0,53.333333333333336,48.857142857142854,53.285714285714285,31.243284992824595,22.76106179566179,50.0,52.0,-65.0,30.0,58.0
2026-01-11,Sunday,1,2,Yes,Hot,No,middle,No,No,Roti,13.0,Meal,11,1,2,No,No,10.0,14.0,6.0,7.0,6.0,16.666666666666668,14.142857142857142,14.142857142857142,7.6469726347222196,7.6345081233642205,14.0,14.0,-4.0,8.0,10.799999999999999
2026-01-11,Sunday,1,2,Yes,Hot,No,middle,No,No,Soft drinks,32.0,Cold Beverage,11,1,2,No,No,13.0,39.0,31.0,30.0,24.0,33.0,29.0,31.142857142857142,17.0489491367259,12.877273617663633,39.0,33.5,-26.0,8.0,22.6
2026-01-11,Sunday,1,2,Yes,Hot,No,middle,No,No,String Hoppers,84.0,Meal,11,1,2,No,No,115.0,93.0,22.0,18.0,16.0,91.66666666666667,80.57142857142857,83.0,44.914203925770686,40.71665695813143,93.0,90.0,22.0,71.0,99.10000000000001
2026-01-11,Sunday,1,2,Yes,Hot,No,middle,No,No,Tea,27.0,Hot Beverage,11,1,2,No,No,19.0,29.0,14.0,18.0,18.0,23.0,19.571428571428573,19.428571428571427,7.18463970001611,6.135825262208141,19.0,18.5,-10.0,15.0,21.5
2026-01-11,Sunday,1,2,Yes,Hot,No,middle,No,No,Ulundu Wade,46.0,Snack,11,1,2,No,No,37.0,65.0,65.0,62.0,64.0,61.333333333333336,49.0,58.0,25.89079630550851,21.458367562830542,47.0,62.0,-28.0,0.0,48.2
2026-01-11,Sunday,1,2,Yes,Hot,No,middle,No,No,Vegitable Roti,24.0,Meal,11,1,2,No,No,13.0,23.0,13.0,12.0,12.0,21.666666666666668,16.714285714285715,20.071428571428573,11.220729116450583,9.376437618711194,18.0,22.5,-10.0,10.0,16.0
2026-01-11,Sunday,1,2,Yes,Hot,No,middle,No,No,Watter Bottle,5.0,Cold Beverage,11,1,2,No,No,3.0,5.0,10.0,8.0,8.0,2.6666666666666665,3.7142857142857144,4.214285714285714,2.9277002188455987,3.3553303500909943,4.0,4.0,-2.0,-5.0,4.3
2026-01-12,Monday,1,3,No,Cloudy,No,middle,No,No,Bread,0.5,Meal,12,1,2,No,No,2.0,1.0,0.5,0.0,0.5,2.1666666666666665,1.5714285714285714,1.7857142857142858,0.6074928962939551,0.9138735334633743,1.5,1.75,1.0,0.5,1.55
2026-01-12,Monday,1,3,No,Cloudy,No,middle,No,No,Breakfast,10.5,Meal,12,1,2,No,No,14.5,0.0,9.0,0.0,9.0,15.833333333333334,11.214285714285714,12.357142857142858,5.743526376547359,4.773438413315324,11.0,12.75,14.5,-9.0,9.6
2026-01-12,Monday,1,3,No,Cloudy,No,middle,No,No,Bulath vita,20.0,Other,12,1,2,No,No,19.0,19.0,18.0,0.0,17.0,20.666666666666668,19.285714285714285,18.071428571428573,4.9232200070782275,5.18079717231425,19.0,18.0,0.0,1.0,18.900000000000002
2026-01-12,Monday,1,3,No,Cloudy,No,middle,No,No,Chicken Curry,0.0,Meal,12,1,2,No,No,3.0,0.0,2.0,0.0,2.0,3.3333333333333335,3.0,3.2142857142857144,3.0550504633038935,2.5169753346357675,3.0,3.0,3.0,-2.0,1.9999999999999998
2026-01-12,Monday,1,3,No,Cloudy,No,middle,No,No,Cigarette,22.0,Other,12,1,2,No,No,29.0,19.0,45.0,0.0,27.0,37.666666666666664,33.857142857142854,38.07142857142857,8.952254305081935,9.571305559321033,35.0,35.5,10.0,-26.0,27.599999999999998
2026-01-12,Monday,1,3,No,Cloudy,No,middle,No,No,Dal Curry,8.0,Meal,12,1,2,No,No,7.0,0.0,4.0,0.0,7.0,7.333333333333333,6.0,6.928571428571429,2.708012801545311,2.8679739756969127,7.0,7.0,7.0,-4.0,4.6000000000000005
2026-01-12,Monday,1,3,No,Cloudy,No,middle,No,No,Egg Rotti,35.0,Meal,12,1,2,No,No,50.0,26.0,46.0,0.0,39.0,52.333333333333336,43.857142857142854,50.92857142857143,11.364103886486483,15.622785557365495,50.0,50.0,24.0,-20.0,42.4
2026-01-12,Monday,1,3,No,Cloudy,No,middle,No,No,Hoppers,13.0,Meal,12,1,2,No,No,30.0,0.0,36.0,0.0,10.0,31.0,26.857142857142858,27.428571428571427,12.601965077301378,12.157392722216295,30.0,29.5,30.0,-36.0,21.6
2026-01-12,Monday,1,3,No,Cloudy,No,middle,No,No,Kahata,31.0,Hot Beverage,12,1,2,No,No,19.0,20.0,26.0,0.0,26.0,24.666666666666668,24.285714285714285,25.357142857142858,4.3861253103502635,5.624221557857406,24.0,26.0,-1.0,-6.0,20.0
2026-01-12,Monday,1,3,No,Cloudy,No,middle,No,No,Plain Tea,69.5,Hot Beverage,12,1,2,No,No,69.5,37.0,64.5,0.0,55.5,78.5,72.14285714285714,80.17857142857143,19.722479318690933,18.375995151343435,72.5,82.0,32.5,-27.5,59.25
2026-01-12,Monday,1,3,No,Cloudy,No,middle,No,No,Roast bread,13.0,Meal,12,1,2,No,No,12.0,0.0,15.0,0.0,13.0,19.666666666666668,15.857142857142858,17.642857142857142,8.395009855633901,7.879936966334597,18.0,19.5,12.0,-15.0,8.7
2026-01-12,Monday,1,3,No,Cloudy,No,middle,No,No,Rolls,37.0,Snack,12,1,2,No,No,73.0,0.0,48.0,0.0,44.0,56.333333333333336,45.0,53.5,24.8997991959775,22.94391154365527,50.0,52.0,73.0,-48.0,48.599999999999994
2026-01-12,Monday,1,3,No,Cloudy,No,middle,No,No,Roti,8.0,Meal,12,1,2,No,No,13.0,0.0,13.0,10.0,8.0,15.333333333333334,14.0,14.642857142857142,7.659416862050706,7.281241893831265,14.0,14.0,13.0,-13.0,9.1
2026-01-12,Monday,1,3,No,Cloudy,No,middle,No,No,Soft drinks,25.0,Cold Beverage,12,1,2,No,No,32.0,0.0,40.0,31.0,21.0,28.333333333333332,28.0,31.214285714285715,16.56301099840646,12.87919354515749,32.0,33.5,32.0,-40.0,23.2
2026-01-12,Monday,1,3,No,Cloudy,No,middle,No,No,String Hoppers,137.0,Meal,12,1,2,No,No,84.0,0.0,87.0,0.0,130.0,84.33333333333333,79.28571428571429,87.42857142857143,44.62702576434407,36.750121476961496,84.0,90.0,84.0,-87.0,59.1
2026-01-12,Monday,1,3,No,Cloudy,No,middle,No,No,Tea,16.0,Hot Beverage,12,1,2,No,No,27.0,9.0,18.0,0.0,14.0,23.0,19.285714285714285,20.357142857142858,6.775305299745675,6.233990484644428,19.0,19.0,18.0,-9.0,20.7
2026-01-12,Monday,1,3,No,Cloudy,No,middle,No,No,Ulundu Wade,65.0,Snack,12,1,2,No,No,46.0,0.0,63.0,0.0,66.0,53.0,46.285714285714285,56.642857142857146,24.911271115128354,21.58206927719661,47.0,59.5,46.0,-63.0,33.9
2026-01-12,Monday,1,3,No,Cloudy,No,middle,No,No,Vegitable Roti,14.0,Meal,12,1,2,No,No,24.0,0.0,25.0,0.0,13.0,23.666666666666668,16.857142857142858,20.857142857142858,11.320020191804304,9.197467401051584,18.0,23.0,24.0,-25.0,16.9
2026-01-12,Monday,1,3,No,Cloudy,No,middle,No,No,Watter Bottle,6.0,Cold Beverage,12,1,2,No,No,5.0,0.0,5.0,0.0,5.0,3.0,3.7142857142857144,3.857142857142857,2.9277002188455987,2.9314512776791277,4.0,4.0,5.0,-5.0,3.5
2026-01-13,Tuesday,1,3,No,Hot,No,middle,No,No,Bread,2.5,Meal,13,1,2,No,No,0.5,1.0,4.0,3.5,4.0,1.6666666666666667,1.5,1.7857142857142858,0.7071067811865468,0.9138735334633743,1.5,1.75,-0.5,-3.0,1.0
2026-01-13,Tuesday,1,3,No,Hot,No,middle,No,No,Breakfast,13.0,Meal,13,1,2,No,No,10.5,10.5,11.0,10.0,10.5,14.166666666666666,12.714285714285714,12.464285714285714,3.0802751886958433,4.708683817873453,11.0,12.75,0.0,-0.5,10.549999999999999
2026-01-13,Tuesday,1,3,No,Hot,No,middle,No,No,Bulath vita,14.0,Other,13,1,2,No,No,20.0,18.0,9.0,10.0,8.0,22.666666666666668,19.428571428571427,18.214285714285715,4.928053803045822,5.20618820293654,19.0,18.5,2.0,9.0,18.299999999999997
2026-01-13,Tuesday,1,3,No,Hot,No,middle,No,No,Chicken Curry,6.0,Meal,13,1,2,No,No,0.0,0.0,5.0,4.0,4.0,3.0,3.0,3.0714285714285716,3.0550504633038935,2.6447127432871596,3.0,3.0,0.0,-5.0,0.5
2026-01-13,Tuesday,1,3,No,Hot,No,middle,No,No,Cigarette,30.0,Other,13,1,2,No,No,22.0,34.0,37.0,34.0,34.0,28.666666666666668,34.285714285714285,36.42857142857143,8.159131606453556,10.241050770263776,35.0,35.0,-12.0,-3.0,27.099999999999998
2026-01-13,Tuesday,1,3,No,Hot,No,middle,No,No,Dal Curry,9.0,Meal,13,1,2,No,No,8.0,7.0,11.0,10.0,8.0,7.666666666666667,7.142857142857143,7.214285714285714,0.690065559342324,2.750624304759575,7.0,7.0,1.0,-4.0,8.0
2026-01-13,Tuesday,1,3,No,Hot,No,middle,No,No,Egg Rotti,45.0,Meal,13,1,2,No,No,35.0,33.0,72.0,53.0,59.0,45.0,45.142857142857146,50.142857142857146,9.335033858688309,16.157194838676187,50.0,50.0,2.0,-39.0,38.1
2026-01-13,Tuesday,1,3,No,Hot,No,middle,No,No,Hoppers,45.0,Meal,13,1,2,No,No,13.0,26.0,13.0,15.0,13.0,25.0,28.714285714285715,25.785714285714285,8.15913160645349,12.460266520353473,30.0,28.5,-13.0,13.0,16.9
2026-01-13,Tuesday,1,3,No,Hot,No,middle,No,No,Kahata,23.0,Hot Beverage,13,1,2,No,No,31.0,24.0,28.0,28.0,30.0,24.666666666666668,25.857142857142858,25.714285714285715,4.561745697594699,5.823408616273441,24.0,27.0,7.0,-4.0,28.599999999999998
2026-01-13,Tuesday,1,3,No,Hot,No,middle,No,No,Plain Tea,76.5,Hot Beverage,13,1,2,No,No,69.5,64.0,94.0,84.0,89.5,70.5,76.78571428571429,80.53571428571429,12.61565542905969,18.094266288730033,72.5,82.0,5.5,-30.0,70.3
2026-01-13,Tuesday,1,3,No,Hot,No,middle,No,No,Roast bread,22.0,Meal,13,1,2,No,No,13.0,18.0,24.0,21.0,24.0,16.0,17.714285714285715,17.5,5.089672082242801,7.949358948513245,18.0,19.5,-5.0,-6.0,15.6
2026-01-13,Tuesday,1,3,No,Hot,No,middle,No,No,Rolls,47.0,Snack,13,1,2,No,No,37.0,32.0,54.0,43.0,39.0,48.333333333333336,50.285714285714285,52.714285714285715,16.142225019229222,23.331815753893373,50.0,52.0,5.0,-22.0,37.199999999999996
2026-01-13,Tuesday,1,3,No,Hot,No,middle,No,No,Roti,3.0,Meal,13,1,2,No,No,8.0,14.0,8.0,8.0,7.0,10.333333333333334,15.142857142857142,14.285714285714286,5.520524474738836,7.48771888267275,14.0,14.0,-6.0,6.0,9.8
2026-01-13,Tuesday,1,3,No,Hot,No,middle,No,No,Soft drinks,31.0,Cold Beverage,13,1,2,No,No,25.0,25.0,28.0,33.0,28.0,23.333333333333332,31.571428571428573,30.142857142857142,11.414276774536107,12.714964792335435,32.0,32.0,0.0,-3.0,25.3
2026-01-13,Tuesday,1,3,No,Hot,No,middle,No,No,String Hoppers,88.0,Meal,13,1,2,No,No,137.0,64.0,125.0,146.0,119.0,112.0,98.85714285714286,91.0,32.43675164289508,39.062080766981055,106.0,99.5,73.0,-61.0,113.9
2026-01-13,Tuesday,1,3,No,Hot,No,middle,No,No,Tea,25.0,Hot Beverage,13,1,2,No,No,16.0,15.0,14.0,13.0,14.0,20.666666666666668,20.285714285714285,20.214285714285715,5.37631490007439,6.31455670444302,19.0,19.0,1.0,1.0,15.5
2026-01-13,Tuesday,1,3,No,Hot,No,middle,No,No,Ulundu Wade,46.0,Snack,13,1,2,No,No,65.0,47.0,58.0,66.0,55.0,49.333333333333336,55.57142857142857,56.785714285714285,14.875675254781354,21.63394260248169,47.0,59.5,18.0,-11.0,58.900000000000006
2026-01-13,Tuesday,1,3,No,Hot,No,middle,No,No,Vegitable Roti,12.0,Meal,13,1,2,No,No,14.0,7.0,24.0,27.0,31.0,17.0,18.857142857142858,20.071428571428573,8.802056036869482,9.285756551044978,18.0,22.5,7.0,-17.0,12.9
2026-01-13,Tuesday,1,3,No,Hot,No,middle,No,No,Watter Bottle,0.0,Cold Beverage,13,1,2,No,No,6.0,4.0,2.0,2.0,2.0,4.666666666666667,4.571428571428571,3.9285714285714284,2.5071326821120343,2.9733246275271283,4.0,4.0,2.0,2.0,5.0
2026-01-14,Wednesday,1,3,No,Cloudy,No,middle,No,No,Bread,3.0,Meal,14,1,2,No,No,2.5,1.5,1.5,2.0,2.0,1.6666666666666667,1.7142857142857142,1.6785714285714286,0.755928946018454,0.696340512888707,2.0,1.75,1.0,0.0,2.1
2026-01-14,Wednesday,1,3,No,Cloudy,No,middle,No,No,Breakfast,10.5,Meal,14,1,2,No,No,13.0,11.0,9.5,10.5,14.0,12.666666666666666,13.071428571428571,12.607142857142858,2.921594476602504,4.691147848007795,13.0,13.75,2.0,1.5,12.049999999999999
2026-01-14,Wednesday,1,3,No,Cloudy,No,middle,No,No,Bulath vita,12.0,Other,14,1,2,No,No,14.0,15.0,14.0,6.0,6.0,17.666666666666668,18.857142857142858,18.571428571428573,5.336308693862319,4.669282364796306,19.0,18.5,-1.0,1.0,14.3
2026-01-14,Wednesday,1,3,No,Cloudy,No,middle,No,No,Chicken Curry,2.0,Meal,14,1,2,No,No,6.0,3.0,3.0,3.0,3.0,3.0,3.857142857142857,3.142857142857143,2.9113897843110044,2.7134180220963673,3.0,3.0,3.0,0.0,4.8
2026-01-14,Wednesday,1,3,No,Cloudy,No,middle,No,No,Cigarette,34.0,Other,14,1,2,No,No,30.0,35.0,39.0,28.0,34.0,27.0,33.714285714285715,35.92857142857143,8.320943169983565,10.38093137746973,35.0,35.0,-5.0,-4.0,32.4
2026-01-14,Wednesday,1,3,No,Cloudy,No,middle,No,No,Dal Curry,7.0,Meal,14,1,2,No,No,9.0,7.0,7.0,10.0,8.0,8.0,7.428571428571429,7.071428571428571,0.975900072948513,2.5858873113137038,7.0,7.0,2.0,0.0,8.2
2026-01-14,Wednesday,1,3,No,Cloudy,No,middle,No,No,Egg Rotti,50.0,Meal,14,1,2,No,No,45.0,52.0,54.0,34.0,37.0,43.333333333333336,46.857142857142854,48.214285714285715,7.690439333539866,14.910907579190619,50.0,47.5,-7.0,-2.0,48.0
2026-01-14,Wednesday,1,3,No,Cloudy,No,middle,No,No,Hoppers,15.0,Meal,14,1,2,No,No,45.0,29.0,25.0,16.0,16.0,29.333333333333332,31.428571428571427,28.071428571428573,10.047506205640321,12.86297181665434,31.0,29.5,16.0,4.0,38.2
2026-01-14,Wednesday,1,3,No,Cloudy,No,middle,No,No,Kahata,25.0,Hot Beverage,14,1,2,No,No,23.0,29.0,28.0,25.0,25.0,24.333333333333332,25.714285714285715,25.357142857142858,4.644505202002525,5.8257669400311825,24.0,25.0,-6.0,1.0,25.3
2026-01-14,Wednesday,1,3,No,Cloudy,No,middle,No,No,Plain Tea,85.0,Hot Beverage,14,1,2,No,No,76.5,96.0,97.0,56.0,56.5,71.83333333333333,78.57142857142857,79.28571428571429,11.322649025399594,17.69258241544948,72.5,77.5,-19.5,-1.0,84.39999999999999
2026-01-14,Wednesday,1,3,No,Cloudy,No,middle,No,No,Roast bread,17.0,Meal,14,1,2,No,No,22.0,21.0,23.0,15.0,13.0,15.666666666666666,18.285714285714285,17.357142857142858,5.345224838248476,7.840792177964029,21.0,19.5,1.0,-2.0,21.8
2026-01-14,Wednesday,1,3,No,Cloudy,No,middle,No,No,Rolls,52.0,Snack,14,1,2,No,No,47.0,50.0,50.0,70.0,61.0,52.333333333333336,52.42857142857143,52.214285714285715,14.1875196664433,23.37710441840502,50.0,50.0,-3.0,0.0,48.2
2026-01-14,Wednesday,1,3,No,Cloudy,No,middle,No,No,Roti,6.0,Meal,14,1,2,No,No,3.0,21.0,19.0,19.0,17.0,8.0,13.571428571428571,13.928571428571429,7.207800007795788,7.917500438068391,13.0,14.0,-18.0,2.0,10.0
2026-01-14,Wednesday,1,3,No,Cloudy,No,middle,No,No,Soft drinks,19.0,Cold Beverage,14,1,2,No,No,31.0,40.0,45.0,23.0,30.0,29.333333333333332,32.42857142857143,30.357142857142858,11.058287131636366,12.701345433621425,32.0,32.0,-9.0,-5.0,35.099999999999994
2026-01-14,Wednesday,1,3,No,Cloudy,No,middle,No,No,String Hoppers,52.0,Meal,14,1,2,No,No,88.0,132.0,114.0,142.0,150.0,103.0,102.28571428571429,88.35714285714286,29.25015262475442,37.81657581793207,106.0,90.5,-44.0,18.0,103.80000000000001
2026-01-14,Wednesday,1,3,No,Cloudy,No,middle,No,No,Tea,19.0,Hot Beverage,14,1,2,No,No,25.0,15.0,17.0,16.0,18.0,22.666666666666668,21.714285714285715,21.0,5.05682000583654,6.164414002968968,23.0,21.0,10.0,-2.0,21.2
2026-01-14,Wednesday,1,3,No,Cloudy,No,middle,No,No,Ulundu Wade,28.0,Snack,14,1,2,No,No,46.0,47.0,55.0,32.0,26.0,52.333333333333336,55.42857142857143,55.92857142857143,14.976171549689004,21.81906112946724,47.0,58.0,-1.0,-8.0,47.199999999999996
2026-01-14,Wednesday,1,3,No,Cloudy,No,middle,No,No,Vegitable Roti,19.0,Meal,14,1,2,No,No,12.0,22.0,23.0,19.0,16.0,16.666666666666668,19.571428571428573,19.214285714285715,7.828519290754434,9.447658003878091,18.0,21.5,-10.0,-1.0,16.099999999999998
2026-01-14,Wednesday,1,3,No,Cloudy,No,middle,No,No,Watter Bottle,7.0,Cold Beverage,14,1,2,No,No,0.0,9.0,10.0,4.0,6.0,3.6666666666666665,4.0,3.7857142857142856,3.0550504633038926,3.11765620615555,4.0,4.0,-9.0,-1.0,3.6999999999999997
2026-01-15,Thursday,1,3,No,Hot,No,middle,No,No,Bread,1.5,Meal,15,1,3,No,No,3.0,1.0,2.5,2.5,5.0,2.0,1.9285714285714286,1.7857142857142858,0.8864052604279181,0.7774288420142402,2.0,2.0,2.0,-1.5,2.3499999999999996
2026-01-15,Thursday,1,3,No,Hot,No,middle,No,No,Breakfast,8.5,Meal,15,1,3,No,No,10.5,9.5,15.5,20.5,9.5,11.333333333333334,13.0,12.678571428571429,2.9860788111948153,4.647609571088642,13.0,13.75,1.0,-6.0,10.700000000000001
2026-01-15,Thursday,1,3,No,Hot,No,middle,No,No,Bulath vita,14.0,Other,15,1,3,No,No,12.0,21.0,16.0,25.0,26.0,15.333333333333334,18.428571428571427,18.428571428571427,5.798193478924941,4.847113109316253,19.0,18.5,-9.0,5.0,15.1
2026-01-15,Thursday,1,3,No,Hot,No,middle,No,No,Chicken Curry,5.0,Meal,15,1,3,No,No,2.0,8.0,7.0,4.0,2.0,2.6666666666666665,3.7142857142857144,3.0714285714285716,2.984084768360628,2.730575755412026,3.0,2.5,-6.0,1.0,4.3
2026-01-15,Thursday,1,3,No,Hot,No,middle,No,No,Cigarette,27.0,Other,15,1,3,No,No,34.0,36.0,35.0,37.0,62.0,28.666666666666668,33.57142857142857,35.57142857142857,8.303757038376176,10.3531064510519,34.0,34.5,-2.0,1.0,34.699999999999996
2026-01-15,Thursday,1,3,No,Hot,No,middle,No,No,Dal Curry,10.0,Meal,15,1,3,No,No,7.0,6.0,12.0,11.0,5.0,8.0,7.428571428571429,7.071428571428571,0.975900072948513,2.5858873113137038,7.0,7.0,1.0,-6.0,7.2
2026-01-15,Thursday,1,3,No,Hot,No,middle,No,No,Egg Rotti,39.0,Meal,15,1,3,No,No,50.0,39.0,41.0,55.0,67.0,43.333333333333336,46.57142857142857,47.92857142857143,7.502380574571931,14.829618417800974,50.0,47.5,11.0,-2.0,45.800000000000004
2026-01-15,Thursday,1,3,No,Hot,No,middle,No,No,Hoppers,28.0,Meal,15,1,3,No,No,15.0,40.0,12.0,14.0,56.0,24.333333333333332,29.428571428571427,27.357142857142858,11.844227044670921,13.316312395861543,31.0,29.5,-25.0,28.0,22.2
2026-01-15,Thursday,1,3,No,Hot,No,middle,No,No,Kahata,15.0,Hot Beverage,15,1,3,No,No,25.0,23.0,36.0,38.0,26.0,26.333333333333332,25.142857142857142,25.142857142857142,4.413183712037198,5.776039937763348,24.0,24.5,2.0,-13.0,25.5
2026-01-15,Thursday,1,3,No,Hot,No,middle,No,No,Plain Tea,66.0,Hot Beverage,15,1,3,No,No,85.0,72.5,90.5,89.5,95.5,77.0,77.0,78.42857142857143,9.032349269892892,17.04728395111344,72.5,77.5,12.5,-18.0,81.8
2026-01-15,Thursday,1,3,No,Hot,No,middle,No,No,Roast bread,22.0,Meal,15,1,3,No,No,17.0,13.0,21.0,33.0,19.0,17.333333333333332,17.714285714285715,16.928571428571427,5.219012860502943,7.670766541921301,17.0,17.5,4.0,-8.0,16.2
2026-01-15,Thursday,1,3,No,Hot,No,middle,No,No,Rolls,47.0,Snack,15,1,3,No,No,52.0,64.0,48.0,48.0,42.0,45.333333333333336,52.714285714285715,52.357142857142854,14.15055105775377,23.368641522206786,52.0,51.0,-12.0,16.0,55.2
2026-01-15,Thursday,1,3,No,Hot,No,middle,No,No,Roti,6.0,Meal,15,1,3,No,No,6.0,17.0,5.0,16.0,14.0,5.666666666666667,11.428571428571429,13.0,6.852180744287249,8.038369524685004,10.0,13.5,-11.0,12.0,9.2
2026-01-15,Thursday,1,3,No,Hot,No,middle,No,No,Soft drinks,26.0,Cold Beverage,15,1,3,No,No,19.0,46.0,22.0,34.0,35.0,25.0,29.428571428571427,28.5,11.501552690211632,12.289770605607801,31.0,31.5,-27.0,24.0,27.4
2026-01-15,Thursday,1,3,No,Hot,No,middle,No,No,String Hoppers,116.0,Meal,15,1,3,No,No,52.0,106.0,127.0,159.0,58.0,92.33333333333333,90.85714285714286,83.92857142857143,31.264615629752917,38.21088102322985,88.0,86.0,-54.0,-21.0,75.7
2026-01-15,Thursday,1,3,No,Hot,No,middle,No,No,Tea,20.0,Hot Beverage,15,1,3,No,No,19.0,27.0,19.0,22.0,22.0,20.0,22.285714285714285,21.142857142857142,4.347960660443243,6.087277310501382,23.0,21.0,-8.0,8.0,21.4
2026-01-15,Thursday,1,3,No,Hot,No,middle,No,No,Ulundu Wade,52.0,Snack,15,1,3,No,No,28.0,71.0,82.0,94.0,85.0,46.333333333333336,52.714285714285715,54.0,18.14491926788585,23.065125189341586,46.0,54.0,-43.0,-11.0,46.300000000000004
2026-01-15,Thursday,1,3,No,Hot,No,middle,No,No,Vegitable Roti,14.0,Meal,15,1,3,No,No,19.0,18.0,24.0,32.0,15.0,15.0,19.142857142857142,18.928571428571427,7.755182598937123,9.384637903053509,18.0,20.0,1.0,-6.0,19.200000000000003
2026-01-15,Thursday,1,3,No,Hot,No,middle,No,No,Watter Bottle,12.0,Cold Beverage,15,1,3,No,No,7.0,4.0,1.0,6.0,4.0,4.333333333333333,3.7142857142857144,3.5714285714285716,2.563479777846622,2.7376094488632763,4.0,4.0,3.0,3.0,5.5
2026-01-16,Friday,1,3,No,Hot,No,middle,No,No,Bread,2.5,Meal,16,1,3,No,No,1.5,2.0,2.0,2.5,1.0,2.3333333333333335,2.0,1.7142857142857142,0.8164965809277259,0.7522858937492206,2.0,1.75,-0.5,0.0,1.7
2026-01-16,Friday,1,3,No,Hot,No,middle,No,No,Breakfast,11.0,Meal,16,1,3,No,No,8.5,15.5,17.0,9.0,13.5,10.666666666666666,12.857142857142858,12.178571428571429,3.1978415339398,4.697000445690123,13.0,12.0,-7.0,-1.5,11.45
2026-01-16,Friday,1,3,No,Hot,No,middle,No,No,Bulath vita,9.0,Other,16,1,3,No,No,14.0,14.0,15.0,10.0,21.0,13.333333333333334,17.428571428571427,18.285714285714285,5.883795341363235,4.95252183513334,14.0,18.5,0.0,-1.0,14.100000000000001
2026-01-16,Friday,1,3,No,Hot,No,middle,No,No,Chicken Curry,1.0,Meal,16,1,3,No,No,5.0,1.0,1.0,1.0,0.0,4.333333333333333,3.2857142857142856,2.9285714285714284,2.4299715851758235,2.5559669467673154,3.0,2.5,4.0,0.0,3.4
2026-01-16,Friday,1,3,No,Hot,No,middle,No,No,Cigarette,9.0,Other,16,1,3,No,No,27.0,49.0,50.0,10.0,60.0,30.333333333333332,32.285714285714285,35.0,8.557925872435234,10.60478846849562,30.0,34.0,-22.0,-1.0,35.9
2026-01-16,Friday,1,3,No,Hot,No,middle,No,No,Dal Curry,7.0,Meal,16,1,3,No,No,10.0,7.0,6.0,7.0,5.0,8.666666666666666,8.0,6.928571428571429,1.1547005383792366,2.335817620458409,8.0,7.0,3.0,1.0,8.7
2026-01-16,Friday,1,3,No,Hot,No,middle,No,No,Egg Rotti,19.0,Meal,16,1,3,No,No,39.0,57.0,62.0,21.0,54.0,44.666666666666664,46.57142857142857,47.785714285714285,7.502380574571931,14.91090757919062,50.0,47.5,-18.0,-5.0,46.7
2026-01-16,Friday,1,3,No,Hot,No,middle,No,No,Hoppers,28.0,Meal,16,1,3,No,No,28.0,31.0,28.0,28.0,46.0,29.333333333333332,27.714285714285715,28.5,10.889050857233991,12.562153171637904,30.0,29.5,-3.0,3.0,28.900000000000002
2026-01-16,Friday,1,3,No,Hot,No,middle,No,No,Kahata,6.0,Hot Beverage,16,1,3,No,No,15.0,31.0,28.0,7.0,30.0,21.0,24.0,23.642857142857142,5.859465277082313,5.457628998540865,24.0,24.0,-16.0,3.0,21.099999999999998
2026-01-16,Friday,1,3,No,Hot,No,middle,No,No,Plain Tea,24.5,Hot Beverage,16,1,3,No,No,66.0,93.5,107.5,22.0,112.0,75.83333333333333,76.07142857142857,76.67857142857143,9.867575569462284,16.970117563231252,72.5,74.5,-27.5,-14.0,78.4
2026-01-16,Friday,1,3,No,Hot,No,middle,No,No,Roast bread,0.0,Meal,16,1,3,No,No,22.0,24.0,31.0,0.0,22.0,20.333333333333332,19.0,17.0,4.966554808583768,7.7161169987540665,22.0,17.5,-2.0,-7.0,23.5
2026-01-16,Friday,1,3,No,Hot,No,middle,No,No,Rolls,18.0,Snack,16,1,3,No,No,47.0,61.0,64.0,17.0,69.0,48.666666666666664,50.285714285714285,52.285714285714285,13.325592991361766,23.38450694017655,47.0,51.0,-14.0,-3.0,52.9
2026-01-16,Friday,1,3,No,Hot,No,middle,No,No,Roti,2.0,Meal,16,1,3,No,No,6.0,23.0,24.0,4.0,9.0,5.0,9.857142857142858,13.071428571428571,6.618876325292972,7.965930200299519,8.0,13.5,-17.0,-1.0,12.9
2026-01-16,Friday,1,3,No,Hot,No,middle,No,No,Soft drinks,10.0,Cold Beverage,16,1,3,No,No,26.0,40.0,35.0,10.0,44.0,25.333333333333332,26.571428571428573,28.785714285714285,8.885515232803387,12.172974931433922,26.0,31.5,-14.0,5.0,31.1
2026-01-16,Friday,1,3,No,Hot,No,middle,No,No,String Hoppers,40.0,Meal,16,1,3,No,No,116.0,54.0,68.0,50.0,67.0,85.33333333333333,92.28571428571429,83.14285714285714,32.283712538029064,37.3607303973594,88.0,86.0,62.0,-14.0,92.6
2026-01-16,Friday,1,3,No,Hot,No,middle,No,No,Tea,5.0,Hot Beverage,16,1,3,No,No,20.0,23.0,24.0,6.0,26.0,21.333333333333332,21.285714285714285,21.214285714285715,3.8606685826113027,6.066028626432881,20.0,21.5,-3.0,-1.0,21.299999999999997
2026-01-16,Friday,1,3,No,Hot,No,middle,No,No,Ulundu Wade,13.0,Snack,16,1,3,No,No,52.0,76.0,85.0,14.0,36.0,42.0,50.0,51.857142857142854,16.278820596099703,21.611454024543203,46.0,49.5,-24.0,-9.0,62.5
2026-01-16,Friday,1,3,No,Hot,No,middle,No,No,Vegitable Roti,7.0,Meal,16,1,3,No,No,14.0,34.0,34.0,6.0,23.0,15.0,18.571428571428573,18.214285714285715,7.9970232557109,9.349443187275266,14.0,18.5,-20.0,0.0,22.0
2026-01-16,Friday,1,3,No,Hot,No,middle,No,No,Watter Bottle,1.0,Cold Beverage,16,1,3,No,No,12.0,1.0,1.0,1.0,6.0,6.333333333333333,4.857142857142857,4.357142857142857,4.059087394500207,3.433032811627976,5.0,4.0,11.0,0.0,7.599999999999999
2026-01-17,Saturday,1,3,Yes,Hot,No,middle,No,No,Bread,1.5,Meal,17,1,3,No,No,2.5,2.5,1.0,2.0,1.0,2.3333333333333335,2.0714285714285716,1.75,0.8380817098475257,0.7783117824941549,2.5,1.75,0.0,1.5,2.35
2026-01-17,Saturday,1,3,Yes,Hot,No,middle,No,No,Breakfast,10.0,Meal,17,1,3,No,No,11.0,17.5,18.0,17.0,17.0,10.0,12.214285714285714,11.75,3.0256837086453516,4.492515142733781,11.0,11.0,-6.5,-0.5,13.65
2026-01-17,Saturday,1,3,Yes,Hot,No,middle,No,No,Bulath vita,15.0,Other,17,1,3,No,No,9.0,29.0,27.0,26.0,28.0,11.666666666666666,16.714285714285715,17.857142857142858,6.62606685030886,5.489250234036349,14.0,18.5,-20.0,2.0,16.799999999999997
2026-01-17,Saturday,1,3,Yes,Hot,No,middle,No,No,Chicken Curry,3.0,Meal,17,1,3,No,No,1.0,6.0,2.0,7.0,2.0,2.6666666666666665,3.2857142857142856,2.9285714285714284,2.4299715851758235,2.5559669467673154,3.0,2.5,-5.0,4.0,2.6
2026-01-17,Saturday,1,3,Yes,Hot,No,middle,No,No,Cigarette,23.0,Other,17,1,3,No,No,9.0,35.0,57.0,35.0,52.0,23.333333333333332,26.571428571428573,32.07142857142857,8.885515232803499,11.743831675291556,29.0,33.5,-26.0,-22.0,21.599999999999998
2026-01-17,Saturday,1,3,Yes,Hot,No,middle,No,No,Dal Curry,7.0,Meal,17,1,3,No,No,7.0,8.0,6.0,8.0,5.0,8.0,8.0,7.0,1.1547005383792366,2.320477404461292,8.0,7.0,-1.0,2.0,7.199999999999999
2026-01-17,Saturday,1,3,Yes,Hot,No,middle,No,No,Egg Rotti,46.0,Meal,17,1,3,No,No,19.0,50.0,87.0,49.0,80.0,36.0,41.142857142857146,44.714285714285715,11.422617496711979,16.136096999386996,45.0,44.5,-31.0,-37.0,35.1
2026-01-17,Saturday,1,3,Yes,Hot,No,middle,No,No,Hoppers,20.0,Meal,17,1,3,No,No,28.0,32.0,47.0,42.0,40.0,23.666666666666668,27.285714285714285,28.5,10.796824930109237,12.562153171637904,28.0,29.5,-4.0,-15.0,31.099999999999998
2026-01-17,Saturday,1,3,Yes,Hot,No,middle,No,No,Kahata,32.0,Hot Beverage,17,1,3,No,No,6.0,24.0,13.0,21.0,16.0,15.333333333333334,20.428571428571427,22.071428571428573,8.079957567073873,7.043428860284599,23.0,23.5,-18.0,11.0,12.1
2026-01-17,Saturday,1,3,Yes,Hot,No,middle,No,No,Plain Tea,65.0,Hot Beverage,17,1,3,No,No,24.5,72.5,85.5,98.0,85.0,58.5,66.21428571428571,70.75,19.407595469422862,19.659358703055002,69.5,72.5,-48.0,-13.0,45.0
2026-01-17,Saturday,1,3,Yes,Hot,No,middle,No,No,Roast bread,28.0,Meal,17,1,3,No,No,0.0,23.0,9.0,18.0,9.0,13.0,15.571428571428571,14.785714285714286,8.182443458550802,7.836586496178541,17.0,15.0,-23.0,14.0,7.8
2026-01-17,Saturday,1,3,Yes,Hot,No,middle,No,No,Rolls,64.0,Snack,17,1,3,No,No,18.0,35.0,70.0,51.0,63.0,39.0,44.142857142857146,49.0,16.974771195596684,24.800744405701284,47.0,48.5,-17.0,-35.0,28.299999999999997
2026-01-17,Saturday,1,3,Yes,Hot,No,middle,No,No,Roti,11.0,Meal,17,1,3,No,No,2.0,10.0,24.0,9.0,21.0,4.666666666666667,6.857142857142857,11.5,3.8483144114694934,7.81271153559771,6.0,11.5,-8.0,-14.0,6.6000000000000005
2026-01-17,Saturday,1,3,Yes,Hot,No,middle,No,No,Soft drinks,35.0,Cold Beverage,17,1,3,No,No,10.0,13.0,32.0,11.0,26.0,18.333333333333332,22.285714285714285,27.0,8.55792587243517,12.997041083380362,25.0,28.5,-3.0,-19.0,13.100000000000001
2026-01-17,Saturday,1,3,Yes,Hot,No,middle,No,No,String Hoppers,92.0,Meal,17,1,3,No,No,40.0,115.0,55.0,96.0,49.0,69.33333333333333,90.28571428571429,81.14285714285714,35.33984665932723,38.94938953379043,88.0,86.0,-75.0,60.0,64.0
2026-01-17,Saturday,1,3,Yes,Hot,No,middle,No,No,Tea,28.0,Hot Beverage,17,1,3,No,No,5.0,19.0,29.0,19.0,28.0,14.666666666666666,18.714285714285715,19.857142857142858,7.1347573122539885,7.378316911027905,19.0,19.5,-14.0,-10.0,11.6
2026-01-17,Saturday,1,3,Yes,Hot,No,middle,No,No,Ulundu Wade,77.0,Snack,17,1,3,No,No,13.0,37.0,61.0,64.0,56.0,31.0,41.0,46.714285714285715,16.911534525287752,21.684551649037612,46.0,47.0,-24.0,-24.0,25.0
2026-01-17,Saturday,1,3,Yes,Hot,No,middle,No,No,Vegitable Roti,18.0,Meal,17,1,3,No,No,7.0,13.0,21.0,14.0,21.0,13.333333333333334,14.714285714285714,16.285714285714285,5.407226205560036,8.597213962214033,14.0,16.0,-6.0,-8.0,10.2
2026-01-17,Saturday,1,3,Yes,Hot,No,middle,No,No,Watter Bottle,3.0,Cold Beverage,17,1,3,No,No,1.0,3.0,4.0,2.0,3.0,6.666666666666667,4.857142857142857,4.357142857142857,4.059087394500207,3.433032811627976,5.0,4.0,-2.0,-1.0,1.9
2026-01-18,Sunday,1,3,Yes,Hot,No,middle,No,No,Bread,5.0,Meal,18,1,3,No,No,1.5,2.0,2.5,2.0,2.0,1.8333333333333333,1.9285714285714286,1.7857142857142858,0.8380817098475255,0.7522858937492208,2.0,1.75,-0.5,-0.5,1.75
2026-01-18,Sunday,1,3,Yes,Hot,No,middle,No,No,Breakfast,12.0,Meal,18,1,3,No,No,10.0,14.5,14.5,8.0,0.0,9.833333333333334,11.142857142857142,11.178571428571429,1.9940387348771529,4.130594773977858,10.5,10.75,-4.5,0.0,11.8
2026-01-18,Sunday,1,3,Yes,Hot,No,middle,No,No,Bulath vita,20.0,Other,18,1,3,No,No,15.0,19.0,19.0,4.0,3.0,12.666666666666666,14.714285714285714,17.0,3.817254061682116,4.851645240375838,14.0,16.5,-4.0,0.0,16.599999999999998
2026-01-18,Sunday,1,3,Yes,Hot,No,middle,No,No,Chicken Curry,1.0,Meal,18,1,3,No,No,3.0,3.0,4.0,2.0,2.0,3.0,2.857142857142857,3.0,2.1157009420498154,2.54195563720897,3.0,3.0,0.0,-1.0,3.0999999999999996
2026-01-18,Sunday,1,3,Yes,Hot,No,middle,No,No,Cigarette,63.0,Other,18,1,3,No,No,23.0,29.0,33.0,38.0,37.0,19.666666666666668,24.857142857142858,29.642857142857142,8.112306935115692,9.491754663570122,27.0,31.5,-6.0,-4.0,25.8
2026-01-18,Sunday,1,3,Yes,Hot,No,middle,No,No,Dal Curry,14.0,Meal,18,1,3,No,No,7.0,7.0,9.0,4.0,4.0,8.0,7.857142857142857,7.071428571428571,1.2149857925878969,2.3026501693044543,7.0,7.0,0.0,-2.0,7.200000000000001
2026-01-18,Sunday,1,3,Yes,Hot,No,middle,No,No,Egg Rotti,74.0,Meal,18,1,3,No,No,46.0,50.0,44.0,46.0,54.0,34.666666666666664,40.57142857142857,41.785714285714285,10.997835284835881,10.663947684595046,45.0,44.5,-4.0,6.0,46.99999999999999
2026-01-18,Sunday,1,3,Yes,Hot,No,middle,No,No,Hoppers,39.0,Meal,18,1,3,No,No,20.0,30.0,35.0,23.0,22.0,25.333333333333332,25.571428571428573,26.571428571428573,10.875923606099574,11.533991808258188,28.0,28.5,-10.0,-5.0,24.5
2026-01-18,Sunday,1,3,Yes,Hot,No,middle,No,No,Kahata,20.0,Hot Beverage,18,1,3,No,No,32.0,19.0,26.0,16.0,16.0,17.666666666666668,21.571428571428573,23.428571428571427,9.162553189607195,6.991360445515648,23.0,24.0,13.0,-7.0,27.5
2026-01-18,Sunday,1,3,Yes,Hot,No,middle,No,No,Plain Tea,85.0,Hot Beverage,18,1,3,No,No,65.0,69.5,78.5,79.0,68.5,51.833333333333336,65.14285714285714,69.28571428571429,19.208752965150843,19.23509841381143,69.5,71.0,-4.5,-9.0,67.69999999999999
2026-01-18,Sunday,1,3,Yes,Hot,No,middle,No,No,Roast bread,51.0,Meal,18,1,3,No,No,28.0,12.0,13.0,18.0,13.0,16.666666666666668,16.285714285714285,16.142857142857142,9.105205209371274,8.383657572069259,17.0,17.5,16.0,-1.0,21.7
2026-01-18,Sunday,1,3,Yes,Hot,No,middle,No,No,Rolls,78.0,Snack,18,1,3,No,No,64.0,73.0,100.0,70.0,67.0,43.0,48.285714285714285,48.57142857142857,17.885881636216965,24.459430415766775,47.0,48.5,-9.0,-27.0,70.3
2026-01-18,Sunday,1,3,Yes,Hot,No,middle,No,No,Roti,7.0,Meal,18,1,3,No,No,11.0,13.0,14.0,6.0,7.0,6.333333333333333,7.0,10.571428571428571,3.999999999999998,6.936129331975443,6.0,10.5,-2.0,-1.0,11.9
2026-01-18,Sunday,1,3,Yes,Hot,No,middle,No,No,Soft drinks,42.0,Cold Beverage,18,1,3,No,No,35.0,32.0,39.0,31.0,30.0,23.666666666666668,25.428571428571427,27.214285714285715,8.61891607371335,13.11005821396787,26.0,28.5,3.0,-7.0,34.5
2026-01-18,Sunday,1,3,Yes,Hot,No,middle,No,No,String Hoppers,63.0,Meal,18,1,3,No,No,92.0,84.0,93.0,22.0,18.0,82.66666666666667,87.0,83.78571428571429,33.689761055846034,38.28873819450663,88.0,90.0,8.0,-9.0,89.69999999999999
2026-01-18,Sunday,1,3,Yes,Hot,No,middle,No,No,Tea,35.0,Hot Beverage,18,1,3,No,No,28.0,27.0,29.0,14.0,18.0,17.666666666666668,20.0,19.785714285714285,7.958224257542212,7.287276281601757,20.0,19.5,1.0,-2.0,27.799999999999997
2026-01-18,Sunday,1,3,Yes,Hot,No,middle,No,No,Ulundu Wade,103.0,Snack,18,1,3,No,No,77.0,46.0,65.0,65.0,62.0,47.333333333333336,46.714285714285715,47.857142857142854,21.4764544382469,22.8838442939627,46.0,47.0,31.0,-19.0,66.5
2026-01-18,Sunday,1,3,Yes,Hot,No,middle,No,No,Vegitable Roti,32.0,Meal,18,1,3,No,No,18.0,24.0,23.0,13.0,12.0,13.0,15.428571428571429,16.071428571428573,5.4728768442548485,8.507591955372616,14.0,16.0,-6.0,1.0,20.3
2026-01-18,Sunday,1,3,Yes,Hot,No,middle,No,No,Watter Bottle,9.0,Cold Beverage,18,1,3,No,No,3.0,5.0,5.0,10.0,8.0,5.333333333333333,4.857142857142857,4.285714285714286,4.059087394500207,3.4513892727549456,5.0,4.0,-2.0,0.0,3.8
2026-01-19,Monday,1,4,No,Cloudy,No,middle,No,No,Bread,0.0,Meal,19,1,3,No,No,5.0,0.5,1.0,0.5,0.0,3.0,2.357142857142857,1.9642857142857142,1.4351041110399656,1.1344989696284042,2.5,1.75,4.5,-0.5,3.25
2026-01-19,Monday,1,4,No,Cloudy,No,middle,No,No,Breakfast,0.0,Meal,19,1,3,No,No,12.0,10.5,0.0,9.0,0.0,11.0,10.785714285714286,11.0,1.4392458342578511,4.028742884668769,10.5,10.75,1.5,10.5,10.35
2026-01-19,Monday,1,4,No,Cloudy,No,middle,No,No,Bulath vita,0.0,Other,19,1,3,No,No,20.0,20.0,19.0,18.0,0.0,14.666666666666666,14.857142857142858,17.071428571428573,4.017817460121501,4.890560542267358,14.0,16.5,0.0,1.0,19.9
2026-01-19,Monday,1,4,No,Cloudy,No,middle,No,No,Chicken Curry,2.0,Meal,19,1,3,No,No,1.0,0.0,0.0,2.0,0.0,1.6666666666666667,2.5714285714285716,2.7857142857142856,2.2253945610567474,2.5773740789526736,2.0,2.5,1.0,0.0,0.6
2026-01-19,Monday,1,4,No,Cloudy,No,middle,No,No,Cigarette,0.0,Other,19,1,3,No,No,63.0,22.0,19.0,45.0,0.0,31.666666666666668,29.714285714285715,31.785714285714285,16.670475755201576,13.033557702086764,27.0,32.0,41.0,3.0,46.3
2026-01-19,Monday,1,4,No,Cloudy,No,middle,No,No,Dal Curry,5.0,Meal,19,1,3,No,No,14.0,8.0,0.0,4.0,0.0,9.333333333333334,8.857142857142858,7.428571428571429,2.544836041121402,2.9277002188456054,8.0,7.0,6.0,8.0,10.8
2026-01-19,Monday,1,4,No,Cloudy,No,middle,No,No,Egg Rotti,40.0,Meal,19,1,3,No,No,74.0,35.0,26.0,46.0,0.0,46.333333333333336,44.0,43.92857142857143,16.69331203406522,13.719521665323262,45.0,45.5,39.0,9.0,57.5
2026-01-19,Monday,1,4,No,Cloudy,No,middle,No,No,Hoppers,16.0,Meal,19,1,3,No,No,39.0,13.0,0.0,36.0,0.0,29.0,26.857142857142858,26.857142857142858,11.964232409262905,11.80519535470029,28.0,28.5,26.0,13.0,27.299999999999997
2026-01-19,Monday,1,4,No,Cloudy,No,middle,No,No,Kahata,0.0,Hot Beverage,19,1,3,No,No,20.0,31.0,20.0,26.0,0.0,19.333333333333332,21.714285714285715,23.0,9.123491395189411,7.005492350786129,23.0,23.5,-11.0,11.0,23.299999999999997
2026-01-19,Monday,1,4,No,Cloudy,No,middle,No,No,Plain Tea,0.0,Hot Beverage,19,1,3,No,No,85.0,69.5,37.0,64.5,0.0,58.166666666666664,67.35714285714286,69.75,20.635152623848576,19.550477074643315,69.5,71.0,15.5,32.5,75.55
2026-01-19,Monday,1,4,No,Cloudy,No,middle,No,No,Roast bread,13.0,Meal,19,1,3,No,No,51.0,13.0,0.0,15.0,0.0,26.333333333333332,21.857142857142858,18.857142857142858,15.635734407957637,12.452106048976011,22.0,19.5,38.0,13.0,34.5
2026-01-19,Monday,1,4,No,Cloudy,No,middle,No,No,Rolls,0.0,Snack,19,1,3,No,No,78.0,37.0,0.0,48.0,0.0,53.333333333333336,49.0,47.0,19.096247449870038,21.41889891589274,47.0,48.5,41.0,37.0,57.9
2026-01-19,Monday,1,4,No,Cloudy,No,middle,No,No,Roti,0.0,Meal,19,1,3,No,No,7.0,8.0,0.0,13.0,10.0,6.666666666666667,6.142857142857143,10.071428571428571,3.023715784073815,6.922252698188821,6.0,9.0,-1.0,8.0,6.6
2026-01-19,Monday,1,4,No,Cloudy,No,middle,No,No,Soft drinks,0.0,Cold Beverage,19,1,3,No,No,42.0,25.0,0.0,40.0,31.0,29.0,26.857142857142858,27.428571428571427,10.510765456244876,13.340016640021256,26.0,28.5,17.0,25.0,32.7
2026-01-19,Monday,1,4,No,Cloudy,No,middle,No,No,String Hoppers,0.0,Meal,19,1,3,No,No,63.0,137.0,0.0,87.0,0.0,65.0,84.0,81.64285714285714,34.91418050019219,38.57182539478411,88.0,86.0,-74.0,137.0,78.9
2026-01-19,Monday,1,4,No,Cloudy,No,middle,No,No,Tea,0.0,Hot Beverage,19,1,3,No,No,35.0,16.0,9.0,18.0,0.0,22.666666666666668,21.142857142857142,20.214285714285715,9.546876826630644,8.011324402451732,20.0,19.5,19.0,7.0,26.7
2026-01-19,Monday,1,4,No,Cloudy,No,middle,No,No,Ulundu Wade,0.0,Snack,19,1,3,No,No,103.0,65.0,0.0,63.0,0.0,64.33333333333333,54.857142857142854,50.57142857142857,30.196183927932413,26.963548858282113,52.0,47.0,38.0,65.0,81.3
2026-01-19,Monday,1,4,No,Cloudy,No,middle,No,No,Vegitable Roti,0.0,Meal,19,1,3,No,No,32.0,14.0,0.0,25.0,0.0,19.0,16.571428571428573,16.714285714285715,7.870983480631942,9.36793689977904,14.0,16.0,18.0,14.0,23.4
2026-01-19,Monday,1,4,No,Cloudy,No,middle,No,No,Watter Bottle,0.0,Cold Beverage,19,1,3,No,No,9.0,6.0,0.0,5.0,0.0,4.333333333333333,5.428571428571429,4.571428571428571,4.353433237386437,3.6734868305882755,6.0,4.0,3.0,6.0,7.199999999999999
2026-01-20,Tuesday,1,4,No,Hot,No,middle,No,No,Bread,2.0,Meal,20,1,3,No,No,0.0,2.5,1.0,4.0,3.5,2.1666666666666665,2.2857142857142856,1.8928571428571428,1.5507294750413128,1.2275455722164168,2.5,1.75,-2.5,1.5,0.85
2026-01-20,Tuesday,1,4,No,Hot,No,middle,No,No,Breakfast,14.0,Meal,20,1,3,No,No,0.0,13.0,10.5,11.0,10.0,7.333333333333333,9.285714285714286,11.0,4.3383670397314935,4.028742884668769,10.5,10.75,-13.0,2.5,4.95
2026-01-20,Tuesday,1,4,No,Hot,No,middle,No,No,Bulath vita,12.0,Other,20,1,3,No,No,0.0,14.0,18.0,9.0,10.0,11.666666666666666,12.0,15.714285714285714,6.244997998398398,6.638217687446989,14.0,15.0,-14.0,-4.0,6.0
2026-01-20,Tuesday,1,4,No,Hot,No,middle,No,No,Chicken Curry,5.0,Meal,20,1,3,No,No,2.0,6.0,0.0,5.0,4.0,2.0,2.857142857142857,2.9285714285714284,1.9518001458970666,2.4640269015229057,2.0,2.5,-4.0,6.0,3.0
2026-01-20,Tuesday,1,4,No,Hot,No,middle,No,No,Cigarette,37.0,Other,20,1,3,No,No,0.0,30.0,34.0,37.0,34.0,28.666666666666668,26.571428571428573,30.428571428571427,20.090272462538923,15.265417355348188,27.0,32.0,-30.0,-4.0,12.4
2026-01-20,Tuesday,1,4,No,Hot,No,middle,No,No,Dal Curry,9.0,Meal,20,1,3,No,No,5.0,9.0,7.0,11.0,10.0,8.666666666666666,8.428571428571429,7.785714285714286,2.935821455580633,2.1547290184283447,7.0,7.0,-4.0,2.0,6.3999999999999995
2026-01-20,Tuesday,1,4,No,Hot,No,middle,No,No,Egg Rotti,47.0,Meal,20,1,3,No,No,40.0,45.0,33.0,72.0,53.0,53.333333333333336,44.714285714285715,44.92857142857143,16.34741861084175,12.79100817409987,45.0,45.5,-5.0,12.0,40.8
2026-01-20,Tuesday,1,4,No,Hot,No,middle,No,No,Hoppers,44.0,Meal,20,1,3,No,No,16.0,45.0,26.0,13.0,15.0,25.0,27.285714285714285,28.0,11.426785574754971,9.567573440452993,28.0,28.5,-29.0,19.0,25.700000000000003
2026-01-20,Tuesday,1,4,No,Hot,No,middle,No,No,Kahata,22.0,Hot Beverage,20,1,3,No,No,0.0,23.0,24.0,28.0,28.0,17.333333333333332,17.285714285714285,21.571428571428573,11.161157134071209,9.320896999705596,20.0,23.5,-23.0,-1.0,9.3
2026-01-20,Tuesday,1,4,No,Hot,No,middle,No,No,Plain Tea,72.5,Hot Beverage,20,1,3,No,No,0.0,76.5,64.0,94.0,84.0,50.0,57.42857142857143,67.10714285714286,32.65275456913829,25.8153044734116,66.0,71.0,-76.5,12.5,29.35
2026-01-20,Tuesday,1,4,No,Hot,No,middle,No,No,Roast bread,23.0,Meal,20,1,3,No,No,13.0,22.0,18.0,24.0,21.0,30.666666666666668,21.857142857142858,19.785714285714285,15.635734407957637,11.375943385587318,22.0,19.5,-9.0,4.0,16.2
2026-01-20,Tuesday,1,4,No,Hot,No,middle,No,No,Rolls,52.0,Snack,20,1,3,No,No,0.0,47.0,32.0,54.0,43.0,47.333333333333336,43.714285714285715,47.0,26.612743098713015,21.41889891589274,47.0,48.5,-47.0,15.0,17.3
2026-01-20,Tuesday,1,4,No,Hot,No,middle,No,No,Roti,4.0,Meal,20,1,3,No,No,0.0,3.0,14.0,8.0,8.0,6.0,5.0,10.071428571428571,3.651483716701105,6.922252698188821,6.0,9.0,-3.0,-11.0,2.3
2026-01-20,Tuesday,1,4,No,Hot,No,middle,No,No,Soft drinks,33.0,Cold Beverage,20,1,3,No,No,0.0,31.0,25.0,28.0,33.0,25.666666666666668,23.285714285714285,27.428571428571427,14.670995032311042,13.340016640021256,26.0,28.5,-31.0,6.0,11.799999999999999
2026-01-20,Tuesday,1,4,No,Hot,No,middle,No,No,String Hoppers,88.0,Meal,20,1,3,No,No,0.0,88.0,64.0,125.0,146.0,51.666666666666664,64.42857142857143,81.64285714285714,38.47014921926326,38.57182539478411,63.0,86.0,-88.0,24.0,32.8
2026-01-20,Tuesday,1,4,No,Hot,No,middle,No,No,Tea,29.0,Hot Beverage,20,1,3,No,No,0.0,25.0,15.0,14.0,13.0,21.0,18.857142857142858,19.571428571428573,12.455635557564174,9.246323890850105,20.0,19.5,-25.0,10.0,9.0
2026-01-20,Tuesday,1,4,No,Hot,No,middle,No,No,Ulundu Wade,43.0,Snack,20,1,3,No,No,0.0,46.0,47.0,58.0,66.0,60.0,45.57142857142857,50.57142857142857,35.99470860583604,26.963548858282113,46.0,47.0,-46.0,-1.0,18.5
2026-01-20,Tuesday,1,4,No,Hot,No,middle,No,No,Vegitable Roti,15.0,Meal,20,1,3,No,No,0.0,12.0,7.0,24.0,27.0,16.666666666666668,14.571428571428571,16.714285714285715,10.097147168996841,9.36793689977904,14.0,16.0,-12.0,5.0,4.3
2026-01-20,Tuesday,1,4,No,Hot,No,middle,No,No,Watter Bottle,5.0,Cold Beverage,20,1,3,No,No,0.0,0.0,4.0,2.0,2.0,4.0,4.571428571428571,4.571428571428571,4.790864322059325,3.6734868305882755,3.0,4.0,0.0,-4.0,0.4
2026-01-21,Wednesday,1,4,No,Cloudy,No,end,No,No,Bread,4.5,Meal,21,1,3,No,No,2.0,3.0,1.5,1.5,2.0,2.3333333333333335,2.2142857142857144,1.9642857142857142,1.5507294750413128,1.200389131046289,2.0,2.0,-1.0,1.5,2.2499999999999996
2026-01-21,Wednesday,1,4,No,Cloudy,No,end,No,No,Breakfast,14.5,Meal,21,1,3,No,No,14.0,10.5,11.0,9.5,10.5,8.666666666666666,9.428571428571429,11.25,4.49470588051999,4.103235121405849,10.5,11.0,3.5,-0.5,12.65
2026-01-21,Wednesday,1,4,No,Cloudy,No,end,No,No,Bulath vita,54.0,Other,21,1,3,No,No,12.0,12.0,15.0,14.0,6.0,10.666666666666666,11.714285714285714,15.285714285714286,6.183695920571712,6.6728908673432175,12.0,14.5,0.0,-3.0,12.299999999999999
2026-01-21,Wednesday,1,4,No,Cloudy,No,end,No,No,Chicken Curry,0.0,Meal,21,1,3,No,No,5.0,2.0,3.0,3.0,3.0,2.6666666666666665,2.7142857142857144,3.2857142857142856,1.7043362064926935,2.367360472001592,2.0,3.0,3.0,-1.0,3.9000000000000004
2026-01-21,Wednesday,1,4,No,Cloudy,No,end,No,No,Cigarette,73.0,Other,21,1,3,No,No,37.0,34.0,35.0,39.0,28.0,33.333333333333336,27.571428571428573,30.642857142857142,20.460182003566086,15.340279522361204,27.0,32.0,3.0,-1.0,35.9
2026-01-21,Wednesday,1,4,No,Cloudy,No,end,No,No,Dal Curry,8.0,Meal,21,1,3,No,No,9.0,7.0,7.0,7.0,10.0,9.333333333333334,8.428571428571429,7.928571428571429,2.935821455580633,2.1649048909393738,7.0,7.0,2.0,0.0,8.2
2026-01-21,Wednesday,1,4,No,Cloudy,No,end,No,No,Egg Rotti,70.0,Meal,21,1,3,No,No,47.0,50.0,52.0,54.0,34.0,53.666666666666664,45.0,45.92857142857143,16.370705543744897,12.325485078388676,46.0,46.5,-3.0,-2.0,48.400000000000006
2026-01-21,Wednesday,1,4,No,Cloudy,No,end,No,No,Hoppers,56.0,Meal,21,1,3,No,No,44.0,15.0,29.0,25.0,16.0,33.0,27.142857142857142,29.285714285714285,11.171818285736817,10.447145885018411,28.0,29.5,29.0,-14.0,33.8
2026-01-21,Wednesday,1,4,No,Cloudy,No,end,No,No,Kahata,1.0,Hot Beverage,21,1,3,No,No,22.0,25.0,29.0,28.0,25.0,14.0,17.142857142857142,21.428571428571427,11.081945849422107,9.296105766264835,20.0,23.0,-3.0,-4.0,23.6
2026-01-21,Wednesday,1,4,No,Cloudy,No,end,No,No,Plain Tea,135.5,Hot Beverage,21,1,3,No,No,72.5,85.0,96.0,97.0,56.0,52.5,56.857142857142854,67.71428571428571,32.29643206005153,25.836553031073485,66.0,72.5,-12.5,-11.0,78.6
2026-01-21,Wednesday,1,4,No,Cloudy,No,end,No,No,Roast bread,14.0,Meal,21,1,3,No,No,23.0,17.0,21.0,23.0,15.0,29.0,22.0,20.142857142857142,15.641824275533418,11.394041241990294,22.0,21.5,6.0,-4.0,21.0
2026-01-21,Wednesday,1,4,No,Cloudy,No,end,No,No,Rolls,49.0,Snack,21,1,3,No,No,52.0,52.0,50.0,50.0,70.0,43.333333333333336,44.42857142857143,48.42857142857143,26.78219024437165,21.00444746206892,52.0,51.0,0.0,2.0,51.8
2026-01-21,Wednesday,1,4,No,Cloudy,No,end,No,No,Roti,16.0,Meal,21,1,3,No,No,4.0,6.0,21.0,19.0,19.0,3.6666666666666665,5.142857142857143,9.357142857142858,3.5790395093549594,7.001177295032851,6.0,7.5,-2.0,-15.0,6.299999999999999
2026-01-21,Wednesday,1,4,No,Cloudy,No,end,No,No,Soft drinks,25.0,Cold Beverage,21,1,3,No,No,33.0,19.0,40.0,45.0,23.0,25.0,23.571428571428573,28.0,14.864467059144134,13.399196301960114,26.0,31.5,14.0,-21.0,29.5
2026-01-21,Wednesday,1,4,No,Cloudy,No,end,No,No,String Hoppers,83.0,Meal,21,1,3,No,No,88.0,52.0,132.0,114.0,142.0,50.333333333333336,64.42857142857143,83.35714285714286,38.47014921926326,38.25945261351386,63.0,88.0,36.0,-80.0,81.6
2026-01-21,Wednesday,1,4,No,Cloudy,No,end,No,No,Tea,16.0,Hot Beverage,21,1,3,No,No,29.0,19.0,15.0,17.0,16.0,21.333333333333332,19.428571428571427,20.571428571428573,12.869306415617258,9.46828134607076,20.0,21.5,10.0,4.0,24.599999999999998
2026-01-21,Wednesday,1,4,No,Cloudy,No,end,No,No,Ulundu Wade,46.0,Snack,21,1,3,No,No,43.0,28.0,47.0,55.0,32.0,48.666666666666664,45.142857142857146,50.285714285714285,36.00661314920066,27.025425553978348,43.0,46.5,15.0,-19.0,38.900000000000006
2026-01-21,Wednesday,1,4,No,Cloudy,No,end,No,No,Vegitable Roti,16.0,Meal,21,1,3,No,No,15.0,19.0,22.0,23.0,19.0,15.666666666666666,15.0,17.285714285714285,10.033277962194939,8.965133929486294,15.0,16.5,-4.0,-3.0,16.9
2026-01-21,Wednesday,1,4,No,Cloudy,No,end,No,No,Watter Bottle,5.0,Cold Beverage,21,1,3,No,No,5.0,7.0,9.0,10.0,4.0,4.666666666666667,5.285714285714286,4.642857142857143,4.347960660443228,3.6712425659471175,5.0,4.5,-2.0,-2.0,6.0
2026-01-22,Thursday,1,4,No,Hot,No,end,No,No,Bread,2.0,Meal,22,1,4,No,No,4.5,1.5,1.0,2.5,2.5,2.1666666666666665,2.4285714285714284,2.1785714285714284,1.7660825629193047,1.3672986120469421,2.0,2.0,3.0,0.5,3.2499999999999996
2026-01-22,Thursday,1,4,No,Hot,No,end,No,No,Breakfast,17.0,Meal,22,1,4,No,No,14.5,8.5,9.5,15.5,20.5,9.5,10.0,11.5,4.890466917040405,4.192484117670941,11.0,11.5,6.0,-1.0,12.2
2026-01-22,Thursday,1,4,No,Hot,No,end,No,No,Bulath vita,20.0,Other,22,1,4,No,No,54.0,14.0,21.0,16.0,25.0,22.0,17.714285714285715,18.071428571428573,17.15336979249545,12.306747903327018,14.0,14.5,40.0,-7.0,38.7
2026-01-22,Thursday,1,4,No,Hot,No,end,No,No,Chicken Curry,3.0,Meal,22,1,4,No,No,0.0,5.0,8.0,7.0,4.0,2.3333333333333335,2.4285714285714284,3.0714285714285716,1.9880595947760098,2.5256921584232863,2.0,2.5,-5.0,-3.0,2.3
2026-01-22,Thursday,1,4,No,Hot,No,end,No,No,Cigarette,35.0,Other,22,1,4,No,No,73.0,27.0,36.0,35.0,37.0,36.666666666666664,33.142857142857146,33.357142857142854,26.823053339919962,19.077200015714034,27.0,32.0,46.0,-9.0,55.5
2026-01-22,Thursday,1,4,No,Hot,No,end,No,No,Dal Curry,9.0,Meal,22,1,4,No,No,8.0,10.0,6.0,12.0,11.0,7.333333333333333,8.571428571428571,8.0,2.8784916685156925,2.148344622118307,8.0,7.5,-2.0,4.0,8.4
2026-01-22,Thursday,1,4,No,Hot,No,end,No,No,Egg Rotti,53.0,Meal,22,1,4,No,No,70.0,39.0,39.0,41.0,55.0,52.333333333333336,47.857142857142854,47.214285714285715,18.933467471020467,13.851845594491218,46.0,46.5,31.0,0.0,57.6
2026-01-22,Thursday,1,4,No,Hot,No,end,No,No,Hoppers,14.0,Meal,22,1,4,No,No,56.0,28.0,40.0,12.0,14.0,38.666666666666664,33.0,31.214285714285715,14.10673597966588,12.650196541061034,28.0,30.5,28.0,-12.0,46.0
2026-01-22,Thursday,1,4,No,Hot,No,end,No,No,Kahata,34.0,Hot Beverage,22,1,4,No,No,1.0,15.0,23.0,36.0,38.0,7.666666666666667,13.714285714285714,19.428571428571427,11.926361357853255,10.478654388908803,15.0,22.5,-14.0,-8.0,7.4
2026-01-22,Thursday,1,4,No,Hot,No,end,No,No,Plain Tea,87.5,Hot Beverage,22,1,4,No,No,135.5,66.0,72.5,90.5,89.5,69.33333333333333,64.07142857142857,70.53571428571429,43.371869312021225,30.836082938483138,66.0,72.5,69.5,-6.5,108.35
2026-01-22,Thursday,1,4,No,Hot,No,end,No,No,Roast bread,24.0,Meal,22,1,4,No,No,14.0,22.0,13.0,21.0,33.0,16.666666666666668,21.571428571428573,19.642857142857142,15.841476602652317,11.506567642051161,22.0,19.5,-8.0,9.0,16.3
2026-01-22,Thursday,1,4,No,Hot,No,end,No,No,Rolls,41.0,Snack,22,1,4,No,No,49.0,47.0,64.0,48.0,48.0,33.666666666666664,44.0,48.357142857142854,26.6645832519468,21.00039246101091,49.0,50.5,2.0,-17.0,49.9
2026-01-22,Thursday,1,4,No,Hot,No,end,No,No,Roti,16.0,Meal,22,1,4,No,No,16.0,6.0,17.0,5.0,16.0,6.666666666666667,6.571428571428571,9.0,5.472876844254851,6.468860320501119,6.0,7.5,10.0,-11.0,13.099999999999998
2026-01-22,Thursday,1,4,No,Hot,No,end,No,No,Soft drinks,40.0,Cold Beverage,22,1,4,No,No,25.0,26.0,46.0,22.0,34.0,19.333333333333332,24.428571428571427,26.928571428571427,14.729303478181887,12.958301679525078,26.0,28.5,-1.0,-20.0,27.400000000000002
2026-01-22,Thursday,1,4,No,Hot,No,end,No,No,String Hoppers,160.0,Meal,22,1,4,No,No,83.0,116.0,106.0,127.0,159.0,57.0,68.85714285714286,79.85714285714286,38.58509458080315,35.61731891360445,83.0,86.0,-33.0,10.0,95.19999999999999
2026-01-22,Thursday,1,4,No,Hot,No,end,No,No,Tea,22.0,Hot Beverage,22,1,4,No,No,16.0,20.0,27.0,19.0,22.0,15.0,19.0,20.642857142857142,12.935738607954832,9.426698115598976,20.0,21.5,-4.0,-7.0,18.3
2026-01-22,Thursday,1,4,No,Hot,No,end,No,No,Ulundu Wade,90.0,Snack,22,1,4,No,No,46.0,52.0,71.0,82.0,94.0,29.666666666666668,47.714285714285715,50.214285714285715,35.21228140726985,27.0360971564046,46.0,46.0,-6.0,-19.0,50.3
2026-01-22,Thursday,1,4,No,Hot,No,end,No,No,Vegitable Roti,33.0,Meal,22,1,4,No,No,16.0,14.0,18.0,24.0,32.0,10.333333333333334,14.571428571428571,16.857142857142858,9.897089519266808,8.865292245234027,15.0,15.5,2.0,-4.0,15.600000000000001
2026-01-22,Thursday,1,4,No,Hot,No,end,No,No,Watter Bottle,6.0,Cold Beverage,22,1,4,No,No,5.0,12.0,4.0,1.0,6.0,3.3333333333333335,5.0,4.357142857142857,4.281744192888377,3.4553669037542796,5.0,4.5,-7.0,8.0,7.0
2026-01-23,Friday,1,4,No,Hot,No,end,No,No,Bread,1.0,Meal,23,1,4,No,No,2.0,2.5,2.0,2.0,2.5,2.8333333333333335,2.5,2.25,1.7320508075688774,1.3265049508446565,2.0,2.0,-0.5,0.5,2.15
2026-01-23,Friday,1,4,No,Hot,No,end,No,No,Breakfast,11.0,Meal,23,1,4,No,No,17.0,11.0,15.5,17.0,9.0,15.166666666666666,11.214285714285714,12.035714285714286,5.476138716111494,4.391706719726163,12.0,12.5,6.0,-4.5,15.05
2026-01-23,Friday,1,4,No,Hot,No,end,No,No,Bulath vita,19.0,Other,23,1,4,No,No,20.0,9.0,14.0,15.0,10.0,28.666666666666668,18.571428571428573,18.0,17.086614086833617,12.291335284537766,15.0,14.5,11.0,-5.0,16.099999999999998
2026-01-23,Friday,1,4,No,Hot,No,end,No,No,Chicken Curry,0.0,Meal,23,1,4,No,No,3.0,1.0,1.0,1.0,1.0,2.6666666666666665,2.142857142857143,2.7142857142857144,1.6761634196950517,2.0913216810491813,2.0,2.5,2.0,0.0,2.1999999999999997
2026-01-23,Friday,1,4,No,Hot,No,end,No,No,Cigarette,61.0,Other,23,1,4,No,No,35.0,9.0,49.0,50.0,10.0,48.333333333333336,34.285714285714285,33.285714285714285,26.68778925347875,19.068413557619174,35.0,32.0,26.0,-40.0,28.6
2026-01-23,Friday,1,4,No,Hot,No,end,No,No,Dal Curry,6.0,Meal,23,1,4,No,No,9.0,7.0,7.0,6.0,7.0,8.666666666666666,8.428571428571429,8.214285714285714,2.819996622760552,2.0821058655036904,8.0,8.0,2.0,0.0,8.2
2026-01-23,Friday,1,4,No,Hot,No,end,No,No,Egg Rotti,59.0,Meal,23,1,4,No,No,53.0,19.0,57.0,62.0,21.0,56.666666666666664,49.857142857142854,48.214285714285715,18.578020808010113,13.717919619290601,47.0,48.5,34.0,-38.0,43.2
2026-01-23,Friday,1,4,No,Hot,No,end,No,No,Hoppers,47.0,Meal,23,1,4,No,No,14.0,28.0,31.0,28.0,28.0,38.0,31.0,29.357142857142858,15.821925715074418,13.159419807511638,28.0,29.0,-14.0,-3.0,19.900000000000002
2026-01-23,Friday,1,4,No,Hot,No,end,No,No,Kahata,32.0,Hot Beverage,23,1,4,No,No,34.0,6.0,31.0,28.0,7.0,19.0,16.428571428571427,20.214285714285715,14.210995072561984,11.157464361987042,20.0,22.5,28.0,-25.0,25.3
2026-01-23,Friday,1,4,No,Hot,No,end,No,No,Plain Tea,97.5,Hot Beverage,23,1,4,No,No,87.5,24.5,93.5,107.5,22.0,98.5,67.14285714285714,71.60714285714286,44.282910817562474,31.16838793703336,72.5,72.5,63.0,-69.0,69.2
2026-01-23,Friday,1,4,No,Hot,No,end,No,No,Roast bread,28.0,Meal,23,1,4,No,No,24.0,0.0,24.0,31.0,0.0,20.333333333333332,21.857142857142858,20.428571428571427,15.868507296199088,11.393076748718833,23.0,22.0,24.0,-24.0,16.799999999999997
2026-01-23,Friday,1,4,No,Hot,No,end,No,No,Rolls,68.0,Snack,23,1,4,No,No,41.0,18.0,61.0,64.0,17.0,47.333333333333336,43.142857142857146,46.714285714285715,26.64850572063768,20.57791411806721,49.0,48.0,23.0,-43.0,36.099999999999994
2026-01-23,Friday,1,4,No,Hot,No,end,No,No,Roti,11.0,Meal,23,1,4,No,No,16.0,2.0,23.0,24.0,4.0,12.0,8.0,8.928571428571429,6.506407098647711,6.378621574197139,7.0,7.5,14.0,-21.0,12.5
2026-01-23,Friday,1,4,No,Hot,No,end,No,No,Soft drinks,41.0,Cold Beverage,23,1,4,No,No,40.0,10.0,40.0,35.0,10.0,32.666666666666664,26.428571428571427,26.5,15.883504471171165,12.364651850521932,33.0,28.5,30.0,-30.0,31.0
2026-01-23,Friday,1,4,No,Hot,No,end,No,No,String Hoppers,60.0,Meal,23,1,4,No,No,160.0,40.0,54.0,68.0,50.0,110.33333333333333,75.14285714285714,83.71428571428571,49.56621353108914,41.15903222946249,83.0,86.0,120.0,-14.0,113.4
2026-01-23,Friday,1,4,No,Hot,No,end,No,No,Tea,20.0,Hot Beverage,23,1,4,No,No,22.0,5.0,23.0,24.0,6.0,22.333333333333332,19.285714285714285,20.285714285714285,12.983506020002011,9.26057459114939,22.0,21.0,17.0,-18.0,17.0
2026-01-23,Friday,1,4,No,Hot,No,end,No,No,Ulundu Wade,36.0,Snack,23,1,4,No,No,90.0,13.0,76.0,85.0,14.0,59.666666666666664,53.142857142857146,51.57142857142857,38.735980566860455,28.591860826020138,46.0,46.0,77.0,-63.0,65.5
2026-01-23,Friday,1,4,No,Hot,No,end,No,No,Vegitable Roti,33.0,Meal,23,1,4,No,No,33.0,7.0,34.0,34.0,6.0,21.333333333333332,17.285714285714285,17.928571428571427,12.07910435027208,9.86418764025694,16.0,15.5,26.0,-27.0,25.300000000000004
2026-01-23,Friday,1,4,No,Hot,No,end,No,No,Watter Bottle,5.0,Cold Beverage,23,1,4,No,No,6.0,1.0,1.0,1.0,1.0,5.333333333333333,4.142857142857143,4.5,3.0783421635988546,3.4807161066919283,5.0,5.0,5.0,0.0,3.9999999999999996
2026-01-24,Saturday,1,4,Yes,Hot,No,end,No,No,Bread,2.0,Meal,24,1,4,No,No,1.0,1.5,2.5,1.0,2.0,2.5,2.2857142857142856,2.1785714285714284,1.8224786888818678,1.3672986120469421,2.0,2.0,-0.5,-1.0,1.2999999999999998
2026-01-24,Saturday,1,4,Yes,Hot,No,end,No,No,Breakfast,10.5,Meal,24,1,4,No,No,11.0,10.0,17.5,18.0,17.0,14.166666666666666,11.214285714285714,11.714285714285714,5.476138716111494,4.281958060883461,12.0,11.5,1.0,-7.5,11.35
2026-01-24,Saturday,1,4,Yes,Hot,No,end,No,No,Bulath vita,20.0,Other,24,1,4,No,No,19.0,15.0,29.0,27.0,26.0,31.0,20.0,18.357142857142858,16.56301099840646,12.23869740968026,19.0,17.0,4.0,-14.0,18.8
2026-01-24,Saturday,1,4,Yes,Hot,No,end,No,No,Chicken Curry,3.0,Meal,24,1,4,No,No,0.0,3.0,6.0,2.0,7.0,1.0,2.0,2.642857142857143,1.8257418583505538,2.1699749327564155,2.0,2.5,-3.0,-3.0,1.5
2026-01-24,Saturday,1,4,Yes,Hot,No,end,No,No,Cigarette,27.0,Other,24,1,4,No,No,61.0,23.0,35.0,57.0,35.0,56.333333333333336,41.714285714285715,34.142857142857146,25.69509866177001,20.072396441409236,37.0,32.0,38.0,-12.0,47.0
2026-01-24,Saturday,1,4,Yes,Hot,No,end,No,No,Dal Curry,7.0,Meal,24,1,4,No,No,6.0,7.0,8.0,6.0,8.0,7.666666666666667,8.285714285714286,8.142857142857142,2.927700218845594,2.143223411921079,8.0,8.0,-1.0,-1.0,6.499999999999999
2026-01-24,Saturday,1,4,Yes,Hot,No,end,No,No,Egg Rotti,52.0,Meal,24,1,4,No,No,59.0,46.0,50.0,87.0,49.0,60.666666666666664,55.57142857142857,48.357142857142854,12.739141034061658,13.82643589904242,53.0,48.5,13.0,-4.0,54.199999999999996
2026-01-24,Saturday,1,4,Yes,Hot,No,end,No,No,Hoppers,23.0,Meal,24,1,4,No,No,47.0,20.0,32.0,47.0,42.0,39.0,33.714285714285715,30.5,16.819772944506767,13.982131454109563,39.0,29.0,27.0,-12.0,37.400000000000006
2026-01-24,Saturday,1,4,Yes,Hot,No,end,No,No,Kahata,31.0,Hot Beverage,24,1,4,No,No,32.0,32.0,24.0,13.0,21.0,22.333333333333332,20.142857142857142,20.285714285714285,14.427156932079763,11.234757684070455,22.0,22.5,0.0,8.0,31.199999999999996
2026-01-24,Saturday,1,4,Yes,Hot,No,end,No,No,Plain Tea,57.5,Hot Beverage,24,1,4,No,No,97.5,65.0,72.5,85.5,98.0,106.83333333333333,77.57142857142857,71.89285714285714,41.04411099803539,31.40197113572317,85.0,72.5,32.5,-7.5,85.25
2026-01-24,Saturday,1,4,Yes,Hot,No,end,No,No,Roast bread,26.0,Meal,24,1,4,No,No,28.0,28.0,23.0,9.0,18.0,22.0,25.857142857142858,20.714285714285715,12.641579165971459,11.538754575033522,24.0,22.0,0.0,5.0,27.500000000000004
2026-01-24,Saturday,1,4,Yes,Hot,No,end,No,No,Rolls,70.0,Snack,24,1,4,No,No,68.0,64.0,35.0,70.0,51.0,52.666666666666664,50.285714285714285,47.214285714285715,25.460520325360527,21.031765613831976,52.0,48.0,4.0,29.0,63.5
2026-01-24,Saturday,1,4,Yes,Hot,No,end,No,No,Roti,12.0,Meal,24,1,4,No,No,11.0,11.0,10.0,24.0,9.0,14.333333333333334,9.285714285714286,8.071428571428571,5.992058236095666,4.99945051925764,11.0,7.5,0.0,1.0,10.899999999999999
2026-01-24,Saturday,1,4,Yes,Hot,No,end,No,No,Soft drinks,36.0,Cold Beverage,24,1,4,No,No,41.0,35.0,13.0,32.0,11.0,35.333333333333336,30.857142857142858,26.571428571428573,14.825974632702023,12.45122351550108,35.0,28.5,6.0,22.0,36.39999999999999
2026-01-24,Saturday,1,4,Yes,Hot,No,end,No,No,String Hoppers,73.0,Meal,24,1,4,No,No,60.0,92.0,115.0,55.0,96.0,101.0,78.0,84.14285714285714,47.7458549684333,40.855951723204164,83.0,86.0,-32.0,-23.0,75.1
2026-01-24,Saturday,1,4,Yes,Hot,No,end,No,No,Tea,23.0,Hot Beverage,24,1,4,No,No,20.0,28.0,19.0,29.0,19.0,19.333333333333332,21.428571428571427,20.071428571428573,11.370387604902232,9.22758644762278,22.0,20.0,-8.0,9.0,22.299999999999997
2026-01-24,Saturday,1,4,Yes,Hot,No,end,No,No,Ulundu Wade,67.0,Snack,24,1,4,No,No,36.0,77.0,37.0,61.0,64.0,57.333333333333336,56.42857142857143,48.714285714285715,35.61299923182144,27.954437026177956,46.0,46.0,-41.0,40.0,48.4
2026-01-24,Saturday,1,4,Yes,Hot,No,end,No,No,Vegitable Roti,18.0,Meal,24,1,4,No,No,33.0,18.0,13.0,21.0,14.0,27.333333333333332,21.0,17.857142857142858,12.382783747337808,9.74171950433284,18.0,15.5,15.0,5.0,26.5
2026-01-24,Saturday,1,4,Yes,Hot,No,end,No,No,Watter Bottle,4.0,Cold Beverage,24,1,4,No,No,5.0,3.0,3.0,4.0,2.0,5.333333333333333,4.714285714285714,4.785714285714286,2.751622897751175,3.332325855074141,5.0,5.0,2.0,0.0,4.2
2026-01-25,Sunday,1,4,Yes,Hot,No,end,No,No,Bread,2.0,Meal,25,1,4,No,No,2.0,5.0,2.0,2.5,2.0,1.6666666666666667,2.357142857142857,2.142857142857143,1.7961599250040283,1.3647847312442216,2.0,2.0,-3.0,3.0,2.9000000000000004
2026-01-25,Sunday,1,4,Yes,Hot,No,end,No,No,Breakfast,12.5,Meal,25,1,4,No,No,10.5,12.0,14.5,14.5,8.0,12.833333333333334,11.285714285714286,11.214285714285714,5.460899978156401,3.950239942635841,12.0,11.0,-1.5,-2.5,11.349999999999998
2026-01-25,Sunday,1,4,Yes,Hot,No,end,No,No,Bulath vita,16.0,Other,25,1,4,No,No,20.0,20.0,19.0,19.0,4.0,19.666666666666668,20.714285714285715,17.714285714285715,16.418630532764563,11.86739924478674,20.0,17.0,0.0,1.0,19.9
2026-01-25,Sunday,1,4,Yes,Hot,No,end,No,No,Chicken Curry,4.0,Meal,25,1,4,No,No,3.0,1.0,3.0,4.0,2.0,2.0,2.0,2.4285714285714284,1.8257418583505538,1.9499225118444588,2.0,2.5,2.0,-2.0,2.3999999999999995
2026-01-25,Sunday,1,4,Yes,Hot,No,end,No,No,Cigarette,32.0,Other,25,1,4,No,No,27.0,63.0,29.0,33.0,38.0,41.0,42.285714285714285,33.57142857142857,25.250176802775627,20.159801150249017,37.0,29.5,-36.0,34.0,37.99999999999999
2026-01-25,Sunday,1,4,Yes,Hot,No,end,No,No,Dal Curry,7.0,Meal,25,1,4,No,No,7.0,14.0,7.0,9.0,4.0,7.333333333333333,8.285714285714286,8.071428571428571,2.927700218845594,2.164904890939374,8.0,7.5,-7.0,7.0,9.1
2026-01-25,Sunday,1,4,Yes,Hot,No,end,No,No,Egg Rotti,45.0,Meal,25,1,4,No,No,52.0,74.0,50.0,44.0,46.0,54.666666666666664,56.42857142857143,48.5,12.177262183500586,13.855018529815748,53.0,48.5,-22.0,24.0,58.4
2026-01-25,Sunday,1,4,Yes,Hot,No,end,No,No,Hoppers,35.0,Meal,25,1,4,No,No,23.0,39.0,30.0,35.0,23.0,28.0,34.142857142857146,29.857142857142858,16.44616035663615,14.114134447736822,39.0,28.0,-16.0,9.0,28.5
2026-01-25,Sunday,1,4,Yes,Hot,No,end,No,No,Kahata,23.0,Hot Beverage,25,1,4,No,No,31.0,20.0,19.0,26.0,16.0,32.333333333333336,20.0,20.785714285714285,14.294521094927712,11.56372691738179,22.0,22.5,11.0,1.0,26.499999999999996
2026-01-25,Sunday,1,4,Yes,Hot,No,end,No,No,Plain Tea,69.5,Hot Beverage,25,1,4,No,No,57.5,85.0,69.5,78.5,79.0,80.83333333333333,76.5,70.82142857142857,41.52208247828299,31.634698052599155,85.0,71.0,-27.5,15.5,66.95
2026-01-25,Sunday,1,4,Yes,Hot,No,end,No,No,Roast bread,12.0,Meal,25,1,4,No,No,26.0,51.0,12.0,13.0,18.0,26.0,25.571428571428573,20.928571428571427,12.607631853460061,11.612091083894374,24.0,22.0,-25.0,39.0,32.1
2026-01-25,Sunday,1,4,Yes,Hot,No,end,No,No,Rolls,74.0,Snack,25,1,4,No,No,70.0,78.0,73.0,100.0,70.0,59.666666666666664,51.142857142857146,49.714285714285715,26.092326914430704,21.542189630256587,52.0,50.5,-8.0,5.0,72.7
2026-01-25,Sunday,1,4,Yes,Hot,No,end,No,No,Roti,14.0,Meal,25,1,4,No,No,12.0,7.0,13.0,14.0,6.0,13.0,9.428571428571429,8.214285714285714,6.051367417290708,5.08661246544558,11.0,7.5,5.0,-6.0,10.6
2026-01-25,Sunday,1,4,Yes,Hot,No,end,No,No,Soft drinks,24.0,Cold Beverage,25,1,4,No,No,36.0,42.0,32.0,39.0,31.0,39.0,31.0,28.214285714285715,14.877275736280934,12.033150181756369,36.0,31.5,-6.0,10.0,37.4
2026-01-25,Sunday,1,4,Yes,Hot,No,end,No,No,String Hoppers,65.0,Meal,25,1,4,No,No,73.0,63.0,84.0,93.0,22.0,97.66666666666667,75.28571428571429,81.14285714285714,47.35579614547124,39.94776809565429,73.0,83.5,10.0,-21.0,71.1
2026-01-25,Sunday,1,4,Yes,Hot,No,end,No,No,Tea,26.0,Hot Beverage,25,1,4,No,No,23.0,35.0,27.0,29.0,14.0,21.666666666666668,20.714285714285715,20.357142857142858,11.041048949477668,9.253748869072904,22.0,21.0,-12.0,8.0,26.999999999999996
2026-01-25,Sunday,1,4,Yes,Hot,No,end,No,No,Ulundu Wade,53.0,Snack,25,1,4,No,No,67.0,103.0,46.0,65.0,65.0,64.33333333333333,55.0,50.857142857142854,34.8425027803687,28.136636786764853,46.0,46.0,-36.0,57.0,75.69999999999999
2026-01-25,Sunday,1,4,Yes,Hot,No,end,No,No,Vegitable Roti,23.0,Meal,25,1,4,No,No,18.0,32.0,24.0,23.0,13.0,28.0,21.0,18.214285714285715,12.382783747337808,9.64108652852724,18.0,17.0,-14.0,8.0,22.799999999999997
2026-01-25,Sunday,1,4,Yes,Hot,No,end,No,No,Watter Bottle,5.0,Cold Beverage,25,1,4,No,No,4.0,9.0,5.0,5.0,10.0,5.0,4.857142857142857,4.857142857142857,2.672612419124244,3.301681223422228,5.0,5.0,-5.0,4.0,5.6
2026-01-26,Monday,1,5,No,Cloudy,No,end,No,No,Bread,1.0,Meal,26,1,4,No,No,2.0,0.0,0.5,1.0,0.5,1.6666666666666667,1.9285714285714286,2.142857142857143,1.3671311638052943,1.3647847312442216,2.0,2.0,2.0,-0.5,1.25
2026-01-26,Monday,1,5,No,Cloudy,No,end,No,No,Breakfast,11.0,Meal,26,1,4,No,No,12.5,0.0,10.5,0.0,9.0,11.333333333333334,11.357142857142858,11.071428571428571,5.475051641417685,3.857346351978376,12.5,11.0,12.5,-10.5,8.55
2026-01-26,Monday,1,5,No,Cloudy,No,end,No,No,Bulath vita,18.0,Other,26,1,4,No,No,16.0,0.0,20.0,19.0,18.0,18.333333333333332,20.142857142857142,17.5,16.5169465643479,11.869482523876743,19.0,15.5,16.0,-20.0,11.6
2026-01-26,Monday,1,5,No,Cloudy,No,end,No,No,Chicken Curry,2.0,Meal,26,1,4,No,No,4.0,2.0,0.0,0.0,2.0,2.3333333333333335,2.4285714285714284,2.5,1.9023794624226837,1.990361389682402,3.0,2.5,2.0,2.0,3.0
2026-01-26,Monday,1,5,No,Cloudy,No,end,No,No,Cigarette,39.0,Other,26,1,4,No,No,32.0,0.0,22.0,19.0,45.0,40.0,37.857142857142854,33.785714285714285,23.681417267754988,20.12338315121363,35.0,31.0,32.0,-22.0,21.4
2026-01-26,Monday,1,5,No,Cloudy,No,end,No,No,Dal Curry,5.0,Meal,26,1,4,No,No,7.0,5.0,8.0,0.0,4.0,6.666666666666667,7.285714285714286,8.071428571428571,1.4960264830861778,2.164904890939374,7.0,7.5,2.0,-3.0,6.5
2026-01-26,Monday,1,5,No,Cloudy,No,end,No,No,Egg Rotti,52.0,Meal,26,1,4,No,No,45.0,40.0,35.0,26.0,46.0,52.0,52.285714285714285,48.142857142857146,9.928314487939433,13.877802657243901,52.0,46.5,5.0,5.0,42.5
2026-01-26,Monday,1,5,No,Cloudy,No,end,No,No,Hoppers,36.0,Meal,26,1,4,No,No,35.0,16.0,13.0,0.0,36.0,35.0,33.57142857142857,30.214285714285715,16.31826321290701,14.18112814991796,35.0,28.0,19.0,3.0,27.1
2026-01-26,Monday,1,5,No,Cloudy,No,end,No,No,Kahata,23.0,Hot Beverage,26,1,4,No,No,23.0,0.0,31.0,20.0,26.0,28.666666666666668,20.428571428571427,21.071428571428573,14.339422848184917,11.565627361442013,23.0,23.0,23.0,-31.0,16.9
2026-01-26,Monday,1,5,No,Cloudy,No,end,No,No,Plain Tea,66.5,Hot Beverage,26,1,4,No,No,69.5,0.0,69.5,37.0,64.5,74.83333333333333,74.28571428571429,70.82142857142857,41.40637747060345,31.634698052599155,72.5,71.0,69.5,-69.5,48.65
2026-01-26,Monday,1,5,No,Cloudy,No,end,No,No,Roast bread,15.0,Meal,26,1,4,No,No,12.0,13.0,13.0,0.0,15.0,22.0,20.0,20.928571428571427,6.757711644237754,11.612091083894374,23.0,22.0,-1.0,0.0,12.4
2026-01-26,Monday,1,5,No,Cloudy,No,end,No,No,Rolls,57.0,Snack,26,1,4,No,No,74.0,0.0,37.0,0.0,48.0,70.66666666666667,50.57142857142857,49.785714285714285,25.44181035786792,21.62683010105227,52.0,50.5,74.0,-37.0,48.1
2026-01-26,Monday,1,5,No,Cloudy,No,end,No,No,Roti,11.0,Meal,26,1,4,No,No,14.0,0.0,8.0,0.0,13.0,12.333333333333334,10.428571428571429,8.285714285714286,6.160550377391694,5.165396275342162,12.0,7.5,14.0,-8.0,9.200000000000001
2026-01-26,Monday,1,5,No,Cloudy,No,end,No,No,Soft drinks,33.0,Cold Beverage,26,1,4,No,No,24.0,0.0,25.0,0.0,40.0,33.666666666666664,28.428571428571427,27.642857142857142,14.199262220941188,12.029496714692236,33.0,28.5,24.0,-25.0,16.9
2026-01-26,Monday,1,5,No,Cloudy,No,end,No,No,String Hoppers,99.0,Meal,26,1,4,No,No,65.0,0.0,137.0,0.0,87.0,66.0,75.57142857142857,79.78571428571429,47.27528298119834,40.165386114890524,73.0,78.0,65.0,-137.0,52.7
2026-01-26,Monday,1,5,No,Cloudy,No,end,No,No,Tea,23.0,Hot Beverage,26,1,4,No,No,26.0,0.0,16.0,9.0,18.0,23.0,19.428571428571427,20.285714285714285,9.519403742832191,9.202245306517243,22.0,21.0,26.0,-16.0,17.2
2026-01-26,Monday,1,5,No,Cloudy,No,end,No,No,Ulundu Wade,65.0,Snack,26,1,4,No,No,53.0,0.0,65.0,0.0,63.0,52.0,47.857142857142854,51.357142857142854,27.769459071844683,28.105863453015637,46.0,49.0,53.0,-65.0,38.3
2026-01-26,Monday,1,5,No,Cloudy,No,end,No,No,Vegitable Roti,22.0,Meal,26,1,4,No,No,23.0,0.0,14.0,0.0,25.0,24.666666666666668,19.714285714285715,18.142857142857142,11.484979839109947,9.59853468670443,18.0,17.0,23.0,-14.0,15.2
2026-01-26,Monday,1,5,No,Cloudy,No,end,No,No,Watter Bottle,5.0,Cold Beverage,26,1,4,No,No,5.0,0.0,6.0,0.0,5.0,4.666666666666667,4.285714285714286,4.857142857142857,1.9760470401187076,3.301681223422228,5.0,5.0,5.0,-6.0,3.6
2026-01-27,Tuesday,1,5,No,Hot,No,end,No,No,Bread,1.5,Meal,27,1,4,No,No,1.0,2.0,2.5,1.0,4.0,1.6666666666666667,2.0714285714285716,2.1785714285714284,1.1700630833624392,1.3244322855929174,2.0,2.0,-1.0,-0.5,1.45
2026-01-27,Tuesday,1,5,No,Hot,No,end,No,No,Breakfast,11.0,Meal,27,1,4,No,No,11.0,14.0,13.0,10.5,11.0,11.333333333333334,12.928571428571429,11.107142857142858,2.3704530408864035,3.85396185476997,12.5,11.0,-3.0,1.0,12.100000000000001
2026-01-27,Tuesday,1,5,No,Hot,No,end,No,No,Bulath vita,8.0,Other,27,1,4,No,No,18.0,12.0,14.0,18.0,9.0,18.0,22.714285714285715,17.357142857142858,14.079705083491465,11.849096965638305,19.0,15.5,6.0,-2.0,15.799999999999999
2026-01-27,Tuesday,1,5,No,Hot,No,end,No,No,Chicken Curry,2.0,Meal,27,1,4,No,No,2.0,5.0,6.0,0.0,5.0,3.0,2.4285714285714284,2.642857142857143,1.9023794624226837,1.8649455697209982,3.0,2.5,-3.0,-1.0,3.3000000000000003
2026-01-27,Tuesday,1,5,No,Hot,No,end,No,No,Cigarette,56.0,Other,27,1,4,No,No,39.0,37.0,30.0,34.0,37.0,32.666666666666664,43.42857142857143,35.0,16.910126580022414,19.868800436091508,37.0,33.0,2.0,7.0,37.5
2026-01-27,Tuesday,1,5,No,Hot,No,end,No,No,Dal Curry,7.0,Meal,27,1,4,No,No,5.0,9.0,9.0,7.0,11.0,6.333333333333333,7.285714285714286,7.857142857142857,1.4960264830861778,2.3157368940873657,7.0,7.0,-4.0,0.0,6.6
2026-01-27,Tuesday,1,5,No,Hot,No,end,No,No,Egg Rotti,59.0,Meal,27,1,4,No,No,52.0,47.0,45.0,33.0,72.0,49.666666666666664,54.0,49.357142857142854,8.366600265340717,13.373953692257071,52.0,48.5,5.0,2.0,49.8
2026-01-27,Tuesday,1,5,No,Hot,No,end,No,No,Hoppers,44.0,Meal,27,1,4,No,No,36.0,44.0,45.0,26.0,13.0,31.333333333333332,36.42857142857143,31.857142857142858,14.362649974350637,13.340840377503284,36.0,31.5,-8.0,-1.0,39.3
2026-01-27,Tuesday,1,5,No,Hot,No,end,No,No,Kahata,36.0,Hot Beverage,27,1,4,No,No,23.0,22.0,23.0,24.0,28.0,25.666666666666668,23.714285714285715,20.5,11.161157134071205,11.230110623470479,23.0,23.0,1.0,-1.0,22.7
2026-01-27,Tuesday,1,5,No,Hot,No,end,No,No,Plain Tea,91.0,Hot Beverage,27,1,4,No,No,66.5,72.5,76.5,64.0,94.0,64.5,83.78571428571429,70.60714285714286,26.449412631879582,31.654492068770715,72.5,71.0,-6.0,-4.0,69.3
2026-01-27,Tuesday,1,5,No,Hot,No,end,No,No,Roast bread,13.0,Meal,27,1,4,No,No,15.0,23.0,22.0,18.0,24.0,17.666666666666668,20.285714285714285,21.071428571428573,6.447590912226708,11.51897622129732,23.0,22.0,-8.0,1.0,18.099999999999998
2026-01-27,Tuesday,1,5,No,Hot,No,end,No,No,Rolls,87.0,Snack,27,1,4,No,No,57.0,52.0,47.0,32.0,54.0,67.0,58.714285714285715,51.214285714285715,12.270755012281384,21.376401695574252,57.0,52.0,5.0,5.0,54.5
2026-01-27,Tuesday,1,5,No,Hot,No,end,No,No,Roti,3.0,Meal,27,1,4,No,No,11.0,4.0,3.0,14.0,8.0,12.333333333333334,12.0,8.5,4.12310562561766,5.2146244056794435,12.0,9.0,7.0,1.0,8.1
2026-01-27,Tuesday,1,5,No,Hot,No,end,No,No,Soft drinks,57.0,Cold Beverage,27,1,4,No,No,33.0,33.0,31.0,25.0,28.0,31.0,33.142857142857146,28.214285714285715,6.66904719402933,12.084182741396814,33.0,32.0,0.0,2.0,32.800000000000004
2026-01-27,Tuesday,1,5,No,Hot,No,end,No,No,String Hoppers,100.0,Meal,27,1,4,No,No,99.0,88.0,88.0,64.0,125.0,79.0,89.71428571428571,77.07142857142857,33.78221566502255,37.17415207395565,83.0,78.0,11.0,0.0,94.6
2026-01-27,Tuesday,1,5,No,Hot,No,end,No,No,Tea,34.0,Hot Beverage,27,1,4,No,No,23.0,29.0,25.0,15.0,14.0,24.0,22.714285714285715,20.785714285714285,4.151878519188078,9.141440480905294,23.0,22.5,-6.0,4.0,25.0
2026-01-27,Tuesday,1,5,No,Hot,No,end,No,No,Ulundu Wade,64.0,Snack,27,1,4,No,No,65.0,43.0,46.0,47.0,58.0,61.666666666666664,57.142857142857146,51.357142857142854,18.379595311364284,28.105863453015637,53.0,49.0,22.0,-3.0,56.5
2026-01-27,Tuesday,1,5,No,Hot,No,end,No,No,Vegitable Roti,30.0,Meal,27,1,4,No,No,22.0,15.0,12.0,7.0,24.0,21.0,22.857142857142858,18.714285714285715,7.515064236331621,9.571018524921763,22.0,18.0,7.0,3.0,18.9
2026-01-27,Tuesday,1,5,No,Hot,No,end,No,No,Watter Bottle,9.0,Cold Beverage,27,1,4,No,No,5.0,5.0,0.0,4.0,2.0,4.666666666666667,5.0,4.785714285714286,0.5773502691896273,3.285833729314875,5.0,5.0,0.0,5.0,4.5
2026-01-28,Wednesday,1,5,No,Cloudy,No,end,No,No,Bread,3.0,Meal,28,1,4,No,No,1.5,4.5,3.0,1.5,1.5,1.5,2.0,2.107142857142857,1.190238071423808,1.3327036058700004,2.0,2.0,-3.0,1.5,2.55
2026-01-28,Wednesday,1,5,No,Cloudy,No,end,No,No,Breakfast,12.5,Meal,28,1,4,No,No,11.0,14.5,10.5,11.0,9.5,11.5,12.5,10.964285714285714,2.4152294576982367,3.8152743913536136,11.0,11.0,-3.5,4.0,12.0
2026-01-28,Wednesday,1,5,No,Cloudy,No,end,No,No,Bulath vita,18.0,Other,28,1,4,No,No,8.0,54.0,12.0,15.0,14.0,14.0,22.142857142857142,16.928571428571427,14.656381675213154,12.0860013474858,19.0,15.5,-46.0,42.0,22.2
2026-01-28,Wednesday,1,5,No,Cloudy,No,end,No,No,Chicken Curry,6.0,Meal,28,1,4,No,No,2.0,0.0,2.0,3.0,3.0,2.6666666666666665,2.0,2.357142857142857,1.5275252316519468,1.5984195491000028,2.0,2.0,2.0,-2.0,1.4
2026-01-28,Wednesday,1,5,No,Cloudy,No,end,No,No,Cigarette,29.0,Other,28,1,4,No,No,56.0,73.0,34.0,35.0,39.0,42.333333333333336,46.142857142857146,36.857142857142854,17.228160778490636,20.568299517824624,39.0,34.5,-17.0,39.0,58.9
2026-01-28,Wednesday,1,5,No,Cloudy,No,end,No,No,Dal Curry,7.0,Meal,28,1,4,No,No,7.0,8.0,7.0,7.0,7.0,6.333333333333333,7.0,7.714285714285714,1.2909944487357894,2.3014567770660674,7.0,7.0,-1.0,1.0,7.3
2026-01-28,Wednesday,1,5,No,Cloudy,No,end,No,No,Egg Rotti,57.0,Meal,28,1,4,No,No,59.0,70.0,50.0,52.0,54.0,52.0,55.714285714285715,50.357142857142854,7.910210399946882,13.545405936258282,53.0,51.0,-11.0,20.0,61.4
2026-01-28,Wednesday,1,5,No,Cloudy,No,end,No,No,Hoppers,22.0,Meal,28,1,4,No,No,44.0,56.0,15.0,29.0,25.0,38.333333333333336,36.42857142857143,31.785714285714285,14.362649974350637,13.26753453085661,36.0,31.5,-12.0,41.0,44.7
2026-01-28,Wednesday,1,5,No,Cloudy,No,end,No,No,Kahata,20.0,Hot Beverage,28,1,4,No,No,36.0,1.0,25.0,29.0,28.0,27.333333333333332,25.714285714285715,21.428571428571427,12.023785950000464,11.966069245446185,31.0,23.0,35.0,-24.0,24.4
2026-01-28,Wednesday,1,5,No,Cloudy,No,end,No,No,Plain Tea,82.5,Hot Beverage,28,1,4,No,No,91.0,135.5,85.0,96.0,97.0,75.66666666666667,86.42857142857143,71.64285714285714,26.055115574854977,32.096266600187775,87.5,71.0,-44.5,50.5,103.75
2026-01-28,Wednesday,1,5,No,Cloudy,No,end,No,No,Roast bread,23.0,Meal,28,1,4,No,No,13.0,14.0,17.0,21.0,23.0,13.333333333333334,18.857142857142858,20.428571428571427,6.841748592978528,11.712677455936925,15.0,19.5,-1.0,-3.0,13.7
2026-01-28,Wednesday,1,5,No,Cloudy,No,end,No,No,Rolls,81.0,Snack,28,1,4,No,No,87.0,49.0,52.0,50.0,50.0,72.66666666666667,63.714285714285715,54.07142857142857,15.723806639554391,23.35170652869289,68.0,54.5,38.0,-3.0,72.1
2026-01-28,Wednesday,1,5,No,Cloudy,No,end,No,No,Roti,6.0,Meal,28,1,4,No,No,3.0,16.0,6.0,21.0,19.0,9.333333333333334,11.857142857142858,8.5,4.450789122113494,5.2146244056794435,12.0,9.0,-13.0,10.0,7.199999999999999
2026-01-28,Wednesday,1,5,No,Cloudy,No,end,No,No,Soft drinks,38.0,Cold Beverage,28,1,4,No,No,57.0,25.0,19.0,40.0,45.0,38.0,36.57142857142857,30.071428571428573,11.207990347026874,14.333737961747593,36.0,33.0,32.0,6.0,43.599999999999994
2026-01-28,Wednesday,1,5,No,Cloudy,No,end,No,No,String Hoppers,64.0,Meal,28,1,4,No,No,100.0,83.0,52.0,132.0,114.0,88.0,91.42857142857143,77.92857142857143,33.984590345513666,37.581632759622345,83.0,78.0,17.0,31.0,90.10000000000001
2026-01-28,Wednesday,1,5,No,Cloudy,No,end,No,No,Tea,30.0,Hot Beverage,28,1,4,No,No,34.0,16.0,19.0,15.0,17.0,27.666666666666668,23.428571428571427,21.428571428571427,5.593363414414845,9.756372952425153,23.0,22.5,18.0,-3.0,27.099999999999998
2026-01-28,Wednesday,1,5,No,Cloudy,No,end,No,No,Ulundu Wade,87.0,Snack,28,1,4,No,No,64.0,46.0,28.0,47.0,55.0,60.666666666666664,60.142857142857146,52.642857142857146,17.37266599602733,28.253269770900012,64.0,52.5,18.0,18.0,54.99999999999999
2026-01-28,Wednesday,1,5,No,Cloudy,No,end,No,No,Vegitable Roti,19.0,Meal,28,1,4,No,No,30.0,16.0,19.0,22.0,23.0,25.0,25.0,20.0,7.023769168568503,9.8058067569092,23.0,18.5,14.0,-3.0,24.7
2026-01-28,Wednesday,1,5,No,Cloudy,No,end,No,No,Watter Bottle,5.0,Cold Beverage,28,1,4,No,No,9.0,5.0,7.0,9.0,10.0,6.333333333333333,5.571428571428571,5.428571428571429,1.6183471874253752,3.1553199451155436,5.0,5.0,4.0,-2.0,7.6
2026-01-29,Thursday,1,5,No,Hot,No,end,No,No,Bread,2.5,Meal,29,1,5,No,No,3.0,2.0,1.5,1.0,2.5,1.8333333333333333,1.7857142857142858,2.107142857142857,0.6986381310057714,1.3327036058700004,2.0,2.0,1.0,0.5,2.55
2026-01-29,Thursday,1,5,No,Hot,No,end,No,No,Breakfast,18.5,Meal,29,1,5,No,No,12.5,17.0,8.5,9.5,15.5,11.5,12.214285714285714,11.107142857142858,2.2519832529192048,3.833950420150974,11.0,11.0,-4.5,8.5,13.45
2026-01-29,Thursday,1,5,No,Hot,No,end,No,No,Bulath vita,36.0,Other,29,1,5,No,No,18.0,20.0,14.0,21.0,16.0,14.666666666666666,17.0,17.357142857142858,4.203173404306171,12.003891310462894,18.0,17.0,-2.0,6.0,18.199999999999996
2026-01-29,Thursday,1,5,No,Hot,No,end,No,No,Chicken Curry,4.0,Meal,29,1,5,No,No,6.0,3.0,5.0,8.0,7.0,3.3333333333333335,2.857142857142857,2.642857142857143,1.864454471471609,1.8649455697209982,3.0,2.5,3.0,-2.0,5.0
2026-01-29,Thursday,1,5,No,Hot,No,end,No,No,Cigarette,49.0,Other,29,1,5,No,No,29.0,35.0,27.0,36.0,35.0,41.333333333333336,39.857142857142854,36.5,13.396872413970003,20.664908940967077,35.0,33.5,-6.0,8.0,30.599999999999998
2026-01-29,Thursday,1,5,No,Hot,No,end,No,No,Dal Curry,11.0,Meal,29,1,5,No,No,7.0,9.0,10.0,6.0,12.0,6.333333333333333,6.857142857142857,7.714285714285714,1.214985792587894,2.3014567770660674,7.0,7.0,-2.0,-1.0,7.9
2026-01-29,Thursday,1,5,No,Hot,No,end,No,No,Egg Rotti,67.0,Meal,29,1,5,No,No,57.0,53.0,39.0,39.0,41.0,56.0,53.857142857142854,50.857142857142854,4.980915960897472,13.659919714017564,53.0,52.0,4.0,14.0,53.99999999999999
2026-01-29,Thursday,1,5,No,Hot,No,end,No,No,Hoppers,15.0,Meal,29,1,5,No,No,22.0,14.0,28.0,40.0,12.0,34.0,31.571428571428573,32.285714285714285,12.231886511043482,12.70631927233648,35.0,31.5,8.0,-14.0,20.2
2026-01-29,Thursday,1,5,No,Hot,No,end,No,No,Kahata,39.0,Hot Beverage,29,1,5,No,No,20.0,34.0,15.0,23.0,36.0,26.333333333333332,28.428571428571427,21.071428571428573,6.294366339755543,11.925823859393304,31.0,22.5,-14.0,19.0,23.7
2026-01-29,Thursday,1,5,No,Hot,No,end,No,No,Plain Tea,98.0,Hot Beverage,29,1,5,No,No,82.5,87.5,66.0,72.5,90.5,80.0,78.85714285714286,71.46428571428571,14.602266621185658,32.0231072134544,82.5,71.0,-5.0,21.5,82.35
2026-01-29,Thursday,1,5,No,Hot,No,end,No,No,Roast bread,27.0,Meal,29,1,5,No,No,23.0,24.0,22.0,13.0,21.0,17.0,20.142857142857142,20.857142857142858,6.6188763252929625,11.687318195095335,23.0,22.5,-1.0,2.0,23.2
2026-01-29,Thursday,1,5,No,Hot,No,end,No,No,Rolls,51.0,Snack,29,1,5,No,No,81.0,41.0,47.0,64.0,48.0,75.0,68.28571428571429,56.142857142857146,15.380878667079704,24.415811846667488,70.0,60.5,40.0,-6.0,65.6
2026-01-29,Thursday,1,5,No,Hot,No,end,No,No,Roti,17.0,Meal,29,1,5,No,No,6.0,16.0,6.0,17.0,5.0,6.666666666666667,10.428571428571429,8.5,4.503966505838413,5.2146244056794435,11.0,9.0,-10.0,10.0,8.999999999999998
2026-01-29,Thursday,1,5,No,Hot,No,end,No,No,Soft drinks,40.0,Cold Beverage,29,1,5,No,No,38.0,40.0,26.0,46.0,22.0,42.666666666666664,38.42857142857143,31.428571428571427,9.980934205726815,14.102450881996397,38.0,34.0,-2.0,14.0,37.4
2026-01-29,Thursday,1,5,No,Hot,No,end,No,No,String Hoppers,172.0,Meal,29,1,5,No,No,64.0,160.0,116.0,106.0,127.0,87.66666666666667,88.71428571428571,78.78571428571429,35.49513715855683,37.07825108195777,73.0,78.0,-96.0,44.0,98.0
2026-01-29,Thursday,1,5,No,Hot,No,end,No,No,Tea,28.0,Hot Beverage,29,1,5,No,No,30.0,22.0,20.0,27.0,19.0,29.0,25.428571428571427,22.214285714285715,4.961758520831902,9.985979181821884,23.0,23.0,8.0,2.0,26.6
2026-01-29,Thursday,1,5,No,Hot,No,end,No,No,Ulundu Wade,112.0,Snack,29,1,5,No,No,87.0,90.0,52.0,71.0,82.0,72.0,66.0,56.857142857142854,18.672618098881244,28.69161534680107,65.0,58.5,-3.0,38.0,84.39999999999999
2026-01-29,Thursday,1,5,No,Hot,No,end,No,No,Vegitable Roti,34.0,Meal,29,1,5,No,No,19.0,33.0,14.0,18.0,24.0,23.666666666666668,25.428571428571427,20.0,6.45128263363556,9.8058067569092,23.0,18.5,-14.0,19.0,22.7
2026-01-29,Thursday,1,5,No,Hot,No,end,No,No,Watter Bottle,6.0,Cold Beverage,29,1,5,No,No,5.0,6.0,12.0,4.0,1.0,6.333333333333333,5.571428571428571,5.285714285714286,1.6183471874253752,3.123818457952024,5.0,5.0,-1.0,-6.0,6.0
2026-01-30,Friday,1,5,No,Hot,No,end,No,No,Bread,4.0,Meal,30,1,5,No,No,2.5,1.0,2.5,2.0,2.0,2.3333333333333335,1.8571428571428572,2.1785714285714284,0.7480132415430952,1.3244322855929174,2.0,2.0,1.5,-1.5,2.05
2026-01-30,Friday,1,5,No,Hot,No,end,No,No,Breakfast,9.0,Meal,30,1,5,No,No,18.5,11.0,11.0,15.5,17.0,14.0,12.428571428571429,11.821428571428571,2.790289283517799,4.222682080863295,11.0,11.5,7.5,0.0,15.499999999999998
2026-01-30,Friday,1,5,No,Hot,No,end,No,No,Bulath vita,13.0,Other,30,1,5,No,No,36.0,19.0,9.0,14.0,15.0,20.666666666666668,19.285714285714285,18.928571428571427,8.380817098475262,12.934535082568596,18.0,18.0,17.0,10.0,28.199999999999996
2026-01-30,Friday,1,5,No,Hot,No,end,No,No,Chicken Curry,3.0,Meal,30,1,5,No,No,4.0,0.0,1.0,1.0,1.0,4.0,3.0,2.5714285714285716,1.9148542155126764,1.785164750607962,3.0,2.5,4.0,-1.0,2.5
2026-01-30,Friday,1,5,No,Hot,No,end,No,No,Cigarette,28.0,Other,30,1,5,No,No,49.0,61.0,9.0,49.0,50.0,44.666666666666664,41.857142857142854,38.07142857142857,13.594466661459123,20.723321257849665,39.0,36.0,-12.0,52.0,48.6
2026-01-30,Friday,1,5,No,Hot,No,end,No,No,Dal Curry,11.0,Meal,30,1,5,No,No,11.0,6.0,7.0,7.0,6.0,8.333333333333334,7.142857142857143,7.785714285714286,1.8644544714715978,2.3916062008157306,7.0,7.0,5.0,-1.0,9.099999999999998
2026-01-30,Friday,1,5,No,Hot,No,end,No,No,Egg Rotti,60.0,Meal,30,1,5,No,No,67.0,59.0,19.0,57.0,62.0,61.0,55.857142857142854,52.857142857142854,6.986381310057664,13.838948063941942,57.0,52.5,8.0,40.0,59.79999999999999
2026-01-30,Friday,1,5,No,Hot,No,end,No,No,Hoppers,18.0,Meal,30,1,5,No,No,15.0,47.0,28.0,31.0,28.0,27.0,31.714285714285715,31.357142857142858,11.99603108968803,13.494198997843725,35.0,31.5,-32.0,19.0,25.900000000000002
2026-01-30,Friday,1,5,No,Hot,No,end,No,No,Kahata,28.0,Hot Beverage,30,1,5,No,No,39.0,32.0,6.0,31.0,28.0,31.666666666666668,29.142857142857142,22.785714285714285,7.244045173533255,12.686628766167523,31.0,23.0,7.0,26.0,33.6
2026-01-30,Friday,1,5,No,Hot,No,end,No,No,Plain Tea,77.0,Hot Beverage,30,1,5,No,No,98.0,97.5,24.5,93.5,107.5,90.5,80.35714285714286,73.75,16.100502801968418,32.737152500578816,82.5,77.5,0.5,73.0,90.5
2026-01-30,Friday,1,5,No,Hot,No,end,No,No,Roast bread,19.0,Meal,30,1,5,No,No,27.0,28.0,0.0,24.0,31.0,21.0,20.571428571428573,21.214285714285715,6.996597812678732,11.800772930543221,23.0,23.0,-1.0,28.0,24.6
2026-01-30,Friday,1,5,No,Hot,No,end,No,No,Rolls,68.0,Snack,30,1,5,No,No,51.0,68.0,18.0,61.0,64.0,73.0,69.71428571428571,56.42857142857143,12.64534546403382,24.323822718650785,70.0,60.5,-17.0,50.0,52.8
2026-01-30,Friday,1,5,No,Hot,No,end,No,No,Roti,10.0,Meal,30,1,5,No,No,17.0,11.0,2.0,23.0,24.0,8.666666666666666,10.571428571428571,9.285714285714286,4.7207747548166585,5.621778686892219,11.0,11.0,6.0,9.0,13.7
2026-01-30,Friday,1,5,No,Hot,No,end,No,No,Soft drinks,43.0,Cold Beverage,30,1,5,No,No,40.0,41.0,10.0,40.0,35.0,45.0,38.42857142857143,32.42857142857143,9.980934205726815,14.184033741739803,38.0,35.5,-1.0,31.0,37.3
2026-01-30,Friday,1,5,No,Hot,No,end,No,No,String Hoppers,67.0,Meal,30,1,5,No,No,172.0,60.0,40.0,54.0,68.0,112.0,90.42857142857143,82.78571428571429,39.56790426114387,43.811095488609794,73.0,78.0,112.0,20.0,125.2
2026-01-30,Friday,1,5,No,Hot,No,end,No,No,Tea,22.0,Hot Beverage,30,1,5,No,No,28.0,20.0,5.0,23.0,24.0,30.666666666666668,26.285714285714285,22.785714285714285,4.785891965429468,10.077992561315668,26.0,24.5,8.0,15.0,23.3
2026-01-30,Friday,1,5,No,Hot,No,end,No,No,Ulundu Wade,57.0,Snack,30,1,5,No,No,112.0,36.0,13.0,76.0,85.0,87.66666666666667,69.14285714285714,61.142857142857146,24.368207234212466,32.179441939171085,65.0,64.5,76.0,23.0,79.3
2026-01-30,Friday,1,5,No,Hot,No,end,No,No,Vegitable Roti,29.0,Meal,30,1,5,No,No,34.0,33.0,7.0,34.0,34.0,27.666666666666668,25.571428571428573,21.428571428571427,6.654751256486935,10.308430349172287,23.0,20.5,1.0,26.0,30.999999999999996
2026-01-30,Friday,1,5,No,Hot,No,end,No,No,Watter Bottle,4.0,Cold Beverage,30,1,5,No,No,6.0,5.0,1.0,1.0,1.0,6.666666666666667,5.571428571428571,4.857142857142857,1.6183471874253752,2.476260917566671,5.0,5.0,1.0,4.0,5.199999999999999
2026-01-31,Saturday,1,5,Yes,Hot,No,end,No,No,Bread,2.5,Meal,31,1,5,No,Yes,4.0,2.0,1.5,2.5,1.0,3.1666666666666665,2.2857142857142856,2.2857142857142856,0.9940297973880048,1.4103230087504741,2.0,2.0,2.0,0.5,3.15
2026-01-31,Saturday,1,5,Yes,Hot,No,end,No,No,Breakfast,16.0,Meal,31,1,5,No,Yes,9.0,10.5,10.0,17.5,18.0,13.333333333333334,12.142857142857142,11.678571428571429,3.051151226918096,4.285966109817657,11.0,11.5,-1.5,0.5,9.549999999999999
2026-01-31,Saturday,1,5,Yes,Hot,No,end,No,No,Bulath vita,26.0,Other,31,1,5,No,Yes,13.0,20.0,15.0,29.0,27.0,22.333333333333332,18.428571428571427,19.214285714285715,8.715066319448235,12.7410817764884,18.0,18.0,-7.0,5.0,15.3
2026-01-31,Saturday,1,5,Yes,Hot,No,end,No,No,Chicken Curry,6.0,Meal,31,1,5,No,Yes,3.0,3.0,3.0,6.0,2.0,4.333333333333333,3.4285714285714284,2.7142857142857144,1.3972762620115442,1.728875643015133,3.0,3.0,0.0,0.0,3.0
2026-01-31,Saturday,1,5,Yes,Hot,No,end,No,No,Cigarette,31.0,Other,31,1,5,No,Yes,28.0,27.0,23.0,35.0,57.0,35.333333333333336,37.142857142857146,39.42857142857143,11.393398255547995,19.24223833819071,32.0,36.0,1.0,4.0,27.2
2026-01-31,Saturday,1,5,Yes,Hot,No,end,No,No,Dal Curry,8.0,Meal,31,1,5,No,Yes,11.0,7.0,7.0,8.0,6.0,9.666666666666666,7.857142857142857,8.071428571428571,2.2677868380553554,2.5256921584232934,7.0,7.0,4.0,0.0,9.399999999999999
2026-01-31,Saturday,1,5,Yes,Hot,No,end,No,No,Egg Rotti,49.0,Meal,31,1,5,No,Yes,60.0,52.0,46.0,50.0,87.0,61.333333333333336,56.0,55.785714285714285,7.0710678118654196,9.90088241155662,57.0,55.0,8.0,6.0,56.2
2026-01-31,Saturday,1,5,Yes,Hot,No,end,No,No,Hoppers,36.0,Meal,31,1,5,No,Yes,18.0,23.0,20.0,32.0,47.0,18.333333333333332,27.571428571428573,30.642857142857142,10.783585409580342,13.942779453935964,23.0,29.0,-5.0,3.0,19.7
2026-01-31,Saturday,1,5,Yes,Hot,No,end,No,No,Kahata,21.0,Hot Beverage,31,1,5,No,Yes,28.0,31.0,32.0,24.0,13.0,29.0,28.571428571428573,24.357142857142858,7.138093649734565,11.777469643721906,28.0,25.5,-3.0,-1.0,29.3
2026-01-31,Saturday,1,5,Yes,Hot,No,end,No,No,Plain Tea,98.5,Hot Beverage,31,1,5,No,Yes,77.0,57.5,65.0,72.5,85.5,85.83333333333333,77.42857142857143,77.5,14.216857867301405,29.509450898105374,77.0,79.75,19.5,-7.5,69.94999999999999
2026-01-31,Saturday,1,5,Yes,Hot,No,end,No,No,Roast bread,20.0,Meal,31,1,5,No,Yes,19.0,26.0,28.0,23.0,9.0,23.0,19.285714285714285,22.571428571428573,6.183695920571702,10.150515604291583,19.0,23.0,-7.0,-2.0,22.0
2026-01-31,Saturday,1,5,Yes,Hot,No,end,No,No,Rolls,62.0,Snack,31,1,5,No,Yes,68.0,70.0,64.0,35.0,70.0,66.66666666666667,69.71428571428571,60.0,12.64534546403382,21.785669248737463,70.0,66.0,-2.0,6.0,68.2
2026-01-31,Saturday,1,5,Yes,Hot,No,end,No,No,Roti,9.0,Meal,31,1,5,No,Yes,10.0,12.0,11.0,10.0,24.0,11.0,10.428571428571429,9.857142857142858,4.7207747548166585,5.21620467474113,11.0,11.0,-2.0,1.0,10.7
2026-01-31,Saturday,1,5,Yes,Hot,No,end,No,No,Soft drinks,13.0,Cold Beverage,31,1,5,No,Yes,43.0,36.0,35.0,13.0,32.0,40.333333333333336,38.714285714285715,34.785714285714285,10.094788848943885,12.849295529498718,38.0,37.0,7.0,1.0,40.1
2026-01-31,Saturday,1,5,Yes,Hot,No,end,No,No,String Hoppers,113.0,Meal,31,1,5,No,Yes,67.0,73.0,92.0,115.0,55.0,101.0,91.42857142857143,84.71428571428571,38.750729639828045,42.35278316425308,73.0,78.0,-6.0,-19.0,71.3
2026-01-31,Saturday,1,5,Yes,Hot,No,end,No,No,Tea,21.0,Hot Beverage,31,1,5,No,Yes,22.0,23.0,28.0,19.0,29.0,26.666666666666668,26.571428571428573,24.0,4.39155032826845,8.700132624983798,26.0,24.5,-1.0,-5.0,22.9
2026-01-31,Saturday,1,5,Yes,Hot,No,end,No,No,Ulundu Wade,51.0,Snack,31,1,5,No,Yes,57.0,67.0,77.0,37.0,61.0,85.33333333333333,72.14285714285714,64.28571428571429,20.610907884164757,29.11893006125203,65.0,64.5,-10.0,-10.0,62.0
2026-01-31,Saturday,1,5,Yes,Hot,No,end,No,No,Vegitable Roti,10.0,Meal,31,1,5,No,Yes,29.0,18.0,18.0,13.0,21.0,27.333333333333332,25.0,23.0,6.055300708194995,9.591663046625438,23.0,22.5,11.0,0.0,24.599999999999998
2026-01-31,Saturday,1,5,Yes,Hot,No,end,No,No,Watter Bottle,2.0,Cold Beverage,31,1,5,No,Yes,4.0,4.0,3.0,3.0,4.0,5.0,5.428571428571429,5.071428571428571,1.7182493859684498,2.234839031005476,5.0,5.0,0.0,1.0,3.8999999999999995
2026-02-01,Sunday,2,5,Yes,Hot,No,start,No,No,Bread,2.5,Meal,1,1,1,Yes,No,2.5,2.0,5.0,2.0,2.5,3.0,2.357142857142857,2.357142857142857,0.9880235200593536,1.3926810257774178,2.5,2.0,0.5,-3.0,2.6
2026-02-01,Sunday,2,5,Yes,Hot,No,start,No,No,Breakfast,16.5,Meal,1,1,1,Yes,No,16.0,12.5,12.0,14.5,14.5,14.5,12.928571428571429,12.107142857142858,3.258688021128687,4.403576218993323,12.5,12.25,3.5,0.5,14.55
2026-02-01,Sunday,2,5,Yes,Hot,No,start,No,No,Bulath vita,17.0,Other,1,1,1,Yes,No,26.0,16.0,20.0,19.0,19.0,25.0,19.285714285714285,20.0,9.178131358729582,12.80024038235821,18.0,18.5,10.0,-4.0,22.4
2026-02-01,Sunday,2,5,Yes,Hot,No,start,No,No,Chicken Curry,4.0,Meal,1,1,1,Yes,No,6.0,4.0,1.0,3.0,4.0,4.333333333333333,3.857142857142857,2.9285714285714284,1.676163419695052,1.9400351192017795,4.0,3.0,2.0,3.0,4.8999999999999995
2026-02-01,Sunday,2,5,Yes,Hot,No,start,No,No,Cigarette,35.0,Other,1,1,1,Yes,No,31.0,32.0,63.0,29.0,33.0,36.0,37.714285714285715,40.0,10.889050857234013,18.83123428284468,32.0,36.0,-1.0,-31.0,34.5
2026-02-01,Sunday,2,5,Yes,Hot,No,start,No,No,Dal Curry,10.0,Meal,1,1,1,Yes,No,8.0,7.0,14.0,7.0,9.0,10.0,8.0,8.142857142857142,2.2360679774997814,2.507132682112042,7.0,7.5,1.0,-7.0,8.3
2026-02-01,Sunday,2,5,Yes,Hot,No,start,No,No,Egg Rotti,55.0,Meal,1,1,1,Yes,No,49.0,45.0,74.0,50.0,44.0,58.666666666666664,55.57142857142857,56.0,7.435436388384581,9.703290480751612,57.0,55.0,4.0,-29.0,50.3
2026-02-01,Sunday,2,5,Yes,Hot,No,start,No,No,Hoppers,33.0,Meal,1,1,1,Yes,No,36.0,35.0,39.0,30.0,35.0,23.0,29.428571428571427,31.785714285714285,10.982670331893216,13.656097941542853,35.0,35.5,1.0,-4.0,35.99999999999999
2026-02-01,Sunday,2,5,Yes,Hot,No,start,No,No,Kahata,19.0,Hot Beverage,1,1,1,Yes,No,21.0,23.0,20.0,19.0,26.0,29.333333333333332,27.142857142857142,23.571428571428573,7.5592894601845435,11.593859685953692,23.0,23.0,-2.0,3.0,21.5
2026-02-01,Sunday,2,5,Yes,Hot,No,start,No,No,Plain Tea,80.5,Hot Beverage,1,1,1,Yes,No,98.5,69.5,85.0,69.5,78.5,91.16666666666667,83.28571428571429,79.89285714285714,13.03475208451486,29.774911077454615,82.5,83.75,29.0,-15.5,88.44999999999999
2026-02-01,Sunday,2,5,Yes,Hot,No,start,No,No,Roast bread,16.0,Meal,1,1,1,Yes,No,20.0,12.0,51.0,12.0,13.0,22.0,18.428571428571427,22.0,5.472876844254841,10.046047826039691,19.0,21.5,8.0,-39.0,20.7
2026-02-01,Sunday,2,5,Yes,Hot,No,start,No,No,Rolls,77.0,Snack,1,1,1,Yes,No,62.0,74.0,78.0,73.0,100.0,60.333333333333336,68.57142857142857,59.857142857142854,12.972498382567377,21.763968610304744,68.0,65.0,-12.0,-4.0,67.19999999999999
2026-02-01,Sunday,2,5,Yes,Hot,No,start,No,No,Roti,16.0,Meal,1,1,1,Yes,No,9.0,14.0,7.0,13.0,14.0,12.0,10.0,9.714285714285714,4.690415759823429,5.209880722517277,10.0,10.5,-5.0,7.0,10.299999999999999
2026-02-01,Sunday,2,5,Yes,Hot,No,start,No,No,Soft drinks,49.0,Cold Beverage,1,1,1,Yes,No,13.0,24.0,42.0,32.0,39.0,32.0,35.42857142857143,33.214285714285715,14.081396034687552,14.104983142512065,38.0,37.0,-11.0,-18.0,19.2
2026-02-01,Sunday,2,5,Yes,Hot,No,start,No,No,String Hoppers,86.0,Meal,1,1,1,Yes,No,113.0,65.0,63.0,84.0,93.0,117.33333333333333,97.14285714285714,86.21428571428571,38.52890071720435,42.99763601986393,99.0,78.0,48.0,2.0,93.6
2026-02-01,Sunday,2,5,Yes,Hot,No,start,No,No,Tea,28.0,Hot Beverage,1,1,1,Yes,No,21.0,26.0,35.0,27.0,29.0,23.666666666666668,26.285714285714285,23.5,4.715728494951302,8.653589739790949,26.0,23.0,-5.0,-9.0,23.9
2026-02-01,Sunday,2,5,Yes,Hot,No,start,No,No,Ulundu Wade,63.0,Snack,1,1,1,Yes,No,51.0,53.0,103.0,46.0,65.0,73.33333333333333,69.85714285714286,62.42857142857143,22.10903715247511,29.074742635845613,64.0,60.5,-2.0,-50.0,56.8
2026-02-01,Sunday,2,5,Yes,Hot,No,start,No,No,Vegitable Roti,24.0,Meal,1,1,1,Yes,No,10.0,23.0,32.0,24.0,23.0,24.333333333333332,23.857142857142858,22.428571428571427,8.029706749078112,10.135347785116933,23.0,22.5,-13.0,-9.0,16.099999999999998
2026-02-01,Sunday,2,5,Yes,Hot,No,start,No,No,Watter Bottle,5.0,Cold Beverage,1,1,1,Yes,No,2.0,5.0,9.0,5.0,5.0,4.0,5.142857142857143,5.0,2.115700942049816,2.3204774044612857,5.0,5.0,-3.0,-4.0,3.6
2026-02-02,Monday,2,6,No,Cloudy,No,start,No,No,Bread,1.5,Meal,2,1,1,No,No,2.5,1.0,0.0,0.5,1.0,3.0,2.4285714285714284,2.1785714285714284,0.9759000729485332,1.1702587297283857,2.5,2.0,1.5,1.0,1.8
2026-02-02,Monday,2,6,No,Cloudy,No,start,No,No,Breakfast,0.0,Meal,2,1,1,No,No,16.5,11.0,0.0,10.5,0.0,13.833333333333334,13.5,12.428571428571429,3.5118845842842417,4.5567242909502745,12.5,12.5,5.5,11.0,13.2
2026-02-02,Monday,2,6,No,Cloudy,No,start,No,No,Bulath vita,0.0,Other,2,1,1,No,No,17.0,18.0,0.0,20.0,19.0,18.666666666666668,19.428571428571427,19.785714285714285,9.126100716391111,12.825326934975614,18.0,18.0,-1.0,18.0,15.599999999999998
2026-02-02,Monday,2,6,No,Cloudy,No,start,No,No,Chicken Curry,0.0,Meal,2,1,1,No,No,4.0,2.0,2.0,0.0,0.0,4.333333333333333,3.857142857142857,3.142857142857143,1.676163419695052,1.8752289237539814,4.0,3.0,2.0,0.0,3.2
2026-02-02,Monday,2,6,No,Cloudy,No,start,No,No,Cigarette,0.0,Other,2,1,1,No,No,35.0,39.0,0.0,22.0,19.0,31.333333333333332,38.142857142857146,38.0,10.683766056164714,17.65045216243656,35.0,35.0,-4.0,39.0,32.7
2026-02-02,Monday,2,6,No,Cloudy,No,start,No,No,Dal Curry,0.0,Meal,2,1,1,No,No,10.0,5.0,5.0,8.0,0.0,9.666666666666666,8.428571428571429,7.857142857142857,2.2990681342044326,1.9555500055421386,8.0,7.5,5.0,0.0,8.0
2026-02-02,Monday,2,6,No,Cloudy,No,start,No,No,Egg Rotti,45.0,Meal,2,1,1,No,No,55.0,52.0,40.0,35.0,26.0,54.666666666666664,57.0,54.642857142857146,5.859465277082242,8.205131066849244,57.0,54.0,3.0,12.0,52.6
2026-02-02,Monday,2,6,No,Cloudy,No,start,No,No,Hoppers,0.0,Meal,2,1,1,No,No,33.0,36.0,16.0,13.0,0.0,29.0,29.142857142857142,31.357142857142858,10.838643387259786,13.505595096148072,33.0,34.0,-3.0,20.0,32.2
2026-02-02,Monday,2,6,No,Cloudy,No,start,No,No,Kahata,13.0,Hot Beverage,2,1,1,No,No,19.0,23.0,0.0,31.0,20.0,22.666666666666668,26.571428571428573,23.5,8.059303999253345,11.620605041841038,23.0,23.0,-4.0,23.0,18.3
2026-02-02,Monday,2,6,No,Cloudy,No,start,No,No,Plain Tea,0.0,Hot Beverage,2,1,1,No,No,80.5,66.5,0.0,69.5,37.0,85.33333333333333,84.85714285714286,79.57142857142857,11.689433568093015,29.73980571483351,82.5,81.5,14.0,66.5,68.25
2026-02-02,Monday,2,6,No,Cloudy,No,start,No,No,Roast bread,0.0,Meal,2,1,1,No,No,16.0,15.0,13.0,13.0,0.0,18.333333333333332,19.0,19.5,4.864839839775461,5.6806012682840805,19.0,19.5,1.0,2.0,15.4
2026-02-02,Monday,2,6,No,Cloudy,No,start,No,No,Rolls,0.0,Snack,2,1,1,No,No,77.0,57.0,0.0,37.0,0.0,69.0,69.0,59.785714285714285,13.228756555322912,21.701395103784225,68.0,65.0,20.0,57.0,63.3
2026-02-02,Monday,2,6,No,Cloudy,No,start,No,No,Roti,0.0,Meal,2,1,1,No,No,16.0,11.0,0.0,8.0,0.0,11.666666666666666,10.285714285714286,10.357142857142858,5.023753102820164,5.400956366267892,10.0,11.0,5.0,11.0,12.899999999999999
2026-02-02,Monday,2,6,No,Cloudy,No,start,No,No,Soft drinks,0.0,Cold Beverage,2,1,1,No,No,49.0,33.0,0.0,25.0,0.0,35.0,39.0,33.714285714285715,13.868429375143144,14.55720055203225,40.0,37.0,16.0,33.0,39.3
2026-02-02,Monday,2,6,No,Cloudy,No,start,No,No,String Hoppers,0.0,Meal,2,1,1,No,No,86.0,99.0,0.0,137.0,0.0,88.66666666666667,100.14285714285714,87.85714285714286,36.36586573252711,42.47869537120411,99.0,84.5,-13.0,99.0,81.3
2026-02-02,Monday,2,6,No,Cloudy,No,start,No,No,Tea,0.0,Hot Beverage,2,1,1,No,No,28.0,23.0,0.0,16.0,9.0,23.666666666666668,26.571428571428573,23.0,4.7559486560567565,8.12403840463595,28.0,23.0,5.0,23.0,23.7
2026-02-02,Monday,2,6,No,Cloudy,No,start,No,No,Ulundu Wade,0.0,Snack,2,1,1,No,No,63.0,65.0,0.0,65.0,0.0,57.0,71.28571428571429,59.57142857142857,21.14012208821801,26.64500035571483,64.0,60.0,-2.0,65.0,57.3
2026-02-02,Monday,2,6,No,Cloudy,No,start,No,No,Vegitable Roti,0.0,Meal,2,1,1,No,No,24.0,22.0,0.0,14.0,0.0,21.0,24.0,21.857142857142858,8.02080627701065,9.773253476528863,24.0,22.5,2.0,22.0,21.0
2026-02-02,Monday,2,6,No,Cloudy,No,start,No,No,Watter Bottle,0.0,Cold Beverage,2,1,1,No,No,5.0,5.0,0.0,6.0,0.0,3.6666666666666665,5.142857142857143,4.714285714285714,2.115700942049816,2.016416144037253,5.0,5.0,0.0,5.0,4.5
2026-02-03,Tuesday,2,6,No,Hot,No,start,Yes,No,Bread,2.0,Meal,3,1,1,No,No,1.5,1.5,2.0,2.5,1.0,2.1666666666666665,2.5,2.2857142857142856,0.8660254037844387,1.013643195346631,2.5,2.0,0.0,-0.5,1.5499999999999998
2026-02-03,Tuesday,2,6,No,Hot,No,start,Yes,No,Breakfast,13.5,Meal,3,1,1,No,No,0.0,11.0,14.0,13.0,10.5,10.833333333333334,11.928571428571429,12.428571428571429,6.227817778782089,4.5567242909502745,12.5,12.5,-11.0,-3.0,4.7
2026-02-03,Tuesday,2,6,No,Hot,No,start,Yes,No,Bulath vita,8.0,Other,3,1,1,No,No,0.0,8.0,12.0,14.0,18.0,14.333333333333334,16.857142857142858,19.785714285714285,11.75341895547237,12.825326934975614,17.0,18.0,-8.0,-4.0,3.6
2026-02-03,Tuesday,2,6,No,Hot,No,start,Yes,No,Chicken Curry,3.0,Meal,3,1,1,No,No,0.0,2.0,5.0,6.0,0.0,3.3333333333333335,3.5714285714285716,3.0,2.14919697074224,2.038098661460272,4.0,3.0,-2.0,-3.0,1.1
2026-02-03,Tuesday,2,6,No,Hot,No,start,Yes,No,Cigarette,55.0,Other,3,1,1,No,No,0.0,56.0,37.0,30.0,34.0,22.0,32.57142857142857,38.0,17.896527995276482,17.650452162436558,31.0,35.0,-56.0,19.0,20.5
2026-02-03,Tuesday,2,6,No,Hot,No,start,Yes,No,Dal Curry,7.0,Meal,3,1,1,No,No,0.0,7.0,9.0,9.0,7.0,6.0,7.714285714285714,7.5,3.817254061682106,2.794224813377109,8.0,7.5,-7.0,-2.0,3.0
2026-02-03,Tuesday,2,6,No,Hot,No,start,Yes,No,Egg Rotti,74.0,Meal,3,1,1,No,No,45.0,59.0,47.0,45.0,33.0,49.666666666666664,56.0,55.0,7.280109889280465,7.605665904189626,57.0,54.0,-14.0,12.0,49.400000000000006
2026-02-03,Tuesday,2,6,No,Hot,No,start,Yes,No,Hoppers,41.0,Meal,3,1,1,No,No,0.0,44.0,44.0,45.0,26.0,23.0,24.0,30.214285714285715,14.843629385474866,15.443089425015026,22.0,34.0,-44.0,0.0,17.6
2026-02-03,Tuesday,2,6,No,Hot,No,start,Yes,No,Kahata,28.0,Hot Beverage,3,1,1,No,No,13.0,36.0,22.0,23.0,24.0,17.666666666666668,25.142857142857142,24.428571428571427,9.54687682663064,10.005492996843781,21.0,23.0,-23.0,14.0,20.799999999999997
2026-02-03,Tuesday,2,6,No,Hot,No,start,Yes,No,Plain Tea,92.5,Hot Beverage,3,1,1,No,No,0.0,91.0,72.5,76.5,64.0,59.666666666666664,75.35714285714286,79.57142857142857,34.28278757349709,29.73980571483351,82.5,81.5,-91.0,18.5,34.55
2026-02-03,Tuesday,2,6,No,Hot,No,start,Yes,No,Roast bread,8.0,Meal,3,1,1,No,No,0.0,13.0,23.0,22.0,18.0,12.0,16.857142857142858,18.571428571428573,8.706866474772868,7.572361543181842,19.0,19.5,-13.0,-10.0,6.2
2026-02-03,Tuesday,2,6,No,Hot,No,start,Yes,No,Rolls,84.0,Snack,3,1,1,No,No,0.0,87.0,52.0,47.0,32.0,46.333333333333336,60.857142857142854,59.785714285714285,29.44728947021877,21.701395103784225,68.0,65.0,-87.0,35.0,31.299999999999997
2026-02-03,Tuesday,2,6,No,Hot,No,start,Yes,No,Roti,4.0,Meal,3,1,1,No,No,0.0,3.0,4.0,3.0,14.0,8.333333333333334,8.714285714285714,10.357142857142858,6.317021600783228,5.400956366267892,9.0,11.0,-3.0,-1.0,1.2999999999999998
2026-02-03,Tuesday,2,6,No,Hot,No,start,Yes,No,Soft drinks,61.0,Cold Beverage,3,1,1,No,No,0.0,57.0,33.0,31.0,25.0,20.666666666666668,34.285714285714285,33.714285714285715,20.344649466254314,14.55720055203225,40.0,37.0,-57.0,24.0,20.4
2026-02-03,Tuesday,2,6,No,Hot,No,start,Yes,No,String Hoppers,88.0,Meal,3,1,1,No,No,0.0,100.0,88.0,88.0,64.0,66.33333333333333,86.0,87.85714285714286,52.53887449625594,42.47869537120411,86.0,84.5,-100.0,12.0,38.8
2026-02-03,Tuesday,2,6,No,Hot,No,start,Yes,No,Tea,38.0,Hot Beverage,3,1,1,No,No,0.0,34.0,29.0,25.0,15.0,16.333333333333332,23.285714285714285,23.0,11.205865810879086,8.12403840463595,28.0,23.0,-34.0,5.0,13.1
2026-02-03,Tuesday,2,6,No,Hot,No,start,Yes,No,Ulundu Wade,67.0,Snack,3,1,1,No,No,0.0,64.0,43.0,46.0,47.0,38.0,62.0,59.57142857142857,34.448028487370166,26.64500035571483,63.0,60.0,-64.0,21.0,23.5
2026-02-03,Tuesday,2,6,No,Hot,No,start,Yes,No,Vegitable Roti,27.0,Meal,3,1,1,No,No,0.0,30.0,15.0,12.0,7.0,11.333333333333334,20.857142857142858,21.857142857142858,12.1713950368418,9.773253476528863,24.0,22.5,-30.0,15.0,10.5
2026-02-03,Tuesday,2,6,No,Hot,No,start,Yes,No,Watter Bottle,8.0,Cold Beverage,3,1,1,No,No,0.0,9.0,5.0,0.0,4.0,2.3333333333333335,4.428571428571429,4.714285714285714,2.8784916685156974,2.016416144037253,5.0,5.0,-9.0,4.0,3.1999999999999997
2026-02-04,Wednesday,2,6,No,Hot,Yes,start,No,No,Bread,5.5,Meal,4,1,1,No,No,2.0,3.0,4.5,3.0,1.5,2.0,2.5714285714285716,2.2857142857142856,0.7867957924694434,1.013643195346631,2.5,2.0,-1.0,-1.5,2.55
2026-02-04,Wednesday,2,6,No,Hot,Yes,start,No,No,Breakfast,15.5,Meal,4,1,1,No,No,13.5,12.5,14.5,10.5,11.0,10.0,12.285714285714286,12.392857142857142,6.237368187365717,4.545405843894943,13.5,12.5,1.0,-2.0,13.3
2026-02-04,Wednesday,2,6,No,Hot,Yes,start,No,No,Bulath vita,68.0,Other,4,1,1,No,No,8.0,18.0,54.0,12.0,15.0,8.333333333333334,16.857142857142858,19.5,11.75341895547237,13.054618988046986,17.0,18.0,-10.0,-36.0,15.6
2026-02-04,Wednesday,2,6,No,Hot,Yes,start,No,No,Chicken Curry,0.0,Meal,4,1,1,No,No,3.0,6.0,0.0,2.0,3.0,2.3333333333333335,3.7142857142857144,2.857142857142857,2.0586634591635518,1.9555500055421298,4.0,3.0,-3.0,6.0,3.5999999999999996
2026-02-04,Wednesday,2,6,No,Hot,Yes,start,No,No,Cigarette,83.0,Other,4,1,1,No,No,55.0,29.0,73.0,34.0,35.0,30.0,32.42857142857143,39.285714285714285,17.681036384189934,18.218454597250776,31.0,35.0,26.0,-44.0,49.0
2026-02-04,Wednesday,2,6,No,Hot,Yes,start,No,No,Dal Curry,11.0,Meal,4,1,1,No,No,7.0,7.0,8.0,7.0,7.0,5.666666666666667,7.714285714285714,7.357142857142857,3.817254061682106,2.762583597263287,8.0,7.0,0.0,-1.0,7.1000000000000005
2026-02-04,Wednesday,2,6,No,Hot,Yes,start,No,No,Egg Rotti,80.0,Meal,4,1,1,No,No,74.0,57.0,70.0,50.0,52.0,58.0,58.142857142857146,56.92857142857143,10.007140307942931,8.757100729511555,57.0,56.0,17.0,-13.0,68.5
2026-02-04,Wednesday,2,6,No,Hot,Yes,start,No,No,Hoppers,73.0,Meal,4,1,1,No,No,41.0,22.0,56.0,15.0,29.0,24.666666666666668,23.571428571428573,30.0,14.199262220941172,15.256776552379298,22.0,34.0,19.0,-34.0,36.8
2026-02-04,Wednesday,2,6,No,Hot,Yes,start,No,No,Kahata,1.0,Hot Beverage,4,1,1,No,No,28.0,20.0,1.0,25.0,29.0,20.0,24.0,24.857142857142858,8.445906306213285,10.02195392324073,21.0,25.5,8.0,19.0,22.900000000000002
2026-02-04,Wednesday,2,6,No,Hot,Yes,start,No,No,Plain Tea,150.5,Hot Beverage,4,1,1,No,No,92.5,82.5,135.5,85.0,96.0,57.666666666666664,75.57142857142857,81.0,34.40134272019602,29.854132557641506,82.5,85.0,10.0,-53.0,93.8
2026-02-04,Wednesday,2,6,No,Hot,Yes,start,No,No,Roast bread,18.0,Meal,4,1,1,No,No,8.0,23.0,14.0,17.0,21.0,8.0,16.142857142857142,17.5,9.263343014782714,7.949358948513248,19.0,17.5,-15.0,9.0,13.1
2026-02-04,Wednesday,2,6,No,Hot,Yes,start,No,No,Rolls,65.0,Snack,4,1,1,No,No,84.0,81.0,49.0,52.0,50.0,53.666666666666664,60.42857142857143,62.07142857142857,29.022159021783928,22.489191543133266,68.0,68.0,3.0,32.0,79.60000000000001
2026-02-04,Wednesday,2,6,No,Hot,Yes,start,No,No,Roti,18.0,Meal,4,1,1,No,No,4.0,6.0,16.0,6.0,21.0,6.666666666666667,8.857142857142858,10.357142857142858,6.175990377490653,5.400956366267892,9.0,11.0,-2.0,-10.0,5.799999999999999
2026-02-04,Wednesday,2,6,No,Hot,Yes,start,No,No,Soft drinks,37.0,Cold Beverage,4,1,1,No,No,61.0,38.0,25.0,19.0,40.0,36.666666666666664,34.857142857142854,35.714285714285715,21.12998321050423,16.273756936711475,40.0,39.0,23.0,13.0,50.5
2026-02-04,Wednesday,2,6,No,Hot,Yes,start,No,No,String Hoppers,96.0,Meal,4,1,1,No,No,88.0,64.0,83.0,52.0,132.0,58.0,84.28571428571429,87.85714285714286,52.20062032107245,42.47869537120411,86.0,84.5,24.0,-19.0,80.3
2026-02-04,Wednesday,2,6,No,Hot,Yes,start,No,No,Tea,23.0,Hot Beverage,4,1,1,No,No,38.0,30.0,16.0,19.0,15.0,22.0,23.857142857142858,23.642857142857142,11.922367933546482,8.94949197404,28.0,23.0,8.0,14.0,33.4
2026-02-04,Wednesday,2,6,No,Hot,Yes,start,No,No,Ulundu Wade,60.0,Snack,4,1,1,No,No,67.0,87.0,46.0,28.0,47.0,43.333333333333336,62.42857142857143,61.285714285714285,34.49568641080187,26.266177641828424,63.0,63.5,-20.0,41.0,70.89999999999999
2026-02-04,Wednesday,2,6,No,Hot,Yes,start,No,No,Vegitable Roti,28.0,Meal,4,1,1,No,No,27.0,19.0,16.0,19.0,22.0,17.0,20.428571428571427,22.714285714285715,11.844227044670932,9.651054716602593,24.0,23.5,8.0,3.0,23.5
2026-02-04,Wednesday,2,6,No,Hot,Yes,start,No,No,Watter Bottle,9.0,Cold Beverage,4,1,1,No,No,8.0,5.0,5.0,7.0,9.0,4.333333333333333,4.285714285714286,4.928571428571429,2.6276913640612176,2.200149845046773,5.0,5.0,3.0,0.0,6.8
2026-02-05,Thursday,2,6,No,Hot,No,start,No,Yes,Bread,2.0,Meal,5,1,1,No,No,5.5,2.5,2.0,1.5,1.0,3.0,2.9285714285714284,2.357142857142857,1.367131163805295,1.1998168358380543,2.5,2.0,3.0,0.5,4.25
2026-02-05,Thursday,2,6,No,Hot,No,start,No,Yes,Breakfast,9.5,Meal,5,1,1,No,No,15.5,18.5,17.0,8.5,9.5,9.666666666666666,12.714285714285714,12.464285714285714,6.356474015109468,4.588716452486326,15.5,12.5,-3.0,1.5,16.549999999999997
2026-02-05,Thursday,2,6,No,Hot,No,start,No,Yes,Bulath vita,17.0,Other,5,1,1,No,No,68.0,36.0,20.0,14.0,21.0,25.333333333333332,24.0,20.5,22.678918257565407,16.085110171545896,17.0,18.0,32.0,16.0,53.599999999999994
2026-02-05,Thursday,2,6,No,Hot,No,start,No,Yes,Chicken Curry,4.0,Meal,5,1,1,No,No,0.0,4.0,3.0,5.0,8.0,1.0,2.857142857142857,2.857142857142857,2.1930626551751344,1.9555500055421298,3.0,3.0,-4.0,1.0,1.5
2026-02-05,Thursday,2,6,No,Hot,No,start,No,Yes,Cigarette,22.0,Other,5,1,1,No,No,83.0,49.0,35.0,27.0,36.0,46.0,40.142857142857146,40.0,25.835560579871117,19.77177475400418,35.0,35.0,34.0,14.0,68.0
2026-02-05,Thursday,2,6,No,Hot,No,start,No,Yes,Dal Curry,10.0,Meal,5,1,1,No,No,11.0,11.0,9.0,10.0,6.0,6.0,8.285714285714286,7.571428571428571,3.9880774697543013,2.9277002188456054,10.0,7.0,0.0,2.0,10.799999999999999
2026-02-05,Thursday,2,6,No,Hot,No,start,No,Yes,Egg Rotti,46.0,Meal,5,1,1,No,No,80.0,67.0,53.0,39.0,39.0,66.33333333333333,61.42857142857143,57.642857142857146,12.92100541569346,10.19507530328045,60.0,56.0,13.0,14.0,73.39999999999999
2026-02-05,Thursday,2,6,No,Hot,No,start,No,Yes,Hoppers,23.0,Meal,5,1,1,No,No,73.0,15.0,14.0,28.0,40.0,38.0,30.857142857142858,31.214285714285715,23.376830205915223,17.927969430810837,33.0,34.0,58.0,1.0,49.699999999999996
2026-02-05,Thursday,2,6,No,Hot,No,start,No,Yes,Kahata,14.0,Hot Beverage,5,1,1,No,No,1.0,39.0,34.0,15.0,23.0,14.0,21.285714285714285,24.857142857142858,12.175306782093633,10.02195392324073,21.0,25.5,-38.0,5.0,15.7
2026-02-05,Thursday,2,6,No,Hot,No,start,No,Yes,Plain Tea,79.0,Hot Beverage,5,1,1,No,No,150.5,98.0,87.5,66.0,72.5,81.0,85.28571428571429,82.07142857142857,44.73333688169743,32.14202685130311,92.5,85.0,52.5,10.5,128.45
2026-02-05,Thursday,2,6,No,Hot,No,start,No,Yes,Roast bread,22.0,Meal,5,1,1,No,No,18.0,27.0,24.0,22.0,13.0,8.666666666666666,15.428571428571429,17.785714285714285,8.829064557040052,7.885513216101957,18.0,18.5,-9.0,3.0,21.299999999999997
2026-02-05,Thursday,2,6,No,Hot,No,start,No,Yes,Rolls,51.0,Snack,5,1,1,No,No,65.0,51.0,41.0,47.0,64.0,49.666666666666664,58.142857142857146,63.214285714285715,27.73342490827373,22.178224148331328,65.0,68.0,14.0,10.0,58.4
2026-02-05,Thursday,2,6,No,Hot,No,start,No,Yes,Roti,7.0,Meal,5,1,1,No,No,18.0,17.0,16.0,6.0,17.0,7.333333333333333,10.571428571428571,10.5,6.876460883747852,5.585007403066508,10.0,11.0,1.0,1.0,17.5
2026-02-05,Thursday,2,6,No,Hot,No,start,No,Yes,Soft drinks,35.0,Cold Beverage,5,1,1,No,No,37.0,40.0,40.0,26.0,46.0,32.666666666666664,34.714285714285715,36.57142857142857,21.108562920564456,15.97938232037332,40.0,39.0,-3.0,0.0,38.2
2026-02-05,Thursday,2,6,No,Hot,No,start,No,Yes,String Hoppers,150.0,Meal,5,1,1,No,No,96.0,172.0,160.0,116.0,106.0,61.333333333333336,88.85714285714286,88.78571428571429,51.524843753373226,42.50643131688074,88.0,87.0,-76.0,12.0,125.19999999999999
2026-02-05,Thursday,2,6,No,Hot,No,start,No,Yes,Tea,23.0,Hot Beverage,5,1,1,No,No,23.0,28.0,22.0,20.0,27.0,20.333333333333332,22.857142857142858,24.142857142857142,11.610750355146044,8.681165668424786,23.0,23.0,-5.0,6.0,24.4
2026-02-05,Thursday,2,6,No,Hot,No,start,No,Yes,Ulundu Wade,53.0,Snack,5,1,1,No,No,60.0,112.0,90.0,52.0,71.0,42.333333333333336,58.57142857142857,62.285714285714285,32.75595184012183,25.903455580076773,60.0,63.5,-52.0,22.0,78.6
2026-02-05,Thursday,2,6,No,Hot,No,start,No,Yes,Vegitable Roti,12.0,Meal,5,1,1,No,No,28.0,34.0,33.0,14.0,18.0,18.333333333333332,21.714285714285715,23.571428571428573,12.147898113312795,9.541119799738762,27.0,25.5,-6.0,1.0,30.3
2026-02-05,Thursday,2,6,No,Hot,No,start,No,Yes,Watter Bottle,14.0,Cold Beverage,5,1,1,No,No,9.0,6.0,6.0,12.0,4.0,5.666666666666667,4.857142857142857,5.214285714285714,3.184785258515422,2.455091144432835,5.0,5.0,3.0,0.0,7.799999999999999
2026-02-06,Friday,2,6,No,Hot,No,start,No,No,Bread,1.0,Meal,6,1,1,No,No,2.0,4.0,1.0,2.5,2.0,3.1666666666666665,2.857142857142857,2.357142857142857,1.4057704208690966,1.1998168358380543,2.5,2.0,-2.0,3.0,2.5
2026-02-06,Friday,2,6,No,Hot,No,start,No,No,Breakfast,12.5,Meal,6,1,1,No,No,9.5,9.0,11.0,11.0,15.5,12.833333333333334,11.428571428571429,11.928571428571429,5.883795341363228,4.454285502823024,13.5,11.75,0.5,-2.0,9.5
2026-02-06,Friday,2,6,No,Hot,No,start,No,No,Bulath vita,21.0,Other,6,1,1,No,No,17.0,13.0,19.0,9.0,14.0,31.0,21.285714285714285,20.285714285714285,22.13379230734675,16.112243655195744,17.0,17.5,4.0,-6.0,16.0
2026-02-06,Friday,2,6,No,Hot,No,start,No,No,Chicken Curry,0.0,Meal,6,1,1,No,No,4.0,3.0,0.0,1.0,1.0,2.3333333333333335,2.857142857142857,2.9285714285714284,2.1930626551751344,1.9792883614022534,3.0,3.0,1.0,3.0,3.3
2026-02-06,Friday,2,6,No,Hot,No,start,No,No,Cigarette,69.0,Other,6,1,1,No,No,22.0,28.0,61.0,9.0,49.0,53.333333333333336,36.285714285714285,39.07142857142857,26.304082609069685,20.32226624898182,31.0,33.5,-6.0,-33.0,27.700000000000003
2026-02-06,Friday,2,6,No,Hot,No,start,No,No,Dal Curry,5.0,Meal,6,1,1,No,No,10.0,11.0,6.0,7.0,7.0,9.333333333333334,8.142857142857142,7.642857142857143,3.891382420536063,2.9770181999170573,10.0,7.0,-1.0,5.0,9.9
2026-02-06,Friday,2,6,No,Hot,No,start,No,No,Egg Rotti,50.0,Meal,6,1,1,No,No,46.0,60.0,59.0,19.0,57.0,66.66666666666667,58.42857142857143,57.142857142857146,13.818552057013063,10.603752186823257,55.0,56.0,-14.0,1.0,51.49999999999999
2026-02-06,Friday,2,6,No,Hot,No,start,No,No,Hoppers,51.0,Meal,6,1,1,No,No,23.0,18.0,47.0,28.0,31.0,45.666666666666664,32.0,31.857142857142858,22.656860623955236,17.41730855679595,33.0,34.0,5.0,-29.0,23.9
2026-02-06,Friday,2,6,No,Hot,No,start,No,No,Kahata,32.0,Hot Beverage,6,1,1,No,No,14.0,28.0,32.0,6.0,31.0,14.333333333333334,17.714285714285715,23.428571428571427,9.481812163545634,10.043859859591866,19.0,23.0,-14.0,-4.0,20.0
2026-02-06,Friday,2,6,No,Hot,No,start,No,No,Plain Tea,85.5,Hot Beverage,6,1,1,No,No,79.0,77.0,97.5,24.5,93.5,107.33333333333333,82.57142857142857,81.46428571428571,44.40854701089702,32.11186234550564,80.5,81.5,2.0,-20.5,80.25
2026-02-06,Friday,2,6,No,Hot,No,start,No,No,Roast bread,23.0,Meal,6,1,1,No,No,22.0,19.0,28.0,0.0,24.0,16.0,14.714285714285714,17.642857142857142,7.8891124493250295,7.7817057933942095,18.0,18.5,3.0,-9.0,21.7
2026-02-06,Friday,2,6,No,Hot,No,start,No,No,Rolls,82.0,Snack,6,1,1,No,No,51.0,68.0,68.0,18.0,61.0,66.66666666666667,58.142857142857146,63.92857142857143,27.73342490827373,21.560163713215626,65.0,68.0,-17.0,0.0,57.8
2026-02-06,Friday,2,6,No,Hot,No,start,No,No,Roti,11.0,Meal,6,1,1,No,No,7.0,10.0,11.0,2.0,23.0,9.666666666666666,9.142857142857142,9.857142857142858,6.3358391032961965,5.418730235270748,9.0,10.5,-3.0,-1.0,8.3
2026-02-06,Friday,2,6,No,Hot,No,start,No,No,Soft drinks,37.0,Cold Beverage,6,1,1,No,No,35.0,43.0,41.0,10.0,40.0,44.333333333333336,34.0,36.214285714285715,20.984120980716188,15.952711712715525,37.0,37.5,-8.0,2.0,38.0
2026-02-06,Friday,2,6,No,Hot,No,start,No,No,String Hoppers,64.0,Meal,6,1,1,No,No,150.0,67.0,60.0,40.0,54.0,111.33333333333333,85.71428571428571,88.07142857142857,45.980844873034854,41.284126742358474,88.0,87.0,83.0,7.0,116.1
2026-02-06,Friday,2,6,No,Hot,No,start,No,No,Tea,19.0,Hot Beverage,6,1,1,No,No,23.0,22.0,20.0,5.0,23.0,28.0,22.142857142857142,24.214285714285715,11.393398255547988,8.666279224926656,23.0,23.0,1.0,2.0,22.4
2026-02-06,Friday,2,6,No,Hot,No,start,No,No,Ulundu Wade,33.0,Snack,6,1,1,No,No,53.0,57.0,36.0,13.0,76.0,60.0,50.142857142857146,59.642857142857146,22.792020324582666,24.71874761221699,57.0,61.5,-4.0,21.0,52.49999999999999
2026-02-06,Friday,2,6,No,Hot,No,start,No,No,Vegitable Roti,27.0,Meal,6,1,1,No,No,12.0,29.0,33.0,7.0,34.0,22.333333333333332,18.571428571428573,22.071428571428573,11.25251294685092,9.595385795861912,24.0,23.5,-17.0,-4.0,19.2
2026-02-06,Friday,2,6,No,Hot,No,start,No,No,Watter Bottle,6.0,Cold Beverage,6,1,1,No,No,14.0,4.0,5.0,1.0,1.0,10.333333333333334,6.0,5.785714285714286,4.725815626252609,3.4008725447940664,5.0,5.0,10.0,-1.0,10.1
2026-02-07,Saturday,2,6,Yes,Cloudy,No,start,No,No,Bread,1.0,Meal,7,1,1,No,No,1.0,2.5,2.0,1.5,2.5,2.8333333333333335,2.4285714285714284,2.357142857142857,1.455694892155502,1.1998168358380543,2.0,2.0,-1.5,0.5,1.55
2026-02-07,Saturday,2,6,Yes,Cloudy,No,start,No,No,Breakfast,19.0,Meal,7,1,1,No,No,12.5,16.0,10.5,10.0,17.5,12.5,11.928571428571429,12.035714285714286,5.791002873916941,4.448267967657515,13.5,12.5,-3.5,5.5,13.350000000000001
2026-02-07,Saturday,2,6,Yes,Cloudy,No,start,No,No,Bulath vita,35.0,Other,7,1,1,No,No,21.0,26.0,20.0,15.0,29.0,35.333333333333336,22.428571428571427,20.428571428571427,21.839239477426432,16.108833151240518,17.0,17.5,-5.0,6.0,22.4
2026-02-07,Saturday,2,6,Yes,Cloudy,No,start,No,No,Chicken Curry,2.0,Meal,7,1,1,No,No,0.0,6.0,3.0,3.0,6.0,1.3333333333333333,2.4285714285714284,2.9285714285714284,2.4397501823713332,1.9792883614022534,3.0,3.0,-6.0,3.0,2.0999999999999996
2026-02-07,Saturday,2,6,Yes,Cloudy,No,start,No,No,Cigarette,49.0,Other,7,1,1,No,No,69.0,31.0,27.0,23.0,35.0,58.0,42.142857142857146,39.642857142857146,28.614847960622182,21.08447165700258,35.0,33.5,38.0,4.0,53.4
2026-02-07,Saturday,2,6,Yes,Cloudy,No,start,No,No,Dal Curry,5.0,Meal,7,1,1,No,No,5.0,8.0,7.0,7.0,8.0,8.666666666666666,7.285714285714286,7.571428571428571,3.817254061682106,3.0309756163343216,8.0,7.0,-3.0,1.0,6.1000000000000005
2026-02-07,Saturday,2,6,Yes,Cloudy,No,start,No,No,Egg Rotti,73.0,Meal,7,1,1,No,No,50.0,49.0,52.0,46.0,50.0,58.666666666666664,57.0,56.5,14.142135623730919,10.754247819064094,50.0,53.5,1.0,-3.0,49.900000000000006
2026-02-07,Saturday,2,6,Yes,Cloudy,No,start,No,No,Hoppers,44.0,Meal,7,1,1,No,No,51.0,36.0,23.0,20.0,32.0,49.0,36.714285714285715,32.142857142857146,22.6915129928518,17.71508328583797,36.0,34.0,15.0,13.0,43.699999999999996
2026-02-07,Saturday,2,6,Yes,Cloudy,No,start,No,No,Kahata,13.0,Hot Beverage,7,1,1,No,No,32.0,21.0,31.0,32.0,24.0,15.666666666666666,18.285714285714285,23.428571428571427,10.2910039308496,10.043859859591866,19.0,23.0,11.0,-10.0,28.6
2026-02-07,Saturday,2,6,Yes,Cloudy,No,start,No,No,Plain Tea,68.0,Hot Beverage,7,1,1,No,No,85.5,98.5,57.5,65.0,72.5,105.0,83.78571428571429,80.60714285714286,44.346981429458815,31.809637250022543,85.5,81.5,-13.0,41.0,86.6
2026-02-07,Saturday,2,6,Yes,Cloudy,No,start,No,No,Roast bread,7.0,Meal,7,1,1,No,No,23.0,20.0,26.0,28.0,23.0,21.0,15.285714285714286,17.285714285714285,8.380817098475253,7.373847460696914,18.0,18.5,3.0,-6.0,22.4
2026-02-07,Saturday,2,6,Yes,Cloudy,No,start,No,No,Rolls,76.0,Snack,7,1,1,No,No,82.0,62.0,70.0,64.0,35.0,66.0,60.142857142857146,64.92857142857143,29.03692230837933,22.08189054655173,65.0,69.0,20.0,-8.0,74.8
2026-02-07,Saturday,2,6,Yes,Cloudy,No,start,No,No,Roti,23.0,Meal,7,1,1,No,No,11.0,9.0,12.0,11.0,10.0,12.0,9.285714285714286,9.857142857142858,6.369570517030843,5.418730235270748,9.0,10.5,2.0,-3.0,10.5
2026-02-07,Saturday,2,6,Yes,Cloudy,No,start,No,No,Soft drinks,25.0,Cold Beverage,7,1,1,No,No,37.0,13.0,36.0,35.0,13.0,36.333333333333336,33.142857142857146,35.92857142857143,20.67549734531652,15.896125728831327,37.0,37.0,24.0,-23.0,29.7
2026-02-07,Saturday,2,6,Yes,Cloudy,No,start,No,No,String Hoppers,56.0,Meal,7,1,1,No,No,64.0,113.0,73.0,92.0,115.0,103.33333333333333,85.28571428571429,88.35714285714286,46.197814831852114,41.0882860770226,88.0,87.0,-49.0,40.0,79.6
2026-02-07,Saturday,2,6,Yes,Cloudy,No,start,No,No,Tea,26.0,Hot Beverage,7,1,1,No,No,19.0,21.0,23.0,28.0,19.0,21.666666666666668,21.714285714285715,24.142857142857142,11.455919659202195,8.707707839849451,23.0,23.0,-2.0,-2.0,20.0
2026-02-07,Saturday,2,6,Yes,Cloudy,No,start,No,No,Ulundu Wade,50.0,Snack,7,1,1,No,No,33.0,51.0,67.0,77.0,37.0,48.666666666666664,46.714285714285715,59.42857142857143,23.38599499496997,24.95138129586072,53.0,61.5,-18.0,-16.0,41.800000000000004
2026-02-07,Saturday,2,6,Yes,Cloudy,No,start,No,No,Vegitable Roti,20.0,Meal,7,1,1,No,No,27.0,10.0,18.0,18.0,13.0,22.333333333333332,18.285714285714285,21.642857142857142,10.965313275875669,9.19537628675113,24.0,23.5,17.0,-8.0,21.0
2026-02-07,Saturday,2,6,Yes,Cloudy,No,start,No,No,Watter Bottle,3.0,Cold Beverage,7,1,1,No,No,6.0,2.0,4.0,3.0,3.0,9.666666666666666,6.285714285714286,5.857142857142857,4.644505202002532,3.393594483211499,6.0,5.0,4.0,-2.0,4.6
2026-02-08,Sunday,2,6,Yes,Hot,No,start,No,No,Bread,2.5,Meal,8,1,2,No,No,1.0,2.5,2.0,5.0,2.0,1.3333333333333333,2.2142857142857144,2.2857142857142856,1.5507294750413123,1.2513728724621078,2.0,2.0,-1.5,0.5,1.55
2026-02-08,Sunday,2,6,Yes,Hot,No,start,No,No,Breakfast,0.0,Meal,8,1,2,No,No,19.0,16.5,12.5,12.0,14.5,13.666666666666666,12.357142857142858,12.642857142857142,6.236413804652249,4.789526118475653,13.5,12.5,2.5,4.0,17.6
2026-02-08,Sunday,2,6,Yes,Hot,No,start,No,No,Bulath vita,4.0,Other,8,1,2,No,No,35.0,17.0,16.0,20.0,19.0,24.333333333333332,23.714285714285715,21.5,22.343636571473663,16.57036279255596,17.0,17.5,18.0,1.0,27.700000000000003
2026-02-08,Sunday,2,6,Yes,Hot,No,start,No,No,Chicken Curry,2.0,Meal,8,1,2,No,No,2.0,4.0,4.0,1.0,3.0,2.0,1.8571428571428572,2.857142857142857,1.8644544714716094,1.9944979263017493,2.0,3.0,-2.0,0.0,2.8
2026-02-08,Sunday,2,6,Yes,Hot,No,start,No,No,Cigarette,39.0,Other,8,1,2,No,No,49.0,35.0,32.0,63.0,29.0,46.666666666666664,44.714285714285715,41.214285714285715,28.253107709384725,20.888637218238177,49.0,37.0,14.0,3.0,43.1
2026-02-08,Sunday,2,6,Yes,Hot,No,start,No,No,Dal Curry,5.0,Meal,8,1,2,No,No,5.0,10.0,7.0,14.0,7.0,6.666666666666667,6.857142857142857,7.428571428571429,3.891382420536062,3.1061795904859846,7.0,7.0,-5.0,3.0,6.7
2026-02-08,Sunday,2,6,Yes,Hot,No,start,No,No,Egg Rotti,53.0,Meal,8,1,2,No,No,73.0,55.0,45.0,74.0,50.0,56.333333333333336,60.42857142857143,58.0,14.77449539868327,11.515875329968761,55.0,56.0,18.0,10.0,64.8
2026-02-08,Sunday,2,6,Yes,Hot,No,start,No,No,Hoppers,21.0,Meal,8,1,2,No,No,44.0,33.0,35.0,39.0,30.0,39.333333333333336,37.857142857142854,33.642857142857146,22.850445447361793,17.770360555872642,41.0,35.5,11.0,-2.0,39.8
2026-02-08,Sunday,2,6,Yes,Hot,No,start,No,No,Kahata,16.0,Hot Beverage,8,1,2,No,No,13.0,19.0,23.0,20.0,19.0,19.666666666666668,17.142857142857142,22.142857142857142,10.383136511166741,10.151598152751363,14.0,22.0,-6.0,-4.0,15.8
2026-02-08,Sunday,2,6,Yes,Hot,No,start,No,No,Plain Tea,60.5,Hot Beverage,8,1,2,No,No,68.0,80.5,69.5,85.0,69.5,77.5,79.42857142857143,81.35714285714286,44.15826514880746,31.343278368752344,80.5,81.5,-12.5,11.0,71.89999999999999
2026-02-08,Sunday,2,6,Yes,Hot,No,start,No,No,Roast bread,19.0,Meal,8,1,2,No,No,7.0,16.0,12.0,51.0,12.0,17.333333333333332,13.428571428571429,15.928571428571429,8.59955702070641,7.395053291681754,16.0,17.0,-9.0,4.0,10.2
2026-02-08,Sunday,2,6,Yes,Hot,No,start,No,No,Rolls,102.0,Snack,8,1,2,No,No,76.0,77.0,74.0,78.0,73.0,69.66666666666667,62.142857142857146,65.35714285714286,29.661583299101277,22.24550825138949,76.0,71.0,-1.0,3.0,76.10000000000001
2026-02-08,Sunday,2,6,Yes,Hot,No,start,No,No,Roti,8.0,Meal,8,1,2,No,No,23.0,16.0,14.0,7.0,13.0,13.666666666666666,11.285714285714286,10.642857142857142,8.199883855158879,6.452276197735815,11.0,10.5,7.0,2.0,19.999999999999996
2026-02-08,Sunday,2,6,Yes,Hot,No,start,No,No,Soft drinks,30.0,Cold Beverage,8,1,2,No,No,25.0,49.0,24.0,42.0,32.0,32.333333333333336,34.857142857142854,35.142857142857146,19.169668501990074,16.161955055276923,37.0,37.0,-24.0,25.0,32.1
2026-02-08,Sunday,2,6,Yes,Hot,No,start,No,No,String Hoppers,24.0,Meal,8,1,2,No,No,56.0,86.0,65.0,63.0,84.0,90.0,77.14285714285714,87.14285714285714,45.51713439804316,41.82170423422439,86.0,87.0,-30.0,21.0,65.9
2026-02-08,Sunday,2,6,Yes,Hot,No,start,No,No,Tea,19.0,Hot Beverage,8,1,2,No,No,26.0,28.0,26.0,35.0,27.0,22.666666666666668,22.428571428571427,24.357142857142858,11.559370554621378,8.714330751099606,23.0,24.5,-2.0,2.0,26.6
2026-02-08,Sunday,2,6,Yes,Hot,No,start,No,No,Ulundu Wade,68.0,Snack,8,1,2,No,No,50.0,63.0,53.0,103.0,46.0,45.333333333333336,46.57142857142857,58.214285714285715,23.35848984029246,24.968221560857863,53.0,58.5,-13.0,10.0,54.2
2026-02-08,Sunday,2,6,Yes,Hot,No,start,No,No,Vegitable Roti,13.0,Meal,8,1,2,No,No,20.0,24.0,23.0,32.0,24.0,19.666666666666668,19.714285714285715,21.785714285714285,10.339475900874373,9.149851376923026,24.0,23.5,-4.0,1.0,21.5
2026-02-08,Sunday,2,6,Yes,Hot,No,start,No,No,Watter Bottle,10.0,Cold Beverage,8,1,2,No,No,3.0,5.0,5.0,9.0,5.0,7.666666666666667,6.428571428571429,5.785714285714286,4.503966505838414,3.4458128755964643,6.0,5.0,-2.0,0.0,3.8
2026-02-09,Monday,2,7,No,Cloudy,No,start,No,No,Bread,0.5,Meal,9,1,2,No,No,2.5,1.5,1.0,0.0,0.5,1.5,2.2142857142857144,2.3214285714285716,1.5507294750413123,1.2497252445290474,2.0,2.25,1.0,0.5,2.05
2026-02-09,Monday,2,7,No,Cloudy,No,start,No,No,Breakfast,10.5,Meal,9,1,2,No,No,0.0,0.0,11.0,0.0,10.5,10.5,10.0,11.75,7.416198487095665,5.863019699779287,12.5,12.5,0.0,-11.0,1.1
2026-02-09,Monday,2,7,No,Cloudy,No,start,No,No,Bulath vita,20.0,Other,9,1,2,No,No,4.0,0.0,18.0,0.0,20.0,20.0,21.857142857142858,20.642857142857142,23.504812070641844,17.17604388433156,17.0,17.5,4.0,-18.0,4.2
2026-02-09,Monday,2,7,No,Cloudy,No,start,No,No,Chicken Curry,3.0,Meal,9,1,2,No,No,2.0,0.0,2.0,2.0,0.0,1.3333333333333333,1.5714285714285714,2.7142857142857144,1.6183471874253748,1.9778998741311231,2.0,2.5,2.0,-2.0,1.4
2026-02-09,Monday,2,7,No,Cloudy,No,start,No,No,Cigarette,24.0,Other,9,1,2,No,No,39.0,0.0,39.0,0.0,22.0,52.333333333333336,45.285714285714285,41.714285714285715,28.063703044527607,20.73432149630386,49.0,39.0,39.0,-39.0,27.299999999999997
2026-02-09,Monday,2,7,No,Cloudy,No,start,No,No,Dal Curry,7.0,Meal,9,1,2,No,No,5.0,0.0,5.0,5.0,8.0,5.0,6.142857142857143,7.285714285714286,3.6709931185158102,3.172685623558391,5.0,7.0,5.0,-5.0,3.5
2026-02-09,Monday,2,7,No,Cloudy,No,start,No,No,Egg Rotti,51.0,Meal,9,1,2,No,No,53.0,45.0,52.0,40.0,35.0,58.666666666666664,60.142857142857146,58.57142857142857,14.915635771772832,11.008488233486544,53.0,56.0,8.0,-7.0,50.5
2026-02-09,Monday,2,7,No,Cloudy,No,start,No,No,Hoppers,14.0,Meal,9,1,2,No,No,21.0,0.0,36.0,16.0,13.0,38.666666666666664,36.142857142857146,32.642857142857146,23.709552023242807,18.079342835474893,41.0,34.5,21.0,-36.0,16.2
2026-02-09,Monday,2,7,No,Cloudy,No,start,No,No,Kahata,33.0,Hot Beverage,9,1,2,No,No,16.0,13.0,23.0,0.0,31.0,20.333333333333332,16.714285714285715,21.642857142857142,10.35558280533236,10.27773652765374,14.0,20.5,3.0,-10.0,15.8
2026-02-09,Monday,2,7,No,Cloudy,No,start,No,No,Plain Tea,56.5,Hot Beverage,9,1,2,No,No,60.5,0.0,66.5,0.0,69.5,71.33333333333333,76.57142857142857,80.71428571428571,44.720827149689256,31.695494878679455,79.0,81.5,60.5,-66.5,42.949999999999996
2026-02-09,Monday,2,7,No,Cloudy,No,start,No,No,Roast bread,14.0,Meal,9,1,2,No,No,19.0,0.0,15.0,13.0,13.0,16.333333333333332,13.857142857142858,16.428571428571427,8.820970684087083,7.345477789500416,18.0,18.5,19.0,-15.0,12.9
2026-02-09,Monday,2,7,No,Cloudy,No,start,No,No,Rolls,37.0,Snack,9,1,2,No,No,102.0,0.0,57.0,0.0,37.0,86.66666666666667,65.71428571428571,67.35714285714286,33.05911011967444,24.250637240975898,76.0,72.0,102.0,-57.0,66.89999999999999
2026-02-09,Monday,2,7,No,Cloudy,No,start,No,No,Roti,9.0,Meal,9,1,2,No,No,8.0,0.0,11.0,0.0,8.0,14.0,10.142857142857142,10.214285714285714,7.988086367179801,6.411270981981311,8.0,9.5,8.0,-11.0,5.9
2026-02-09,Monday,2,7,No,Cloudy,No,start,No,No,Soft drinks,22.0,Cold Beverage,9,1,2,No,No,30.0,0.0,33.0,0.0,25.0,30.666666666666668,32.142857142857146,35.57142857142857,18.15147901621767,15.921510779272976,35.0,37.0,30.0,-33.0,21.3
2026-02-09,Monday,2,7,No,Cloudy,No,start,No,No,String Hoppers,127.0,Meal,9,1,2,No,No,24.0,0.0,99.0,0.0,137.0,48.0,68.28571428571429,84.21428571428571,49.375143158321706,44.81960177530252,64.0,87.0,24.0,-99.0,24.299999999999997
2026-02-09,Monday,2,7,No,Cloudy,No,start,No,No,Tea,17.0,Hot Beverage,9,1,2,No,No,19.0,0.0,23.0,0.0,16.0,21.333333333333332,21.142857142857142,23.857142857142858,11.33473380702831,8.813077196435389,23.0,23.0,19.0,-23.0,13.700000000000001
2026-02-09,Monday,2,7,No,Cloudy,No,start,No,No,Ulundu Wade,67.0,Snack,9,1,2,No,No,68.0,0.0,65.0,0.0,65.0,50.333333333333336,47.285714285714285,59.285714285714285,24.011901810798474,25.048963041422475,53.0,61.5,68.0,-65.0,47.3
2026-02-09,Monday,2,7,No,Cloudy,No,start,No,No,Vegitable Roti,14.0,Meal,9,1,2,No,No,13.0,0.0,22.0,0.0,14.0,20.0,18.142857142857142,21.071428571428573,10.41519037157701,9.433689919353162,20.0,23.0,13.0,-22.0,10.0
2026-02-09,Monday,2,7,No,Cloudy,No,start,No,No,Watter Bottle,7.0,Cold Beverage,9,1,2,No,No,10.0,0.0,5.0,0.0,6.0,6.333333333333333,7.142857142857143,6.142857142857143,4.6342410895626145,3.6131627495789695,8.0,5.5,10.0,-5.0,6.5
2026-02-10,Tuesday,2,7,No,Hot,No,start,No,No,Bread,1.0,Meal,10,1,2,No,No,0.5,2.0,1.5,2.0,2.5,1.3333333333333333,2.0714285714285716,2.2857142857142856,1.6690459207925599,1.2966567322613498,2.0,2.25,-1.5,0.5,1.0499999999999998
2026-02-10,Tuesday,2,7,No,Hot,No,start,No,No,Breakfast,10.0,Meal,10,1,2,No,No,10.5,13.5,11.0,14.0,13.0,9.833333333333334,11.5,11.714285714285714,5.979130371550698,5.869459042411784,12.5,12.5,-3.0,2.5,11.45
2026-02-10,Tuesday,2,7,No,Hot,No,start,No,No,Bulath vita,16.0,Other,10,1,2,No,No,20.0,8.0,8.0,12.0,14.0,19.666666666666668,24.714285714285715,20.785714285714285,21.53844845630163,17.16068212481692,20.0,17.5,12.0,0.0,15.200000000000001
2026-02-10,Tuesday,2,7,No,Hot,No,start,No,No,Chicken Curry,0.0,Meal,10,1,2,No,No,3.0,3.0,2.0,5.0,6.0,2.3333333333333335,2.0,2.7857142857142856,1.5275252316519472,1.9681530361296538,2.0,3.0,0.0,1.0,2.9
2026-02-10,Tuesday,2,7,No,Hot,No,start,No,No,Cigarette,36.0,Other,10,1,2,No,No,24.0,55.0,56.0,37.0,30.0,37.333333333333336,48.714285714285715,40.642857142857146,22.52934594193599,21.266105725949288,49.0,37.0,-31.0,-1.0,36.5
2026-02-10,Tuesday,2,7,No,Hot,No,start,No,No,Dal Curry,8.0,Meal,10,1,2,No,No,7.0,7.0,7.0,9.0,9.0,5.666666666666667,7.142857142857143,7.428571428571429,2.478478796128202,3.1061795904859846,7.0,7.0,0.0,0.0,7.000000000000001
2026-02-10,Tuesday,2,7,No,Hot,No,start,No,No,Egg Rotti,30.0,Meal,10,1,2,No,No,51.0,74.0,59.0,47.0,45.0,59.0,61.0,58.5,14.047538337136942,11.057541804995777,53.0,56.0,-23.0,15.0,58.699999999999996
2026-02-10,Tuesday,2,7,No,Hot,No,start,No,No,Hoppers,24.0,Meal,10,1,2,No,No,14.0,41.0,44.0,44.0,45.0,26.333333333333332,38.142857142857146,31.071428571428573,20.5298853010968,18.710195845352036,41.0,28.0,-27.0,-3.0,25.1
2026-02-10,Tuesday,2,7,No,Hot,No,start,No,No,Kahata,30.0,Hot Beverage,10,1,2,No,No,33.0,28.0,36.0,22.0,23.0,20.666666666666668,19.571428571428573,22.357142857142858,11.816050423853467,10.717398815134072,16.0,20.5,5.0,-8.0,31.800000000000004
2026-02-10,Tuesday,2,7,No,Hot,No,start,No,No,Plain Tea,73.0,Hot Beverage,10,1,2,No,No,56.5,92.5,91.0,72.5,76.5,61.666666666666664,84.64285714285714,80.0,31.841684269882144,32.149889340639795,79.0,81.5,-36.0,1.5,70.75
2026-02-10,Tuesday,2,7,No,Hot,No,start,No,No,Roast bread,15.0,Meal,10,1,2,No,No,14.0,8.0,13.0,23.0,22.0,13.333333333333334,15.857142857142858,16.357142857142858,6.4142698058981775,7.365273433298502,18.0,18.5,6.0,-5.0,12.100000000000001
2026-02-10,Tuesday,2,7,No,Hot,No,start,No,No,Rolls,35.0,Snack,10,1,2,No,No,37.0,84.0,87.0,52.0,47.0,71.66666666666667,71.0,65.92857142857143,21.863211109075415,25.466310432274394,76.0,72.0,-47.0,-3.0,56.1
2026-02-10,Tuesday,2,7,No,Hot,No,start,No,No,Roti,13.0,Meal,10,1,2,No,No,9.0,4.0,3.0,4.0,3.0,13.333333333333334,11.428571428571429,10.071428571428571,6.704653678780205,6.414698094871781,9.0,9.0,5.0,1.0,6.8999999999999995
2026-02-10,Tuesday,2,7,No,Hot,No,start,No,No,Soft drinks,30.0,Cold Beverage,10,1,2,No,No,22.0,61.0,57.0,33.0,31.0,25.666666666666668,35.285714285714285,34.785714285714285,12.763414978161675,16.324491140277882,35.0,37.0,-39.0,4.0,37.2
2026-02-10,Tuesday,2,7,No,Hot,No,start,No,No,String Hoppers,72.0,Meal,10,1,2,No,No,127.0,88.0,100.0,88.0,88.0,69.0,86.42857142857143,86.21428571428571,43.02656986427938,46.1355504030136,88.0,87.0,39.0,-12.0,112.6
2026-02-10,Tuesday,2,7,No,Hot,No,start,No,No,Tea,14.0,Hot Beverage,10,1,2,No,No,17.0,38.0,34.0,29.0,25.0,20.666666666666668,23.571428571428573,23.428571428571427,7.06769983462662,9.001831315513908,23.0,23.0,-21.0,4.0,25.0
2026-02-10,Tuesday,2,7,No,Hot,No,start,No,No,Ulundu Wade,41.0,Snack,10,1,2,No,No,67.0,67.0,64.0,43.0,46.0,61.666666666666664,56.857142857142854,59.42857142857143,12.720437249148452,25.089729083720794,60.0,61.5,0.0,3.0,66.7
2026-02-10,Tuesday,2,7,No,Hot,No,start,No,No,Vegitable Roti,8.0,Meal,10,1,2,No,No,14.0,27.0,30.0,15.0,12.0,15.666666666666666,20.142857142857142,20.5,7.1978832867395,9.613692158743012,20.0,22.0,-13.0,-3.0,19.5
2026-02-10,Tuesday,2,7,No,Hot,No,start,No,No,Watter Bottle,5.0,Cold Beverage,10,1,2,No,No,7.0,8.0,9.0,5.0,0.0,6.666666666666667,8.142857142857142,6.285714285714286,3.4364987719369,3.6040270516480577,8.0,6.0,-1.0,-1.0,7.5
2026-02-11,Wednesday,2,7,No,Hot,No,middle,No,No,Bread,2.5,Meal,11,1,2,No,No,1.0,5.5,3.0,4.5,3.0,1.3333333333333333,1.9285714285714286,2.25,1.7182493859684487,1.3265049508446567,1.0,2.25,-4.5,2.5,2.55
2026-02-11,Wednesday,2,7,No,Hot,No,middle,No,No,Breakfast,14.5,Meal,11,1,2,No,No,10.0,15.5,12.5,14.5,10.5,6.833333333333333,11.0,11.642857142857142,5.930148958219066,5.884884716956496,10.5,12.5,-5.5,3.0,11.899999999999999
2026-02-11,Wednesday,2,7,No,Hot,No,middle,No,No,Bulath vita,7.0,Other,11,1,2,No,No,16.0,68.0,18.0,54.0,12.0,13.333333333333334,25.857142857142858,21.357142857142858,20.69966643393537,16.83223620984971,20.0,17.5,-52.0,50.0,31.8
2026-02-11,Wednesday,2,7,No,Hot,No,middle,No,No,Chicken Curry,3.0,Meal,11,1,2,No,No,0.0,0.0,6.0,0.0,2.0,1.6666666666666667,1.5714285714285714,2.642857142857143,1.6183471874253748,2.097879620259204,2.0,3.0,0.0,-6.0,0.6000000000000001
2026-02-11,Wednesday,2,7,No,Hot,No,middle,No,No,Cigarette,37.0,Other,11,1,2,No,No,36.0,83.0,29.0,73.0,34.0,33.0,46.0,39.214285714285715,22.788886180182935,20.82224613402536,39.0,35.5,-47.0,54.0,49.4
2026-02-11,Wednesday,2,7,No,Hot,No,middle,No,No,Dal Curry,8.0,Meal,11,1,2,No,No,8.0,11.0,7.0,8.0,7.0,6.666666666666667,7.285714285714286,7.5,2.497617912751107,3.1070639120954993,7.0,7.5,-3.0,4.0,8.799999999999999
2026-02-11,Wednesday,2,7,No,Hot,No,middle,No,No,Egg Rotti,48.0,Meal,11,1,2,No,No,30.0,80.0,57.0,70.0,50.0,44.666666666666664,54.714285714285715,56.42857142857143,16.829678999853048,13.420502602730227,51.0,54.0,-50.0,23.0,47.7
2026-02-11,Wednesday,2,7,No,Hot,No,middle,No,No,Hoppers,23.0,Meal,11,1,2,No,No,24.0,73.0,22.0,56.0,15.0,19.666666666666668,35.714285714285715,29.642857142857142,21.13223671482573,18.408222004382647,24.0,23.5,-49.0,51.0,38.5
2026-02-11,Wednesday,2,7,No,Hot,No,middle,No,No,Kahata,27.0,Hot Beverage,11,1,2,No,No,30.0,1.0,20.0,1.0,25.0,26.333333333333332,19.857142857142858,21.928571428571427,12.07516144030894,10.239172785955864,16.0,20.5,29.0,-19.0,20.3
2026-02-11,Wednesday,2,7,No,Hot,No,middle,No,No,Plain Tea,60.0,Hot Beverage,11,1,2,No,No,73.0,150.5,82.5,135.5,85.0,63.333333333333336,81.85714285714286,78.71428571428571,31.89267717114479,32.03586588960415,73.0,79.75,-77.5,68.0,97.19999999999999
2026-02-11,Wednesday,2,7,No,Hot,No,middle,No,No,Roast bread,16.0,Meal,11,1,2,No,No,15.0,18.0,23.0,14.0,17.0,16.0,16.857142857142858,16.5,5.4598098693565955,7.314369419163894,18.0,18.5,-3.0,-5.0,16.7
2026-02-11,Wednesday,2,7,No,Hot,No,middle,No,No,Rolls,81.0,Snack,11,1,2,No,No,35.0,65.0,81.0,49.0,52.0,58.0,64.0,62.214285714285715,24.671170759951107,25.94425554153359,65.0,66.5,-30.0,-16.0,48.6
2026-02-11,Wednesday,2,7,No,Hot,No,middle,No,No,Roti,16.0,Meal,11,1,2,No,No,13.0,18.0,6.0,16.0,6.0,10.0,12.714285714285714,10.785714285714286,5.8513327745134465,6.116542153217611,11.0,9.5,-5.0,12.0,13.799999999999999
2026-02-11,Wednesday,2,7,No,Hot,No,middle,No,No,Soft drinks,30.0,Cold Beverage,11,1,2,No,No,30.0,37.0,38.0,25.0,19.0,27.333333333333332,30.857142857142858,32.857142857142854,5.871642911161267,15.042796092672212,30.0,36.0,-7.0,-1.0,32.9
2026-02-11,Wednesday,2,7,No,Hot,No,middle,No,No,String Hoppers,169.0,Meal,11,1,2,No,No,72.0,96.0,64.0,83.0,52.0,74.33333333333333,84.14285714285714,84.21428571428571,43.35292597364324,46.09885460187046,72.0,79.0,-24.0,32.0,78.4
2026-02-11,Wednesday,2,7,No,Hot,No,middle,No,No,Tea,20.0,Hot Beverage,11,1,2,No,No,14.0,23.0,30.0,16.0,19.0,16.666666666666668,20.142857142857142,22.0,4.099941927579432,8.779346392353073,19.0,22.5,-9.0,-7.0,18.3
2026-02-11,Wednesday,2,7,No,Hot,No,middle,No,No,Ulundu Wade,28.0,Snack,11,1,2,No,No,41.0,60.0,87.0,46.0,28.0,58.666666666666664,53.142857142857146,57.785714285714285,13.05665311158222,25.51674735549959,53.0,58.5,-19.0,-27.0,51.3
2026-02-11,Wednesday,2,7,No,Hot,No,middle,No,No,Vegitable Roti,22.0,Meal,11,1,2,No,No,8.0,28.0,19.0,16.0,19.0,11.666666666666666,17.428571428571427,18.928571428571427,7.7428922859859615,9.738616911074141,14.0,19.5,-20.0,9.0,15.1
2026-02-11,Wednesday,2,7,No,Hot,No,middle,No,No,Watter Bottle,5.0,Cold Beverage,11,1,2,No,No,5.0,9.0,5.0,5.0,7.0,7.333333333333333,7.714285714285714,6.0,3.6384193323605856,3.530090432487313,7.0,5.5,-4.0,4.0,6.199999999999999
2026-02-12,Thursday,2,7,No,Hot,No,middle,No,No,Bread,2.0,Meal,12,1,2,No,No,2.5,2.0,2.5,2.0,1.5,1.3333333333333333,1.5,2.2142857142857144,0.8164965809277244,1.3114039117603011,1.0,2.25,0.5,-0.5,2.35
2026-02-12,Thursday,2,7,No,Hot,No,middle,No,No,Breakfast,11.0,Meal,12,1,2,No,No,14.5,9.5,18.5,17.0,8.5,11.666666666666666,10.857142857142858,11.785714285714286,5.814595756329395,5.931384212923547,10.5,13.0,5.0,-9.0,13.399999999999999
2026-02-12,Thursday,2,7,No,Hot,No,middle,No,No,Bulath vita,12.0,Other,12,1,2,No,No,7.0,17.0,36.0,20.0,14.0,14.333333333333334,17.142857142857142,20.571428571428573,10.155927192672127,17.252488274111407,17.0,17.0,-10.0,-19.0,12.9
2026-02-12,Thursday,2,7,No,Hot,No,middle,No,No,Chicken Curry,6.0,Meal,12,1,2,No,No,3.0,4.0,4.0,3.0,5.0,2.0,2.0,2.4285714285714284,1.5275252316519472,1.8693596482500354,2.0,3.0,-1.0,0.0,3.4
2026-02-12,Thursday,2,7,No,Hot,No,middle,No,No,Cigarette,29.0,Other,12,1,2,No,No,37.0,22.0,49.0,35.0,27.0,32.333333333333336,39.42857142857143,39.785714285714285,15.946338585572372,20.629249478978487,37.0,36.5,15.0,-27.0,33.699999999999996
2026-02-12,Thursday,2,7,No,Hot,No,middle,No,No,Dal Curry,9.0,Meal,12,1,2,No,No,8.0,10.0,11.0,9.0,10.0,7.666666666666667,6.857142857142857,7.571428571428571,1.9518001458970557,3.106179590485985,7.0,8.0,-2.0,-1.0,8.9
2026-02-12,Thursday,2,7,No,Hot,No,middle,No,No,Egg Rotti,26.0,Meal,12,1,2,No,No,48.0,46.0,67.0,53.0,39.0,43.0,50.142857142857146,55.785714285714285,12.641579165971466,13.60530762623155,50.0,52.0,2.0,-21.0,49.3
2026-02-12,Thursday,2,7,No,Hot,No,middle,No,No,Hoppers,10.0,Meal,12,1,2,No,No,23.0,23.0,15.0,14.0,28.0,20.333333333333332,28.571428571428573,29.714285714285715,13.501322686526454,18.37820017733624,23.0,23.5,0.0,8.0,22.2
2026-02-12,Thursday,2,7,No,Hot,No,middle,No,No,Kahata,29.0,Hot Beverage,12,1,2,No,No,27.0,14.0,39.0,34.0,15.0,30.0,23.571428571428573,22.428571428571427,8.885515232803389,10.30843034917228,27.0,24.0,13.0,-25.0,24.299999999999997
2026-02-12,Thursday,2,7,No,Hot,No,middle,No,No,Plain Tea,88.0,Hot Beverage,12,1,2,No,No,60.0,79.0,98.0,87.5,66.0,63.166666666666664,68.92857142857143,77.10714285714286,10.79131043721677,32.393718866132396,68.0,78.0,-19.0,-19.0,69.5
2026-02-12,Thursday,2,7,No,Hot,No,middle,No,No,Roast bread,18.0,Meal,12,1,2,No,No,16.0,22.0,27.0,24.0,22.0,15.0,16.571428571428573,16.0,5.442338432975985,7.071067811865472,16.0,17.0,-6.0,-5.0,18.9
2026-02-12,Thursday,2,7,No,Hot,No,middle,No,No,Rolls,45.0,Snack,12,1,2,No,No,81.0,51.0,51.0,41.0,47.0,51.0,66.28571428571429,62.214285714285715,25.50630174234258,25.94425554153359,76.0,66.5,30.0,0.0,69.0
2026-02-12,Thursday,2,7,No,Hot,No,middle,No,No,Roti,5.0,Meal,12,1,2,No,No,16.0,7.0,17.0,16.0,6.0,12.666666666666666,12.428571428571429,11.5,5.593363414414825,6.0985496384228695,11.0,10.5,9.0,-10.0,13.399999999999999
2026-02-12,Thursday,2,7,No,Hot,No,middle,No,No,Soft drinks,21.0,Cold Beverage,12,1,2,No,No,30.0,35.0,40.0,40.0,26.0,27.333333333333332,29.857142857142858,32.285714285714285,5.2098807225172665,14.984240805842402,30.0,32.5,-5.0,-5.0,32.5
2026-02-12,Thursday,2,7,No,Hot,No,middle,No,No,String Hoppers,106.0,Meal,12,1,2,No,No,169.0,150.0,172.0,160.0,116.0,122.66666666666667,94.57142857142857,91.71428571428571,54.12287607182118,50.85337682067859,72.0,87.0,19.0,-22.0,163.59999999999997
2026-02-12,Thursday,2,7,No,Hot,No,middle,No,No,Tea,16.0,Hot Beverage,12,1,2,No,No,20.0,23.0,28.0,22.0,20.0,17.0,19.714285714285715,21.285714285714285,3.9036002917941204,8.480099522534376,19.0,21.5,-3.0,-5.0,21.7
2026-02-12,Thursday,2,7,No,Hot,No,middle,No,No,Ulundu Wade,71.0,Snack,12,1,2,No,No,28.0,53.0,112.0,90.0,52.0,45.333333333333336,48.57142857142857,53.57142857142857,15.608300599970717,25.19070123222909,50.0,55.0,-25.0,-59.0,43.900000000000006
2026-02-12,Thursday,2,7,No,Hot,No,middle,No,No,Vegitable Roti,19.0,Meal,12,1,2,No,No,22.0,12.0,34.0,33.0,14.0,14.666666666666666,16.571428571428573,19.142857142857142,6.629659188252508,9.77325347652886,14.0,21.0,10.0,-22.0,20.199999999999996
2026-02-12,Thursday,2,7,No,Hot,No,middle,No,No,Watter Bottle,1.0,Cold Beverage,12,1,2,No,No,5.0,14.0,6.0,6.0,12.0,5.666666666666667,7.142857142857143,6.0,3.716116764786034,3.530090432487313,6.0,5.5,-9.0,8.0,7.800000000000001
2026-02-13,Friday,2,7,No,Hot,No,middle,No,No,Bread,1.5,Meal,13,1,2,No,No,2.0,1.0,4.0,1.0,2.5,1.8333333333333333,1.5,2.1785714285714284,0.8164965809277244,1.3098317986136008,1.0,2.0,1.0,-3.0,1.9
2026-02-13,Friday,2,7,No,Hot,No,middle,No,No,Breakfast,12.5,Meal,13,1,2,No,No,11.0,12.5,9.0,11.0,11.0,11.833333333333334,11.071428571428571,11.25,5.783803329331051,5.608201411943322,11.0,11.75,-1.5,3.5,11.25
2026-02-13,Friday,2,7,No,Hot,No,middle,No,No,Bulath vita,19.0,Other,13,1,2,No,No,12.0,21.0,13.0,19.0,9.0,11.666666666666666,16.428571428571427,18.857142857142858,10.341778423094402,16.787619718833753,16.0,16.5,-9.0,8.0,14.8
2026-02-13,Friday,2,7,No,Hot,No,middle,No,No,Chicken Curry,0.0,Meal,13,1,2,No,No,6.0,0.0,3.0,0.0,1.0,3.0,2.2857142857142856,2.5714285714285716,2.0586634591635518,2.0648816585306444,2.0,3.0,6.0,-3.0,3.8999999999999995
2026-02-13,Friday,2,7,No,Hot,No,middle,No,No,Cigarette,60.0,Other,13,1,2,No,No,29.0,69.0,28.0,61.0,9.0,34.0,40.42857142857143,38.357142857142854,14.853250405855531,20.634575699192705,37.0,35.5,-40.0,41.0,40.89999999999999
2026-02-13,Friday,2,7,No,Hot,No,middle,No,No,Dal Curry,5.0,Meal,13,1,2,No,No,9.0,5.0,11.0,6.0,7.0,8.333333333333334,6.714285714285714,7.428571428571429,1.704336206492681,2.9797853746739733,7.0,8.0,4.0,-6.0,8.0
2026-02-13,Friday,2,7,No,Hot,No,middle,No,No,Egg Rotti,52.0,Meal,13,1,2,No,No,26.0,50.0,60.0,59.0,19.0,34.666666666666664,47.285714285714285,52.857142857142854,15.63877963817602,15.311419282338246,50.0,50.5,-24.0,-10.0,36.6
2026-02-13,Friday,2,7,No,Hot,No,middle,No,No,Hoppers,58.0,Meal,13,1,2,No,No,10.0,51.0,18.0,47.0,28.0,19.0,26.714285714285715,29.357142857142858,15.18457864319679,18.731327698874882,23.0,23.5,-41.0,33.0,23.099999999999998
2026-02-13,Friday,2,7,No,Hot,No,middle,No,No,Kahata,32.0,Hot Beverage,13,1,2,No,No,29.0,32.0,28.0,32.0,6.0,28.666666666666668,25.714285714285715,21.714285714285715,7.952238379104047,9.3761446187699,29.0,24.0,-3.0,4.0,29.8
2026-02-13,Friday,2,7,No,Hot,No,middle,No,No,Plain Tea,94.5,Hot Beverage,13,1,2,No,No,88.0,85.5,77.0,97.5,24.5,73.66666666666667,70.21428571428571,76.39285714285714,12.579272444704339,32.00551549308372,68.0,78.0,2.5,8.5,86.14999999999999
2026-02-13,Friday,2,7,No,Hot,No,middle,No,No,Roast bread,27.0,Meal,13,1,2,No,No,18.0,23.0,19.0,28.0,0.0,16.333333333333332,16.0,15.357142857142858,4.966554808583769,6.3682764587402305,16.0,17.0,-5.0,4.0,19.599999999999998
2026-02-13,Friday,2,7,No,Hot,No,middle,No,No,Rolls,83.0,Snack,13,1,2,No,No,45.0,82.0,68.0,68.0,18.0,53.666666666666664,65.42857142857143,61.785714285714285,26.197055450674487,26.192126155153446,76.0,66.5,-37.0,14.0,58.39999999999999
2026-02-13,Friday,2,7,No,Hot,No,middle,No,No,Roti,10.0,Meal,13,1,2,No,No,5.0,11.0,10.0,11.0,2.0,11.333333333333334,12.142857142857142,10.642857142857142,5.956189257922422,6.109351506025482,11.0,9.5,-6.0,1.0,7.3
2026-02-13,Friday,2,7,No,Hot,No,middle,No,No,Soft drinks,44.0,Cold Beverage,13,1,2,No,No,21.0,37.0,43.0,41.0,10.0,27.0,27.857142857142858,30.928571428571427,5.580578567035594,15.091843368645737,30.0,30.0,-16.0,-6.0,28.0
2026-02-13,Friday,2,7,No,Hot,No,middle,No,No,String Hoppers,74.0,Meal,13,1,2,No,No,106.0,64.0,67.0,60.0,40.0,115.66666666666667,88.28571428571429,87.0,48.91732578447806,45.628938186199306,72.0,87.0,42.0,-3.0,89.5
2026-02-13,Friday,2,7,No,Hot,No,middle,No,No,Tea,26.0,Hot Beverage,13,1,2,No,No,16.0,19.0,22.0,20.0,5.0,16.666666666666668,18.714285714285715,20.428571428571427,3.8172540616820885,8.354770960487048,19.0,20.5,-3.0,-3.0,17.5
2026-02-13,Friday,2,7,No,Hot,No,middle,No,No,Ulundu Wade,41.0,Snack,13,1,2,No,No,71.0,33.0,57.0,36.0,13.0,46.666666666666664,51.142857142857146,50.642857142857146,17.78977769608686,19.64925969581059,50.0,55.0,38.0,-24.0,58.2
2026-02-13,Friday,2,7,No,Hot,No,middle,No,No,Vegitable Roti,34.0,Meal,13,1,2,No,No,19.0,27.0,29.0,33.0,7.0,16.333333333333332,17.571428571428573,18.071428571428573,6.3471028261494435,8.792166843400874,19.0,19.5,-8.0,-2.0,22.4
2026-02-13,Friday,2,7,No,Hot,No,middle,No,No,Watter Bottle,5.0,Cold Beverage,13,1,2,No,No,1.0,6.0,4.0,5.0,1.0,3.6666666666666665,5.285714285714286,5.642857142857143,2.8702082220799325,3.7745533175798096,5.0,5.0,-5.0,2.0,2.8
2026-02-14,Saturday,2,7,Yes,Cloudy,No,middle,No,No,Bread,2.5,Meal,14,1,2,No,No,1.5,1.0,2.5,2.0,1.5,2.0,1.5714285714285714,2.0,0.7867957924694415,1.2089410496539772,1.5,2.0,0.5,-1.5,1.45
2026-02-14,Saturday,2,7,Yes,Cloudy,No,middle,No,No,Breakfast,11.0,Meal,14,1,2,No,No,12.5,19.0,16.0,10.5,10.0,12.666666666666666,11.071428571428571,11.5,5.783803329331051,5.5781165831653805,11.0,12.5,-6.5,3.0,14.799999999999999
2026-02-14,Saturday,2,7,Yes,Cloudy,No,middle,No,No,Bulath vita,30.0,Other,14,1,2,No,No,19.0,35.0,26.0,20.0,15.0,12.666666666666666,16.142857142857142,19.285714285714285,10.221359521912458,16.70296413781132,16.0,17.0,-16.0,9.0,24.5
2026-02-14,Saturday,2,7,Yes,Cloudy,No,middle,No,No,Chicken Curry,1.0,Meal,14,1,2,No,No,0.0,2.0,6.0,3.0,3.0,3.0,2.2857142857142856,2.357142857142857,2.0586634591635518,2.1699749327564155,2.0,2.5,-2.0,-4.0,1.2000000000000002
2026-02-14,Saturday,2,7,Yes,Cloudy,No,middle,No,No,Cigarette,67.0,Other,14,1,2,No,No,60.0,49.0,31.0,27.0,23.0,42.0,39.142857142857146,40.642857142857146,12.102734834581419,21.16458268994597,37.0,36.5,11.0,18.0,53.800000000000004
2026-02-14,Saturday,2,7,Yes,Cloudy,No,middle,No,No,Dal Curry,8.0,Meal,14,1,2,No,No,5.0,5.0,8.0,7.0,7.0,7.333333333333333,6.714285714285714,7.0,1.704336206492681,2.8554940297339413,7.0,7.5,0.0,-3.0,5.3
2026-02-14,Saturday,2,7,Yes,Cloudy,No,middle,No,No,Egg Rotti,58.0,Meal,14,1,2,No,No,52.0,73.0,49.0,52.0,46.0,42.0,47.57142857142857,52.285714285714285,15.714718608755971,15.172995097204089,51.0,50.5,-21.0,24.0,57.99999999999999
2026-02-14,Saturday,2,7,Yes,Cloudy,No,middle,No,No,Hoppers,45.0,Meal,14,1,2,No,No,58.0,44.0,36.0,23.0,20.0,30.333333333333332,27.714285714285715,32.214285714285715,17.153369792495432,19.88110262933728,23.0,28.5,14.0,8.0,51.6
2026-02-14,Saturday,2,7,Yes,Cloudy,No,middle,No,No,Kahata,23.0,Hot Beverage,14,1,2,No,No,32.0,13.0,21.0,31.0,32.0,29.333333333333332,25.714285714285715,22.0,7.952238379104047,9.639661660197248,29.0,24.0,19.0,-8.0,25.2
2026-02-14,Saturday,2,7,Yes,Cloudy,No,middle,No,No,Plain Tea,96.5,Hot Beverage,14,1,2,No,No,94.5,68.0,98.5,57.5,65.0,80.83333333333333,71.5,77.64285714285714,14.685593847940552,32.37070646993416,68.0,79.75,26.5,-30.5,86.94999999999999
2026-02-14,Saturday,2,7,Yes,Cloudy,No,middle,No,No,Roast bread,25.0,Meal,14,1,2,No,No,27.0,7.0,20.0,26.0,28.0,20.333333333333332,16.571428571428573,15.928571428571429,6.023762469230852,7.043428860284604,16.0,17.0,20.0,-13.0,20.3
2026-02-14,Saturday,2,7,Yes,Cloudy,No,middle,No,No,Rolls,80.0,Snack,14,1,2,No,No,83.0,76.0,62.0,70.0,64.0,69.66666666666667,65.57142857142857,62.857142857142854,26.304987758073196,26.766388632752854,76.0,70.5,7.0,14.0,78.8
2026-02-14,Saturday,2,7,Yes,Cloudy,No,middle,No,No,Roti,21.0,Meal,14,1,2,No,No,10.0,23.0,9.0,12.0,11.0,10.333333333333334,12.0,10.642857142857142,5.999999999999999,6.109351506025482,10.0,9.5,-13.0,14.0,13.799999999999999
2026-02-14,Saturday,2,7,Yes,Cloudy,No,middle,No,No,Soft drinks,28.0,Cold Beverage,14,1,2,No,No,44.0,25.0,13.0,36.0,35.0,31.666666666666668,28.857142857142858,31.0,7.712080813644938,15.155603178109004,30.0,30.0,19.0,12.0,35.199999999999996
2026-02-14,Saturday,2,7,Yes,Cloudy,No,middle,No,No,String Hoppers,34.0,Meal,14,1,2,No,No,74.0,56.0,113.0,73.0,92.0,116.33333333333333,89.71428571428571,87.5,48.231090545809714,45.430843470725215,74.0,87.0,18.0,-57.0,72.5
2026-02-14,Saturday,2,7,Yes,Cloudy,No,middle,No,No,Tea,24.0,Hot Beverage,14,1,2,No,No,26.0,26.0,21.0,23.0,28.0,20.666666666666668,19.714285714285715,20.714285714285715,4.715728494951246,8.480099522534378,19.0,20.5,0.0,5.0,25.5
2026-02-14,Saturday,2,7,Yes,Cloudy,No,middle,No,No,Ulundu Wade,79.0,Snack,14,1,2,No,No,41.0,50.0,51.0,67.0,77.0,46.666666666666664,52.285714285714285,49.5,16.650468318882034,19.716256471013182,50.0,52.0,-9.0,-1.0,44.699999999999996
2026-02-14,Saturday,2,7,Yes,Cloudy,No,middle,No,No,Vegitable Roti,22.0,Meal,14,1,2,No,No,34.0,20.0,10.0,18.0,18.0,25.0,18.571428571428573,18.428571428571427,8.323804075404123,9.353849768651699,19.0,19.5,14.0,10.0,27.4
2026-02-14,Saturday,2,7,Yes,Cloudy,No,middle,No,No,Watter Bottle,3.0,Cold Beverage,14,1,2,No,No,5.0,3.0,2.0,4.0,3.0,3.6666666666666665,5.142857142857143,5.714285714285714,2.853569193634027,3.7504578475079633,5.0,5.0,2.0,1.0,4.1
2026-02-15,Sunday,2,7,Yes,Hot,No,middle,No,No,Bread,4.0,Meal,15,1,3,No,No,2.5,2.5,2.5,2.0,5.0,2.0,1.7857142857142858,2.0,0.8091735937126858,1.2089410496539772,2.0,2.0,0.0,0.0,2.5
2026-02-15,Sunday,2,7,Yes,Hot,No,middle,No,No,Breakfast,14.0,Meal,15,1,3,No,No,11.0,0.0,16.5,12.5,12.0,11.5,9.928571428571429,11.142857142857142,4.6316715073913635,5.425823480317106,11.0,11.75,11.0,-16.5,8.25
2026-02-15,Sunday,2,7,Yes,Hot,No,middle,No,No,Bulath vita,23.0,Other,15,1,3,No,No,30.0,4.0,17.0,16.0,20.0,20.333333333333332,15.428571428571429,19.571428571428573,8.753230696094306,16.860122664551888,16.0,17.0,26.0,-13.0,20.9
2026-02-15,Sunday,2,7,Yes,Hot,No,middle,No,No,Chicken Curry,0.0,Meal,15,1,3,No,No,1.0,2.0,4.0,4.0,1.0,2.3333333333333335,2.142857142857143,2.0,2.1157009420498154,1.9215378456610461,2.0,2.0,-1.0,-2.0,1.6
2026-02-15,Sunday,2,7,Yes,Hot,No,middle,No,No,Cigarette,61.0,Other,15,1,3,No,No,67.0,39.0,35.0,32.0,63.0,52.0,41.714285714285715,43.214285714285715,15.871507864874138,22.07044167216407,37.0,38.0,28.0,4.0,55.39999999999999
2026-02-15,Sunday,2,7,Yes,Hot,No,middle,No,No,Dal Curry,9.0,Meal,15,1,3,No,No,8.0,5.0,10.0,7.0,14.0,7.333333333333333,7.142857142857143,7.0,1.5735915849388729,2.8554940297339413,8.0,7.5,3.0,-5.0,7.3
2026-02-15,Sunday,2,7,Yes,Hot,No,middle,No,No,Egg Rotti,84.0,Meal,15,1,3,No,No,58.0,53.0,55.0,45.0,74.0,45.333333333333336,45.42857142857143,52.92857142857143,12.32689664726615,15.213679500897964,51.0,51.5,5.0,-2.0,56.199999999999996
2026-02-15,Sunday,2,7,Yes,Hot,No,middle,No,No,Hoppers,39.0,Meal,15,1,3,No,No,45.0,21.0,33.0,35.0,39.0,37.666666666666664,27.857142857142858,32.857142857142854,17.31500862862977,20.156530313665453,23.0,28.5,24.0,-12.0,36.599999999999994
2026-02-15,Sunday,2,7,Yes,Hot,No,middle,No,No,Kahata,17.0,Hot Beverage,15,1,3,No,No,23.0,16.0,19.0,23.0,20.0,28.0,27.142857142857142,22.142857142857142,5.928141120356135,9.638521613873092,29.0,25.0,7.0,-3.0,20.499999999999996
2026-02-15,Sunday,2,7,Yes,Hot,No,middle,No,No,Plain Tea,69.0,Hot Beverage,15,1,3,No,No,96.5,60.5,80.5,69.5,85.0,93.0,75.57142857142857,77.5,17.275774395157626,32.27585427577044,73.0,79.75,36.0,-20.0,84.1
2026-02-15,Sunday,2,7,Yes,Hot,No,middle,No,No,Roast bread,49.0,Meal,15,1,3,No,No,25.0,19.0,16.0,12.0,51.0,23.333333333333332,19.142857142857142,16.285714285714285,5.014265364224056,7.38427197003689,18.0,17.0,6.0,3.0,22.3
2026-02-15,Sunday,2,7,Yes,Hot,No,middle,No,No,Rolls,85.0,Snack,15,1,3,No,No,80.0,102.0,77.0,74.0,78.0,69.33333333333333,66.14285714285714,64.14285714285714,26.610953705999655,27.15158911019375,80.0,76.5,-22.0,25.0,86.3
2026-02-15,Sunday,2,7,Yes,Hot,No,middle,No,No,Roti,7.0,Meal,15,1,3,No,No,21.0,8.0,16.0,14.0,7.0,12.0,11.714285714285714,11.5,5.40722620556004,6.676595170962749,10.0,10.5,13.0,-8.0,16.6
2026-02-15,Sunday,2,7,Yes,Hot,No,middle,No,No,Soft drinks,37.0,Cold Beverage,15,1,3,No,No,28.0,30.0,49.0,24.0,42.0,31.0,29.285714285714285,32.07142857142857,7.543524501502053,14.290740873911147,30.0,30.0,-2.0,-19.0,30.700000000000003
2026-02-15,Sunday,2,7,Yes,Hot,No,middle,No,No,String Hoppers,52.0,Meal,15,1,3,No,No,34.0,24.0,86.0,65.0,63.0,71.33333333333333,86.57142857142857,81.85714285714286,51.4064105692962,46.90228326877247,74.0,80.0,10.0,-62.0,36.199999999999996
2026-02-15,Sunday,2,7,Yes,Hot,No,middle,No,No,Tea,34.0,Hot Beverage,15,1,3,No,No,24.0,19.0,28.0,26.0,35.0,22.0,19.428571428571427,20.928571428571427,4.314979445958868,8.52565617338707,19.0,21.5,5.0,-9.0,22.9
2026-02-15,Sunday,2,7,Yes,Hot,No,middle,No,No,Ulundu Wade,104.0,Snack,15,1,3,No,No,79.0,68.0,63.0,53.0,103.0,63.666666666666664,56.42857142857143,51.5,19.372292437543727,21.241287806823472,67.0,56.5,11.0,5.0,74.1
2026-02-15,Sunday,2,7,Yes,Hot,No,middle,No,No,Vegitable Roti,30.0,Meal,15,1,3,No,No,22.0,13.0,24.0,23.0,32.0,25.0,18.857142857142858,19.285714285714285,8.414839499926533,9.067512350131109,19.0,21.0,9.0,-11.0,19.5
2026-02-15,Sunday,2,7,Yes,Hot,No,middle,No,No,Watter Bottle,10.0,Cold Beverage,15,1,3,No,No,3.0,10.0,5.0,5.0,9.0,3.0,5.142857142857143,5.785714285714286,2.853569193634027,3.6831961753257274,5.0,5.0,-7.0,5.0,5.3
2026-02-16,Monday,2,8,No,Cloudy,No,middle,No,No,Bread,0.0,Meal,16,1,3,No,No,4.0,0.5,1.5,1.0,0.0,2.6666666666666665,2.0,2.107142857142857,1.1547005383792508,1.3181947362348867,2.0,2.0,3.5,-1.0,2.6999999999999997
2026-02-16,Monday,2,8,No,Cloudy,No,middle,No,No,Breakfast,0.0,Meal,16,1,3,No,No,14.0,10.5,0.0,11.0,0.0,12.5,11.928571428571429,10.964285714285714,1.7660825629193009,5.274992838909779,11.0,11.75,3.5,10.5,11.55
2026-02-16,Monday,2,8,No,Cloudy,No,middle,No,No,Bulath vita,0.0,Other,16,1,3,No,No,23.0,20.0,0.0,18.0,0.0,24.0,18.142857142857142,20.0,7.470577207252719,16.865987621883825,19.0,18.0,3.0,20.0,19.799999999999997
2026-02-16,Monday,2,8,No,Cloudy,No,middle,No,No,Chicken Curry,0.0,Meal,16,1,3,No,No,0.0,3.0,0.0,2.0,2.0,0.3333333333333333,1.8571428571428572,1.7142857142857142,2.2677868380553634,1.8985245861972941,1.0,1.5,-3.0,3.0,0.8999999999999999
2026-02-16,Monday,2,8,No,Cloudy,No,middle,No,No,Cigarette,0.0,Other,16,1,3,No,No,61.0,24.0,0.0,39.0,0.0,62.666666666666664,44.857142857142854,45.07142857142857,17.353468158925942,22.417247088636195,37.0,44.0,37.0,24.0,43.8
2026-02-16,Monday,2,8,No,Cloudy,No,middle,No,No,Dal Curry,0.0,Meal,16,1,3,No,No,9.0,7.0,0.0,5.0,5.0,7.333333333333333,7.714285714285714,6.928571428571429,1.3801311186846932,2.7863481949922004,8.0,7.5,2.0,7.0,7.5
2026-02-16,Monday,2,8,No,Cloudy,No,middle,No,No,Egg Rotti,51.0,Meal,16,1,3,No,No,84.0,51.0,45.0,52.0,40.0,64.66666666666667,49.857142857142854,55.0,19.169668501990078,17.342699639018996,51.0,51.5,33.0,6.0,70.2
2026-02-16,Monday,2,8,No,Cloudy,No,middle,No,No,Hoppers,0.0,Meal,16,1,3,No,No,39.0,14.0,0.0,36.0,16.0,47.333333333333336,30.428571428571427,33.285714285714285,17.46288581398792,20.22347672852052,24.0,31.5,25.0,14.0,27.599999999999998
2026-02-16,Monday,2,8,No,Cloudy,No,middle,No,No,Kahata,0.0,Hot Beverage,16,1,3,No,No,17.0,33.0,13.0,23.0,0.0,24.0,27.285714285714285,22.0,5.618845839799196,9.703290480751672,29.0,25.0,-16.0,20.0,21.400000000000002
2026-02-16,Monday,2,8,No,Cloudy,No,middle,No,No,Plain Tea,0.0,Hot Beverage,16,1,3,No,No,69.0,56.5,0.0,66.5,0.0,86.66666666666667,76.78571428571429,76.67857142857143,16.31169606667043,32.339905774360346,73.0,76.0,12.5,56.5,58.349999999999994
2026-02-16,Monday,2,8,No,Cloudy,No,middle,No,No,Roast bread,0.0,Meal,16,1,3,No,No,49.0,14.0,0.0,15.0,13.0,33.666666666666664,23.428571428571427,18.642857142857142,12.3404098102824,11.439520853717491,18.0,18.0,35.0,14.0,33.6
2026-02-16,Monday,2,8,No,Cloudy,No,middle,No,No,Rolls,0.0,Snack,16,1,3,No,No,85.0,37.0,0.0,57.0,0.0,82.66666666666667,63.714285714285715,64.71428571428571,23.371737103563678,27.524614358867886,80.0,78.0,48.0,37.0,62.1
2026-02-16,Monday,2,8,No,Cloudy,No,middle,No,No,Roti,0.0,Meal,16,1,3,No,No,7.0,9.0,0.0,11.0,0.0,12.666666666666666,11.571428571428571,10.857142857142858,5.5334480768366845,6.64318207878334,10.0,9.5,-2.0,9.0,6.9
2026-02-16,Monday,2,8,No,Cloudy,No,middle,No,No,Soft drinks,14.0,Cold Beverage,16,1,3,No,No,37.0,22.0,0.0,33.0,0.0,36.333333333333336,30.285714285714285,31.214285714285715,8.09761869758193,13.537290783544607,30.0,30.0,15.0,22.0,28.799999999999997
2026-02-16,Monday,2,8,No,Cloudy,No,middle,No,No,String Hoppers,69.0,Meal,16,1,3,No,No,52.0,127.0,0.0,99.0,0.0,53.333333333333336,90.57142857142857,79.42857142857143,46.58990285050021,47.547084818370024,74.0,73.0,-75.0,127.0,69.3
2026-02-16,Monday,2,8,No,Cloudy,No,middle,No,No,Tea,0.0,Hot Beverage,16,1,3,No,No,34.0,17.0,0.0,23.0,0.0,28.0,21.571428571428573,21.357142857142858,6.9727360210356215,9.043545448866508,20.0,21.5,17.0,17.0,25.5
2026-02-16,Monday,2,8,No,Cloudy,No,middle,No,No,Ulundu Wade,0.0,Snack,16,1,3,No,No,104.0,67.0,0.0,65.0,0.0,74.66666666666667,61.57142857142857,54.42857142857143,26.4440109341551,25.373257532335053,67.0,56.5,37.0,67.0,82.5
2026-02-16,Monday,2,8,No,Cloudy,No,middle,No,No,Vegitable Roti,12.0,Meal,16,1,3,No,No,30.0,14.0,0.0,22.0,0.0,28.666666666666668,21.285714285714285,19.714285714285715,8.882835240212549,9.441549509633317,22.0,21.0,16.0,14.0,22.2
2026-02-16,Monday,2,8,No,Cloudy,No,middle,No,No,Watter Bottle,0.0,Cold Beverage,16,1,3,No,No,10.0,7.0,0.0,5.0,0.0,6.0,5.142857142857143,6.142857142857143,2.853569193634027,3.8402151954353743,5.0,5.5,3.0,7.0,8.1
2026-02-17,Tuesday,2,8,No,Hot,No,middle,No,No,Bread,2.0,Meal,17,1,3,No,No,0.0,1.0,2.0,1.5,2.0,2.1666666666666665,1.9285714285714286,2.0,1.2724180205607027,1.4277470148669678,2.0,2.0,-1.0,-1.0,0.5
2026-02-17,Tuesday,2,8,No,Hot,No,middle,No,No,Breakfast,13.0,Meal,17,1,3,No,No,0.0,10.0,13.5,11.0,14.0,8.333333333333334,10.428571428571429,10.964285714285714,4.88559593284664,5.274992838909779,11.0,11.75,-10.0,-3.5,4.35
2026-02-17,Tuesday,2,8,No,Hot,No,middle,No,No,Bulath vita,14.0,Other,17,1,3,No,No,0.0,16.0,8.0,8.0,12.0,17.666666666666668,15.285714285714286,20.0,10.028530728448139,16.865987621883825,16.0,18.0,-16.0,8.0,5.6
2026-02-17,Tuesday,2,8,No,Hot,No,middle,No,No,Chicken Curry,5.0,Meal,17,1,3,No,No,0.0,0.0,3.0,2.0,5.0,0.3333333333333333,1.4285714285714286,1.7142857142857142,2.29906813420444,1.8985245861972941,0.0,1.5,0.0,-3.0,0.30000000000000004
2026-02-17,Tuesday,2,8,No,Hot,No,middle,No,No,Cigarette,39.0,Other,17,1,3,No,No,0.0,36.0,55.0,56.0,37.0,42.666666666666664,41.42857142857143,45.07142857142857,23.45816945726401,22.417247088636195,37.0,44.0,-36.0,-19.0,16.299999999999997
2026-02-17,Tuesday,2,8,No,Hot,No,middle,No,No,Dal Curry,9.0,Meal,17,1,3,No,No,0.0,8.0,7.0,7.0,9.0,5.666666666666667,6.714285714285714,6.928571428571429,3.2513733362117203,2.7863481949922004,8.0,7.5,-8.0,1.0,3.1
2026-02-17,Tuesday,2,8,No,Hot,No,middle,No,No,Egg Rotti,42.0,Meal,17,1,3,No,No,51.0,30.0,74.0,59.0,47.0,64.33333333333333,49.857142857142854,55.42857142857143,19.169668501990078,17.14963236077931,51.0,51.5,21.0,-44.0,46.99999999999999
2026-02-17,Tuesday,2,8,No,Hot,No,middle,No,No,Hoppers,41.0,Meal,17,1,3,No,No,0.0,24.0,41.0,44.0,44.0,28.0,28.428571428571427,33.285714285714285,20.2390475966397,20.22347672852052,24.0,31.5,-24.0,-17.0,11.3
2026-02-17,Tuesday,2,8,No,Hot,No,middle,No,No,Kahata,24.0,Hot Beverage,17,1,3,No,No,0.0,30.0,28.0,36.0,22.0,13.333333333333334,22.571428571428573,21.071428571428573,11.148350294358103,11.145639269475511,27.0,25.0,-30.0,2.0,11.8
2026-02-17,Tuesday,2,8,No,Hot,No,middle,No,No,Plain Tea,62.0,Hot Beverage,17,1,3,No,No,0.0,73.0,92.5,91.0,72.5,55.166666666666664,68.71428571428571,76.67857142857143,33.228824263051564,32.339905774360346,73.0,76.0,-73.0,-19.5,31.15
2026-02-17,Tuesday,2,8,No,Hot,No,middle,No,No,Roast bread,20.0,Meal,17,1,3,No,No,0.0,15.0,8.0,13.0,23.0,24.666666666666668,21.428571428571427,18.642857142857142,14.976171549688997,11.439520853717491,18.0,18.0,-15.0,7.0,5.3
2026-02-17,Tuesday,2,8,No,Hot,No,middle,No,No,Rolls,51.0,Snack,17,1,3,No,No,0.0,35.0,84.0,87.0,52.0,55.0,58.42857142857143,64.71428571428571,32.73050128375236,27.524614358867886,80.0,78.0,-35.0,-49.0,18.9
2026-02-17,Tuesday,2,8,No,Hot,No,middle,No,No,Roti,4.0,Meal,17,1,3,No,No,0.0,13.0,4.0,3.0,4.0,9.333333333333334,10.285714285714286,10.857142857142858,7.064330251677216,6.64318207878334,10.0,9.5,-13.0,9.0,4.3
2026-02-17,Tuesday,2,8,No,Hot,No,middle,No,No,Soft drinks,28.0,Cold Beverage,17,1,3,No,No,14.0,30.0,61.0,57.0,33.0,26.333333333333332,29.142857142857142,32.214285714285715,9.839183086492683,11.402958937375532,30.0,30.0,-16.0,-31.0,23.5
2026-02-17,Tuesday,2,8,No,Hot,No,middle,No,No,String Hoppers,80.0,Meal,17,1,3,No,No,69.0,72.0,88.0,100.0,88.0,51.666666666666664,82.28571428571429,84.35714285714286,44.123743743077405,41.924120362052506,72.0,73.0,-3.0,-16.0,71.8
2026-02-17,Tuesday,2,8,No,Hot,No,middle,No,No,Tea,20.0,Hot Beverage,17,1,3,No,No,0.0,14.0,38.0,34.0,29.0,19.333333333333332,19.142857142857142,21.357142857142858,10.761483346152781,9.043545448866508,20.0,21.5,-14.0,-24.0,8.0
2026-02-17,Tuesday,2,8,No,Hot,No,middle,No,No,Ulundu Wade,47.0,Snack,17,1,3,No,No,0.0,41.0,67.0,64.0,43.0,61.0,52.0,54.42857142857143,34.918953783487446,25.373257532335053,41.0,56.5,-41.0,-26.0,19.0
2026-02-17,Tuesday,2,8,No,Hot,No,middle,No,No,Vegitable Roti,14.0,Meal,17,1,3,No,No,12.0,8.0,27.0,30.0,15.0,21.333333333333332,21.0,20.571428571428573,9.183318209303941,7.939330389457731,22.0,21.0,4.0,-19.0,12.3
2026-02-17,Tuesday,2,8,No,Hot,No,middle,No,No,Watter Bottle,0.0,Cold Beverage,17,1,3,No,No,0.0,5.0,8.0,9.0,5.0,4.333333333333333,4.142857142857143,6.142857142857143,3.2877840272018806,3.8402151954353743,5.0,5.5,-5.0,-3.0,2.3
2026-02-18,Wednesday,2,8,No,Hot,No,middle,No,No,Bread,2.0,Meal,18,1,3,No,No,2.0,2.5,5.5,3.0,4.5,2.0,2.0714285714285716,2.0,1.2051476890327388,1.4277470148669678,2.0,2.0,-0.5,-3.0,2.5
2026-02-18,Wednesday,2,8,No,Hot,No,middle,No,No,Breakfast,10.5,Meal,18,1,3,No,No,13.0,14.5,15.5,12.5,14.5,9.0,10.857142857142858,10.928571428571429,4.972543662572555,5.258169990438845,12.5,11.75,-1.5,-1.0,13.7
2026-02-18,Wednesday,2,8,No,Hot,No,middle,No,No,Bulath vita,18.0,Other,18,1,3,No,No,14.0,7.0,68.0,18.0,54.0,12.333333333333334,15.0,20.428571428571427,10.03327796219494,16.611924751697014,14.0,18.0,7.0,-61.0,17.3
2026-02-18,Wednesday,2,8,No,Hot,No,middle,No,No,Chicken Curry,4.0,Meal,18,1,3,No,No,5.0,3.0,0.0,6.0,0.0,1.6666666666666667,2.142857142857143,1.8571428571428572,2.5448360411214073,2.070196678027063,1.0,1.5,2.0,3.0,3.9
2026-02-18,Wednesday,2,8,No,Hot,No,middle,No,No,Cigarette,46.0,Other,18,1,3,No,No,39.0,37.0,83.0,29.0,73.0,33.333333333333336,41.857142857142854,43.92857142857143,23.369699551831147,22.279567340483112,39.0,39.0,2.0,-46.0,42.8
2026-02-18,Wednesday,2,8,No,Hot,No,middle,No,No,Dal Curry,7.0,Meal,18,1,3,No,No,9.0,8.0,11.0,7.0,8.0,6.0,6.857142857142857,7.071428571428571,3.338091841585115,2.8410259716216255,8.0,8.0,1.0,-3.0,8.899999999999999
2026-02-18,Wednesday,2,8,No,Hot,No,middle,No,No,Egg Rotti,52.0,Meal,18,1,3,No,No,42.0,48.0,80.0,57.0,70.0,59.0,51.57142857142857,53.142857142857146,17.5675566775533,16.60795519695832,51.0,51.0,-6.0,-32.0,47.599999999999994
2026-02-18,Wednesday,2,8,No,Hot,No,middle,No,No,Hoppers,28.0,Meal,18,1,3,No,No,41.0,23.0,73.0,22.0,56.0,26.666666666666668,30.857142857142858,33.285714285714285,20.635152623848544,20.22347672852052,39.0,31.5,18.0,-50.0,38.8
2026-02-18,Wednesday,2,8,No,Hot,No,middle,No,No,Kahata,33.0,Hot Beverage,18,1,3,No,No,24.0,27.0,1.0,20.0,1.0,13.666666666666666,21.714285714285715,20.785714285714285,10.7038043971024,11.004744231666425,24.0,23.5,-3.0,26.0,22.6
2026-02-18,Wednesday,2,8,No,Hot,No,middle,No,No,Plain Tea,102.5,Hot Beverage,18,1,3,No,No,62.0,60.0,150.5,82.5,135.5,43.666666666666664,67.14285714285714,74.5,33.25246141981361,32.21920115516403,69.0,71.0,2.0,-90.5,70.25
2026-02-18,Wednesday,2,8,No,Hot,No,middle,No,No,Roast bread,22.0,Meal,18,1,3,No,No,20.0,16.0,18.0,23.0,14.0,23.0,22.142857142857142,19.5,14.73576795226014,11.022703842524301,20.0,18.5,4.0,-2.0,18.6
2026-02-18,Wednesday,2,8,No,Hot,No,middle,No,No,Rolls,56.0,Snack,18,1,3,No,No,51.0,81.0,65.0,81.0,49.0,45.333333333333336,60.714285714285715,62.357142857142854,31.351311964649298,27.15654657680211,80.0,70.5,-30.0,16.0,61.4
2026-02-18,Wednesday,2,8,No,Hot,No,middle,No,No,Roti,24.0,Meal,18,1,3,No,No,4.0,16.0,18.0,6.0,16.0,3.6666666666666665,9.0,10.857142857142858,7.302967433402212,6.64318207878334,7.0,9.5,-12.0,-2.0,9.0
2026-02-18,Wednesday,2,8,No,Hot,No,middle,No,No,Soft drinks,50.0,Cold Beverage,18,1,3,No,No,28.0,30.0,37.0,38.0,25.0,26.333333333333332,28.857142857142858,29.857142857142858,9.839183086492683,7.8530458848990365,28.0,30.0,-2.0,-7.0,29.5
2026-02-18,Wednesday,2,8,No,Hot,No,middle,No,No,String Hoppers,125.0,Meal,18,1,3,No,No,80.0,169.0,96.0,64.0,83.0,67.0,83.42857142857143,83.78571428571429,43.91604544604453,41.92516881563839,74.0,73.0,-89.0,73.0,108.29999999999998
2026-02-18,Wednesday,2,8,No,Hot,No,middle,No,No,Tea,22.0,Hot Beverage,18,1,3,No,No,20.0,20.0,23.0,30.0,16.0,18.0,20.0,20.071428571428573,10.519822558706329,7.670766541921297,20.0,20.0,0.0,-3.0,20.3
2026-02-18,Wednesday,2,8,No,Hot,No,middle,No,No,Ulundu Wade,61.0,Snack,18,1,3,No,No,47.0,28.0,60.0,87.0,46.0,50.333333333333336,52.857142857142854,53.0,34.676738463647204,25.173245871208334,47.0,51.5,19.0,-32.0,42.6
2026-02-18,Wednesday,2,8,No,Hot,No,middle,No,No,Vegitable Roti,28.0,Meal,18,1,3,No,No,14.0,22.0,28.0,19.0,16.0,18.666666666666668,21.857142857142858,19.642857142857142,7.967194642795575,7.88969281704001,22.0,19.5,-8.0,-6.0,17.8
2026-02-18,Wednesday,2,8,No,Hot,No,middle,No,No,Watter Bottle,10.0,Cold Beverage,18,1,3,No,No,0.0,5.0,9.0,5.0,5.0,3.3333333333333335,3.4285714285714284,5.571428571428571,3.59894164336975,4.127101529277785,3.0,5.0,-5.0,-4.0,2.4
2026-02-19,Thursday,2,8,No,Hot,No,middle,No,No,Bread,2.5,Meal,19,1,3,No,No,2.0,2.0,2.0,2.5,2.0,1.3333333333333333,2.0,1.75,1.1902380714238077,1.0143205380185059,2.0,2.0,0.0,0.0,1.9999999999999998
2026-02-19,Thursday,2,8,No,Hot,No,middle,No,No,Breakfast,15.5,Meal,19,1,3,No,No,10.5,11.0,9.5,18.5,17.0,7.833333333333333,10.285714285714286,10.571428571428571,4.706884522140088,5.090931389989696,11.0,11.0,-0.5,1.5,10.549999999999999
2026-02-19,Thursday,2,8,No,Hot,No,middle,No,No,Bulath vita,30.0,Other,19,1,3,No,No,18.0,12.0,17.0,36.0,20.0,10.666666666666666,16.571428571428573,16.857142857142858,9.413769044280171,9.41240705629578,18.0,17.5,6.0,-5.0,16.099999999999998
2026-02-19,Thursday,2,8,No,Hot,No,middle,No,No,Chicken Curry,3.0,Meal,19,1,3,No,No,4.0,6.0,4.0,4.0,3.0,3.0,2.2857142857142856,2.142857142857143,2.627691364061218,2.070196678027063,1.0,2.0,-2.0,2.0,4.6
2026-02-19,Thursday,2,8,No,Hot,No,middle,No,No,Cigarette,42.0,Other,19,1,3,No,No,46.0,29.0,22.0,49.0,35.0,28.333333333333332,43.142857142857146,41.285714285714285,23.30542548727349,19.28103321293343,46.0,39.0,17.0,7.0,38.5
2026-02-19,Thursday,2,8,No,Hot,No,middle,No,No,Dal Curry,10.0,Meal,19,1,3,No,No,7.0,9.0,10.0,11.0,9.0,5.333333333333333,6.714285714285714,6.785714285714286,3.3022358947782435,2.6070487714470025,8.0,7.5,-2.0,-1.0,7.9
2026-02-19,Thursday,2,8,No,Hot,No,middle,No,No,Egg Rotti,57.0,Meal,19,1,3,No,No,52.0,26.0,46.0,67.0,53.0,48.333333333333336,52.142857142857146,51.142857142857146,17.49693850771777,14.701424017144301,52.0,51.0,26.0,-20.0,43.6
2026-02-19,Thursday,2,8,No,Hot,No,middle,No,No,Hoppers,10.0,Meal,19,1,3,No,No,28.0,10.0,23.0,15.0,14.0,23.0,31.571428571428573,30.071428571428573,20.403080999832206,16.69391545404532,39.0,26.0,18.0,-13.0,22.1
2026-02-19,Thursday,2,8,No,Hot,No,middle,No,No,Kahata,31.0,Hot Beverage,19,1,3,No,No,33.0,29.0,14.0,39.0,34.0,19.0,22.571428571428573,23.071428571428573,11.414276774536107,9.840765180648262,24.0,25.5,4.0,15.0,29.9
2026-02-19,Thursday,2,8,No,Hot,No,middle,No,No,Plain Tea,106.0,Hot Beverage,19,1,3,No,No,102.5,88.0,79.0,98.0,87.5,54.833333333333336,73.21428571428571,71.07142857142857,35.53268113401283,25.326223216610543,88.0,71.0,14.5,9.0,95.80000000000001
2026-02-19,Thursday,2,8,No,Hot,No,middle,No,No,Roast bread,22.0,Meal,19,1,3,No,No,22.0,18.0,22.0,27.0,24.0,14.0,23.0,19.785714285714285,14.491376746189434,11.032668771416107,22.0,19.5,4.0,-4.0,20.799999999999997
2026-02-19,Thursday,2,8,No,Hot,No,middle,No,No,Rolls,40.0,Snack,19,1,3,No,No,56.0,45.0,51.0,51.0,41.0,35.666666666666664,57.142857142857146,61.714285714285715,30.052335302649244,27.195668691988363,56.0,66.0,11.0,-6.0,52.2
2026-02-19,Thursday,2,8,No,Hot,No,middle,No,No,Roti,17.0,Meal,19,1,3,No,No,24.0,5.0,7.0,17.0,16.0,9.333333333333334,10.142857142857142,11.285714285714286,9.007933011676824,7.300459115473719,7.0,9.5,19.0,-2.0,16.599999999999998
2026-02-19,Thursday,2,8,No,Hot,No,middle,No,No,Soft drinks,37.0,Cold Beverage,19,1,3,No,No,50.0,21.0,35.0,40.0,40.0,30.666666666666668,31.714285714285715,30.785714285714285,12.711075036023841,9.382295696015582,28.0,30.0,29.0,-14.0,39.8
2026-02-19,Thursday,2,8,No,Hot,No,middle,No,No,String Hoppers,174.0,Meal,19,1,3,No,No,125.0,106.0,150.0,172.0,160.0,91.33333333333333,77.14285714285714,85.85714285714286,30.8243873766026,43.26991696647581,74.0,73.0,19.0,-44.0,121.8
2026-02-19,Thursday,2,8,No,Hot,No,middle,No,No,Tea,25.0,Hot Beverage,19,1,3,No,No,22.0,16.0,23.0,28.0,22.0,14.0,20.285714285714285,20.0,10.546947199929237,7.6460145475625625,22.0,20.0,6.0,-7.0,20.3
2026-02-19,Thursday,2,8,No,Hot,No,middle,No,No,Ulundu Wade,94.0,Snack,19,1,3,No,No,61.0,71.0,53.0,112.0,90.0,36.0,57.57142857142857,53.07142857142857,32.93355504070351,25.196044517754352,61.0,51.5,-10.0,18.0,63.2
2026-02-19,Thursday,2,8,No,Hot,No,middle,No,No,Vegitable Roti,36.0,Meal,19,1,3,No,No,28.0,19.0,12.0,34.0,33.0,18.0,22.714285714285715,19.642857142857142,8.300889223737537,7.889692817040009,22.0,19.5,9.0,7.0,23.7
2026-02-19,Thursday,2,8,No,Hot,No,middle,No,No,Watter Bottle,6.0,Cold Beverage,19,1,3,No,No,10.0,1.0,14.0,6.0,6.0,3.3333333333333335,4.142857142857143,5.642857142857143,4.375255094603873,4.19903180886596,3.0,5.0,9.0,-13.0,7.7
2026-02-20,Friday,2,8,No,Hot,No,middle,No,No,Bread,4.5,Meal,20,1,3,No,No,2.5,1.5,1.0,4.0,1.0,2.1666666666666665,2.0714285714285716,1.7857142857142858,1.2051476890327388,1.032440829265321,2.0,2.0,1.0,0.5,2.05
2026-02-20,Friday,2,8,No,Hot,No,middle,No,No,Breakfast,8.5,Meal,20,1,3,No,No,15.5,12.5,12.5,9.0,11.0,13.0,10.928571428571429,11.0,5.110679760956229,5.244044240850758,12.5,11.75,3.0,0.0,14.299999999999999
2026-02-20,Friday,2,8,No,Hot,No,middle,No,No,Bulath vita,17.0,Other,20,1,3,No,No,30.0,19.0,21.0,13.0,19.0,20.666666666666668,19.142857142857142,17.785714285714285,10.367072415884365,10.047415063116954,19.0,18.5,11.0,-2.0,25.8
2026-02-20,Friday,2,8,No,Hot,No,middle,No,No,Chicken Curry,4.0,Meal,20,1,3,No,No,3.0,0.0,0.0,3.0,0.0,4.0,1.8571428571428572,2.0714285714285716,2.1157009420498154,2.0177781274036484,1.0,2.0,3.0,0.0,1.7999999999999998
2026-02-20,Friday,2,8,No,Hot,No,middle,No,No,Cigarette,28.0,Other,20,1,3,No,No,42.0,60.0,69.0,28.0,61.0,42.333333333333336,45.0,42.714285714285715,22.49444375840397,18.465887766067777,46.0,40.5,-18.0,-9.0,50.1
2026-02-20,Friday,2,8,No,Hot,No,middle,No,No,Dal Curry,10.0,Meal,20,1,3,No,No,10.0,5.0,5.0,11.0,6.0,8.666666666666666,6.857142857142857,6.785714285714286,3.436498771936893,2.6070487714470025,8.0,7.5,5.0,0.0,8.0
2026-02-20,Friday,2,8,No,Hot,No,middle,No,No,Egg Rotti,61.0,Meal,20,1,3,No,No,57.0,52.0,50.0,60.0,59.0,50.333333333333336,56.57142857142857,51.92857142857143,13.163803184707435,14.69936830518331,52.0,51.5,5.0,2.0,54.8
2026-02-20,Friday,2,8,No,Hot,No,middle,No,No,Hoppers,23.0,Meal,20,1,3,No,No,10.0,58.0,51.0,18.0,47.0,26.333333333333332,31.571428571428573,29.142857142857142,20.403080999832206,17.461417436768954,39.0,26.0,-48.0,7.0,28.5
2026-02-20,Friday,2,8,No,Hot,No,middle,No,No,Kahata,27.0,Hot Beverage,20,1,3,No,No,31.0,32.0,32.0,28.0,32.0,29.333333333333332,22.857142857142858,24.285714285714285,11.625096005747963,9.682883958730562,24.0,28.0,-1.0,0.0,31.399999999999995
2026-02-20,Friday,2,8,No,Hot,No,middle,No,No,Plain Tea,78.0,Hot Beverage,20,1,3,No,No,106.0,94.5,85.5,77.0,97.5,90.16666666666667,75.78571428571429,73.0,37.38410663064494,26.952236955827566,94.5,71.0,11.5,9.0,100.49999999999999
2026-02-20,Friday,2,8,No,Hot,No,middle,No,No,Roast bread,18.0,Meal,20,1,3,No,No,22.0,27.0,23.0,19.0,28.0,21.333333333333332,23.571428571428573,19.785714285714285,14.33942284818491,11.032668771416107,22.0,19.5,-5.0,4.0,23.599999999999998
2026-02-20,Friday,2,8,No,Hot,No,middle,No,No,Rolls,66.0,Snack,20,1,3,No,No,40.0,83.0,82.0,68.0,68.0,49.0,56.42857142857143,60.92857142857143,30.44589267787006,27.68355325602408,56.0,66.0,-43.0,1.0,57.1
2026-02-20,Friday,2,8,No,Hot,No,middle,No,No,Roti,8.0,Meal,20,1,3,No,No,17.0,10.0,11.0,10.0,11.0,15.0,11.857142857142858,12.0,9.007933011676826,7.337993857053429,10.0,10.5,7.0,-1.0,14.299999999999999
2026-02-20,Friday,2,8,No,Hot,No,middle,No,No,Soft drinks,46.0,Cold Beverage,20,1,3,No,No,37.0,44.0,37.0,43.0,41.0,38.333333333333336,34.0,30.928571428571427,11.874342087037913,9.466250055322334,37.0,30.0,-7.0,7.0,39.1
2026-02-20,Friday,2,8,No,Hot,No,middle,No,No,String Hoppers,63.0,Meal,20,1,3,No,No,174.0,74.0,64.0,67.0,60.0,126.33333333333333,86.85714285714286,87.57142857142857,47.59001495912272,46.370936331539966,74.0,73.0,100.0,10.0,133.0
2026-02-20,Friday,2,8,No,Hot,No,middle,No,No,Tea,21.0,Hot Beverage,20,1,3,No,No,25.0,26.0,19.0,22.0,20.0,22.333333333333332,21.571428571428573,20.142857142857142,10.485818086939188,7.724657252611895,24.0,20.0,-1.0,7.0,24.7
2026-02-20,Friday,2,8,No,Hot,No,middle,No,No,Ulundu Wade,66.0,Snack,20,1,3,No,No,94.0,41.0,33.0,57.0,36.0,67.33333333333333,60.857142857142854,56.0,35.54072111174529,27.467463269503753,61.0,55.5,53.0,8.0,72.0
2026-02-20,Friday,2,8,No,Hot,No,middle,No,No,Vegitable Roti,30.0,Meal,20,1,3,No,No,36.0,34.0,27.0,29.0,33.0,26.0,25.142857142857142,21.357142857142858,9.441549509633322,8.670082448877272,28.0,21.0,2.0,7.0,34.5
2026-02-20,Friday,2,8,No,Hot,No,middle,No,No,Watter Bottle,5.0,Cold Beverage,20,1,3,No,No,6.0,5.0,6.0,4.0,5.0,5.333333333333333,4.857142857142857,5.071428571428571,4.180453381654972,3.4521851655990896,5.0,5.0,1.0,-1.0,5.699999999999999
2026-02-21,Saturday,2,8,Yes,Cloudy,No,end,No,No,Bread,2.0,Meal,21,1,3,No,No,4.5,2.5,1.0,2.5,2.0,3.0,2.5,2.0357142857142856,1.4719601443879742,1.2320134507614526,2.5,2.0,2.0,1.5,3.55
2026-02-21,Saturday,2,8,Yes,Cloudy,No,end,No,No,Breakfast,16.0,Meal,21,1,3,No,No,8.5,11.0,19.0,16.0,10.5,11.5,10.357142857142858,10.714285714285714,5.129281022670119,5.264957760493452,11.0,11.0,-2.5,-8.0,10.299999999999999
2026-02-21,Saturday,2,8,Yes,Cloudy,No,end,No,No,Bulath vita,23.0,Other,21,1,3,No,No,17.0,30.0,35.0,26.0,20.0,21.666666666666668,18.857142857142858,17.5,10.399175791516228,10.00576756752747,18.0,17.5,-13.0,-5.0,22.7
2026-02-21,Saturday,2,8,Yes,Cloudy,No,end,No,No,Chicken Curry,6.0,Meal,21,1,3,No,No,4.0,1.0,2.0,6.0,3.0,3.6666666666666665,2.4285714285714284,2.357142857142857,2.070196678027063,1.984832597364433,3.0,2.5,3.0,-1.0,2.9
2026-02-21,Saturday,2,8,Yes,Cloudy,No,end,No,No,Cigarette,34.0,Other,21,1,3,No,No,28.0,67.0,49.0,31.0,27.0,38.666666666666664,40.42857142857143,39.785714285714285,22.18751257544915,17.183080101025013,42.0,39.0,-39.0,18.0,41.8
2026-02-21,Saturday,2,8,Yes,Cloudy,No,end,No,No,Dal Curry,7.0,Meal,21,1,3,No,No,10.0,8.0,5.0,8.0,7.0,9.0,7.571428571428571,7.142857142857143,3.505098327538651,2.6849192182989863,9.0,8.0,2.0,3.0,8.9
2026-02-21,Saturday,2,8,Yes,Cloudy,No,end,No,No,Egg Rotti,43.0,Meal,21,1,3,No,No,61.0,58.0,73.0,49.0,52.0,56.666666666666664,57.857142857142854,52.714285714285715,13.08215796964921,14.881214649703445,57.0,52.0,3.0,-15.0,61.3
2026-02-21,Saturday,2,8,Yes,Cloudy,No,end,No,No,Hoppers,38.0,Meal,21,1,3,No,No,23.0,45.0,44.0,36.0,23.0,20.333333333333332,26.571428571428573,27.142857142857142,16.821188452436424,16.33239886689193,28.0,23.5,-22.0,1.0,31.699999999999996
2026-02-21,Saturday,2,8,Yes,Cloudy,No,end,No,No,Kahata,25.0,Hot Beverage,21,1,3,No,No,27.0,23.0,13.0,21.0,31.0,30.333333333333332,22.142857142857142,23.928571428571427,11.111984092689775,9.466250055322327,24.0,27.0,4.0,10.0,24.4
2026-02-21,Saturday,2,8,Yes,Cloudy,No,end,No,No,Plain Tea,84.0,Hot Beverage,21,1,3,No,No,78.0,96.5,68.0,98.5,57.5,95.5,73.42857142857143,72.46428571428571,36.51760827718208,26.758509994819544,78.0,71.0,-18.5,28.5,82.55
2026-02-21,Saturday,2,8,Yes,Cloudy,No,end,No,No,Roast bread,21.0,Meal,21,1,3,No,No,18.0,25.0,7.0,20.0,26.0,20.666666666666668,22.285714285714285,19.428571428571427,14.384184436552589,11.001498399443914,22.0,18.5,-7.0,18.0,18.999999999999996
2026-02-21,Saturday,2,8,Yes,Cloudy,No,end,No,No,Rolls,48.0,Snack,21,1,3,No,No,66.0,80.0,76.0,62.0,70.0,54.0,54.0,59.785714285714285,28.594871335025584,27.070218013468306,56.0,61.0,-14.0,4.0,71.2
2026-02-21,Saturday,2,8,Yes,Cloudy,No,end,No,No,Roti,8.0,Meal,21,1,3,No,No,8.0,21.0,23.0,9.0,12.0,16.333333333333332,11.571428571428571,11.785714285714286,9.107819769427858,7.41286378200419,8.0,9.5,-13.0,-2.0,13.4
2026-02-21,Saturday,2,8,Yes,Cloudy,No,end,No,No,Soft drinks,11.0,Cold Beverage,21,1,3,No,No,46.0,28.0,25.0,13.0,36.0,44.333333333333336,34.285714285714285,31.571428571428573,12.17530678209363,10.188336360868627,37.0,30.0,18.0,3.0,38.5
2026-02-21,Saturday,2,8,Yes,Cloudy,No,end,No,No,String Hoppers,114.0,Meal,21,1,3,No,No,63.0,34.0,56.0,113.0,73.0,120.66666666666667,85.28571428571429,87.5,48.262180796541884,46.41079118547253,69.0,73.0,29.0,-22.0,53.6
2026-02-21,Saturday,2,8,Yes,Cloudy,No,end,No,No,Tea,19.0,Hot Beverage,21,1,3,No,No,21.0,24.0,26.0,21.0,23.0,22.666666666666668,20.857142857142858,20.285714285714285,10.302565561201595,7.720388306581183,22.0,20.5,-3.0,-2.0,22.4
2026-02-21,Saturday,2,8,Yes,Cloudy,No,end,No,No,Ulundu Wade,51.0,Snack,21,1,3,No,No,66.0,79.0,50.0,51.0,67.0,73.66666666666667,64.42857142857143,58.357142857142854,34.45217527170645,26.748420924944732,66.0,63.5,-13.0,29.0,68.3
2026-02-21,Saturday,2,8,Yes,Cloudy,No,end,No,No,Vegitable Roti,14.0,Meal,21,1,3,No,No,30.0,22.0,20.0,10.0,18.0,31.333333333333332,24.571428571428573,21.571428571428573,8.922950611711784,8.855370258638679,28.0,21.0,8.0,2.0,26.6
2026-02-21,Saturday,2,8,Yes,Cloudy,No,end,No,No,Watter Bottle,2.0,Cold Beverage,21,1,3,No,No,5.0,3.0,3.0,2.0,4.0,7.0,4.857142857142857,5.0,4.180453381654972,3.4418242032610906,5.0,5.0,2.0,0.0,4.2
2026-02-22,Sunday,2,8,Yes,Hot,No,end,No,No,Bread,2.5,Meal,22,1,4,No,No,2.0,4.0,2.5,2.5,2.0,3.0,2.4285714285714284,2.107142857142857,1.4840420992616588,1.1958031004078618,2.0,2.0,-2.0,1.5,2.65
2026-02-22,Sunday,2,8,Yes,Hot,No,end,No,No,Breakfast,14.0,Meal,22,1,4,No,No,16.0,14.0,0.0,16.5,12.5,13.333333333333334,11.071428571428571,10.5,5.563486402641868,4.953631146791366,13.0,11.0,2.0,14.0,13.8
2026-02-22,Sunday,2,8,Yes,Hot,No,end,No,No,Bulath vita,17.0,Other,22,1,4,No,No,23.0,23.0,4.0,17.0,16.0,23.333333333333332,17.857142857142858,16.642857142857142,9.441549509633317,8.837047391148618,18.0,17.5,0.0,19.0,21.099999999999998
2026-02-22,Sunday,2,8,Yes,Hot,No,end,No,No,Chicken Curry,4.0,Meal,22,1,4,No,No,6.0,0.0,2.0,4.0,4.0,4.333333333333333,3.142857142857143,2.642857142857143,2.3401261667248794,2.2051388533689584,4.0,3.0,6.0,-2.0,3.8
2026-02-22,Sunday,2,8,Yes,Hot,No,end,No,No,Cigarette,31.0,Other,22,1,4,No,No,34.0,61.0,39.0,35.0,32.0,34.666666666666664,35.714285714285715,38.714285714285715,18.85660172383744,17.03132214673699,39.0,38.0,-27.0,22.0,42.6
2026-02-22,Sunday,2,8,Yes,Hot,No,end,No,No,Dal Curry,8.0,Meal,22,1,4,No,No,7.0,9.0,5.0,10.0,7.0,9.0,7.428571428571429,7.285714285714286,3.505098327538651,2.614414816964757,9.0,8.0,-2.0,4.0,7.4
2026-02-22,Sunday,2,8,Yes,Hot,No,end,No,No,Egg Rotti,52.0,Meal,22,1,4,No,No,43.0,84.0,53.0,55.0,45.0,53.666666666666664,55.714285714285715,50.57142857142857,14.23275899365362,13.860371211114416,52.0,51.5,-41.0,31.0,56.3
2026-02-22,Sunday,2,8,Yes,Hot,No,end,No,No,Hoppers,35.0,Meal,22,1,4,No,No,38.0,39.0,21.0,33.0,35.0,23.666666666666668,25.571428571428573,26.714285714285715,15.714718608755945,15.92979101426763,28.0,23.5,-1.0,18.0,36.6
2026-02-22,Sunday,2,8,Yes,Hot,No,end,No,No,Kahata,20.0,Hot Beverage,22,1,4,No,No,25.0,17.0,16.0,19.0,23.0,27.666666666666668,22.428571428571427,24.785714285714285,11.163290178932362,8.928593406566348,25.0,27.0,8.0,1.0,21.700000000000003
2026-02-22,Sunday,2,8,Yes,Hot,No,end,No,No,Plain Tea,68.0,Hot Beverage,22,1,4,No,No,84.0,69.0,60.5,80.5,69.5,89.33333333333333,71.64285714285714,73.60714285714286,35.49262163430863,26.89450799772252,78.0,75.5,15.0,8.5,77.14999999999999
2026-02-22,Sunday,2,8,Yes,Hot,No,end,No,No,Roast bread,14.0,Meal,22,1,4,No,No,21.0,49.0,19.0,16.0,12.0,20.333333333333332,21.714285714285715,20.428571428571427,14.337762327902787,10.404986125110222,21.0,19.5,-28.0,30.0,29.199999999999996
2026-02-22,Sunday,2,8,Yes,Hot,No,end,No,No,Rolls,79.0,Snack,22,1,4,No,No,48.0,85.0,102.0,77.0,74.0,51.333333333333336,49.42857142857143,57.785714285714285,26.203416716509498,26.813253242576703,51.0,53.5,-37.0,-17.0,64.5
2026-02-22,Sunday,2,8,Yes,Hot,No,end,No,No,Roti,13.0,Meal,22,1,4,No,No,8.0,7.0,8.0,16.0,14.0,11.0,9.714285714285714,10.714285714285714,8.138678961483565,6.718843437888485,8.0,8.5,1.0,-1.0,7.7
2026-02-22,Sunday,2,8,Yes,Hot,No,end,No,No,Soft drinks,38.0,Cold Beverage,22,1,4,No,No,11.0,37.0,30.0,49.0,24.0,31.333333333333332,31.857142857142858,30.571428571428573,15.00476114914386,11.487212192522778,37.0,30.0,-26.0,7.0,20.7
2026-02-22,Sunday,2,8,Yes,Hot,No,end,No,No,String Hoppers,82.0,Meal,22,1,4,No,No,114.0,52.0,24.0,86.0,65.0,117.0,96.71428571428571,91.64285714285714,43.31171621980319,45.969232424202225,80.0,77.0,62.0,28.0,86.39999999999999
2026-02-22,Sunday,2,8,Yes,Hot,No,end,No,No,Tea,26.0,Hot Beverage,22,1,4,No,No,19.0,34.0,19.0,28.0,26.0,21.666666666666668,20.142857142857142,19.785714285714285,10.221359521912454,7.546558782024382,21.0,20.0,-15.0,15.0,23.5
2026-02-22,Sunday,2,8,Yes,Hot,No,end,No,No,Ulundu Wade,63.0,Snack,22,1,4,No,No,51.0,104.0,68.0,63.0,53.0,70.33333333333333,60.42857142857143,58.42857142857143,34.10208763334557,26.72571301693812,61.0,63.5,-53.0,36.0,68.6
2026-02-22,Sunday,2,8,Yes,Hot,No,end,No,No,Vegitable Roti,20.0,Meal,22,1,4,No,No,14.0,30.0,13.0,24.0,23.0,26.666666666666668,23.428571428571427,21.142857142857142,9.778499251881533,9.079623364411129,28.0,20.5,-16.0,17.0,18.7
2026-02-22,Sunday,2,8,Yes,Hot,No,end,No,No,Watter Bottle,4.0,Cold Beverage,22,1,4,No,No,2.0,10.0,10.0,5.0,5.0,4.333333333333333,4.714285714285714,4.928571428571429,4.270608298368658,3.496466033765339,5.0,5.0,-8.0,0.0,5.2
2026-02-23,Monday,2,9,No,Cloudy,No,end,No,No,Bread,0.0,Meal,23,1,4,No,No,2.5,0.0,0.5,1.5,1.0,3.0,2.2142857142857144,2.107142857142857,1.3183683999911544,1.1958031004078618,2.0,2.0,2.5,-0.5,1.55
2026-02-23,Monday,2,9,No,Cloudy,No,end,No,No,Breakfast,0.0,Meal,23,1,4,No,No,14.0,0.0,10.5,0.0,11.0,12.833333333333334,11.071428571428571,11.5,5.563486402641868,3.990373030567058,13.0,11.75,14.0,-10.5,9.450000000000001
2026-02-23,Monday,2,9,No,Cloudy,No,end,No,No,Bulath vita,0.0,Other,23,1,4,No,No,17.0,0.0,20.0,0.0,18.0,19.0,17.0,17.571428571428573,9.165151389911678,8.05475765489694,17.0,17.5,17.0,-20.0,12.2
2026-02-23,Monday,2,9,No,Cloudy,No,end,No,No,Chicken Curry,2.0,Meal,23,1,4,No,No,4.0,0.0,3.0,0.0,2.0,4.666666666666667,3.7142857142857144,2.7857142857142856,1.8898223650461365,2.2249830225306106,4.0,3.0,4.0,-3.0,2.7
2026-02-23,Monday,2,9,No,Cloudy,No,end,No,No,Cigarette,0.0,Other,23,1,4,No,No,31.0,0.0,24.0,0.0,39.0,31.0,31.428571428571427,38.142857142857146,15.208080558890897,17.154757774032078,34.0,36.5,31.0,-24.0,21.0
2026-02-23,Monday,2,9,No,Cloudy,No,end,No,No,Dal Curry,0.0,Meal,23,1,4,No,No,8.0,0.0,7.0,0.0,5.0,8.333333333333334,7.285714285714286,7.5,3.4503277967117656,2.5343790014670176,8.0,8.0,8.0,-7.0,5.5
2026-02-23,Monday,2,9,No,Cloudy,No,end,No,No,Egg Rotti,40.0,Meal,23,1,4,No,No,52.0,51.0,51.0,45.0,52.0,52.0,51.142857142857146,50.5,6.866065623255945,13.849465415953478,52.0,51.5,1.0,0.0,51.6
2026-02-23,Monday,2,9,No,Cloudy,No,end,No,No,Hoppers,0.0,Meal,23,1,4,No,No,35.0,0.0,14.0,0.0,36.0,32.0,25.0,27.714285714285715,15.209646062066428,15.98282044729745,28.0,26.0,35.0,-14.0,22.4
2026-02-23,Monday,2,9,No,Cloudy,No,end,No,No,Kahata,0.0,Hot Beverage,23,1,4,No,No,20.0,0.0,33.0,13.0,23.0,24.0,22.857142857142858,25.071428571428573,10.976164652381568,8.686543844132936,25.0,27.0,20.0,-33.0,15.3
2026-02-23,Monday,2,9,No,Cloudy,No,end,No,No,Plain Tea,0.0,Hot Beverage,23,1,4,No,No,68.0,0.0,56.5,0.0,66.5,76.66666666666667,71.5,74.14285714285714,35.50704155516202,26.68724023215573,78.0,75.5,68.0,-56.5,46.449999999999996
2026-02-23,Monday,2,9,No,Cloudy,No,end,No,No,Roast bread,0.0,Meal,23,1,4,No,No,14.0,0.0,14.0,0.0,15.0,17.666666666666668,16.714285714285715,20.071428571428573,7.88911244932502,10.542691859688947,20.0,19.0,14.0,-14.0,9.8
2026-02-23,Monday,2,9,No,Cloudy,No,end,No,No,Rolls,0.0,Snack,23,1,4,No,No,79.0,0.0,37.0,0.0,57.0,64.33333333333333,48.57142857142857,56.142857142857146,24.912226869933757,24.500728852132443,51.0,53.5,79.0,-37.0,51.1
2026-02-23,Monday,2,9,No,Cloudy,No,end,No,No,Roti,0.0,Meal,23,1,4,No,No,13.0,0.0,9.0,0.0,11.0,9.666666666666666,10.571428571428571,11.071428571428571,8.121107126025423,6.696316848884867,8.0,9.5,13.0,-9.0,8.7
2026-02-23,Monday,2,9,No,Cloudy,No,end,No,No,Soft drinks,0.0,Cold Beverage,23,1,4,No,No,38.0,14.0,22.0,0.0,33.0,31.666666666666668,32.0,31.142857142857142,15.066519173319358,11.654362952309997,37.0,30.0,24.0,-8.0,29.2
2026-02-23,Monday,2,9,No,Cloudy,No,end,No,No,String Hoppers,0.0,Meal,23,1,4,No,No,82.0,69.0,127.0,0.0,99.0,86.33333333333333,101.0,95.78571428571429,39.463062898529984,41.83149084569688,82.0,81.0,13.0,-58.0,82.6
2026-02-23,Monday,2,9,No,Cloudy,No,end,No,No,Tea,0.0,Hot Beverage,23,1,4,No,No,26.0,0.0,17.0,0.0,23.0,22.0,19.0,20.285714285714285,8.755950357709121,7.720388306581183,21.0,20.5,26.0,-17.0,17.3
2026-02-23,Monday,2,9,No,Cloudy,No,end,No,No,Ulundu Wade,0.0,Snack,23,1,4,No,No,63.0,0.0,67.0,0.0,65.0,60.0,54.57142857142857,58.07142857142857,28.41863908808877,26.621172272963722,61.0,62.0,63.0,-67.0,44.5
2026-02-23,Monday,2,9,No,Cloudy,No,end,No,No,Vegitable Roti,18.0,Meal,23,1,4,No,No,20.0,12.0,14.0,0.0,22.0,21.333333333333332,22.0,21.642857142857142,9.380831519646861,8.784664459746297,20.0,21.0,8.0,-2.0,17.0
2026-02-23,Monday,2,9,No,Cloudy,No,end,No,No,Watter Bottle,0.0,Cold Beverage,23,1,4,No,No,4.0,0.0,7.0,0.0,5.0,3.6666666666666665,3.857142857142857,4.5,3.5790395093549625,3.180469244527387,4.0,5.0,4.0,-7.0,3.1
2026-02-24,Tuesday,2,9,No,Hot,No,end,No,No,Bread,1.0,Meal,24,1,4,No,No,0.0,2.0,1.0,2.0,1.5,1.5,2.2142857142857144,2.0714285714285716,1.3183683999911544,1.2535663410560172,2.0,2.0,-2.0,1.0,0.7
2026-02-24,Tuesday,2,9,No,Hot,No,end,No,No,Breakfast,8.5,Meal,24,1,4,No,No,0.0,13.0,10.0,13.5,11.0,10.0,11.071428571428571,10.75,5.563486402641868,5.041176602586101,13.0,11.75,-13.0,3.0,4.9
2026-02-24,Tuesday,2,9,No,Hot,No,end,No,No,Bulath vita,16.0,Other,24,1,4,No,No,0.0,14.0,16.0,8.0,8.0,13.333333333333334,17.0,16.142857142857142,9.165151389911678,9.27243344424871,17.0,17.0,-14.0,-2.0,5.800000000000001
2026-02-24,Tuesday,2,9,No,Hot,No,end,No,No,Chicken Curry,0.0,Meal,24,1,4,No,No,2.0,5.0,0.0,3.0,2.0,4.0,4.0,2.7142857142857144,1.2909944487358063,2.233609408336872,4.0,3.0,-3.0,5.0,2.7
2026-02-24,Tuesday,2,9,No,Hot,No,end,No,No,Cigarette,29.0,Other,24,1,4,No,No,0.0,39.0,36.0,55.0,56.0,21.666666666666668,31.428571428571427,36.42857142857143,15.208080558890897,19.68878746008375,34.0,36.5,-39.0,3.0,15.299999999999999
2026-02-24,Tuesday,2,9,No,Hot,No,end,No,No,Dal Curry,6.0,Meal,24,1,4,No,No,0.0,9.0,8.0,7.0,7.0,5.0,7.285714285714286,7.0,3.450327796711765,3.2344301602505645,8.0,8.0,-9.0,1.0,3.5
2026-02-24,Tuesday,2,9,No,Hot,No,end,No,No,Egg Rotti,30.0,Meal,24,1,4,No,No,40.0,42.0,30.0,74.0,59.0,45.0,49.57142857142857,49.714285714285715,8.05930399925335,14.128141972828375,52.0,51.5,-2.0,12.0,39.6
2026-02-24,Tuesday,2,9,No,Hot,No,end,No,No,Hoppers,25.0,Meal,24,1,4,No,No,0.0,41.0,24.0,41.0,44.0,24.333333333333332,25.0,26.714285714285715,15.209646062066428,17.291298707413826,28.0,26.0,-41.0,17.0,14.7
2026-02-24,Tuesday,2,9,No,Hot,No,end,No,No,Kahata,32.0,Hot Beverage,24,1,4,No,No,0.0,24.0,30.0,28.0,36.0,15.0,22.857142857142858,22.714285714285715,10.976164652381568,10.629628920569656,25.0,26.0,-24.0,-6.0,10.2
2026-02-24,Tuesday,2,9,No,Hot,No,end,No,No,Plain Tea,70.0,Hot Beverage,24,1,4,No,No,0.0,62.0,73.0,92.5,91.0,50.666666666666664,71.5,70.10714285714286,35.50704155516202,33.06937845210871,78.0,75.5,-62.0,-11.0,25.9
2026-02-24,Tuesday,2,9,No,Hot,No,end,No,No,Roast bread,18.0,Meal,24,1,4,No,No,0.0,20.0,15.0,8.0,13.0,11.666666666666666,16.714285714285715,19.071428571428573,7.88911244932502,11.75692454365829,20.0,19.0,-20.0,5.0,7.5
2026-02-24,Tuesday,2,9,No,Hot,No,end,No,No,Rolls,32.0,Snack,24,1,4,No,No,0.0,51.0,35.0,84.0,87.0,42.333333333333336,48.57142857142857,53.5,24.912226869933757,28.408422369756167,51.0,53.5,-51.0,16.0,18.799999999999997
2026-02-24,Tuesday,2,9,No,Hot,No,end,No,No,Roti,10.0,Meal,24,1,4,No,No,0.0,4.0,13.0,4.0,3.0,7.0,10.571428571428571,10.428571428571429,8.121107126025423,7.31399381285666,8.0,9.0,-4.0,-9.0,2.5
2026-02-24,Tuesday,2,9,No,Hot,No,end,No,No,Soft drinks,27.0,Cold Beverage,24,1,4,No,No,0.0,28.0,30.0,61.0,57.0,16.333333333333332,30.0,29.571428571428573,18.411952639521964,14.18945592123459,37.0,30.0,-28.0,-2.0,11.4
2026-02-24,Tuesday,2,9,No,Hot,No,end,No,No,String Hoppers,60.0,Meal,24,1,4,No,No,0.0,80.0,72.0,88.0,100.0,65.33333333333333,91.14285714285714,86.71428571428571,54.52959004500392,47.87552541817094,82.0,77.0,-80.0,8.0,31.2
2026-02-24,Tuesday,2,9,No,Hot,No,end,No,No,Tea,16.0,Hot Beverage,24,1,4,No,No,0.0,20.0,14.0,38.0,34.0,15.0,19.0,19.071428571428573,8.755950357709121,9.425532310732335,21.0,20.5,-20.0,6.0,7.4
2026-02-24,Tuesday,2,9,No,Hot,No,end,No,No,Ulundu Wade,42.0,Snack,24,1,4,No,No,0.0,47.0,41.0,67.0,64.0,38.0,54.57142857142857,53.285714285714285,28.41863908808877,30.615301783531436,61.0,56.0,-47.0,6.0,18.2
2026-02-24,Tuesday,2,9,No,Hot,No,end,No,No,Vegitable Roti,8.0,Meal,24,1,4,No,No,18.0,14.0,8.0,27.0,30.0,17.333333333333332,22.857142857142858,21.928571428571427,8.552359741197584,8.57962062738733,20.0,21.0,4.0,6.0,15.8
2026-02-24,Tuesday,2,9,No,Hot,No,end,No,No,Watter Bottle,5.0,Cold Beverage,24,1,4,No,No,0.0,0.0,5.0,8.0,9.0,2.0,3.857142857142857,4.0,3.5790395093549625,3.3050078552216657,4.0,4.5,0.0,-5.0,0.5
2026-02-25,Wednesday,2,9,No,Hot,No,end,No,No,Bread,5.0,Meal,25,1,4,No,No,1.0,2.0,2.5,5.5,3.0,1.1666666666666667,2.0714285714285716,2.0714285714285716,1.3972762620115433,1.2535663410560172,2.0,2.0,-1.0,-0.5,1.45
2026-02-25,Wednesday,2,9,No,Hot,No,end,No,No,Breakfast,15.5,Meal,25,1,4,No,No,8.5,10.5,14.5,15.5,12.5,7.5,10.428571428571429,10.642857142857142,5.563486402641869,5.074175080469017,10.5,11.75,-2.0,-4.0,9.7
2026-02-25,Wednesday,2,9,No,Hot,No,end,No,No,Bulath vita,68.0,Other,25,1,4,No,No,16.0,18.0,7.0,68.0,18.0,11.0,17.285714285714285,16.142857142857142,9.086882225022427,9.27243344424871,17.0,17.0,-2.0,11.0,15.7
2026-02-25,Wednesday,2,9,No,Hot,No,end,No,No,Chicken Curry,0.0,Meal,25,1,4,No,No,0.0,4.0,3.0,0.0,6.0,2.0,3.2857142857142856,2.7142857142857144,1.8898223650461365,2.233609408336872,4.0,3.0,-4.0,1.0,1.5
2026-02-25,Wednesday,2,9,No,Hot,No,end,No,No,Cigarette,77.0,Other,25,1,4,No,No,29.0,46.0,37.0,83.0,29.0,20.0,30.0,35.92857142857143,14.843629385474918,19.789135658484163,31.0,35.5,-17.0,9.0,34.9
2026-02-25,Wednesday,2,9,No,Hot,No,end,No,No,Dal Curry,10.0,Meal,25,1,4,No,No,6.0,7.0,8.0,11.0,7.0,4.666666666666667,6.857142857142857,6.857142857142857,3.3876526498728343,3.2310308632943245,7.0,8.0,-1.0,-1.0,6.499999999999999
2026-02-25,Wednesday,2,9,No,Hot,No,end,No,No,Egg Rotti,56.0,Meal,25,1,4,No,No,30.0,52.0,48.0,80.0,57.0,40.666666666666664,47.857142857142854,49.714285714285715,10.7614833461528,14.128141972828375,52.0,51.5,-22.0,4.0,38.400000000000006
2026-02-25,Wednesday,2,9,No,Hot,No,end,No,No,Hoppers,50.0,Meal,25,1,4,No,No,25.0,28.0,23.0,73.0,22.0,20.0,22.714285714285715,26.785714285714285,13.511899517515214,17.281286327784084,25.0,26.5,-3.0,5.0,25.7
2026-02-25,Wednesday,2,9,No,Hot,No,end,No,No,Kahata,1.0,Hot Beverage,25,1,4,No,No,32.0,33.0,27.0,1.0,20.0,17.333333333333332,24.0,22.857142857142858,11.518101695447337,10.747859485333969,27.0,26.0,-1.0,6.0,31.8
2026-02-25,Wednesday,2,9,No,Hot,No,end,No,No,Plain Tea,143.0,Hot Beverage,25,1,4,No,No,70.0,102.5,60.0,150.5,82.5,46.0,72.64285714285714,69.89285714285714,35.27831520650506,33.058909291089506,78.0,74.0,-32.5,42.5,78.75
2026-02-25,Wednesday,2,9,No,Hot,No,end,No,No,Roast bread,12.0,Meal,25,1,4,No,No,18.0,22.0,16.0,18.0,23.0,10.666666666666666,16.428571428571427,19.285714285714285,7.785823502947353,11.704230474021388,18.0,19.0,-4.0,6.0,19.0
2026-02-25,Wednesday,2,9,No,Hot,No,end,No,No,Rolls,42.0,Snack,25,1,4,No,No,32.0,56.0,81.0,65.0,81.0,37.0,45.857142857142854,53.285714285714285,25.62829537463477,28.569560378482922,48.0,53.5,-24.0,-25.0,44.1
2026-02-25,Wednesday,2,9,No,Hot,No,end,No,No,Roti,19.0,Meal,25,1,4,No,No,10.0,24.0,16.0,18.0,6.0,7.666666666666667,11.428571428571429,10.214285714285714,7.6126461202646825,7.276712819024086,10.0,9.0,-14.0,8.0,14.799999999999999
2026-02-25,Wednesday,2,9,No,Hot,No,end,No,No,Soft drinks,27.0,Cold Beverage,25,1,4,No,No,27.0,50.0,30.0,37.0,38.0,21.666666666666668,29.857142857142858,29.357142857142858,18.43392318009174,14.205129858108103,37.0,29.0,-23.0,20.0,34.2
2026-02-25,Wednesday,2,9,No,Hot,No,end,No,No,String Hoppers,70.0,Meal,25,1,4,No,No,60.0,125.0,169.0,96.0,64.0,47.333333333333336,88.28571428571429,85.85714285714286,55.72167228201934,48.26506483489358,82.0,77.0,-65.0,-44.0,90.4
2026-02-25,Wednesday,2,9,No,Hot,No,end,No,No,Tea,17.0,Hot Beverage,25,1,4,No,No,16.0,22.0,20.0,23.0,30.0,14.0,18.428571428571427,19.214285714285715,8.810167286666434,9.357667127331146,21.0,20.5,-6.0,2.0,18.2
2026-02-25,Wednesday,2,9,No,Hot,No,end,No,No,Ulundu Wade,48.0,Snack,25,1,4,No,No,42.0,61.0,28.0,60.0,87.0,35.0,53.857142857142854,53.357142857142854,28.702082220799298,30.585585199208168,61.0,56.0,-19.0,33.0,46.3
2026-02-25,Wednesday,2,9,No,Hot,No,end,No,No,Vegitable Roti,20.0,Meal,25,1,4,No,No,8.0,28.0,22.0,28.0,19.0,15.333333333333334,22.0,21.928571428571427,9.797958971132715,8.57962062738733,20.0,21.0,-20.0,6.0,15.399999999999999
2026-02-25,Wednesday,2,9,No,Hot,No,end,No,No,Watter Bottle,7.0,Cold Beverage,25,1,4,No,No,5.0,10.0,5.0,9.0,5.0,3.0,4.571428571428571,4.0,3.154739442867027,3.3050078552216657,5.0,4.5,-5.0,5.0,6.5
2026-02-26,Thursday,2,9,No,Hot,No,end,No,No,Bread,1.0,Meal,26,1,4,No,No,5.0,2.5,2.0,2.0,2.5,2.0,2.5,2.25,1.7795130420052183,1.4773937551283707,2.5,2.0,2.5,0.5,3.95
2026-02-26,Thursday,2,9,No,Hot,No,end,No,No,Breakfast,11.0,Meal,26,1,4,No,No,15.5,15.5,11.0,9.5,18.5,8.0,11.142857142857142,10.714285714285714,5.885818306986476,5.1392692001964555,14.0,11.75,0.0,4.5,15.049999999999999
2026-02-26,Thursday,2,9,No,Hot,No,end,No,No,Bulath vita,19.0,Other,26,1,4,No,No,68.0,30.0,12.0,17.0,36.0,28.0,24.428571428571427,20.5,21.251330490561003,16.308327273559925,17.0,17.5,38.0,18.0,51.0
2026-02-26,Thursday,2,9,No,Hot,No,end,No,No,Chicken Curry,8.0,Meal,26,1,4,No,No,0.0,3.0,6.0,4.0,4.0,0.6666666666666666,2.7142857142857144,2.5,2.214669705568283,2.345207879911715,3.0,2.5,-3.0,-3.0,1.5
2026-02-26,Thursday,2,9,No,Hot,No,end,No,No,Cigarette,47.0,Other,26,1,4,No,No,77.0,42.0,29.0,22.0,49.0,35.333333333333336,34.42857142857143,38.785714285714285,22.868152110574687,22.638220137391784,31.0,36.5,35.0,13.0,61.699999999999996
2026-02-26,Thursday,2,9,No,Hot,No,end,No,No,Dal Curry,6.0,Meal,26,1,4,No,No,10.0,10.0,9.0,10.0,11.0,5.333333333333333,7.285714285714286,7.0,3.5923198500080513,3.328201177351379,8.0,8.0,0.0,1.0,9.9
2026-02-26,Thursday,2,9,No,Hot,No,end,No,No,Egg Rotti,56.0,Meal,26,1,4,No,No,56.0,57.0,26.0,46.0,67.0,42.0,48.42857142857143,50.285714285714285,11.11841030089499,14.21498976664891,52.0,52.0,-1.0,31.0,53.300000000000004
2026-02-26,Thursday,2,9,No,Hot,No,end,No,No,Hoppers,38.0,Meal,26,1,4,No,No,50.0,10.0,10.0,23.0,15.0,25.0,25.857142857142858,28.714285714285715,17.043362064926917,18.30270501835756,25.0,31.5,40.0,0.0,34.0
2026-02-26,Thursday,2,9,No,Hot,No,end,No,No,Kahata,30.0,Hot Beverage,26,1,4,No,No,1.0,31.0,29.0,14.0,39.0,11.0,19.428571428571427,21.0,13.525989093311479,12.133868683596715,25.0,24.5,-30.0,2.0,12.799999999999999
2026-02-26,Thursday,2,9,No,Hot,No,end,No,No,Plain Tea,86.0,Hot Beverage,26,1,4,No,No,143.0,106.0,88.0,79.0,98.0,71.0,78.42857142857143,75.82142857142857,43.381475089632254,38.1921292449601,78.0,81.0,37.0,18.0,126.39999999999999
2026-02-26,Thursday,2,9,No,Hot,No,end,No,No,Roast bread,14.0,Meal,26,1,4,No,No,12.0,22.0,18.0,22.0,27.0,10.0,15.0,19.0,7.50555349946512,11.838658967714464,18.0,19.0,-10.0,4.0,15.6
2026-02-26,Thursday,2,9,No,Hot,No,end,No,No,Rolls,72.0,Snack,26,1,4,No,No,42.0,40.0,45.0,51.0,51.0,24.666666666666668,43.857142857142854,50.5,25.248290842672755,27.542275197901212,42.0,49.5,2.0,-5.0,41.7
2026-02-26,Thursday,2,9,No,Hot,No,end,No,No,Roti,17.0,Meal,26,1,4,No,No,19.0,17.0,5.0,7.0,17.0,9.666666666666666,10.714285714285714,10.428571428571429,6.369570517030842,7.5009156950159275,10.0,9.0,2.0,12.0,17.0
2026-02-26,Thursday,2,9,No,Hot,No,end,No,No,Soft drinks,41.0,Cold Beverage,26,1,4,No,No,27.0,37.0,21.0,35.0,40.0,18.0,26.571428571428573,29.142857142857142,16.154020581650276,14.21730875137303,27.0,28.0,-10.0,16.0,29.4
2026-02-26,Thursday,2,9,No,Hot,No,end,No,No,String Hoppers,108.0,Meal,26,1,4,No,No,70.0,174.0,106.0,150.0,172.0,43.333333333333336,80.42857142857143,78.78571428571429,53.51590773734836,41.991168616248835,70.0,72.0,-104.0,68.0,104.79999999999998
2026-02-26,Thursday,2,9,No,Hot,No,end,No,No,Tea,31.0,Hot Beverage,26,1,4,No,No,17.0,25.0,16.0,23.0,28.0,11.0,17.714285714285715,19.0,8.673989580239013,9.372627905030356,19.0,20.5,-8.0,9.0,19.3
2026-02-26,Thursday,2,9,No,Hot,No,end,No,No,Ulundu Wade,72.0,Snack,26,1,4,No,No,48.0,94.0,71.0,53.0,112.0,30.0,52.0,54.785714285714285,28.58321185591289,29.76621360750259,51.0,56.0,-46.0,23.0,64.1
2026-02-26,Thursday,2,9,No,Hot,No,end,No,No,Vegitable Roti,21.0,Meal,26,1,4,No,No,20.0,36.0,19.0,12.0,34.0,15.333333333333334,20.857142857142858,21.785714285714285,9.441549509633319,8.594976810534535,20.0,20.0,-16.0,17.0,24.699999999999996
2026-02-26,Thursday,2,9,No,Hot,No,end,No,No,Watter Bottle,6.0,Cold Beverage,26,1,4,No,No,7.0,6.0,1.0,14.0,6.0,4.0,4.142857142857143,4.142857142857143,2.41029537806548,3.393594483211497,5.0,4.5,1.0,5.0,6.1
2026-02-27,Friday,2,9,No,Hot,No,end,No,No,Bread,2.5,Meal,27,1,4,No,No,1.0,4.5,1.5,1.0,4.0,2.3333333333333335,2.2857142857142856,2.1785714285714284,1.867644301813179,1.5141276094115772,2.0,2.0,-3.5,3.0,2.0999999999999996
2026-02-27,Friday,2,9,No,Hot,No,end,No,No,Breakfast,10.5,Meal,27,1,4,No,No,11.0,8.5,12.5,12.5,9.0,11.666666666666666,10.5,10.714285714285714,5.567764362830023,5.1392692001964555,11.0,11.75,2.5,-4.0,10.399999999999999
2026-02-27,Friday,2,9,No,Hot,No,end,No,No,Bulath vita,19.0,Other,27,1,4,No,No,19.0,17.0,19.0,21.0,13.0,34.333333333333336,22.857142857142858,21.0,21.177256443557333,16.13405380887557,17.0,18.5,2.0,-2.0,18.4
2026-02-27,Friday,2,9,No,Hot,No,end,No,No,Chicken Curry,4.0,Meal,27,1,4,No,No,8.0,4.0,0.0,0.0,3.0,2.6666666666666665,3.4285714285714284,2.642857142857143,2.9920529661723827,2.619663597227202,4.0,2.5,4.0,4.0,6.0
2026-02-27,Friday,2,9,No,Hot,No,end,No,No,Cigarette,28.0,Other,27,1,4,No,No,47.0,28.0,60.0,69.0,28.0,51.0,35.142857142857146,40.07142857142857,23.219449975028645,22.550675533849695,31.0,40.5,19.0,-32.0,42.6
2026-02-27,Friday,2,9,No,Hot,No,end,No,No,Dal Curry,49.0,Meal,27,1,4,No,No,6.0,10.0,5.0,5.0,11.0,7.333333333333333,6.714285714285714,6.785714285714286,3.4016802570830396,3.285833729314879,7.0,7.5,-4.0,5.0,7.1
2026-02-27,Friday,2,9,No,Hot,No,end,No,No,Egg Rotti,56.0,Meal,27,1,4,No,No,56.0,61.0,52.0,50.0,60.0,47.333333333333336,48.285714285714285,52.42857142857143,10.995670143504768,12.420295337218644,52.0,52.0,-5.0,9.0,57.10000000000001
2026-02-27,Friday,2,9,No,Hot,No,end,No,No,Hoppers,9.0,Meal,27,1,4,No,No,38.0,23.0,58.0,51.0,18.0,37.666666666666664,29.857142857142858,30.714285714285715,15.952309879017209,17.617423942609385,35.0,36.5,15.0,-35.0,35.5
2026-02-27,Friday,2,9,No,Hot,No,end,No,No,Kahata,32.0,Hot Beverage,27,1,4,No,No,30.0,27.0,32.0,32.0,28.0,21.0,19.285714285714285,21.071428571428573,13.387983240133494,12.187410185636935,25.0,24.5,3.0,-5.0,29.3
2026-02-27,Friday,2,9,No,Hot,No,end,No,No,Plain Tea,65.0,Hot Beverage,27,1,4,No,No,86.0,78.0,94.5,85.5,77.0,99.66666666666667,75.57142857142857,75.67857142857143,41.896130063356885,38.146784894695884,78.0,81.0,8.0,-16.5,84.45
2026-02-27,Friday,2,9,No,Hot,No,end,No,No,Roast bread,14.0,Meal,27,1,4,No,No,14.0,18.0,27.0,23.0,19.0,14.666666666666666,13.857142857142858,18.714285714285715,6.841748592978521,11.912686007449699,14.0,19.0,-4.0,-9.0,16.5
2026-02-27,Friday,2,9,No,Hot,No,end,No,No,Rolls,69.0,Snack,27,1,4,No,No,72.0,66.0,83.0,82.0,68.0,48.666666666666664,48.42857142857143,52.42857142857143,27.25103755123921,28.067814268342996,48.0,53.5,6.0,-17.0,71.3
2026-02-27,Friday,2,9,No,Hot,No,end,No,No,Roti,11.0,Meal,27,1,4,No,No,17.0,8.0,10.0,11.0,10.0,15.333333333333334,10.714285714285714,11.285714285714286,6.369570517030842,7.518475412440512,10.0,10.0,9.0,-2.0,13.6
2026-02-27,Friday,2,9,No,Hot,No,end,No,No,Soft drinks,24.0,Cold Beverage,27,1,4,No,No,41.0,46.0,44.0,37.0,43.0,31.666666666666668,27.142857142857142,30.571428571428573,16.64760815080824,14.340444611250785,27.0,32.5,-5.0,2.0,42.8
2026-02-27,Friday,2,9,No,Hot,No,end,No,No,String Hoppers,23.0,Meal,27,1,4,No,No,108.0,63.0,74.0,64.0,67.0,79.33333333333333,71.0,78.92857142857143,37.7844765302719,42.094151403937126,70.0,72.0,45.0,-11.0,91.1
2026-02-27,Friday,2,9,No,Hot,No,end,No,No,Tea,19.0,Hot Beverage,27,1,4,No,No,31.0,21.0,26.0,19.0,22.0,21.333333333333332,18.571428571428573,20.071428571428573,9.744351233016015,9.848578856591715,19.0,21.5,10.0,-5.0,27.5
2026-02-27,Friday,2,9,No,Hot,No,end,No,No,Ulundu Wade,63.0,Snack,27,1,4,No,No,72.0,66.0,41.0,33.0,57.0,54.0,48.857142857142854,54.857142857142854,24.04460141368236,29.809283899372797,51.0,56.0,6.0,25.0,67.1
2026-02-27,Friday,2,9,No,Hot,No,end,No,No,Vegitable Roti,12.0,Meal,27,1,4,No,No,21.0,30.0,34.0,27.0,29.0,16.333333333333332,18.714285714285715,21.928571428571427,6.75066134326323,8.561670269415767,20.0,20.5,-9.0,-4.0,25.0
2026-02-27,Friday,2,9,No,Hot,No,end,No,No,Watter Bottle,1.0,Cold Beverage,27,1,4,No,No,6.0,5.0,5.0,6.0,4.0,6.0,4.142857142857143,4.5,2.41029537806548,3.2991840483088204,5.0,5.0,1.0,0.0,5.6
2026-02-28,Saturday,2,9,Yes,Cloudy,No,end,No,No,Bread,1.0,Meal,28,1,4,No,Yes,2.5,2.0,2.5,1.0,2.5,2.8333333333333335,2.0,2.25,1.6072751268321586,1.5032017112202158,2.0,2.25,0.5,-0.5,2.35
2026-02-28,Saturday,2,9,Yes,Cloudy,No,end,No,No,Breakfast,20.0,Meal,28,1,4,No,Yes,10.5,16.0,11.0,19.0,16.0,12.333333333333334,10.785714285714286,10.571428571428571,5.498917642417937,5.113545897745678,11.0,11.0,-5.5,5.0,12.2
2026-02-28,Saturday,2,9,Yes,Cloudy,No,end,No,No,Bulath vita,28.0,Other,28,1,4,No,Yes,19.0,23.0,30.0,35.0,26.0,35.333333333333336,23.142857142857142,21.0,21.098408877042296,16.13405380887557,19.0,18.5,-4.0,-7.0,21.3
2026-02-28,Saturday,2,9,Yes,Cloudy,No,end,No,No,Chicken Curry,2.0,Meal,28,1,4,No,Yes,4.0,6.0,1.0,2.0,6.0,4.0,3.4285714285714284,2.9285714285714284,2.9920529661723827,2.5256921584232868,4.0,3.5,-2.0,5.0,4.299999999999999
2026-02-28,Saturday,2,9,Yes,Cloudy,No,end,No,No,Cigarette,49.0,Other,28,1,4,No,Yes,28.0,34.0,67.0,49.0,31.0,50.666666666666664,35.142857142857146,37.785714285714285,23.219449975028645,21.990132652304165,31.0,36.5,-6.0,-33.0,33.7
2026-02-28,Saturday,2,9,Yes,Cloudy,No,end,No,No,Dal Curry,6.0,Meal,28,1,4,No,Yes,49.0,7.0,8.0,5.0,8.0,21.666666666666668,12.285714285714286,9.928571428571429,16.479424400488888,11.704465194724001,7.0,8.0,42.0,-1.0,32.3
2026-02-28,Saturday,2,9,Yes,Cloudy,No,end,No,No,Egg Rotti,84.0,Meal,28,1,4,No,Yes,56.0,43.0,58.0,73.0,49.0,56.0,47.57142857142857,52.714285714285715,10.162957949618537,12.455635557564134,52.0,54.0,13.0,-15.0,52.3
2026-02-28,Saturday,2,9,Yes,Cloudy,No,end,No,No,Hoppers,44.0,Meal,28,1,4,No,Yes,9.0,38.0,45.0,44.0,36.0,32.333333333333336,27.857142857142858,27.214285714285715,17.733476547935826,16.618703880908363,35.0,31.5,-29.0,-7.0,21.3
2026-02-28,Saturday,2,9,Yes,Cloudy,No,end,No,No,Kahata,16.0,Hot Beverage,28,1,4,No,Yes,32.0,25.0,23.0,13.0,21.0,21.0,20.0,21.071428571428573,13.988090172238193,12.187410185636935,25.0,24.5,7.0,2.0,29.0
2026-02-28,Saturday,2,9,Yes,Cloudy,No,end,No,No,Plain Tea,84.5,Hot Beverage,28,1,4,No,Yes,65.0,84.0,96.5,68.0,98.5,98.0,73.71428571428571,73.57142857142857,42.05834949097223,37.84068686503435,70.0,74.0,-19.0,-12.5,73.85000000000001
2026-02-28,Saturday,2,9,Yes,Cloudy,No,end,No,No,Roast bread,9.0,Meal,28,1,4,No,Yes,14.0,21.0,25.0,7.0,20.0,13.333333333333334,13.285714285714286,17.785714285714285,6.600865744084508,11.722290216168846,14.0,18.0,-7.0,-4.0,17.2
2026-02-28,Saturday,2,9,Yes,Cloudy,No,end,No,No,Rolls,80.0,Snack,28,1,4,No,Yes,69.0,48.0,80.0,76.0,62.0,61.0,48.857142857142854,51.42857142857143,27.59485804413917,27.12850979976683,48.0,53.5,21.0,-32.0,63.8
2026-02-28,Saturday,2,9,Yes,Cloudy,No,end,No,No,Roti,23.0,Meal,28,1,4,No,Yes,11.0,8.0,21.0,23.0,9.0,15.666666666666666,11.142857142857142,11.357142857142858,6.256425268702338,7.510066504439153,11.0,10.5,3.0,-13.0,11.1
2026-02-28,Saturday,2,9,Yes,Cloudy,No,end,No,No,Soft drinks,28.0,Cold Beverage,28,1,4,No,Yes,24.0,11.0,28.0,25.0,13.0,30.666666666666668,24.0,29.142857142857142,14.422205101855946,13.888884004883147,27.0,28.0,13.0,-17.0,20.5
2026-02-28,Saturday,2,9,Yes,Cloudy,No,end,No,No,String Hoppers,74.0,Meal,28,1,4,No,Yes,23.0,114.0,34.0,56.0,113.0,67.0,65.28571428571429,75.28571428571429,41.98695942676444,44.680797065110944,70.0,69.5,-91.0,80.0,51.39999999999999
2026-02-28,Saturday,2,9,Yes,Cloudy,No,end,No,No,Tea,27.0,Hot Beverage,28,1,4,No,Yes,19.0,19.0,24.0,26.0,21.0,22.333333333333332,18.285714285714285,19.571428571428573,9.690446940402785,9.70102520921835,19.0,20.5,0.0,-5.0,19.5
2026-02-28,Saturday,2,9,Yes,Cloudy,No,end,No,No,Ulundu Wade,69.0,Snack,28,1,4,No,Yes,63.0,51.0,79.0,50.0,51.0,61.0,48.42857142857143,56.42857142857143,23.71256448142446,29.601752249887774,51.0,62.0,12.0,-28.0,60.99999999999999
2026-02-28,Saturday,2,9,Yes,Cloudy,No,end,No,No,Vegitable Roti,19.0,Meal,28,1,4,No,Yes,12.0,14.0,22.0,20.0,10.0,17.666666666666668,16.142857142857142,20.357142857142858,4.91353814911994,8.186359600975486,18.0,20.0,-2.0,-8.0,13.599999999999998
2026-02-28,Saturday,2,9,Yes,Cloudy,No,end,No,No,Watter Bottle,3.0,Cold Beverage,28,1,4,No,Yes,1.0,2.0,3.0,3.0,2.0,4.666666666666667,3.5714285714285716,4.214285714285714,2.63673679998231,3.4234164543304124,4.0,4.5,-1.0,-1.0,1.5
2026-03-01,Sunday,3,9,Yes,Hot,No,start,No,No,Bread,1.5,Meal,1,1,1,Yes,No,1.0,2.5,4.0,2.5,2.5,1.5,1.8571428571428572,2.142857142857143,1.6511179473891242,1.5370872983137172,1.0,2.0,-1.5,-1.5,1.75
2026-03-01,Sunday,3,9,Yes,Hot,No,start,No,No,Breakfast,14.5,Meal,1,1,1,Yes,No,20.0,14.0,14.0,0.0,16.5,13.833333333333334,11.357142857142858,11.214285714285714,6.283008075451637,5.703286116571088,11.0,12.0,6.0,0.0,17.599999999999998
2026-03-01,Sunday,3,9,Yes,Hot,No,start,No,No,Bulath vita,22.0,Other,1,1,1,Yes,No,28.0,17.0,23.0,4.0,17.0,22.0,23.857142857142858,20.857142857142858,21.177256443557333,16.056904303886718,19.0,18.5,11.0,-6.0,24.2
2026-03-01,Sunday,3,9,Yes,Hot,No,start,No,No,Chicken Curry,0.0,Meal,1,1,1,Yes,No,2.0,4.0,0.0,2.0,4.0,4.666666666666667,2.857142857142857,3.0,2.794552524023088,2.4806946917841692,2.0,3.5,-2.0,4.0,2.4
2026-03-01,Sunday,3,9,Yes,Hot,No,start,No,No,Cigarette,41.0,Other,1,1,1,Yes,No,49.0,31.0,61.0,39.0,35.0,41.333333333333336,37.285714285714285,36.5,23.78174570067195,20.63510824560152,31.0,36.5,18.0,-30.0,44.8
2026-03-01,Sunday,3,9,Yes,Hot,No,start,No,No,Dal Curry,9.0,Meal,1,1,1,Yes,No,6.0,8.0,9.0,5.0,10.0,20.333333333333332,12.142857142857142,9.785714285714286,16.53711554280826,11.74196007375372,6.0,7.5,-2.0,-1.0,6.9
2026-03-01,Sunday,3,9,Yes,Hot,No,start,No,No,Egg Rotti,45.0,Meal,1,1,1,Yes,No,84.0,52.0,84.0,53.0,55.0,65.33333333333333,53.42857142857143,54.57142857142857,16.76163419695051,14.985707476506647,56.0,54.0,32.0,-32.0,74.4
2026-03-01,Sunday,3,9,Yes,Hot,No,start,No,No,Hoppers,15.0,Meal,1,1,1,Yes,No,44.0,35.0,39.0,21.0,33.0,30.333333333333332,28.714285714285715,27.142857142857142,18.436506228262488,16.538333758770364,35.0,31.5,9.0,-4.0,40.8
2026-03-01,Sunday,3,9,Yes,Hot,No,start,No,No,Kahata,17.0,Hot Beverage,1,1,1,Yes,No,16.0,20.0,17.0,16.0,19.0,26.0,18.714285714285715,20.571428571428573,13.86499532052194,12.245654084451504,20.0,24.5,-4.0,3.0,17.3
2026-03-01,Sunday,3,9,Yes,Hot,No,start,No,No,Plain Tea,65.0,Hot Beverage,1,1,1,Yes,No,84.5,68.0,69.0,60.5,80.5,78.5,73.78571428571429,72.71428571428571,42.07914877828168,37.41488509101193,70.0,74.0,16.5,-1.0,78.0
2026-03-01,Sunday,3,9,Yes,Hot,No,start,No,No,Roast bread,17.0,Meal,1,1,1,Yes,No,9.0,14.0,49.0,19.0,16.0,12.333333333333334,11.571428571428571,16.642857142857142,5.7693772875167415,11.744767364216303,14.0,16.0,-5.0,-35.0,14.5
2026-03-01,Sunday,3,9,Yes,Hot,No,start,No,No,Rolls,68.0,Snack,1,1,1,Yes,No,80.0,79.0,85.0,102.0,77.0,73.66666666666667,53.42857142857143,51.42857142857143,29.97697529136402,27.12850979976683,69.0,53.5,1.0,-6.0,80.2
2026-03-01,Sunday,3,9,Yes,Hot,No,start,No,No,Roti,14.0,Meal,1,1,1,Yes,No,23.0,13.0,7.0,8.0,16.0,17.0,13.285714285714286,11.5,7.454624643228427,7.723590237308436,13.0,10.5,10.0,6.0,18.4
2026-03-01,Sunday,3,9,Yes,Hot,No,start,No,No,Soft drinks,34.0,Cold Beverage,1,1,1,Yes,No,28.0,38.0,37.0,30.0,49.0,31.0,26.428571428571427,29.142857142857142,13.252133700617698,13.888884004883147,27.0,28.0,-10.0,1.0,31.900000000000002
2026-03-01,Sunday,3,9,Yes,Hot,No,start,No,No,String Hoppers,70.0,Meal,1,1,1,Yes,No,74.0,82.0,52.0,24.0,86.0,68.33333333333333,59.57142857142857,78.14285714285714,36.632668220488426,43.08820495905354,70.0,72.0,-8.0,30.0,74.2
2026-03-01,Sunday,3,9,Yes,Hot,No,start,No,No,Tea,24.0,Hot Beverage,1,1,1,Yes,No,27.0,26.0,34.0,19.0,28.0,25.666666666666668,19.428571428571427,19.785714285714285,10.244626930854086,9.838531562011841,19.0,20.5,1.0,-8.0,27.4
2026-03-01,Sunday,3,9,Yes,Hot,No,start,No,No,Ulundu Wade,60.0,Snack,1,1,1,Yes,No,69.0,63.0,104.0,68.0,63.0,68.0,51.0,55.714285714285715,24.979991993593572,29.132135498128495,63.0,62.0,6.0,-41.0,70.7
2026-03-01,Sunday,3,9,Yes,Hot,No,start,No,No,Vegitable Roti,18.0,Meal,1,1,1,Yes,No,19.0,20.0,30.0,13.0,24.0,17.333333333333332,16.857142857142858,20.142857142857142,4.913538149119942,8.179309194614108,19.0,19.5,-1.0,-10.0,20.4
2026-03-01,Sunday,3,9,Yes,Hot,No,start,No,No,Watter Bottle,3.0,Cold Beverage,1,1,1,Yes,No,3.0,4.0,10.0,10.0,5.0,3.3333333333333335,3.7142857142857144,4.214285714285714,2.5634797778466236,3.4234164543304124,4.0,4.5,-1.0,-6.0,4.0
2026-03-02,Monday,3,10,No,Cloudy,No,start,No,No,Bread,0.0,Meal,2,1,1,No,No,1.5,0.0,0.0,0.5,1.5,1.6666666666666667,1.7142857142857142,1.9642857142857142,1.6293440105643446,1.4473355588045982,1.0,2.0,1.5,0.0,0.8999999999999999
2026-03-02,Monday,3,10,No,Cloudy,No,start,No,No,Breakfast,8.0,Meal,2,1,1,No,No,14.5,0.0,0.0,10.5,0.0,15.0,11.428571428571429,11.25,6.320789582985732,5.7236016095300855,11.0,12.0,14.5,0.0,8.7
2026-03-02,Monday,3,10,No,Cloudy,No,start,No,No,Bulath vita,12.0,Other,2,1,1,No,No,22.0,0.0,0.0,20.0,0.0,23.0,24.571428571428573,20.785714285714285,20.9909277455535,16.04886083390139,19.0,18.5,22.0,0.0,13.2
2026-03-02,Monday,3,10,No,Cloudy,No,start,No,No,Chicken Curry,0.0,Meal,2,1,1,No,No,0.0,2.0,0.0,3.0,0.0,2.0,2.2857142857142856,3.0,2.9277002188455996,2.4806946917841692,2.0,3.5,-2.0,2.0,0.6
2026-03-02,Monday,3,10,No,Cloudy,No,start,No,No,Cigarette,39.0,Other,2,1,1,No,No,41.0,0.0,0.0,24.0,0.0,39.333333333333336,38.714285714285715,35.07142857142857,23.641166678164637,19.46778121652554,41.0,36.5,41.0,0.0,24.599999999999998
2026-03-02,Monday,3,10,No,Cloudy,No,start,No,No,Dal Curry,6.0,Meal,2,1,1,No,No,9.0,0.0,0.0,7.0,0.0,21.333333333333332,12.285714285714286,9.785714285714286,16.4996392456955,11.74196007375372,6.0,7.5,9.0,0.0,5.3999999999999995
2026-03-02,Monday,3,10,No,Cloudy,No,start,No,No,Egg Rotti,0.0,Meal,2,1,1,No,No,45.0,40.0,51.0,51.0,45.0,61.666666666666664,52.42857142857143,51.785714285714285,17.06709448868536,12.515704420561237,56.0,52.0,5.0,-11.0,44.1
2026-03-02,Monday,3,10,No,Cloudy,No,start,No,No,Hoppers,0.0,Meal,2,1,1,No,No,15.0,0.0,0.0,14.0,0.0,22.666666666666668,25.857142857142858,25.428571428571427,18.84523433504759,16.45840578182227,25.0,26.5,15.0,0.0,9.0
2026-03-02,Monday,3,10,No,Cloudy,No,start,No,No,Kahata,22.0,Hot Beverage,2,1,1,No,No,17.0,0.0,0.0,33.0,13.0,21.666666666666668,18.285714285714285,20.571428571428573,13.86499532052194,12.245654084451504,17.0,24.5,17.0,0.0,10.2
2026-03-02,Monday,3,10,No,Cloudy,No,start,No,No,Plain Tea,0.0,Hot Beverage,2,1,1,No,No,65.0,0.0,0.0,56.5,0.0,71.5,73.35714285714286,72.42857142857143,42.16309038099784,37.46067535165642,70.0,74.0,65.0,0.0,39.0
2026-03-02,Monday,3,10,No,Cloudy,No,start,No,No,Roast bread,0.0,Meal,2,1,1,No,No,17.0,0.0,0.0,14.0,0.0,13.333333333333334,12.0,14.357142857142858,6.082762530298199,7.19622917128924,14.0,15.5,17.0,0.0,10.2
2026-03-02,Monday,3,10,No,Cloudy,No,start,No,No,Rolls,0.0,Snack,2,1,1,No,No,68.0,0.0,0.0,37.0,0.0,72.33333333333333,51.857142857142854,50.214285714285715,28.67303362295065,25.86110406182815,68.0,53.5,68.0,0.0,40.8
2026-03-02,Monday,3,10,No,Cloudy,No,start,No,No,Roti,0.0,Meal,2,1,1,No,No,14.0,0.0,0.0,9.0,0.0,16.0,13.428571428571429,12.0,7.457817885886434,7.635947374602075,14.0,12.0,14.0,0.0,8.4
2026-03-02,Monday,3,10,No,Cloudy,No,start,No,No,Soft drinks,0.0,Cold Beverage,2,1,1,No,No,34.0,0.0,14.0,22.0,0.0,28.666666666666668,25.857142857142858,28.928571428571427,12.74661486341335,13.781058827883381,27.0,28.0,34.0,-14.0,21.799999999999997
2026-03-02,Monday,3,10,No,Cloudy,No,start,No,No,String Hoppers,62.0,Meal,2,1,1,No,No,70.0,0.0,69.0,127.0,0.0,55.666666666666664,57.857142857142854,79.42857142857143,35.676456155418876,42.51282934998162,70.0,72.0,70.0,-69.0,48.9
2026-03-02,Monday,3,10,No,Cloudy,No,start,No,No,Tea,0.0,Hot Beverage,2,1,1,No,No,24.0,0.0,0.0,17.0,0.0,23.333333333333332,19.142857142857142,19.071428571428573,10.056980518170302,9.059328262704051,19.0,20.5,24.0,0.0,14.399999999999999
2026-03-02,Monday,3,10,No,Cloudy,No,start,No,No,Ulundu Wade,0.0,Snack,2,1,1,No,No,60.0,0.0,0.0,67.0,0.0,64.0,50.57142857142857,52.57142857142857,24.76460607976055,25.692603801675887,60.0,60.5,60.0,0.0,36.0
2026-03-02,Monday,3,10,No,Cloudy,No,start,No,No,Vegitable Roti,0.0,Meal,2,1,1,No,No,18.0,18.0,12.0,14.0,0.0,16.333333333333332,16.571428571428573,19.285714285714285,4.755948656056696,7.680430390870746,18.0,18.5,0.0,6.0,17.4
2026-03-02,Monday,3,10,No,Cloudy,No,start,No,No,Watter Bottle,0.0,Cold Beverage,2,1,1,No,No,3.0,0.0,0.0,7.0,0.0,2.3333333333333335,3.5714285714285716,3.7142857142857144,2.5727509827124004,2.998167938760432,3.0,3.5,3.0,0.0,1.7999999999999998
2026-03-03,Tuesday,3,10,No,Hot,No,start,No,No,Bread,1.5,Meal,3,1,1,No,No,0.0,1.0,2.0,1.0,2.0,0.8333333333333334,1.7142857142857142,1.9642857142857142,1.6293440105643446,1.4473355588045982,1.0,2.0,-1.0,-1.0,0.5
2026-03-03,Tuesday,3,10,No,Hot,No,start,No,No,Breakfast,10.5,Meal,3,1,1,No,No,8.0,8.5,13.0,10.0,13.5,14.166666666666666,12.571428571428571,11.821428571428571,4.314979445958879,4.846121140653636,11.0,12.0,-0.5,-4.5,8.65
2026-03-03,Tuesday,3,10,No,Hot,No,start,No,No,Bulath vita,23.0,Other,3,1,1,No,No,12.0,16.0,14.0,16.0,8.0,20.666666666666668,26.285714285714285,21.642857142857142,19.050059367486547,15.148532007360384,19.0,18.5,-4.0,2.0,13.4
2026-03-03,Tuesday,3,10,No,Hot,No,start,No,No,Chicken Curry,0.0,Meal,3,1,1,No,No,0.0,0.0,5.0,0.0,3.0,0.6666666666666666,2.0,3.0,3.0550504633038935,2.4806946917841692,0.0,3.5,0.0,-5.0,0.5
2026-03-03,Tuesday,3,10,No,Hot,No,start,No,No,Cigarette,41.0,Other,3,1,1,No,No,39.0,29.0,39.0,36.0,55.0,43.0,44.285714285714285,37.857142857142854,16.519829354589632,16.649588319498804,41.0,39.0,10.0,-10.0,35.99999999999999
2026-03-03,Tuesday,3,10,No,Hot,No,start,No,No,Dal Curry,9.0,Meal,3,1,1,No,No,6.0,6.0,9.0,8.0,7.0,7.0,13.142857142857142,10.214285714285714,15.899985025449672,11.463511151130268,6.0,7.5,0.0,-3.0,6.3
2026-03-03,Tuesday,3,10,No,Hot,No,start,No,No,Egg Rotti,32.0,Meal,3,1,1,No,No,0.0,30.0,42.0,30.0,74.0,43.0,46.714285714285715,48.142857142857146,26.1834189626074,18.67065629787571,56.0,52.0,-30.0,-12.0,13.2
2026-03-03,Tuesday,3,10,No,Hot,No,start,No,No,Hoppers,25.0,Meal,3,1,1,No,No,0.0,25.0,41.0,24.0,41.0,19.666666666666668,25.857142857142858,25.428571428571427,18.84523433504759,16.45840578182227,25.0,26.5,-25.0,-16.0,11.600000000000001
2026-03-03,Tuesday,3,10,No,Hot,No,start,No,No,Kahata,29.0,Hot Beverage,3,1,1,No,No,22.0,32.0,24.0,30.0,28.0,18.333333333333332,21.428571428571427,22.142857142857142,11.28209706950416,10.719193015385942,22.0,24.5,-10.0,8.0,25.199999999999996
2026-03-03,Tuesday,3,10,No,Hot,No,start,No,No,Plain Tea,88.0,Hot Beverage,3,1,1,No,No,0.0,70.0,62.0,73.0,92.5,49.833333333333336,73.35714285714286,72.42857142857143,42.16309038099784,37.46067535165642,70.0,74.0,-70.0,8.0,27.2
2026-03-03,Tuesday,3,10,No,Hot,No,start,No,No,Roast bread,24.0,Meal,3,1,1,No,No,0.0,18.0,20.0,15.0,8.0,8.666666666666666,12.0,14.357142857142858,6.082762530298199,7.19622917128924,14.0,15.5,-18.0,-2.0,7.3999999999999995
2026-03-03,Tuesday,3,10,No,Hot,No,start,No,No,Rolls,40.0,Snack,3,1,1,No,No,0.0,32.0,51.0,35.0,84.0,49.333333333333336,51.857142857142854,50.214285714285715,28.67303362295065,25.86110406182815,68.0,53.5,-32.0,-19.0,14.7
2026-03-03,Tuesday,3,10,No,Hot,No,start,No,No,Roti,15.0,Meal,3,1,1,No,No,0.0,10.0,4.0,13.0,4.0,12.333333333333334,13.428571428571429,12.0,7.457817885886434,7.635947374602075,14.0,12.0,-10.0,6.0,3.4
2026-03-03,Tuesday,3,10,No,Hot,No,start,No,No,Soft drinks,29.0,Cold Beverage,3,1,1,No,No,0.0,27.0,28.0,30.0,61.0,20.666666666666668,25.857142857142858,27.928571428571427,12.74661486341335,15.364616121837495,27.0,28.0,-27.0,-1.0,10.9
2026-03-03,Tuesday,3,10,No,Hot,No,start,No,No,String Hoppers,76.0,Meal,3,1,1,No,No,62.0,60.0,80.0,72.0,88.0,68.66666666666667,66.71428571428571,78.92857142857143,25.024749653854613,42.68572862879851,70.0,72.0,2.0,-20.0,63.199999999999996
2026-03-03,Tuesday,3,10,No,Hot,No,start,No,No,Tea,15.0,Hot Beverage,3,1,1,No,No,0.0,16.0,20.0,14.0,38.0,17.0,19.142857142857142,19.071428571428573,10.056980518170302,9.059328262704051,19.0,20.5,-16.0,-4.0,6.8
2026-03-03,Tuesday,3,10,No,Hot,No,start,No,No,Ulundu Wade,45.0,Snack,3,1,1,No,No,0.0,42.0,47.0,41.0,67.0,43.0,50.57142857142857,52.57142857142857,24.76460607976055,25.692603801675887,60.0,60.5,-42.0,-5.0,17.3
2026-03-03,Tuesday,3,10,No,Hot,No,start,No,No,Vegitable Roti,9.0,Meal,3,1,1,No,No,0.0,8.0,14.0,8.0,27.0,12.333333333333334,14.0,18.428571428571427,7.7674534651540155,9.095343573789538,18.0,18.5,-8.0,-6.0,3.8
2026-03-03,Tuesday,3,10,No,Hot,No,start,No,No,Watter Bottle,5.0,Cold Beverage,3,1,1,No,No,0.0,5.0,0.0,5.0,8.0,2.0,3.5714285714285716,3.7142857142857144,2.5727509827124004,2.998167938760432,3.0,3.5,-5.0,5.0,1.5
2026-03-04,Wednesday,3,10,No,Hot,No,start,No,No,Bread,3.5,Meal,4,1,1,No,No,1.5,5.0,2.0,2.5,5.5,1.0,1.7857142857142858,1.9285714285714286,1.6035674514745457,1.4525460784051252,1.5,1.75,-3.5,3.0,2.6
2026-03-04,Wednesday,3,10,No,Hot,No,start,No,No,Breakfast,11.0,Meal,4,1,1,No,No,10.5,15.5,10.5,14.5,15.5,11.0,12.857142857142858,11.642857142857142,4.059087394500203,4.845412467274791,11.0,10.75,-5.0,5.0,12.0
2026-03-04,Wednesday,3,10,No,Hot,No,start,No,No,Bulath vita,14.0,Other,4,1,1,No,No,23.0,68.0,18.0,7.0,68.0,19.0,27.285714285714285,22.285714285714285,18.598515045690128,14.989373525311814,22.0,19.0,-45.0,50.0,35.99999999999999
2026-03-04,Wednesday,3,10,No,Hot,No,start,No,No,Chicken Curry,2.0,Meal,4,1,1,No,No,0.0,0.0,4.0,3.0,0.0,0.0,2.0,2.642857142857143,3.0550504633038935,2.530039308212207,0.0,2.5,0.0,-4.0,0.4
2026-03-04,Wednesday,3,10,No,Hot,No,start,No,No,Cigarette,39.0,Other,4,1,1,No,No,41.0,77.0,46.0,37.0,83.0,40.333333333333336,46.0,38.0,15.242484486898206,16.66871782250073,41.0,40.0,-36.0,31.0,52.3
2026-03-04,Wednesday,3,10,No,Hot,No,start,No,No,Dal Curry,12.0,Meal,4,1,1,No,No,9.0,10.0,7.0,8.0,11.0,8.0,13.571428571428571,10.214285714285714,15.714718608755962,11.463511151130268,9.0,7.5,-1.0,3.0,9.099999999999998
2026-03-04,Wednesday,3,10,No,Hot,No,start,No,No,Egg Rotti,57.0,Meal,4,1,1,No,No,32.0,56.0,52.0,48.0,80.0,25.666666666666668,47.0,47.42857142857143,25.980762113533167,19.109861673670288,56.0,52.0,-24.0,4.0,41.2
2026-03-04,Wednesday,3,10,No,Hot,No,start,No,No,Hoppers,18.0,Meal,4,1,1,No,No,25.0,50.0,28.0,23.0,73.0,13.333333333333334,25.857142857142858,24.285714285714285,18.84523433504759,15.837776511719209,25.0,25.0,-25.0,22.0,32.8
2026-03-04,Wednesday,3,10,No,Hot,No,start,No,No,Kahata,23.0,Hot Beverage,4,1,1,No,No,29.0,1.0,33.0,27.0,1.0,22.666666666666668,21.0,22.5,10.862780491200219,10.868090200922353,22.0,26.0,28.0,-32.0,21.0
2026-03-04,Wednesday,3,10,No,Hot,No,start,No,No,Plain Tea,84.5,Hot Beverage,4,1,1,No,No,88.0,143.0,102.5,60.0,150.5,51.0,75.92857142857143,74.28571428571429,42.47197955851658,37.548283933804846,84.5,81.0,-55.0,40.5,105.94999999999999
2026-03-04,Wednesday,3,10,No,Hot,No,start,No,No,Roast bread,20.0,Meal,4,1,1,No,No,24.0,12.0,22.0,16.0,18.0,13.666666666666666,12.857142857142858,14.642857142857142,7.358183005529076,7.510066504439148,14.0,15.5,12.0,-10.0,20.2
2026-03-04,Wednesday,3,10,No,Hot,No,start,No,No,Rolls,50.0,Snack,4,1,1,No,No,40.0,42.0,56.0,81.0,65.0,36.0,53.0,49.42857142857143,27.898626011567927,26.002113185468048,68.0,52.0,-2.0,-14.0,42.2
2026-03-04,Wednesday,3,10,No,Hot,No,start,No,No,Roti,8.0,Meal,4,1,1,No,No,15.0,19.0,24.0,16.0,18.0,9.666666666666666,14.142857142857142,12.785714285714286,7.3127416524987705,7.308357401775582,15.0,13.5,-4.0,-5.0,17.1
2026-03-04,Wednesday,3,10,No,Hot,No,start,No,No,Soft drinks,27.0,Cold Beverage,4,1,1,No,No,29.0,27.0,50.0,30.0,37.0,21.0,26.142857142857142,28.0,12.798809468443677,15.367297945762822,28.0,28.5,2.0,-23.0,30.5
2026-03-04,Wednesday,3,10,No,Hot,No,start,No,No,String Hoppers,70.0,Meal,4,1,1,No,No,76.0,70.0,125.0,169.0,96.0,69.33333333333333,69.0,78.64285714285714,25.03996805109786,42.69139193157029,70.0,72.0,6.0,-55.0,79.1
2026-03-04,Wednesday,3,10,No,Hot,No,start,No,No,Tea,22.0,Hot Beverage,4,1,1,No,No,15.0,17.0,22.0,20.0,23.0,13.0,19.0,18.714285714285715,10.11599393699567,9.118270512704532,19.0,20.0,-2.0,-5.0,16.3
2026-03-04,Wednesday,3,10,No,Hot,No,start,No,No,Ulundu Wade,44.0,Snack,4,1,1,No,No,45.0,48.0,61.0,28.0,60.0,35.0,51.0,52.42857142857143,24.61706725018232,25.731496072127058,60.0,60.5,-3.0,-13.0,47.5
2026-03-04,Wednesday,3,10,No,Hot,No,start,No,No,Vegitable Roti,16.0,Meal,4,1,1,No,No,9.0,20.0,28.0,22.0,28.0,9.0,14.142857142857142,18.071428571428573,7.646972634722206,9.376437618711188,18.0,18.5,-11.0,-8.0,14.2
2026-03-04,Wednesday,3,10,No,Hot,No,start,No,No,Watter Bottle,9.0,Cold Beverage,4,1,1,No,No,5.0,7.0,10.0,5.0,9.0,2.6666666666666665,3.5714285714285716,4.071428571428571,2.5727509827124004,2.8138198978581426,3.0,4.5,-2.0,-3.0,6.1
2026-03-05,Thursday,3,10,No,Hot,No,start,No,No,Bread,1.5,Meal,5,1,1,No,No,3.5,1.0,2.5,2.0,2.0,1.6666666666666667,1.5714285714285714,2.0357142857142856,1.1338934190276808,1.5123121080279396,1.5,1.75,2.5,-1.5,2.65
2026-03-05,Thursday,3,10,No,Hot,No,start,No,No,Breakfast,13.0,Meal,5,1,1,No,No,11.0,11.0,15.5,11.0,9.5,9.833333333333334,12.214285714285714,11.678571428571429,3.9248900500220247,4.838178069580224,11.0,11.0,0.0,-4.5,11.45
2026-03-05,Thursday,3,10,No,Hot,No,start,No,No,Bulath vita,25.0,Other,5,1,1,No,No,14.0,19.0,30.0,12.0,17.0,16.333333333333332,19.571428571428573,22.0,5.442338432976001,15.11494420967337,19.0,19.0,-5.0,-11.0,17.1
2026-03-05,Thursday,3,10,No,Hot,No,start,No,No,Chicken Curry,7.0,Meal,5,1,1,No,No,2.0,8.0,3.0,6.0,4.0,0.6666666666666666,2.2857142857142856,2.5,2.9277002188455996,2.5038431998091992,2.0,2.0,-6.0,5.0,3.8999999999999995
2026-03-05,Thursday,3,10,No,Hot,No,start,No,No,Cigarette,50.0,Other,5,1,1,No,No,39.0,47.0,42.0,29.0,22.0,39.666666666666664,40.57142857142857,37.5,6.778818551368725,16.514562338456592,41.0,39.0,-8.0,5.0,41.7
2026-03-05,Thursday,3,10,No,Hot,No,start,No,No,Dal Curry,6.0,Meal,5,1,1,No,No,12.0,6.0,10.0,9.0,10.0,9.0,13.857142857142858,10.571428571428571,15.657038581508866,11.433515414135531,9.0,8.5,6.0,-4.0,10.0
2026-03-05,Thursday,3,10,No,Hot,No,start,No,No,Egg Rotti,60.0,Meal,5,1,1,No,No,57.0,56.0,57.0,26.0,46.0,29.666666666666668,47.142857142857146,47.785714285714285,26.041176185857225,19.248091099873,56.0,54.0,1.0,-1.0,56.7
2026-03-05,Thursday,3,10,No,Hot,No,start,No,No,Hoppers,40.0,Meal,5,1,1,No,No,18.0,38.0,10.0,10.0,23.0,14.333333333333334,21.285714285714285,23.571428571428573,15.617450557141558,15.882812605572607,18.0,24.0,-20.0,28.0,23.2
2026-03-05,Thursday,3,10,No,Hot,No,start,No,No,Kahata,29.0,Hot Beverage,5,1,1,No,No,23.0,30.0,31.0,29.0,14.0,24.666666666666668,24.142857142857142,21.785714285714285,6.362090102803526,10.44530495506931,23.0,24.0,-7.0,-1.0,25.9
2026-03-05,Thursday,3,10,No,Hot,No,start,No,No,Plain Tea,78.5,Hot Beverage,5,1,1,No,No,84.5,86.0,106.0,88.0,79.0,57.5,67.57142857142857,73.0,31.382623338705283,36.80875731921163,84.5,81.0,-1.5,-20.0,87.1
2026-03-05,Thursday,3,10,No,Hot,No,start,No,No,Roast bread,16.0,Meal,5,1,1,No,No,20.0,14.0,22.0,18.0,22.0,14.666666666666666,14.0,14.5,7.81024967590664,7.3771998023014715,14.0,15.5,6.0,-8.0,18.4
2026-03-05,Thursday,3,10,No,Hot,No,start,No,No,Rolls,79.0,Snack,5,1,1,No,No,50.0,72.0,40.0,45.0,51.0,30.0,54.142857142857146,49.0,27.534394076188754,25.934829565959863,68.0,49.0,-22.0,32.0,55.599999999999994
2026-03-05,Thursday,3,10,No,Hot,No,start,No,No,Roti,18.0,Meal,5,1,1,No,No,8.0,17.0,17.0,5.0,7.0,7.666666666666667,12.571428571428571,11.642857142857142,7.276838664721166,6.640286634883061,14.0,12.0,-9.0,0.0,11.599999999999998
2026-03-05,Thursday,3,10,No,Hot,No,start,No,No,Soft drinks,42.0,Cold Beverage,5,1,1,No,No,27.0,41.0,37.0,21.0,35.0,18.666666666666668,26.142857142857142,26.357142857142858,12.798809468443677,14.0033355524106,28.0,27.5,-14.0,4.0,32.2
2026-03-05,Thursday,3,10,No,Hot,No,start,No,No,String Hoppers,94.0,Meal,5,1,1,No,No,70.0,108.0,174.0,106.0,150.0,69.33333333333333,69.0,74.71428571428571,25.03996805109786,40.575529896399715,70.0,70.0,-38.0,-66.0,91.80000000000001
2026-03-05,Thursday,3,10,No,Hot,No,start,No,No,Tea,36.0,Hot Beverage,5,1,1,No,No,22.0,31.0,25.0,16.0,23.0,12.333333333333334,19.714285714285715,18.714285714285715,10.127755357009196,9.118270512704532,22.0,20.0,-9.0,6.0,25.0
2026-03-05,Thursday,3,10,No,Hot,No,start,No,No,Ulundu Wade,96.0,Snack,5,1,1,No,No,44.0,72.0,94.0,71.0,53.0,29.666666666666668,50.42857142857143,51.214285714285715,24.74440773762252,25.696987466144062,60.0,55.5,-28.0,-22.0,57.4
2026-03-05,Thursday,3,10,No,Hot,No,start,No,No,Vegitable Roti,21.0,Meal,5,1,1,No,No,16.0,21.0,36.0,19.0,12.0,8.333333333333334,13.571428571428571,17.214285714285715,7.276838664721153,8.937204617419601,16.0,18.0,-5.0,-15.0,19.5
2026-03-05,Thursday,3,10,No,Hot,No,start,No,No,Watter Bottle,6.0,Cold Beverage,5,1,1,No,No,9.0,6.0,6.0,1.0,14.0,4.666666666666667,3.857142857142857,4.0,3.078342163598855,2.660248687044703,3.0,4.5,3.0,0.0,7.799999999999999
2026-03-06,Friday,3,10,No,Hot,No,start,No,No,Bread,1.5,Meal,6,1,1,No,No,1.5,2.5,4.5,1.5,1.0,2.1666666666666665,1.6428571428571428,1.9642857142857142,1.1073348527841407,1.5123121080279396,1.5,1.5,-1.0,-2.0,2.1
2026-03-06,Friday,3,10,No,Hot,No,start,No,No,Breakfast,14.0,Meal,6,1,1,No,No,13.0,10.5,8.5,12.5,12.5,11.5,12.5,11.5,3.8944404818493052,4.731238250671317,11.0,11.0,2.5,2.0,11.799999999999999
2026-03-06,Friday,3,10,No,Hot,No,start,No,No,Bulath vita,14.0,Other,6,1,1,No,No,25.0,19.0,17.0,19.0,21.0,20.666666666666668,20.428571428571427,21.642857142857142,5.798193478924939,14.969749717126422,22.0,19.0,6.0,2.0,22.4
2026-03-06,Friday,3,10,No,Hot,No,start,No,No,Chicken Curry,1.0,Meal,6,1,1,No,No,7.0,4.0,4.0,0.0,0.0,3.0,2.142857142857143,2.7857142857142856,2.6095064302514777,2.778449247292493,2.0,2.0,3.0,0.0,5.800000000000001
2026-03-06,Friday,3,10,No,Hot,No,start,No,No,Cigarette,37.0,Other,6,1,1,No,No,50.0,28.0,28.0,60.0,69.0,43.333333333333336,41.0,38.07142857142857,7.325753658611955,16.817867264925688,41.0,39.0,22.0,0.0,41.199999999999996
2026-03-06,Friday,3,10,No,Hot,No,start,No,No,Dal Curry,7.0,Meal,6,1,1,No,No,6.0,49.0,10.0,5.0,5.0,9.0,13.857142857142858,10.285714285714286,15.657038581508866,11.498686021445247,9.0,7.5,-43.0,39.0,19.299999999999997
2026-03-06,Friday,3,10,No,Hot,No,start,No,No,Egg Rotti,57.0,Meal,6,1,1,No,No,60.0,56.0,61.0,52.0,50.0,49.666666666666664,47.714285714285715,48.0,26.310417998163683,19.374844912530648,56.0,54.0,4.0,-5.0,58.9
2026-03-06,Friday,3,10,No,Hot,No,start,No,No,Hoppers,32.0,Meal,6,1,1,No,No,40.0,9.0,23.0,58.0,51.0,27.666666666666668,21.571428571428573,25.714285714285715,15.988090805941994,15.934619164325447,18.0,25.0,31.0,-14.0,29.0
2026-03-06,Friday,3,10,No,Hot,No,start,No,No,Kahata,30.0,Hot Beverage,6,1,1,No,No,29.0,32.0,27.0,32.0,32.0,27.0,24.0,21.642857142857142,6.2182527020592175,10.322545473619618,23.0,24.0,-3.0,5.0,29.7
2026-03-06,Friday,3,10,No,Hot,No,start,No,No,Plain Tea,107.0,Hot Beverage,6,1,1,No,No,78.5,65.0,78.0,94.5,85.5,83.66666666666667,66.5,71.03571428571429,30.770657018226558,35.62705556051593,78.5,78.25,13.5,-13.0,74.39999999999999
2026-03-06,Friday,3,10,No,Hot,No,start,No,No,Roast bread,30.0,Meal,6,1,1,No,No,16.0,14.0,18.0,27.0,23.0,20.0,14.285714285714286,14.071428571428571,7.846746368491106,7.076116772031714,16.0,15.0,2.0,-4.0,15.600000000000001
2026-03-06,Friday,3,10,No,Hot,No,start,No,No,Rolls,66.0,Snack,6,1,1,No,No,79.0,69.0,66.0,83.0,82.0,56.333333333333336,55.142857142857146,51.785714285714285,28.40439268510286,26.96772592856585,68.0,58.0,10.0,3.0,74.69999999999999
2026-03-06,Friday,3,10,No,Hot,No,start,No,No,Roti,22.0,Meal,6,1,1,No,No,18.0,11.0,8.0,10.0,11.0,13.666666666666666,12.714285714285714,11.714285714285714,7.3872476993416525,6.707384809969606,14.0,12.0,7.0,3.0,14.899999999999999
2026-03-06,Friday,3,10,No,Hot,No,start,No,No,Soft drinks,45.0,Cold Beverage,6,1,1,No,No,42.0,24.0,46.0,44.0,37.0,32.666666666666664,26.285714285714285,26.714285714285715,12.996336480130145,14.3549968326689,28.0,27.5,18.0,-22.0,37.0
2026-03-06,Friday,3,10,No,Hot,No,start,No,No,String Hoppers,67.0,Meal,6,1,1,No,No,94.0,23.0,63.0,74.0,64.0,80.0,67.0,69.0,21.74856317093158,29.690713388843722,70.0,70.0,71.0,-40.0,69.6
2026-03-06,Friday,3,10,No,Hot,No,start,No,No,Tea,23.0,Hot Beverage,6,1,1,No,No,36.0,19.0,21.0,26.0,19.0,24.333333333333332,20.428571428571427,19.5,11.178210096092348,10.120428692653132,22.0,20.0,17.0,-2.0,29.4
2026-03-06,Friday,3,10,No,Hot,No,start,No,No,Ulundu Wade,65.0,Snack,6,1,1,No,No,96.0,63.0,66.0,41.0,33.0,61.666666666666664,53.857142857142854,51.357142857142854,29.447289470218752,25.957382654761524,60.0,55.5,33.0,-3.0,83.1
2026-03-06,Friday,3,10,No,Hot,No,start,No,No,Vegitable Roti,38.0,Meal,6,1,1,No,No,21.0,12.0,30.0,34.0,27.0,15.333333333333334,13.571428571428571,16.142857142857142,7.276838664721153,7.252131175965204,16.0,18.0,9.0,-18.0,19.2
2026-03-06,Friday,3,10,No,Hot,No,start,No,No,Watter Bottle,1.0,Cold Beverage,6,1,1,No,No,6.0,1.0,5.0,5.0,6.0,6.666666666666667,3.857142857142857,4.0,3.078342163598855,2.660248687044703,3.0,4.5,5.0,-4.0,4.3999999999999995
2026-03-07,Saturday,3,10,Yes,Rainy,No,start,No,No,Bread,2.0,Meal,7,1,1,No,No,1.5,1.0,2.0,2.5,1.0,2.1666666666666665,1.5,1.75,1.0408329997330654,1.3265049508446554,1.5,1.5,0.5,-1.0,1.4
2026-03-07,Saturday,3,10,Yes,Rainy,No,start,No,No,Breakfast,16.5,Meal,7,1,1,No,No,14.0,20.0,16.0,11.0,19.0,12.666666666666666,13.0,11.892857142857142,3.8188130791298627,4.691147848007791,13.0,12.0,-6.0,4.0,16.0
2026-03-07,Saturday,3,10,Yes,Rainy,No,start,No,No,Bulath vita,20.0,Other,7,1,1,No,No,14.0,28.0,23.0,30.0,35.0,17.666666666666668,19.714285714285715,21.428571428571427,6.290582530372576,15.062507124616438,22.0,19.0,-14.0,5.0,19.1
2026-03-07,Saturday,3,10,Yes,Rainy,No,start,No,No,Chicken Curry,7.0,Meal,7,1,1,No,No,1.0,2.0,6.0,1.0,2.0,3.3333333333333335,1.7142857142857142,2.5714285714285716,2.497617912751115,2.793241450751761,1.0,2.0,-1.0,-4.0,1.8
2026-03-07,Saturday,3,10,Yes,Rainy,No,start,No,No,Cigarette,32.0,Other,7,1,1,No,No,37.0,49.0,34.0,67.0,49.0,42.0,42.285714285714285,38.714285714285715,5.122313465427007,16.5735125631629,41.0,39.0,-12.0,15.0,40.3
2026-03-07,Saturday,3,10,Yes,Rainy,No,start,No,No,Dal Curry,6.0,Meal,7,1,1,No,No,7.0,6.0,7.0,8.0,5.0,8.333333333333334,7.857142857142857,10.071428571428571,2.267786838055372,11.532324375185844,7.0,7.0,1.0,-1.0,6.7
2026-03-07,Saturday,3,10,Yes,Rainy,No,start,No,No,Egg Rotti,38.0,Meal,7,1,1,No,No,57.0,84.0,43.0,58.0,73.0,58.0,47.857142857142854,47.714285714285715,26.36556195386052,19.197069373408844,57.0,54.0,-27.0,41.0,63.69999999999999
2026-03-07,Saturday,3,10,Yes,Rainy,No,start,No,No,Hoppers,34.0,Meal,7,1,1,No,No,32.0,44.0,38.0,45.0,44.0,30.0,24.857142857142858,26.357142857142858,15.323495809035327,15.998111152244201,25.0,28.5,-12.0,6.0,36.199999999999996
2026-03-07,Saturday,3,10,Yes,Rainy,No,start,No,No,Kahata,21.0,Hot Beverage,7,1,1,No,No,30.0,16.0,25.0,23.0,13.0,27.333333333333332,23.714285714285715,21.857142857142858,5.822779568622018,10.472360272179786,23.0,24.0,14.0,-9.0,25.3
2026-03-07,Saturday,3,10,Yes,Rainy,No,start,No,No,Plain Tea,84.0,Hot Beverage,7,1,1,No,No,107.0,84.5,84.0,96.5,68.0,90.0,72.5,73.10714285714286,34.31957653196402,36.884006629634825,84.5,81.25,22.5,0.5,97.95
2026-03-07,Saturday,3,10,Yes,Rainy,No,start,No,No,Roast bread,23.0,Meal,7,1,1,No,No,30.0,9.0,21.0,25.0,7.0,22.0,16.571428571428573,14.928571428571429,9.829498848824766,8.222523342009438,17.0,15.0,21.0,-12.0,22.8
2026-03-07,Saturday,3,10,Yes,Rainy,No,start,No,No,Rolls,47.0,Snack,7,1,1,No,No,66.0,80.0,48.0,80.0,76.0,65.0,54.714285714285715,51.785714285714285,28.182230132445095,26.96772592856585,66.0,58.0,-14.0,32.0,68.4
2026-03-07,Saturday,3,10,Yes,Rainy,No,start,No,No,Roti,9.0,Meal,7,1,1,No,No,22.0,23.0,8.0,21.0,23.0,16.0,14.285714285714286,12.714285714285714,8.097618697581934,7.140659002431849,15.0,13.5,-1.0,15.0,20.9
2026-03-07,Saturday,3,10,Yes,Rainy,No,start,No,No,Soft drinks,10.0,Cold Beverage,7,1,1,No,No,45.0,28.0,11.0,28.0,25.0,38.0,29.285714285714285,26.642857142857142,14.693698033672858,14.25378299506239,29.0,27.5,17.0,17.0,36.5
2026-03-07,Saturday,3,10,Yes,Rainy,No,start,No,No,String Hoppers,101.0,Meal,7,1,1,No,No,67.0,74.0,114.0,34.0,56.0,77.0,73.28571428571429,69.28571428571429,10.209705932988303,29.647748835097296,70.0,70.0,-7.0,-40.0,73.8
2026-03-07,Saturday,3,10,Yes,Rainy,No,start,No,No,Tea,17.0,Hot Beverage,7,1,1,No,No,23.0,27.0,19.0,24.0,26.0,27.0,21.0,19.642857142857142,11.195237082497776,10.157279639270032,23.0,20.5,-4.0,8.0,23.799999999999997
2026-03-07,Saturday,3,10,Yes,Rainy,No,start,No,No,Ulundu Wade,46.0,Snack,7,1,1,No,No,65.0,69.0,51.0,79.0,50.0,68.33333333333333,54.142857142857146,51.285714285714285,29.560269346024622,25.9153312848668,60.0,55.5,-4.0,18.0,64.8
2026-03-07,Saturday,3,10,Yes,Rainy,No,start,No,No,Vegitable Roti,12.0,Meal,7,1,1,No,No,38.0,19.0,14.0,22.0,20.0,25.0,17.285714285714285,16.714285714285715,11.65781977493055,8.615090261847527,18.0,18.0,19.0,5.0,29.9
2026-03-07,Saturday,3,10,Yes,Rainy,No,start,No,No,Watter Bottle,2.0,Cold Beverage,7,1,1,No,No,1.0,3.0,2.0,3.0,3.0,5.333333333333333,3.857142857142857,3.7142857142857144,3.078342163598855,2.757606861827043,3.0,3.5,-2.0,1.0,1.7
2026-03-08,Sunday,3,10,Yes,Hot,No,start,No,No,Bread,4.0,Meal,8,1,2,No,No,2.0,1.5,2.5,4.0,2.5,1.6666666666666667,1.6428571428571428,1.75,1.0293317295817748,1.3265049508446554,1.5,1.5,0.5,-1.0,1.9
2026-03-08,Sunday,3,10,Yes,Hot,No,start,No,No,Breakfast,14.5,Meal,8,1,2,No,No,16.5,14.5,14.0,14.0,0.0,14.5,12.5,11.928571428571429,2.857738033247038,4.726590667770939,13.0,12.0,2.0,0.5,15.65
2026-03-08,Sunday,3,10,Yes,Hot,No,start,No,No,Bulath vita,22.0,Other,8,1,2,No,No,20.0,22.0,17.0,23.0,4.0,19.666666666666668,18.571428571428573,21.214285714285715,5.159365040297853,15.059771024046261,20.0,19.0,-2.0,5.0,20.3
2026-03-08,Sunday,3,10,Yes,Hot,No,start,No,No,Chicken Curry,0.0,Meal,8,1,2,No,No,7.0,0.0,4.0,0.0,2.0,5.0,2.4285714285714284,2.642857142857143,3.2071349029490928,2.898464921488425,1.0,2.0,7.0,-4.0,4.6000000000000005
2026-03-08,Sunday,3,10,Yes,Hot,No,start,No,No,Cigarette,83.0,Other,8,1,2,No,No,32.0,41.0,31.0,61.0,39.0,39.666666666666664,39.857142857142854,38.57142857142857,5.429197958832444,16.625810729633077,39.0,39.0,-9.0,10.0,34.6
2026-03-08,Sunday,3,10,Yes,Hot,No,start,No,No,Dal Curry,11.0,Meal,8,1,2,No,No,6.0,9.0,8.0,9.0,5.0,6.333333333333333,7.857142857142857,10.0,2.267786838055372,11.555884281977802,7.0,6.5,-3.0,1.0,7.099999999999999
2026-03-08,Sunday,3,10,Yes,Hot,No,start,No,No,Egg Rotti,78.0,Meal,8,1,2,No,No,38.0,45.0,52.0,84.0,53.0,51.666666666666664,41.285714285714285,47.357142857142854,21.0532205431401,19.337516915042627,45.0,54.0,-7.0,-7.0,41.5
2026-03-08,Sunday,3,10,Yes,Hot,No,start,No,No,Hoppers,41.0,Meal,8,1,2,No,No,34.0,15.0,35.0,39.0,21.0,35.333333333333336,23.428571428571427,26.071428571428573,13.61196952265592,15.808781813206933,25.0,28.5,19.0,-20.0,28.4
2026-03-08,Sunday,3,10,Yes,Hot,No,start,No,No,Kahata,21.0,Hot Beverage,8,1,2,No,No,21.0,17.0,20.0,17.0,16.0,26.666666666666668,24.428571428571427,21.571428571428573,4.961758520831875,10.434515843062423,23.0,22.5,4.0,-3.0,19.7
2026-03-08,Sunday,3,10,Yes,Hot,No,start,No,No,Plain Tea,69.0,Hot Beverage,8,1,2,No,No,84.0,65.0,68.0,69.0,60.5,89.83333333333333,72.42857142857143,73.10714285714286,34.29094702132109,36.884006629634825,84.0,81.25,19.0,-3.0,76.7
2026-03-08,Sunday,3,10,Yes,Hot,No,start,No,No,Roast bread,43.0,Meal,8,1,2,No,No,23.0,17.0,14.0,49.0,19.0,23.0,18.571428571428573,15.071428571428571,9.44911182523067,8.35246887235961,20.0,15.0,6.0,3.0,20.299999999999997
2026-03-08,Sunday,3,10,Yes,Hot,No,start,No,No,Rolls,96.0,Snack,8,1,2,No,No,47.0,68.0,79.0,85.0,102.0,64.0,50.0,51.714285714285715,25.916532689900247,26.97984595790141,50.0,58.0,-21.0,-11.0,56.49999999999999
2026-03-08,Sunday,3,10,Yes,Hot,No,start,No,No,Roti,6.0,Meal,8,1,2,No,No,9.0,14.0,13.0,7.0,8.0,16.333333333333332,12.285714285714286,12.785714285714286,7.2735659689564836,7.094727960617296,14.0,13.5,-5.0,1.0,10.9
2026-03-08,Sunday,3,10,Yes,Hot,No,start,No,No,Soft drinks,42.0,Cold Beverage,8,1,2,No,No,10.0,34.0,38.0,37.0,30.0,32.333333333333336,26.714285714285715,26.571428571428573,16.428778466604314,14.340444611250788,29.0,27.5,-24.0,-4.0,20.0
2026-03-08,Sunday,3,10,Yes,Hot,No,start,No,No,String Hoppers,55.0,Meal,8,1,2,No,No,101.0,70.0,82.0,52.0,24.0,87.33333333333333,77.14285714285714,68.35714285714286,14.656381675213193,28.31310417689785,70.0,70.0,31.0,-12.0,89.8
2026-03-08,Sunday,3,10,Yes,Hot,No,start,No,No,Tea,39.0,Hot Beverage,8,1,2,No,No,17.0,24.0,26.0,34.0,19.0,25.333333333333332,19.571428571428573,19.5,10.937049310442351,10.181053292947936,22.0,20.5,-7.0,-2.0,20.0
2026-03-08,Sunday,3,10,Yes,Hot,No,start,No,No,Ulundu Wade,103.0,Snack,8,1,2,No,No,46.0,60.0,63.0,104.0,68.0,69.0,50.857142857142854,50.92857142857143,28.90460500467338,25.953995648259834,46.0,54.0,-14.0,-3.0,51.89999999999999
2026-03-08,Sunday,3,10,Yes,Hot,No,start,No,No,Vegitable Roti,27.0,Meal,8,1,2,No,No,12.0,18.0,20.0,30.0,13.0,23.666666666666668,16.285714285714285,16.571428571428573,11.785786435565587,8.679899731025653,16.0,18.0,-6.0,-2.0,14.599999999999998
2026-03-08,Sunday,3,10,Yes,Hot,No,start,No,No,Watter Bottle,11.0,Cold Beverage,8,1,2,No,No,2.0,3.0,4.0,10.0,10.0,3.0,3.7142857142857144,3.7142857142857144,3.1471831698777732,2.757606861827043,3.0,3.5,-1.0,-1.0,2.4999999999999996
2026-03-09,Monday,3,11,No,Cloudy,No,start,No,No,Bread,0.0,Meal,9,1,2,No,No,4.0,0.0,0.0,0.0,0.5,2.5,2.0,1.8571428571428572,1.3540064007726595,1.4468609447374654,1.5,1.5,4.0,0.0,2.4
2026-03-09,Monday,3,11,No,Cloudy,No,start,No,No,Breakfast,0.0,Meal,9,1,2,No,No,14.5,8.0,0.0,0.0,10.5,15.0,12.5,11.964285714285714,2.857738033247038,4.745298425057916,13.0,12.0,6.5,8.0,11.1
2026-03-09,Monday,3,11,No,Cloudy,No,start,No,No,Bulath vita,0.0,Other,9,1,2,No,No,22.0,12.0,0.0,0.0,20.0,18.666666666666668,18.571428571428573,21.571428571428573,5.159365040297853,15.011351016502791,20.0,19.5,10.0,12.0,16.799999999999997
2026-03-09,Monday,3,11,No,Cloudy,No,start,No,No,Chicken Curry,0.0,Meal,9,1,2,No,No,0.0,0.0,2.0,0.0,3.0,2.6666666666666665,2.4285714285714284,2.357142857142857,3.2071349029490928,2.9510661139308976,1.0,1.5,0.0,-2.0,0.2
2026-03-09,Monday,3,11,No,Cloudy,No,start,No,No,Cigarette,0.0,Other,9,1,2,No,No,83.0,39.0,0.0,0.0,24.0,50.666666666666664,45.857142857142854,42.285714285714285,17.247498093236295,20.22347672852053,39.0,40.0,44.0,39.0,61.5
2026-03-09,Monday,3,11,No,Cloudy,No,start,No,No,Dal Curry,0.0,Meal,9,1,2,No,No,11.0,6.0,0.0,0.0,7.0,8.0,8.142857142857142,10.214285714285714,2.544836041121415,11.543753365272572,7.0,6.5,5.0,6.0,8.399999999999999
2026-03-09,Monday,3,11,No,Cloudy,No,start,No,No,Egg Rotti,0.0,Meal,9,1,2,No,No,78.0,0.0,40.0,51.0,51.0,57.666666666666664,46.0,49.214285714285715,25.291632344842185,20.995159044329778,57.0,56.0,78.0,-40.0,50.8
2026-03-09,Monday,3,11,No,Cloudy,No,start,No,No,Hoppers,0.0,Meal,9,1,2,No,No,41.0,0.0,0.0,0.0,14.0,35.666666666666664,27.142857142857142,26.5,14.450243036347981,16.14715978835811,32.0,28.5,41.0,0.0,24.599999999999998
2026-03-09,Monday,3,11,No,Cloudy,No,start,No,No,Kahata,0.0,Hot Beverage,9,1,2,No,No,21.0,22.0,0.0,0.0,33.0,24.0,25.0,21.642857142857142,4.123105625617673,10.42635080978916,23.0,22.5,-1.0,22.0,19.2
2026-03-09,Monday,3,11,No,Cloudy,No,start,No,No,Plain Tea,0.0,Hot Beverage,9,1,2,No,No,69.0,0.0,0.0,0.0,56.5,86.66666666666667,73.0,73.17857142857143,34.17967232142523,36.87432249331044,84.0,81.25,69.0,0.0,41.4
2026-03-09,Monday,3,11,No,Cloudy,No,start,No,No,Roast bread,0.0,Meal,9,1,2,No,No,43.0,0.0,0.0,0.0,14.0,32.0,22.285714285714285,17.142857142857142,13.123951205261891,11.182796835092061,23.0,16.5,43.0,0.0,25.8
2026-03-09,Monday,3,11,No,Cloudy,No,start,No,No,Rolls,56.0,Snack,9,1,2,No,No,96.0,0.0,0.0,0.0,37.0,69.66666666666667,54.0,52.92857142857143,30.84909507046629,28.63420301697925,50.0,58.0,96.0,0.0,57.599999999999994
2026-03-09,Monday,3,11,No,Cloudy,No,start,No,No,Roti,0.0,Meal,9,1,2,No,No,6.0,0.0,0.0,0.0,9.0,12.333333333333334,11.142857142857142,12.285714285714286,7.581305327988739,7.321502277838587,9.0,12.5,6.0,0.0,3.5999999999999996
2026-03-09,Monday,3,11,No,Cloudy,No,start,No,No,Soft drinks,0.0,Cold Beverage,9,1,2,No,No,42.0,0.0,0.0,14.0,22.0,32.333333333333336,27.857142857142858,26.857142857142858,17.276463482906163,14.622728056835903,29.0,27.5,42.0,0.0,25.2
2026-03-09,Monday,3,11,No,Cloudy,No,start,No,No,String Hoppers,66.0,Meal,9,1,2,No,No,55.0,62.0,0.0,69.0,127.0,74.33333333333333,75.0,66.42857142857143,16.812693617224696,28.23177229705868,70.0,70.0,-7.0,62.0,51.599999999999994
2026-03-09,Monday,3,11,No,Cloudy,No,start,No,No,Tea,0.0,Hot Beverage,9,1,2,No,No,39.0,0.0,0.0,0.0,17.0,26.333333333333332,21.714285714285715,20.428571428571427,13.18729547347605,11.345716139815707,22.0,20.5,39.0,0.0,23.4
2026-03-09,Monday,3,11,No,Cloudy,No,start,No,No,Ulundu Wade,0.0,Snack,9,1,2,No,No,103.0,0.0,0.0,0.0,67.0,71.33333333333333,57.0,53.785714285714285,35.080858978460974,29.362924218839627,46.0,54.0,103.0,0.0,61.8
2026-03-09,Monday,3,11,No,Cloudy,No,start,No,No,Vegitable Roti,11.0,Meal,9,1,2,No,No,27.0,0.0,18.0,12.0,14.0,25.666666666666668,17.571428571428573,17.071428571428573,12.474736374731433,9.084765656469457,16.0,18.0,27.0,-18.0,18.0
2026-03-09,Monday,3,11,No,Cloudy,No,start,No,No,Watter Bottle,0.0,Cold Beverage,9,1,2,No,No,11.0,0.0,0.0,0.0,7.0,4.666666666666667,4.857142857142857,4.214285714285714,4.140393356054126,3.3781781942472935,5.0,4.0,11.0,0.0,6.6
2026-03-10,Tuesday,3,11,No,Hot,No,start,No,No,Bread,2.0,Meal,10,1,2,No,No,0.0,1.5,1.0,2.0,1.0,2.0,2.0,1.8571428571428572,1.3540064007726595,1.4468609447374654,1.5,1.5,-1.5,0.5,0.5499999999999999
2026-03-10,Tuesday,3,11,No,Hot,No,start,No,No,Breakfast,15.0,Meal,10,1,2,No,No,0.0,10.5,8.5,13.0,10.0,10.333333333333334,11.357142857142858,11.964285714285714,5.413827094535234,4.745298425057916,13.0,12.0,-10.5,2.0,4.0
2026-03-10,Tuesday,3,11,No,Hot,No,start,No,No,Bulath vita,14.0,Other,10,1,2,No,No,0.0,23.0,16.0,14.0,16.0,14.0,16.857142857142858,21.571428571428573,8.57182538764005,15.011351016502791,20.0,19.5,-23.0,7.0,8.5
2026-03-10,Tuesday,3,11,No,Hot,No,start,No,No,Chicken Curry,5.0,Meal,10,1,2,No,No,0.0,0.0,0.0,5.0,0.0,2.3333333333333335,2.4285714285714284,2.2142857142857144,3.2071349029490928,3.0173491021748884,1.0,0.5,0.0,0.0,0.0
2026-03-10,Tuesday,3,11,No,Hot,No,start,No,No,Cigarette,36.0,Other,10,1,2,No,No,0.0,41.0,29.0,39.0,36.0,38.333333333333336,40.285714285714285,42.285714285714285,24.57447378693513,20.22347672852053,39.0,40.0,-41.0,12.0,15.2
2026-03-10,Tuesday,3,11,No,Hot,No,start,No,No,Dal Curry,8.0,Meal,10,1,2,No,No,0.0,9.0,6.0,9.0,8.0,5.666666666666667,7.285714285714286,10.214285714285714,3.9880774697543107,11.543753365272572,7.0,6.5,-9.0,3.0,3.3
2026-03-10,Tuesday,3,11,No,Hot,No,start,No,No,Egg Rotti,53.0,Meal,10,1,2,No,No,0.0,32.0,30.0,42.0,30.0,38.666666666666664,46.0,46.357142857142854,25.291632344842185,24.734302381221784,57.0,56.0,-32.0,2.0,12.6
2026-03-10,Tuesday,3,11,No,Hot,No,start,No,No,Hoppers,49.0,Meal,10,1,2,No,No,0.0,25.0,25.0,41.0,24.0,25.0,27.142857142857142,26.5,14.450243036347981,16.14715978835811,32.0,28.5,-25.0,0.0,10.0
2026-03-10,Tuesday,3,11,No,Hot,No,start,No,No,Kahata,24.0,Hot Beverage,10,1,2,No,No,0.0,29.0,32.0,24.0,30.0,14.0,21.857142857142858,21.642857142857142,10.39917579151623,10.42635080978916,23.0,22.5,-29.0,-3.0,11.899999999999999
2026-03-10,Tuesday,3,11,No,Hot,No,start,No,No,Plain Tea,79.5,Hot Beverage,10,1,2,No,No,0.0,88.0,70.0,62.0,73.0,51.0,73.0,73.17857142857143,34.17967232142523,36.87432249331044,84.0,81.25,-88.0,18.0,33.4
2026-03-10,Tuesday,3,11,No,Hot,No,start,No,No,Roast bread,21.0,Meal,10,1,2,No,No,0.0,24.0,18.0,20.0,15.0,22.0,22.285714285714285,17.142857142857142,13.123951205261891,11.182796835092061,23.0,16.5,-24.0,6.0,9.0
2026-03-10,Tuesday,3,11,No,Hot,No,start,No,No,Rolls,50.0,Snack,10,1,2,No,No,56.0,40.0,32.0,51.0,35.0,66.33333333333333,62.0,56.92857142857143,19.790570145063196,24.2470118245029,56.0,61.0,16.0,8.0,48.800000000000004
2026-03-10,Tuesday,3,11,No,Hot,No,start,No,No,Roti,3.0,Meal,10,1,2,No,No,0.0,15.0,10.0,4.0,13.0,5.0,11.142857142857142,12.285714285714286,7.581305327988739,7.321502277838587,9.0,12.5,-15.0,5.0,5.5
2026-03-10,Tuesday,3,11,No,Hot,No,start,No,No,Soft drinks,31.0,Cold Beverage,10,1,2,No,No,0.0,29.0,27.0,28.0,30.0,17.333333333333332,27.857142857142858,26.857142857142858,17.276463482906163,14.622728056835903,29.0,27.5,-29.0,2.0,11.399999999999999
2026-03-10,Tuesday,3,11,No,Hot,No,start,No,No,String Hoppers,101.0,Meal,10,1,2,No,No,66.0,76.0,60.0,80.0,72.0,74.0,75.57142857142857,71.14285714285714,16.359066220877306,20.824752811746198,70.0,70.0,-10.0,16.0,68.4
2026-03-10,Tuesday,3,11,No,Hot,No,start,No,No,Tea,30.0,Hot Beverage,10,1,2,No,No,0.0,15.0,16.0,20.0,14.0,18.666666666666668,21.714285714285715,20.428571428571427,13.18729547347605,11.345716139815707,22.0,20.5,-15.0,-1.0,6.1
2026-03-10,Tuesday,3,11,No,Hot,No,start,No,No,Ulundu Wade,57.0,Snack,10,1,2,No,No,0.0,45.0,42.0,47.0,41.0,49.666666666666664,57.0,53.785714285714285,35.080858978460974,29.362924218839627,46.0,54.0,-45.0,3.0,17.7
2026-03-10,Tuesday,3,11,No,Hot,No,start,No,No,Vegitable Roti,14.0,Meal,10,1,2,No,No,11.0,9.0,8.0,14.0,8.0,16.666666666666668,19.142857142857142,16.571428571428573,10.41519037157701,9.221332172358117,16.0,17.0,2.0,1.0,10.1
2026-03-10,Tuesday,3,11,No,Hot,No,start,No,No,Watter Bottle,0.0,Cold Beverage,10,1,2,No,No,0.0,5.0,5.0,0.0,5.0,4.333333333333333,4.857142857142857,4.214285714285714,4.140393356054126,3.3781781942472935,5.0,4.0,-5.0,0.0,2.0
2026-03-11,Wednesday,3,11,No,Hot,No,middle,No,No,Bread,2.0,Meal,11,1,2,No,No,2.0,3.5,5.0,2.0,2.5,2.0,2.0714285714285716,1.9285714285714286,1.3363062095621216,1.4258215291427714,2.0,1.5,-1.5,-1.5,2.75
2026-03-11,Wednesday,3,11,No,Hot,No,middle,No,No,Breakfast,15.5,Meal,11,1,2,No,No,15.0,11.0,15.5,10.5,14.5,9.833333333333334,12.0,12.428571428571429,5.560275772537425,4.698023900687241,14.0,13.5,4.0,-4.5,13.850000000000001
2026-03-11,Wednesday,3,11,No,Hot,No,middle,No,No,Bulath vita,7.0,Other,11,1,2,No,No,14.0,14.0,68.0,18.0,7.0,12.0,15.571428571428571,21.428571428571427,8.162049229148744,15.07782011235906,14.0,19.5,0.0,-54.0,19.400000000000002
2026-03-11,Wednesday,3,11,No,Hot,No,middle,No,No,Chicken Curry,3.0,Meal,11,1,2,No,No,5.0,2.0,0.0,4.0,3.0,1.6666666666666667,3.142857142857143,2.5714285714285716,3.1320159337914952,3.030975616334316,2.0,1.5,3.0,2.0,3.6
2026-03-11,Wednesday,3,11,No,Hot,No,middle,No,No,Cigarette,35.0,Other,11,1,2,No,No,36.0,39.0,77.0,46.0,37.0,39.666666666666664,39.57142857142857,42.785714285714285,24.622869741070275,19.95448116793116,37.0,40.0,-3.0,-38.0,41.0
2026-03-11,Wednesday,3,11,No,Hot,No,middle,No,No,Dal Curry,10.0,Meal,11,1,2,No,No,8.0,12.0,10.0,7.0,8.0,6.333333333333333,7.142857142857143,10.357142857142858,3.9339789623472208,11.499880553608062,7.0,7.5,-4.0,2.0,9.399999999999999
2026-03-11,Wednesday,3,11,No,Hot,No,middle,No,No,Egg Rotti,41.0,Meal,11,1,2,No,No,53.0,57.0,56.0,52.0,48.0,43.666666666666664,49.0,48.0,24.589970855343992,24.32472626140543,57.0,56.0,-4.0,1.0,54.49999999999999
2026-03-11,Wednesday,3,11,No,Hot,No,middle,No,No,Hoppers,18.0,Meal,11,1,2,No,No,49.0,18.0,50.0,28.0,23.0,30.0,30.571428571428573,28.214285714285715,16.551506908809863,17.214388308480924,34.0,33.0,31.0,-32.0,39.8
2026-03-11,Wednesday,3,11,No,Hot,No,middle,No,No,Kahata,25.0,Hot Beverage,11,1,2,No,No,24.0,23.0,1.0,33.0,27.0,15.0,21.142857142857142,21.071428571428573,9.990471651004466,10.026612939221643,23.0,22.5,1.0,22.0,21.4
2026-03-11,Wednesday,3,11,No,Hot,No,middle,No,No,Plain Tea,61.0,Hot Beverage,11,1,2,No,No,79.5,84.5,143.0,102.5,60.0,49.5,71.78571428571429,73.85714285714286,33.70565870252992,36.898732817218594,79.5,81.75,-5.0,-58.5,87.35
2026-03-11,Wednesday,3,11,No,Hot,No,middle,No,No,Roast bread,22.0,Meal,11,1,2,No,No,21.0,20.0,12.0,22.0,16.0,21.333333333333332,21.857142857142858,17.357142857142858,13.107613200332226,11.229132049869508,21.0,16.5,1.0,8.0,19.8
2026-03-11,Wednesday,3,11,No,Hot,No,middle,No,No,Rolls,87.0,Snack,11,1,2,No,No,50.0,50.0,42.0,56.0,81.0,67.33333333333333,63.42857142857143,58.214285714285715,18.237846572965996,23.281483469218053,56.0,61.0,0.0,8.0,49.2
2026-03-11,Wednesday,3,11,No,Hot,No,middle,No,No,Roti,14.0,Meal,11,1,2,No,No,3.0,8.0,19.0,24.0,16.0,3.0,9.428571428571429,11.785714285714286,7.913219801006893,7.717896997624035,8.0,12.5,-5.0,-11.0,6.1
2026-03-11,Wednesday,3,11,No,Hot,No,middle,No,No,Soft drinks,34.0,Cold Beverage,11,1,2,No,No,31.0,27.0,27.0,50.0,30.0,24.333333333333332,28.142857142857142,27.142857142857142,17.315008628629776,14.664751789748953,31.0,28.5,4.0,0.0,29.399999999999995
2026-03-11,Wednesday,3,11,No,Hot,No,middle,No,No,String Hoppers,160.0,Meal,11,1,2,No,No,101.0,70.0,70.0,125.0,169.0,74.0,79.14285714285714,74.07142857142857,18.986210534916957,21.987633887165867,70.0,70.0,31.0,0.0,88.6
2026-03-11,Wednesday,3,11,No,Hot,No,middle,No,No,Tea,19.0,Hot Beverage,11,1,2,No,No,30.0,22.0,17.0,22.0,20.0,23.0,23.857142857142858,21.428571428571427,13.133019092203844,11.5406591313847,23.0,22.5,8.0,5.0,26.3
2026-03-11,Wednesday,3,11,No,Hot,No,middle,No,No,Ulundu Wade,36.0,Snack,11,1,2,No,No,57.0,44.0,48.0,61.0,28.0,53.333333333333336,58.714285714285715,54.857142857142854,34.68772254325866,29.172846022542007,57.0,58.5,13.0,-4.0,52.19999999999999
2026-03-11,Wednesday,3,11,No,Hot,No,middle,No,No,Vegitable Roti,19.0,Meal,11,1,2,No,No,14.0,16.0,20.0,28.0,22.0,17.333333333333332,19.857142857142858,17.0,9.754120008635178,8.927054816248614,16.0,17.0,-2.0,-4.0,15.2
2026-03-11,Wednesday,3,11,No,Hot,No,middle,No,No,Watter Bottle,7.0,Cold Beverage,11,1,2,No,No,0.0,9.0,7.0,10.0,5.0,3.6666666666666665,4.142857142857143,3.857142857142857,4.525062483125563,3.548719007389368,2.0,3.0,-9.0,2.0,3.4
2026-03-12,Thursday,3,11,No,Hot,No,middle,No,No,Bread,2.0,Meal,12,1,2,No,No,2.0,1.5,1.0,2.5,2.0,1.3333333333333333,1.8571428571428572,1.7142857142857142,1.1801936887041642,1.121713759495601,2.0,1.5,0.5,0.5,1.75
2026-03-12,Thursday,3,11,No,Hot,No,middle,No,No,Breakfast,16.5,Meal,12,1,2,No,No,15.5,13.0,11.0,15.5,11.0,10.166666666666666,12.642857142857142,12.428571428571429,5.684146709007764,4.698023900687241,14.5,13.5,2.5,2.0,14.299999999999999
2026-03-12,Thursday,3,11,No,Hot,No,middle,No,No,Bulath vita,33.0,Other,12,1,2,No,No,7.0,25.0,19.0,30.0,12.0,7.0,14.571428571428571,17.071428571428573,8.791229395580249,7.4880857748444996,14.0,19.0,-18.0,6.0,13.6
2026-03-12,Thursday,3,11,No,Hot,No,middle,No,No,Chicken Curry,4.0,Meal,12,1,2,No,No,3.0,7.0,8.0,3.0,6.0,2.6666666666666665,3.2857142857142856,2.7857142857142856,3.0937725468153885,2.939873661036668,3.0,2.0,-4.0,-1.0,4.7
2026-03-12,Thursday,3,11,No,Hot,No,middle,No,No,Cigarette,44.0,Other,12,1,2,No,No,35.0,50.0,47.0,42.0,29.0,23.666666666666668,39.0,39.785714285714285,24.684678108764825,17.409893612667357,36.0,39.0,-15.0,3.0,40.7
2026-03-12,Thursday,3,11,No,Hot,No,middle,No,No,Dal Curry,9.0,Meal,12,1,2,No,No,10.0,6.0,6.0,10.0,9.0,6.0,6.857142857142857,10.357142857142858,3.5790395093549683,11.499880553608062,7.0,7.5,4.0,0.0,8.4
2026-03-12,Thursday,3,11,No,Hot,No,middle,No,No,Egg Rotti,59.0,Meal,12,1,2,No,No,41.0,60.0,56.0,57.0,26.0,31.333333333333332,46.714285714285715,46.92857142857143,24.465719457465973,24.275547322402375,53.0,54.5,-19.0,4.0,48.199999999999996
2026-03-12,Thursday,3,11,No,Hot,No,middle,No,No,Hoppers,17.0,Meal,12,1,2,No,No,18.0,40.0,38.0,10.0,10.0,22.333333333333332,30.571428571428573,25.928571428571427,16.551506908809863,16.193371320551954,34.0,28.5,-22.0,2.0,26.599999999999998
2026-03-12,Thursday,3,11,No,Hot,No,middle,No,No,Kahata,29.0,Hot Beverage,12,1,2,No,No,25.0,29.0,30.0,31.0,29.0,16.333333333333332,21.428571428571427,22.785714285714285,10.080627342534179,8.219850002642014,24.0,23.5,-4.0,-1.0,26.7
2026-03-12,Thursday,3,11,No,Hot,No,middle,No,No,Plain Tea,105.0,Hot Beverage,12,1,2,No,No,61.0,78.5,86.0,106.0,88.0,46.833333333333336,68.42857142857143,68.0,33.39714130908587,31.137412569744182,78.5,79.0,-17.5,-7.5,68.75
2026-03-12,Thursday,3,11,No,Hot,No,middle,No,No,Roast bread,25.0,Meal,12,1,2,No,No,22.0,16.0,14.0,22.0,18.0,14.333333333333334,22.142857142857142,18.071428571428573,13.082157969649234,11.18009416304288,22.0,18.5,6.0,2.0,19.4
2026-03-12,Thursday,3,11,No,Hot,No,middle,No,No,Rolls,40.0,Snack,12,1,2,No,No,87.0,79.0,72.0,40.0,45.0,64.33333333333333,68.71428571428571,61.42857142857143,19.041308478448318,23.96701029368459,66.0,67.0,8.0,7.0,83.1
2026-03-12,Thursday,3,11,No,Hot,No,middle,No,No,Roti,16.0,Meal,12,1,2,No,No,14.0,18.0,17.0,17.0,5.0,5.666666666666667,10.285714285714286,11.428571428571429,8.056349167256956,7.47008686711191,9.0,12.5,-4.0,1.0,15.5
2026-03-12,Thursday,3,11,No,Hot,No,middle,No,No,Soft drinks,36.0,Cold Beverage,12,1,2,No,No,34.0,42.0,41.0,37.0,21.0,21.666666666666668,29.142857142857142,27.642857142857142,17.439692002522776,14.778399740875159,34.0,30.0,-8.0,1.0,37.1
2026-03-12,Thursday,3,11,No,Hot,No,middle,No,No,String Hoppers,179.0,Meal,12,1,2,No,No,160.0,94.0,108.0,174.0,106.0,109.0,92.0,80.5,35.260932110954386,31.7120457579426,94.0,72.0,66.0,-14.0,135.0
2026-03-12,Thursday,3,11,No,Hot,No,middle,No,No,Tea,28.0,Hot Beverage,12,1,2,No,No,19.0,36.0,31.0,25.0,16.0,16.333333333333332,23.428571428571427,21.571428571428573,13.252133700617716,11.493906651347487,23.0,22.5,-17.0,5.0,25.3
2026-03-12,Thursday,3,11,No,Hot,No,middle,No,No,Ulundu Wade,94.0,Snack,12,1,2,No,No,36.0,96.0,72.0,94.0,71.0,31.0,57.57142857142857,54.0,35.37822844093592,29.563490998188964,57.0,58.5,-60.0,24.0,57.599999999999994
2026-03-12,Thursday,3,11,No,Hot,No,middle,No,No,Vegitable Roti,36.0,Meal,12,1,2,No,No,19.0,21.0,21.0,36.0,19.0,14.666666666666666,20.285714285714285,16.928571428571427,9.621404708847278,8.905178145449852,19.0,17.0,-2.0,0.0,19.8
2026-03-12,Thursday,3,11,No,Hot,No,middle,No,No,Watter Bottle,7.0,Cold Beverage,12,1,2,No,No,7.0,6.0,6.0,6.0,1.0,2.3333333333333335,3.857142857142857,3.857142857142857,4.220133150686577,3.548719007389368,2.0,3.0,1.0,0.0,6.6
2026-03-13,Friday,3,11,No,Hot,No,middle,No,No,Bread,2.5,Meal,13,1,2,No,No,2.0,1.5,2.5,4.5,1.5,2.0,1.9285714285714286,1.7857142857142858,1.170063083362439,1.1044366074067886,2.0,1.75,0.5,-1.0,1.9
2026-03-13,Friday,3,11,No,Hot,No,middle,No,No,Breakfast,12.0,Meal,13,1,2,No,No,16.5,14.0,10.5,8.5,12.5,15.666666666666666,13.142857142857142,12.821428571428571,5.871642911161274,4.798265483312865,15.0,14.25,2.5,3.5,15.150000000000002
2026-03-13,Friday,3,11,No,Hot,No,middle,No,No,Bulath vita,16.0,Other,13,1,2,No,No,33.0,14.0,19.0,17.0,19.0,18.0,15.714285714285714,18.071428571428573,10.688222267435087,8.615409144392082,14.0,19.5,19.0,-5.0,25.9
2026-03-13,Friday,3,11,No,Hot,No,middle,No,No,Chicken Curry,3.0,Meal,13,1,2,No,No,4.0,1.0,4.0,4.0,0.0,4.0,2.857142857142857,2.5,2.6726124191242446,2.564551242795331,3.0,2.0,3.0,-3.0,3.0999999999999996
2026-03-13,Friday,3,11,No,Hot,No,middle,No,No,Cigarette,28.0,Other,13,1,2,No,No,44.0,37.0,28.0,28.0,60.0,38.333333333333336,38.142857142857146,39.57142857142857,24.340833808154365,17.33255844985334,36.0,39.0,7.0,9.0,40.3
2026-03-13,Friday,3,11,No,Hot,No,middle,No,No,Dal Curry,52.0,Meal,13,1,2,No,No,9.0,7.0,49.0,10.0,5.0,9.0,7.285714285714286,10.571428571428571,3.6384193323605896,11.440241294619664,8.0,8.5,2.0,-42.0,12.4
2026-03-13,Friday,3,11,No,Hot,No,middle,No,No,Egg Rotti,35.0,Meal,13,1,2,No,No,59.0,57.0,56.0,61.0,52.0,51.0,46.57142857142857,47.142857142857146,24.377976008801774,24.374820371273863,53.0,54.5,2.0,1.0,58.1
2026-03-13,Friday,3,11,No,Hot,No,middle,No,No,Hoppers,8.0,Meal,13,1,2,No,No,17.0,32.0,9.0,23.0,58.0,28.0,27.285714285714285,24.428571428571427,16.650468318882048,15.96011512255706,32.0,21.5,-15.0,23.0,20.699999999999996
2026-03-13,Friday,3,11,No,Hot,No,middle,No,No,Kahata,26.0,Hot Beverage,13,1,2,No,No,29.0,30.0,32.0,27.0,32.0,26.0,21.428571428571427,22.714285714285715,10.080627342534179,8.156437489950644,24.0,23.5,-1.0,-2.0,29.599999999999998
2026-03-13,Friday,3,11,No,Hot,No,middle,No,No,Plain Tea,71.0,Hot Beverage,13,1,2,No,No,105.0,107.0,65.0,78.0,94.5,81.83333333333333,72.21428571428571,69.35714285714286,36.12000500975552,32.371894606889505,79.5,79.0,-2.0,42.0,101.6
2026-03-13,Friday,3,11,No,Hot,No,middle,No,No,Roast bread,12.0,Meal,13,1,2,No,No,25.0,30.0,14.0,18.0,27.0,22.666666666666668,23.428571428571427,18.857142857142858,12.817398889233107,11.258208238758632,23.0,20.5,-5.0,16.0,25.4
2026-03-13,Friday,3,11,No,Hot,No,middle,No,No,Rolls,65.0,Snack,13,1,2,No,No,40.0,66.0,69.0,66.0,83.0,59.0,63.142857142857146,59.142857142857146,21.122094052031322,24.403206418757442,56.0,61.0,-26.0,-3.0,50.699999999999996
2026-03-13,Friday,3,11,No,Hot,No,middle,No,No,Roti,9.0,Meal,13,1,2,No,No,16.0,22.0,11.0,8.0,10.0,11.0,10.0,11.357142857142858,7.767453465154026,7.417309722297131,9.0,12.5,-6.0,11.0,17.3
2026-03-13,Friday,3,11,No,Hot,No,middle,No,No,Soft drinks,22.0,Cold Beverage,13,1,2,No,No,36.0,45.0,24.0,46.0,44.0,33.666666666666664,28.285714285714285,27.285714285714285,16.839579227861613,14.488343173464933,34.0,30.0,-9.0,21.0,37.49999999999999
2026-03-13,Friday,3,11,No,Hot,No,middle,No,No,String Hoppers,23.0,Meal,13,1,2,No,No,179.0,67.0,23.0,63.0,74.0,146.66666666666666,104.14285714285714,85.57142857142857,48.29226498252963,40.81800938446029,101.0,72.0,112.0,44.0,129.79999999999998
2026-03-13,Friday,3,11,No,Hot,No,middle,No,No,Tea,16.0,Hot Beverage,13,1,2,No,No,28.0,23.0,19.0,21.0,26.0,25.666666666666668,22.285714285714285,21.357142857142858,12.297889869326985,11.3314208685892,23.0,22.5,5.0,4.0,25.599999999999998
2026-03-13,Friday,3,11,No,Hot,No,middle,No,No,Ulundu Wade,82.0,Snack,13,1,2,No,No,94.0,65.0,63.0,66.0,41.0,62.333333333333336,57.285714285714285,55.57142857142857,35.0224417848246,31.136706722042803,57.0,58.5,29.0,2.0,82.2
2026-03-13,Friday,3,11,No,Hot,No,middle,No,No,Vegitable Roti,13.0,Meal,13,1,2,No,No,36.0,38.0,12.0,30.0,34.0,23.0,22.428571428571427,18.0,11.326328367379887,10.235684186669237,19.0,17.0,-2.0,26.0,34.2
2026-03-13,Friday,3,11,No,Hot,No,middle,No,No,Watter Bottle,1.0,Cold Beverage,13,1,2,No,No,7.0,1.0,1.0,5.0,5.0,4.666666666666667,4.0,3.9285714285714284,4.320493798938574,3.604789244117537,2.0,3.0,6.0,0.0,4.6
2026-03-14,Saturday,3,11,Yes,Rainy,No,middle,No,No,Bread,2.0,Meal,14,1,2,No,No,2.5,2.0,1.0,2.0,2.5,2.1666666666666665,2.0714285714285716,1.7857142857142858,1.170063083362439,1.1044366074067886,2.0,1.75,0.5,1.0,2.2
2026-03-14,Saturday,3,11,Yes,Rainy,No,middle,No,No,Breakfast,15.0,Meal,14,1,2,No,No,12.0,16.5,20.0,16.0,11.0,14.666666666666666,12.857142857142858,12.928571428571429,5.871642911161275,4.759028435337579,15.0,14.25,-4.5,-3.5,14.149999999999999
2026-03-14,Saturday,3,11,Yes,Rainy,No,middle,No,No,Bulath vita,21.0,Other,14,1,2,No,No,16.0,20.0,28.0,23.0,30.0,18.666666666666668,16.0,17.857142857142858,10.661457061146317,8.627836370699228,16.0,18.0,-4.0,-8.0,18.4
2026-03-14,Saturday,3,11,Yes,Rainy,No,middle,No,No,Chicken Curry,6.0,Meal,14,1,2,No,No,3.0,7.0,2.0,6.0,1.0,3.3333333333333335,3.142857142857143,2.4285714285714284,2.544836041121408,2.533294775106604,3.0,2.0,-4.0,5.0,4.1
2026-03-14,Saturday,3,11,Yes,Rainy,No,middle,No,No,Cigarette,31.0,Other,14,1,2,No,No,28.0,32.0,49.0,34.0,67.0,35.666666666666664,36.857142857142854,39.57142857142857,24.647032082508243,17.33255844985334,35.0,39.0,-4.0,-17.0,31.299999999999997
2026-03-14,Saturday,3,11,Yes,Rainy,No,middle,No,No,Dal Curry,7.0,Meal,14,1,2,No,No,52.0,6.0,6.0,7.0,8.0,23.666666666666668,13.714285714285714,10.785714285714286,17.269571368105673,12.217129030923832,9.0,8.5,46.0,0.0,33.6
2026-03-14,Saturday,3,11,Yes,Rainy,No,middle,No,No,Egg Rotti,47.0,Meal,14,1,2,No,No,35.0,38.0,84.0,43.0,58.0,45.0,43.42857142857143,45.642857142857146,24.227100135021974,24.433920756122685,41.0,49.0,-3.0,-46.0,40.8
2026-03-14,Saturday,3,11,Yes,Rainy,No,middle,No,No,Hoppers,24.0,Meal,14,1,2,No,No,8.0,34.0,44.0,38.0,45.0,14.333333333333334,23.857142857142858,24.357142857142858,17.939050248257942,16.036531098411825,18.0,21.5,-26.0,-10.0,19.4
2026-03-14,Saturday,3,11,Yes,Rainy,No,middle,No,No,Kahata,23.0,Hot Beverage,14,1,2,No,No,26.0,21.0,16.0,25.0,23.0,26.666666666666668,20.857142857142858,22.285714285714285,9.616454152970864,7.779940393568088,24.0,23.5,5.0,5.0,23.5
2026-03-14,Saturday,3,11,Yes,Rainy,No,middle,No,No,Plain Tea,94.0,Hot Beverage,14,1,2,No,No,71.0,84.0,84.5,84.0,96.5,79.0,67.07142857142857,69.78571428571429,32.74704639534762,32.34948239136157,71.0,79.0,-13.0,-0.5,76.25
2026-03-14,Saturday,3,11,Yes,Rainy,No,middle,No,No,Roast bread,21.0,Meal,14,1,2,No,No,12.0,23.0,9.0,21.0,25.0,19.666666666666668,20.857142857142858,18.714285714285715,13.082157969649234,11.336995745234825,22.0,20.5,-11.0,14.0,14.999999999999998
2026-03-14,Saturday,3,11,Yes,Rainy,No,middle,No,No,Rolls,46.0,Snack,14,1,2,No,No,65.0,47.0,80.0,48.0,80.0,64.0,63.0,58.857142857142854,21.102922388459216,24.30212761454041,56.0,60.5,18.0,-33.0,61.1
2026-03-14,Saturday,3,11,Yes,Rainy,No,middle,No,No,Roti,9.0,Meal,14,1,2,No,No,9.0,9.0,23.0,8.0,21.0,13.0,8.142857142857142,11.214285714285714,5.6987885095158965,7.4439296015,9.0,11.5,0.0,-14.0,10.4
2026-03-14,Saturday,3,11,Yes,Rainy,No,middle,No,No,Soft drinks,12.0,Cold Beverage,14,1,2,No,No,22.0,10.0,28.0,11.0,28.0,30.666666666666668,25.0,27.142857142857142,15.198684153570653,14.53302415909336,31.0,30.0,12.0,-18.0,19.0
2026-03-14,Saturday,3,11,Yes,Rainy,No,middle,No,No,String Hoppers,98.0,Meal,14,1,2,No,No,23.0,101.0,74.0,114.0,34.0,120.66666666666667,97.85714285714286,85.57142857142857,56.15582062864179,40.81800938446029,101.0,72.0,-78.0,27.0,51.49999999999999
2026-03-14,Saturday,3,11,Yes,Rainy,No,middle,No,No,Tea,18.0,Hot Beverage,14,1,2,No,No,16.0,17.0,27.0,19.0,24.0,21.0,21.285714285714285,21.142857142857142,12.51285053740468,11.407535585386881,19.0,22.5,-1.0,-10.0,17.4
2026-03-14,Saturday,3,11,Yes,Rainy,No,middle,No,No,Ulundu Wade,44.0,Snack,14,1,2,No,No,82.0,46.0,69.0,51.0,79.0,70.66666666666667,59.714285714285715,56.92857142857143,36.215624094738835,31.890351291487917,57.0,58.5,36.0,-23.0,69.89999999999999
2026-03-14,Saturday,3,11,Yes,Rainy,No,middle,No,No,Vegitable Roti,12.0,Meal,14,1,2,No,No,13.0,12.0,19.0,14.0,22.0,22.666666666666668,18.857142857142858,18.071428571428573,9.370673604897558,10.193997371864599,14.0,17.0,1.0,-7.0,13.299999999999999
2026-03-14,Saturday,3,11,Yes,Rainy,No,middle,No,No,Watter Bottle,2.0,Cold Beverage,14,1,2,No,No,1.0,2.0,3.0,2.0,3.0,5.0,4.0,3.9285714285714284,4.320493798938574,3.6047892441175375,2.0,3.0,-1.0,-1.0,1.5
2026-03-15,Sunday,3,11,Yes,Hot,No,middle,No,No,Bread,4.0,Meal,15,1,3,No,No,2.0,4.0,1.5,2.5,4.0,2.1666666666666665,2.0714285714285716,1.8571428571428572,1.170063083362439,1.0818177620697804,2.0,2.0,-2.0,2.5,2.55
2026-03-15,Sunday,3,11,Yes,Hot,No,middle,No,No,Breakfast,9.5,Meal,15,1,3,No,No,15.0,14.5,14.5,14.0,14.0,14.5,12.642857142857142,12.571428571428571,5.742489919554971,4.3582686349633715,15.0,14.25,0.5,0.0,14.8
2026-03-15,Sunday,3,11,Yes,Hot,No,middle,No,No,Bulath vita,16.0,Other,15,1,3,No,No,21.0,22.0,22.0,17.0,23.0,23.333333333333332,16.142857142857142,17.357142857142858,10.730463976122241,8.186359600975484,16.0,18.0,-1.0,0.0,21.4
2026-03-15,Sunday,3,11,Yes,Hot,No,middle,No,No,Chicken Curry,0.0,Meal,15,1,3,No,No,6.0,0.0,0.0,4.0,0.0,4.333333333333333,3.0,2.7142857142857144,2.309401076758504,2.701241066010825,3.0,2.5,6.0,0.0,3.5999999999999996
2026-03-15,Sunday,3,11,Yes,Hot,No,middle,No,No,Cigarette,67.0,Other,15,1,3,No,No,31.0,83.0,41.0,31.0,61.0,34.333333333333336,36.714285714285715,38.285714285714285,24.682748940061266,17.246754751272753,35.0,38.0,-52.0,42.0,47.6
2026-03-15,Sunday,3,11,Yes,Hot,No,middle,No,No,Dal Curry,13.0,Meal,15,1,3,No,No,7.0,11.0,9.0,8.0,9.0,22.666666666666668,13.857142857142858,10.857142857142858,17.199114041412823,12.189889523429107,9.0,8.5,-4.0,2.0,8.4
2026-03-15,Sunday,3,11,Yes,Hot,No,middle,No,No,Egg Rotti,84.0,Meal,15,1,3,No,No,47.0,78.0,45.0,52.0,84.0,47.0,44.714285714285715,43.0,24.129610341613393,21.82799895687963,47.0,46.0,-31.0,33.0,56.099999999999994
2026-03-15,Sunday,3,11,Yes,Hot,No,middle,No,No,Hoppers,38.0,Meal,15,1,3,No,No,24.0,41.0,15.0,35.0,39.0,16.333333333333332,22.428571428571427,22.928571428571427,17.386365758424436,15.010069879990485,18.0,21.0,-17.0,26.0,28.199999999999996
2026-03-15,Sunday,3,11,Yes,Hot,No,middle,No,No,Kahata,25.0,Hot Beverage,15,1,3,No,No,23.0,21.0,17.0,20.0,17.0,26.0,21.142857142857142,22.785714285714285,9.651054716602596,7.566917586325465,24.0,23.5,2.0,4.0,21.799999999999997
2026-03-15,Sunday,3,11,Yes,Hot,No,middle,No,No,Plain Tea,68.5,Hot Beverage,15,1,3,No,No,94.0,69.0,65.0,68.0,69.0,90.0,68.5,70.46428571428571,33.80951542588765,32.778665837186466,71.0,79.0,25.0,4.0,83.6
2026-03-15,Sunday,3,11,Yes,Hot,No,middle,No,No,Roast bread,40.0,Meal,15,1,3,No,No,21.0,43.0,17.0,14.0,49.0,19.333333333333332,20.571428571428573,19.571428571428573,13.049356853336262,10.994504121565505,21.0,21.0,-22.0,26.0,27.2
2026-03-15,Sunday,3,11,Yes,Hot,No,middle,No,No,Rolls,91.0,Snack,15,1,3,No,No,46.0,96.0,68.0,79.0,85.0,50.333333333333336,62.857142857142854,56.42857142857143,21.232275521232378,23.71858824996609,56.0,53.0,-50.0,28.0,63.19999999999999
2026-03-15,Sunday,3,11,Yes,Hot,No,middle,No,No,Roti,6.0,Meal,15,1,3,No,No,9.0,6.0,14.0,13.0,7.0,11.333333333333334,8.142857142857142,10.214285714285714,5.6987885095158965,6.635320077243641,9.0,9.0,3.0,-8.0,8.6
2026-03-15,Sunday,3,11,Yes,Hot,No,middle,No,No,Soft drinks,46.0,Cold Beverage,15,1,3,No,No,12.0,42.0,34.0,38.0,37.0,23.333333333333332,25.285714285714285,26.0,14.885275562495584,15.079277681129671,31.0,30.0,-30.0,8.0,23.199999999999996
2026-03-15,Sunday,3,11,Yes,Hot,No,middle,No,No,String Hoppers,55.0,Meal,15,1,3,No,No,98.0,55.0,70.0,82.0,52.0,100.0,97.42857142857143,87.28571428571429,56.13928257128914,40.79862096355059,98.0,73.0,43.0,-15.0,82.3
2026-03-15,Sunday,3,11,Yes,Hot,No,middle,No,No,Tea,40.0,Hot Beverage,15,1,3,No,No,18.0,39.0,24.0,26.0,34.0,20.666666666666668,21.428571428571427,20.5,12.461368876881636,11.305206424815612,19.0,20.5,-21.0,15.0,24.9
2026-03-15,Sunday,3,11,Yes,Hot,No,middle,No,No,Ulundu Wade,80.0,Snack,15,1,3,No,No,44.0,103.0,60.0,63.0,104.0,73.33333333333333,59.42857142857143,55.142857142857146,36.3494940031593,31.86234127004466,57.0,51.5,-59.0,43.0,63.3
2026-03-15,Sunday,3,11,Yes,Hot,No,middle,No,No,Vegitable Roti,28.0,Meal,15,1,3,No,No,12.0,27.0,18.0,20.0,30.0,20.333333333333332,18.857142857142858,17.571428571428573,9.370673604897558,10.315889802512546,14.0,15.0,-15.0,9.0,17.099999999999998
2026-03-15,Sunday,3,11,Yes,Hot,No,middle,No,No,Watter Bottle,12.0,Cold Beverage,15,1,3,No,No,2.0,11.0,3.0,4.0,10.0,3.3333333333333335,4.0,3.857142857142857,4.320493798938574,3.6343900738351134,2.0,2.5,-9.0,8.0,4.8
2026-03-16,Monday,3,12,No,Cloudy,No,middle,No,No,Bread,0.0,Meal,16,1,3,No,No,4.0,0.0,0.0,0.0,0.0,2.8333333333333335,2.0714285714285716,2.0357142857142856,1.170063083362439,1.216304075630598,2.0,2.0,4.0,0.0,2.4
2026-03-16,Monday,3,12,No,Cloudy,No,middle,No,No,Breakfast,0.0,Meal,16,1,3,No,No,9.5,0.0,8.0,0.0,0.0,12.166666666666666,11.928571428571429,12.214285714285714,5.78380332933105,4.392801304031778,15.0,13.5,9.5,-8.0,6.5
2026-03-16,Monday,3,12,No,Cloudy,No,middle,No,No,Bulath vita,11.0,Other,16,1,3,No,No,16.0,0.0,12.0,0.0,0.0,17.666666666666668,15.285714285714286,16.928571428571427,10.419761445034553,8.08097752763846,16.0,16.0,16.0,-12.0,10.8
2026-03-16,Monday,3,12,No,Cloudy,No,middle,No,No,Chicken Curry,0.0,Meal,16,1,3,No,No,0.0,0.0,0.0,2.0,0.0,3.0,3.0,2.7142857142857144,2.309401076758504,2.701241066010825,3.0,2.5,0.0,0.0,0.0
2026-03-16,Monday,3,12,No,Cloudy,No,middle,No,No,Cigarette,0.0,Other,16,1,3,No,No,67.0,0.0,39.0,0.0,0.0,42.0,34.42857142857143,40.142857142857146,19.97379235279023,18.88368095985014,35.0,38.0,67.0,-39.0,44.099999999999994
2026-03-16,Monday,3,12,No,Cloudy,No,middle,No,No,Dal Curry,0.0,Meal,16,1,3,No,No,13.0,0.0,6.0,0.0,0.0,24.0,14.142857142857142,11.142857142857142,17.160308577534103,12.189889523429107,9.0,8.5,13.0,-6.0,8.4
2026-03-16,Monday,3,12,No,Cloudy,No,middle,No,No,Egg Rotti,0.0,Meal,16,1,3,No,No,84.0,0.0,0.0,40.0,51.0,55.333333333333336,45.57142857142857,45.785714285714285,25.572492662084812,24.4357196661853,47.0,50.0,84.0,0.0,50.4
2026-03-16,Monday,3,12,No,Cloudy,No,middle,No,No,Hoppers,26.0,Meal,16,1,3,No,No,38.0,0.0,0.0,0.0,0.0,23.333333333333332,22.0,24.571428571428573,16.881943016134116,15.330784945102025,18.0,24.5,38.0,0.0,22.8
2026-03-16,Monday,3,12,No,Cloudy,No,middle,No,No,Kahata,0.0,Hot Beverage,16,1,3,No,No,25.0,0.0,22.0,0.0,0.0,24.666666666666668,21.714285714285715,23.357142857142858,9.759000729485335,7.396539137244597,25.0,24.5,25.0,-22.0,17.2
2026-03-16,Monday,3,12,No,Cloudy,No,middle,No,No,Plain Tea,0.0,Hot Beverage,16,1,3,No,No,68.5,0.0,0.0,0.0,0.0,77.83333333333333,68.42857142857143,70.71428571428571,33.808811193026536,32.74711630622806,71.0,79.0,68.5,0.0,41.1
2026-03-16,Monday,3,12,No,Cloudy,No,middle,No,No,Roast bread,0.0,Meal,16,1,3,No,No,40.0,0.0,0.0,0.0,0.0,24.333333333333332,20.142857142857142,21.214285714285715,12.21240587037857,12.22971520788338,21.0,21.5,40.0,0.0,24.0
2026-03-16,Monday,3,12,No,Cloudy,No,middle,No,No,Rolls,0.0,Snack,16,1,3,No,No,91.0,56.0,0.0,0.0,0.0,67.33333333333333,62.142857142857146,58.07142857142857,19.97855993666353,25.32394514688023,56.0,53.0,35.0,56.0,71.4
2026-03-16,Monday,3,12,No,Cloudy,No,middle,No,No,Roti,9.0,Meal,16,1,3,No,No,6.0,0.0,0.0,0.0,0.0,8.0,8.142857142857142,9.642857142857142,5.6987885095158965,6.628692211859023,9.0,9.0,6.0,0.0,3.5999999999999996
2026-03-16,Monday,3,12,No,Cloudy,No,middle,No,No,Soft drinks,0.0,Cold Beverage,16,1,3,No,No,46.0,0.0,0.0,0.0,14.0,26.666666666666668,25.857142857142858,26.857142857142858,15.688940599761885,15.888346686787788,31.0,30.0,46.0,0.0,27.599999999999998
2026-03-16,Monday,3,12,No,Cloudy,No,middle,No,No,String Hoppers,0.0,Meal,16,1,3,No,No,55.0,66.0,62.0,0.0,69.0,58.666666666666664,97.42857142857143,86.21428571428571,56.13928257128914,41.478777838661166,98.0,73.0,-11.0,4.0,59.0
2026-03-16,Monday,3,12,No,Cloudy,No,middle,No,No,Tea,0.0,Hot Beverage,16,1,3,No,No,40.0,0.0,0.0,0.0,0.0,24.666666666666668,21.571428571428573,21.642857142857142,12.699831269970256,12.438198873180598,19.0,20.5,40.0,0.0,24.0
2026-03-16,Monday,3,12,No,Cloudy,No,middle,No,No,Ulundu Wade,62.0,Snack,16,1,3,No,No,80.0,0.0,0.0,0.0,0.0,68.66666666666667,56.142857142857146,56.57142857142857,32.60075955878211,32.5380588653545,57.0,51.5,80.0,0.0,48.0
2026-03-16,Monday,3,12,No,Cloudy,No,middle,No,No,Vegitable Roti,0.0,Meal,16,1,3,No,No,28.0,11.0,0.0,18.0,12.0,17.666666666666668,19.0,18.285714285714285,9.521904571390465,10.68736544803162,14.0,15.0,17.0,11.0,20.1
2026-03-16,Monday,3,12,No,Cloudy,No,middle,No,No,Watter Bottle,0.0,Cold Beverage,16,1,3,No,No,12.0,0.0,0.0,0.0,0.0,5.0,4.142857142857143,4.5,4.59813626840888,4.219916149367461,2.0,3.5,12.0,0.0,7.199999999999999
2026-03-17,Tuesday,3,12,No,Hot,No,middle,No,No,Bread,2.5,Meal,17,1,3,No,No,0.0,2.0,1.5,1.0,2.0,2.0,2.0714285714285716,2.0357142857142856,1.170063083362439,1.216304075630598,2.0,2.0,-2.0,0.5,0.75
2026-03-17,Tuesday,3,12,No,Hot,No,middle,No,No,Breakfast,14.5,Meal,17,1,3,No,No,0.0,15.0,10.5,8.5,13.0,8.166666666666666,11.928571428571429,11.642857142857142,5.78380332933105,5.390263913292656,15.0,13.5,-15.0,4.5,5.55
2026-03-17,Tuesday,3,12,No,Hot,No,middle,No,No,Bulath vita,15.0,Other,17,1,3,No,No,11.0,14.0,23.0,16.0,14.0,16.0,16.857142857142858,16.857142857142858,8.355209381548963,8.132150277255587,16.0,16.0,-3.0,-9.0,13.100000000000001
2026-03-17,Tuesday,3,12,No,Hot,No,middle,No,No,Chicken Curry,5.0,Meal,17,1,3,No,No,0.0,5.0,0.0,0.0,5.0,2.0,3.0,2.7142857142857144,2.309401076758504,2.701241066010825,3.0,2.5,-5.0,5.0,1.5
2026-03-17,Tuesday,3,12,No,Hot,No,middle,No,No,Cigarette,35.0,Other,17,1,3,No,No,0.0,36.0,41.0,29.0,39.0,32.666666666666664,34.42857142857143,37.357142857142854,19.97379235279023,21.727710569533233,35.0,36.5,-36.0,-5.0,14.899999999999999
2026-03-17,Tuesday,3,12,No,Hot,No,middle,No,No,Dal Curry,8.0,Meal,17,1,3,No,No,0.0,8.0,9.0,6.0,9.0,6.666666666666667,14.142857142857142,10.714285714285714,17.160308577534103,12.486476200757684,9.0,8.5,-8.0,-1.0,3.3
2026-03-17,Tuesday,3,12,No,Hot,No,middle,No,No,Egg Rotti,55.0,Meal,17,1,3,No,No,0.0,53.0,32.0,30.0,42.0,43.666666666666664,45.57142857142857,45.785714285714285,25.572492662084812,24.4357196661853,47.0,50.0,-53.0,21.0,19.099999999999998
2026-03-17,Tuesday,3,12,No,Hot,No,middle,No,No,Hoppers,44.0,Meal,17,1,3,No,No,26.0,49.0,25.0,25.0,41.0,29.333333333333332,25.714285714285715,26.428571428571427,13.816828938101592,13.602682346984615,24.0,25.5,-23.0,24.0,32.8
2026-03-17,Tuesday,3,12,No,Hot,No,middle,No,No,Kahata,21.0,Hot Beverage,17,1,3,No,No,0.0,24.0,29.0,32.0,24.0,16.0,21.714285714285715,21.785714285714285,9.759000729485335,9.688840300759747,25.0,24.5,-24.0,-5.0,10.1
2026-03-17,Tuesday,3,12,No,Hot,No,middle,No,No,Plain Tea,60.5,Hot Beverage,17,1,3,No,No,0.0,79.5,88.0,70.0,62.0,54.166666666666664,68.42857142857143,70.71428571428571,33.808811193026536,32.74711630622806,71.0,79.0,-79.5,-8.5,32.65
2026-03-17,Tuesday,3,12,No,Hot,No,middle,No,No,Roast bread,24.0,Meal,17,1,3,No,No,0.0,21.0,24.0,18.0,20.0,20.333333333333332,20.142857142857142,21.214285714285715,12.21240587037857,12.22971520788338,21.0,21.5,-21.0,-3.0,8.7
2026-03-17,Tuesday,3,12,No,Hot,No,middle,No,No,Rolls,50.0,Snack,17,1,3,No,No,0.0,50.0,40.0,32.0,51.0,45.666666666666664,54.142857142857146,58.07142857142857,31.013054087102173,25.32394514688023,50.0,53.0,-50.0,10.0,19.0
2026-03-17,Tuesday,3,12,No,Hot,No,middle,No,No,Roti,4.0,Meal,17,1,3,No,No,9.0,3.0,15.0,10.0,4.0,8.0,9.428571428571429,10.285714285714286,4.42933941113656,6.031055162542157,9.0,9.0,6.0,-12.0,7.799999999999999
2026-03-17,Tuesday,3,12,No,Hot,No,middle,No,No,Soft drinks,33.0,Cold Beverage,17,1,3,No,No,0.0,31.0,29.0,27.0,28.0,19.333333333333332,25.857142857142858,26.857142857142858,15.688940599761885,15.888346686787788,31.0,30.0,-31.0,2.0,12.2
2026-03-17,Tuesday,3,12,No,Hot,No,middle,No,No,String Hoppers,103.0,Meal,17,1,3,No,No,0.0,101.0,76.0,60.0,80.0,51.0,88.0,81.78571428571429,66.82314968132926,47.18079559023429,98.0,73.0,-101.0,25.0,37.9
2026-03-17,Tuesday,3,12,No,Hot,No,middle,No,No,Tea,28.0,Hot Beverage,17,1,3,No,No,0.0,30.0,15.0,16.0,20.0,19.333333333333332,21.571428571428573,21.642857142857142,12.699831269970256,12.438198873180598,19.0,20.5,-30.0,15.0,10.5
2026-03-17,Tuesday,3,12,No,Hot,No,middle,No,No,Ulundu Wade,51.0,Snack,17,1,3,No,No,62.0,57.0,45.0,42.0,47.0,62.0,65.0,61.0,21.252450839060113,28.17254528246085,62.0,59.5,5.0,12.0,58.8
2026-03-17,Tuesday,3,12,No,Hot,No,middle,No,No,Vegitable Roti,15.0,Meal,17,1,3,No,No,0.0,14.0,9.0,8.0,14.0,13.333333333333334,17.428571428571427,18.285714285714285,11.716898663286042,10.68736544803162,14.0,15.0,-14.0,5.0,5.1000000000000005
2026-03-17,Tuesday,3,12,No,Hot,No,middle,No,No,Watter Bottle,2.0,Cold Beverage,17,1,3,No,No,0.0,0.0,5.0,5.0,0.0,4.666666666666667,4.142857142857143,4.5,4.59813626840888,4.219916149367461,2.0,3.5,0.0,-5.0,0.5
2026-03-18,Wednesday,3,12,No,Hot,No,middle,No,No,Bread,3.5,Meal,18,1,3,No,No,2.5,2.0,3.5,5.0,2.0,2.1666666666666665,2.142857142857143,2.107142857142857,1.1801936887041642,1.2117782773290637,2.0,2.0,0.5,-1.5,2.45
2026-03-18,Wednesday,3,12,No,Hot,No,middle,No,No,Breakfast,12.5,Meal,18,1,3,No,No,14.5,15.5,11.0,15.5,10.5,8.0,11.857142857142858,11.928571428571429,5.742489919554972,5.430884411815952,14.5,14.25,-1.0,4.5,14.449999999999998
2026-03-18,Wednesday,3,12,No,Hot,No,middle,No,No,Bulath vita,14.0,Other,18,1,3,No,No,15.0,7.0,14.0,68.0,18.0,14.0,17.0,16.285714285714285,8.306623862918075,7.9462479915276445,16.0,15.5,8.0,-7.0,12.5
2026-03-18,Wednesday,3,12,No,Hot,No,middle,No,No,Chicken Curry,2.0,Meal,18,1,3,No,No,5.0,3.0,2.0,0.0,4.0,1.6666666666666667,3.0,3.0714285714285716,2.309401076758504,2.64471274328716,3.0,3.0,2.0,1.0,4.1
2026-03-18,Wednesday,3,12,No,Hot,No,middle,No,No,Cigarette,31.0,Other,18,1,3,No,No,35.0,35.0,39.0,77.0,46.0,34.0,34.285714285714285,36.92857142857143,19.964253769460782,21.709495567658806,35.0,35.5,0.0,-4.0,35.4
2026-03-18,Wednesday,3,12,No,Hot,No,middle,No,No,Dal Curry,8.0,Meal,18,1,3,No,No,8.0,10.0,12.0,10.0,7.0,7.0,14.142857142857142,10.642857142857142,17.160308577534103,12.499890109407076,9.0,8.0,-2.0,-2.0,9.0
2026-03-18,Wednesday,3,12,No,Hot,No,middle,No,No,Egg Rotti,55.0,Meal,18,1,3,No,No,55.0,41.0,57.0,56.0,52.0,46.333333333333336,45.857142857142854,47.42857142857143,25.680268504752654,24.209706526719593,47.0,54.0,14.0,-16.0,51.0
2026-03-18,Wednesday,3,12,No,Hot,No,middle,No,No,Hoppers,15.0,Meal,18,1,3,No,No,44.0,18.0,18.0,50.0,28.0,36.0,25.0,27.785714285714285,12.47664484814192,14.375077639541884,24.0,29.0,26.0,0.0,33.599999999999994
2026-03-18,Wednesday,3,12,No,Hot,No,middle,No,No,Kahata,23.0,Hot Beverage,18,1,3,No,No,21.0,25.0,23.0,1.0,33.0,15.333333333333334,21.285714285714285,21.214285714285715,9.707630773679812,9.463928046320614,25.0,23.5,-4.0,2.0,22.400000000000002
2026-03-18,Wednesday,3,12,No,Hot,No,middle,No,No,Plain Tea,75.0,Hot Beverage,18,1,3,No,No,60.5,61.0,84.5,143.0,102.5,43.0,65.71428571428571,68.75,33.53338776858218,32.45396147444279,68.5,74.75,-0.5,-23.5,63.05
2026-03-18,Wednesday,3,12,No,Hot,No,middle,No,No,Roast bread,23.0,Meal,18,1,3,No,No,24.0,22.0,20.0,12.0,22.0,21.333333333333332,20.571428571428573,21.214285714285715,12.29982578273831,12.22971520788338,22.0,21.5,2.0,2.0,23.0
2026-03-18,Wednesday,3,12,No,Hot,No,middle,No,No,Rolls,60.0,Snack,18,1,3,No,No,50.0,87.0,50.0,42.0,56.0,47.0,54.142857142857146,58.785714285714285,31.013054087102173,24.912704733586395,50.0,53.0,-37.0,37.0,61.099999999999994
2026-03-18,Wednesday,3,12,No,Hot,No,middle,No,No,Roti,5.0,Meal,18,1,3,No,No,4.0,14.0,8.0,19.0,24.0,6.333333333333333,9.571428571428571,9.5,4.197504927816949,6.085923228111045,9.0,9.0,-10.0,6.0,7.3999999999999995
2026-03-18,Wednesday,3,12,No,Hot,No,middle,No,No,Soft drinks,22.0,Cold Beverage,18,1,3,No,No,33.0,34.0,27.0,27.0,50.0,26.333333333333332,26.142857142857142,27.142857142857142,15.815905195177947,15.965622408822618,33.0,32.0,-1.0,7.0,32.7
2026-03-18,Wednesday,3,12,No,Hot,No,middle,No,No,String Hoppers,70.0,Meal,18,1,3,No,No,103.0,160.0,70.0,70.0,125.0,52.666666666666664,88.28571428571429,83.71428571428571,66.89223743134497,47.47700426591733,98.0,82.0,-57.0,90.0,116.8
2026-03-18,Wednesday,3,12,No,Hot,No,middle,No,No,Tea,20.0,Hot Beverage,18,1,3,No,No,28.0,19.0,22.0,17.0,22.0,22.666666666666668,21.285714285714285,22.571428571428573,12.499523800453169,12.389289951183862,19.0,22.5,9.0,-3.0,24.7
2026-03-18,Wednesday,3,12,No,Hot,No,middle,No,No,Ulundu Wade,37.0,Snack,18,1,3,No,No,51.0,36.0,44.0,48.0,61.0,64.33333333333333,64.14285714285714,61.42857142857143,21.744183677699283,27.955223223836093,62.0,59.5,15.0,-8.0,45.8
2026-03-18,Wednesday,3,12,No,Hot,No,middle,No,No,Vegitable Roti,18.0,Meal,18,1,3,No,No,15.0,19.0,16.0,20.0,28.0,14.333333333333334,17.571428571428573,18.714285714285715,11.6741472616082,10.402873652014627,15.0,15.5,-4.0,3.0,16.3
2026-03-18,Wednesday,3,12,No,Hot,No,middle,No,No,Watter Bottle,7.0,Cold Beverage,18,1,3,No,No,2.0,7.0,9.0,7.0,10.0,4.666666666666667,4.428571428571429,4.285714285714286,4.3534332373864375,4.268463449507353,2.0,2.0,-5.0,-2.0,4.2
2026-03-19,Thursday,3,12,No,Hot,No,middle,No,No,Bread,6.0,Meal,19,1,3,No,No,3.5,2.0,1.5,1.0,2.5,2.0,2.357142857142857,2.107142857142857,1.281739888923311,1.2117782773290637,2.5,2.0,1.5,0.5,2.85
2026-03-19,Thursday,3,12,No,Hot,No,middle,No,No,Breakfast,14.5,Meal,19,1,3,No,No,12.5,16.5,13.0,11.0,15.5,9.0,11.428571428571429,12.035714285714286,5.533448076836686,5.42595006113529,12.5,14.25,-4.0,3.5,13.75
2026-03-19,Thursday,3,12,No,Hot,No,middle,No,No,Bulath vita,29.0,Other,19,1,3,No,No,14.0,33.0,25.0,19.0,30.0,13.333333333333334,18.0,16.285714285714285,7.2571803523590805,7.9462479915276445,16.0,15.5,-19.0,8.0,20.8
2026-03-19,Thursday,3,12,No,Hot,No,middle,No,No,Chicken Curry,2.0,Meal,19,1,3,No,No,2.0,4.0,7.0,8.0,3.0,2.3333333333333335,2.857142857142857,3.0714285714285716,2.3401261667248794,2.64471274328716,3.0,3.0,-2.0,-3.0,3.1
2026-03-19,Thursday,3,12,No,Hot,No,middle,No,No,Cigarette,63.0,Other,19,1,3,No,No,31.0,44.0,50.0,47.0,42.0,22.0,33.714285714285715,36.357142857142854,19.997618905878834,21.756014704540338,31.0,35.0,-13.0,-6.0,36.8
2026-03-19,Thursday,3,12,No,Hot,No,middle,No,No,Dal Curry,4.0,Meal,19,1,3,No,No,8.0,9.0,6.0,6.0,10.0,5.333333333333333,13.857142857142858,10.357142857142858,17.25715862503222,12.512191856543168,8.0,8.0,-1.0,3.0,8.1
2026-03-19,Thursday,3,12,No,Hot,No,middle,No,No,Egg Rotti,53.0,Meal,19,1,3,No,No,55.0,59.0,60.0,56.0,57.0,36.666666666666664,47.857142857142854,47.285714285714285,25.783900477032645,24.154721059257728,55.0,54.0,-4.0,-1.0,56.7
2026-03-19,Thursday,3,12,No,Hot,No,middle,No,No,Hoppers,73.0,Meal,19,1,3,No,No,15.0,17.0,40.0,38.0,10.0,28.333333333333332,24.571428571428573,27.571428571428573,12.804389128434849,14.553425638048166,24.0,29.0,-2.0,-23.0,18.1
2026-03-19,Thursday,3,12,No,Hot,No,middle,No,No,Kahata,29.0,Hot Beverage,19,1,3,No,No,23.0,29.0,29.0,30.0,31.0,14.666666666666666,21.0,21.214285714285715,9.609023536933053,9.463928046320614,23.0,23.5,-6.0,0.0,25.4
2026-03-19,Thursday,3,12,No,Hot,No,middle,No,No,Plain Tea,109.5,Hot Beverage,19,1,3,No,No,75.0,105.0,78.5,86.0,106.0,45.166666666666664,67.71428571428571,68.07142857142857,33.62273182295122,32.19762123491135,71.0,73.0,-30.0,26.5,84.35
2026-03-19,Thursday,3,12,No,Hot,No,middle,No,No,Roast bread,19.0,Meal,19,1,3,No,No,23.0,25.0,16.0,14.0,22.0,15.666666666666666,20.714285714285715,21.428571428571427,12.324964985944652,12.233084306435218,23.0,22.5,-2.0,9.0,22.9
2026-03-19,Thursday,3,12,No,Hot,No,middle,No,No,Rolls,48.0,Snack,19,1,3,No,No,60.0,40.0,79.0,72.0,40.0,36.666666666666664,50.285714285714285,59.5,27.75316369782185,24.784455426118033,50.0,58.0,20.0,-39.0,55.9
2026-03-19,Thursday,3,12,No,Hot,No,middle,No,No,Roti,13.0,Meal,19,1,3,No,No,5.0,16.0,18.0,17.0,17.0,6.0,8.285714285714286,9.285714285714286,3.9880774697542978,6.194644975591934,9.0,9.0,-11.0,-2.0,9.6
2026-03-19,Thursday,3,12,No,Hot,No,middle,No,No,Soft drinks,43.0,Cold Beverage,19,1,3,No,No,22.0,36.0,42.0,41.0,37.0,18.333333333333332,24.428571428571427,26.785714285714285,15.468862734076927,16.0248776374955,22.0,32.0,-14.0,-6.0,28.2
2026-03-19,Thursday,3,12,No,Hot,No,middle,No,No,String Hoppers,61.0,Meal,19,1,3,No,No,70.0,179.0,94.0,108.0,174.0,57.666666666666664,75.42857142857143,83.71428571428571,58.99394642067705,47.47700426591733,70.0,82.0,-109.0,85.0,105.1
2026-03-19,Thursday,3,12,No,Hot,No,middle,No,No,Tea,22.0,Hot Beverage,19,1,3,No,No,20.0,28.0,36.0,31.0,25.0,16.0,21.428571428571427,22.428571428571427,12.474736374731437,12.407902480114995,20.0,21.5,-8.0,-8.0,24.0
2026-03-19,Thursday,3,12,No,Hot,No,middle,No,No,Ulundu Wade,97.0,Snack,19,1,3,No,No,37.0,94.0,96.0,72.0,94.0,50.0,64.28571428571429,60.92857142857143,21.530708965833632,28.350727261637147,62.0,59.5,-57.0,-2.0,60.0
2026-03-19,Thursday,3,12,No,Hot,No,middle,No,No,Vegitable Roti,16.0,Meal,19,1,3,No,No,18.0,36.0,21.0,21.0,36.0,11.0,17.428571428571427,18.857142857142858,11.659861961120333,10.376431451627752,15.0,16.5,-18.0,15.0,23.7
2026-03-19,Thursday,3,12,No,Hot,No,middle,No,No,Watter Bottle,5.0,Cold Beverage,19,1,3,No,No,7.0,7.0,6.0,6.0,6.0,3.0,4.428571428571429,4.142857142857143,4.3534332373864375,4.129763317061287,2.0,2.0,0.0,1.0,6.9
2026-03-20,Friday,3,12,No,Hot,No,middle,No,No,Bread,1.5,Meal,20,1,3,No,No,6.0,2.5,1.5,2.5,4.5,4.0,2.9285714285714284,2.4285714285714284,1.858058382393016,1.5794003591570747,2.5,2.0,3.5,1.0,4.5
2026-03-20,Friday,3,12,No,Hot,No,middle,No,No,Breakfast,12.5,Meal,20,1,3,No,No,14.5,12.0,14.0,10.5,8.5,13.833333333333334,11.142857142857142,12.142857142857142,5.27347359996462,5.461151510824052,12.5,14.5,2.5,-2.0,13.7
2026-03-20,Friday,3,12,No,Hot,No,middle,No,No,Bulath vita,19.0,Other,20,1,3,No,No,29.0,16.0,14.0,19.0,17.0,19.333333333333332,17.428571428571427,16.571428571428573,5.912053869204926,8.345558797848806,16.0,15.5,13.0,2.0,23.599999999999998
2026-03-20,Friday,3,12,No,Hot,No,middle,No,No,Chicken Curry,0.0,Meal,20,1,3,No,No,2.0,3.0,1.0,4.0,4.0,3.0,2.5714285714285716,2.7142857142857144,2.2990681342044406,2.399633671676108,2.0,2.5,-1.0,2.0,2.1999999999999997
2026-03-20,Friday,3,12,No,Hot,No,middle,No,No,Cigarette,59.0,Other,20,1,3,No,No,63.0,28.0,37.0,28.0,28.0,43.0,36.42857142857143,37.285714285714285,22.729255324780176,22.642467150938263,31.0,35.0,35.0,-9.0,49.9
2026-03-20,Friday,3,12,No,Hot,No,middle,No,No,Dal Curry,5.0,Meal,20,1,3,No,No,4.0,52.0,7.0,49.0,10.0,6.666666666666667,13.142857142857142,10.214285714285714,17.591935381764866,12.577015491813581,8.0,8.0,-48.0,45.0,18.7
2026-03-20,Friday,3,12,No,Hot,No,middle,No,No,Egg Rotti,49.0,Meal,20,1,3,No,No,53.0,35.0,57.0,56.0,61.0,54.333333333333336,47.0,46.785714285714285,25.449295995501863,23.942811901659358,53.0,53.0,18.0,-22.0,48.0
2026-03-20,Friday,3,12,No,Hot,No,middle,No,No,Hoppers,52.0,Meal,20,1,3,No,No,73.0,8.0,32.0,9.0,23.0,44.0,32.57142857142857,29.928571428571427,21.693755959239688,18.77995775253004,26.0,29.0,65.0,-24.0,49.4
2026-03-20,Friday,3,12,No,Hot,No,middle,No,No,Kahata,34.0,Hot Beverage,20,1,3,No,No,29.0,26.0,30.0,32.0,27.0,24.333333333333332,21.0,21.214285714285715,9.609023536933053,9.463928046320614,23.0,23.5,3.0,-4.0,28.2
2026-03-20,Friday,3,12,No,Hot,No,middle,No,No,Plain Tea,112.5,Hot Beverage,20,1,3,No,No,109.5,71.0,107.0,65.0,78.0,81.66666666666667,68.35714285714286,70.28571428571429,34.48636721676445,33.98626096036361,71.0,73.0,38.5,-36.0,97.7
2026-03-20,Friday,3,12,No,Hot,No,middle,No,No,Roast bread,27.0,Meal,20,1,3,No,No,19.0,12.0,30.0,14.0,18.0,22.0,19.857142857142858,21.642857142857142,12.185080651197605,12.156714781786823,21.0,22.5,7.0,-18.0,18.0
2026-03-20,Friday,3,12,No,Hot,No,middle,No,No,Rolls,76.0,Snack,20,1,3,No,No,48.0,65.0,66.0,69.0,66.0,52.666666666666664,51.42857142857143,57.285714285714285,27.421750143861754,24.28810589387507,50.0,53.0,-17.0,-1.0,54.9
2026-03-20,Friday,3,12,No,Hot,No,middle,No,No,Roti,13.0,Meal,20,1,3,No,No,13.0,9.0,22.0,11.0,8.0,7.333333333333333,7.857142857142857,8.928571428571429,3.0783421635988435,5.784119981124525,9.0,9.0,4.0,-13.0,12.7
2026-03-20,Friday,3,12,No,Hot,No,middle,No,No,Soft drinks,50.0,Cold Beverage,20,1,3,No,No,43.0,22.0,45.0,24.0,46.0,32.666666666666664,25.428571428571427,26.857142857142858,16.531355488456292,16.099962459856584,22.0,32.0,21.0,-23.0,36.9
2026-03-20,Friday,3,12,No,Hot,No,middle,No,No,String Hoppers,83.0,Meal,20,1,3,No,No,61.0,23.0,67.0,23.0,63.0,78.0,58.57142857142857,81.35714285714286,37.35798505833857,47.74549055284558,61.0,68.5,38.0,-44.0,50.2
2026-03-20,Friday,3,12,No,Hot,No,middle,No,No,Tea,20.0,Hot Beverage,20,1,3,No,No,22.0,16.0,23.0,19.0,21.0,23.333333333333332,20.571428571428573,21.428571428571427,12.149857925879116,11.778169413167507,20.0,21.0,6.0,-7.0,20.3
2026-03-20,Friday,3,12,No,Hot,No,middle,No,No,Ulundu Wade,34.0,Snack,20,1,3,No,No,97.0,82.0,65.0,63.0,66.0,61.666666666666664,64.71428571428571,61.0,22.238961949053035,28.446981724442555,62.0,59.5,15.0,17.0,89.3
2026-03-20,Friday,3,12,No,Hot,No,middle,No,No,Vegitable Roti,31.0,Meal,20,1,3,No,No,16.0,13.0,38.0,12.0,30.0,16.333333333333332,14.571428571428571,18.5,8.323804075404114,10.383048314810647,15.0,15.5,3.0,-25.0,17.3
2026-03-20,Friday,3,12,No,Hot,No,middle,No,No,Watter Bottle,6.0,Cold Beverage,20,1,3,No,No,5.0,1.0,1.0,1.0,5.0,4.666666666666667,4.142857142857143,4.071428571428571,4.220133150686577,4.103737240694064,2.0,2.0,4.0,0.0,3.4
2026-03-21,Saturday,3,12,Yes,Rainy,No,end,No,No,Bread,2.5,Meal,21,1,3,No,No,1.5,2.0,2.0,1.0,2.0,3.6666666666666665,2.7857142857142856,2.4285714285714284,1.9334154333963607,1.5794003591570747,2.5,2.0,-0.5,0.0,1.7
2026-03-21,Saturday,3,12,Yes,Rainy,No,end,No,No,Breakfast,10.0,Meal,21,1,3,No,No,12.5,15.0,16.5,20.0,16.0,13.166666666666666,11.214285714285714,12.035714285714286,5.2903776082710054,5.4365723283442735,12.5,14.5,-2.5,-1.5,13.65
2026-03-21,Saturday,3,12,Yes,Rainy,No,end,No,No,Bulath vita,33.0,Other,21,1,3,No,No,19.0,21.0,20.0,28.0,23.0,20.666666666666668,17.857142857142858,16.928571428571427,5.899959644736886,8.334029274969218,16.0,16.0,-2.0,1.0,19.7
2026-03-21,Saturday,3,12,Yes,Rainy,No,end,No,No,Chicken Curry,1.0,Meal,21,1,3,No,No,0.0,6.0,7.0,2.0,6.0,1.3333333333333333,2.142857142857143,2.642857142857143,2.478478796128211,2.468482650011256,2.0,2.5,-6.0,-1.0,2.5
2026-03-21,Saturday,3,12,Yes,Rainy,No,end,No,No,Cigarette,58.0,Other,21,1,3,No,No,59.0,31.0,32.0,49.0,34.0,51.0,40.857142857142854,38.857142857142854,23.8077618395666,23.372755812820067,35.0,35.0,28.0,-1.0,47.9
2026-03-21,Saturday,3,12,Yes,Rainy,No,end,No,No,Dal Curry,7.0,Meal,21,1,3,No,No,5.0,7.0,6.0,6.0,7.0,5.666666666666667,6.428571428571429,10.071428571428571,4.035556254807294,12.627590583957183,7.0,8.0,-2.0,1.0,5.699999999999999
2026-03-21,Saturday,3,12,Yes,Rainy,No,end,No,No,Egg Rotti,55.0,Meal,21,1,3,No,No,49.0,47.0,38.0,84.0,43.0,52.333333333333336,49.0,46.214285714285715,24.893104801664798,23.77516018365052,53.0,51.0,2.0,9.0,47.3
2026-03-21,Saturday,3,12,Yes,Rainy,No,end,No,No,Hoppers,42.0,Meal,21,1,3,No,No,52.0,24.0,34.0,44.0,38.0,46.666666666666664,38.857142857142854,31.357142857142858,19.667473752607986,19.68836885401805,38.0,30.0,28.0,-10.0,41.8
2026-03-21,Saturday,3,12,Yes,Rainy,No,end,No,No,Kahata,24.0,Hot Beverage,21,1,3,No,No,34.0,23.0,21.0,16.0,25.0,28.666666666666668,22.142857142857142,21.5,10.71492061610929,9.803845399402444,23.0,23.5,11.0,2.0,29.4
2026-03-21,Saturday,3,12,Yes,Rainy,No,end,No,No,Plain Tea,91.5,Hot Beverage,21,1,3,No,No,112.5,94.0,84.0,84.5,84.0,99.0,74.28571428571429,70.67857142857143,38.36541100919895,34.47161995638707,75.0,73.0,18.5,10.0,104.10000000000001
2026-03-21,Saturday,3,12,Yes,Rainy,No,end,No,No,Roast bread,25.0,Meal,21,1,3,No,No,27.0,21.0,23.0,9.0,21.0,23.0,22.0,21.428571428571427,11.888369666751329,12.023785950000464,23.0,22.5,6.0,-2.0,24.8
2026-03-21,Saturday,3,12,Yes,Rainy,No,end,No,No,Rolls,73.0,Snack,21,1,3,No,No,76.0,46.0,47.0,80.0,48.0,61.333333333333336,53.0,58.0,28.61817604250839,24.707519876781227,50.0,53.0,30.0,-1.0,64.1
2026-03-21,Saturday,3,12,Yes,Rainy,No,end,No,No,Roti,20.0,Meal,21,1,3,No,No,13.0,9.0,9.0,23.0,8.0,10.333333333333334,8.428571428571429,8.285714285714286,3.644957377763727,4.598136268408882,9.0,9.0,4.0,0.0,11.4
2026-03-21,Saturday,3,12,Yes,Rainy,No,end,No,No,Soft drinks,24.0,Cold Beverage,21,1,3,No,No,50.0,12.0,10.0,28.0,11.0,38.333333333333336,29.428571428571427,27.214285714285715,18.795896208633255,16.58163289457795,33.0,32.0,38.0,2.0,34.6
2026-03-21,Saturday,3,12,Yes,Rainy,No,end,No,No,String Hoppers,45.0,Meal,21,1,3,No,No,83.0,98.0,101.0,74.0,114.0,71.33333333333333,67.14285714285714,82.5,34.6190148686555,47.566552566660974,70.0,76.5,-15.0,-3.0,89.29999999999998
2026-03-21,Saturday,3,12,Yes,Rainy,No,end,No,No,Tea,26.0,Hot Beverage,21,1,3,No,No,20.0,18.0,17.0,27.0,19.0,20.666666666666668,21.142857142857142,21.214285714285715,11.992060865819678,11.774670150066076,20.0,20.0,2.0,1.0,19.099999999999998
2026-03-21,Saturday,3,12,Yes,Rainy,No,end,No,No,Ulundu Wade,75.0,Snack,21,1,3,No,No,34.0,44.0,46.0,69.0,51.0,56.0,57.857142857142854,58.785714285714285,23.391084992852658,29.305233377277563,51.0,54.0,-10.0,-2.0,38.199999999999996
2026-03-21,Saturday,3,12,Yes,Rainy,No,end,No,No,Vegitable Roti,18.0,Meal,21,1,3,No,No,31.0,12.0,12.0,19.0,14.0,21.666666666666668,17.142857142857142,18.0,10.302565561201591,9.50303595214141,16.0,15.5,19.0,0.0,23.399999999999995
2026-03-21,Saturday,3,12,Yes,Rainy,No,end,No,No,Watter Bottle,3.0,Cold Beverage,21,1,3,No,No,6.0,2.0,2.0,3.0,2.0,6.0,4.857142857142857,4.428571428571429,4.0178174601214955,4.032832288074506,5.0,3.5,4.0,0.0,4.3999999999999995
2026-03-22,Sunday,3,12,Yes,Hot,No,end,No,No,Bread,2.5,Meal,22,1,4,No,No,2.5,4.0,4.0,1.5,2.5,3.3333333333333335,2.857142857142857,2.4642857142857144,1.9086270308410551,1.5746096673130159,2.5,2.25,-1.5,0.0,3.1
2026-03-22,Sunday,3,12,Yes,Hot,No,end,No,No,Breakfast,14.5,Meal,22,1,4,No,No,10.0,9.5,14.5,14.5,14.0,12.333333333333334,10.5,11.571428571428571,5.024937810560447,5.3018760934116616,12.5,13.5,0.5,-5.0,10.3
2026-03-22,Sunday,3,12,Yes,Hot,No,end,No,No,Bulath vita,19.0,Other,22,1,4,No,No,33.0,16.0,22.0,22.0,17.0,27.0,19.571428571428573,17.857142857142858,8.243323416704028,9.363243544324245,16.0,16.0,17.0,-6.0,26.8
2026-03-22,Sunday,3,12,Yes,Hot,No,end,No,No,Chicken Curry,3.0,Meal,22,1,4,No,No,1.0,0.0,0.0,0.0,4.0,1.0,1.4285714285714286,2.2142857142857144,1.8126539343499315,2.1547290184283368,1.0,2.0,1.0,0.0,0.6
2026-03-22,Sunday,3,12,Yes,Hot,No,end,No,No,Cigarette,28.0,Other,22,1,4,No,No,58.0,67.0,83.0,41.0,31.0,60.0,44.714285714285715,40.714285714285715,24.129610341613365,23.81476132869816,58.0,35.5,-9.0,-16.0,63.19999999999999
2026-03-22,Sunday,3,12,Yes,Hot,No,end,No,No,Dal Curry,7.0,Meal,22,1,4,No,No,7.0,13.0,11.0,9.0,8.0,5.333333333333333,6.428571428571429,10.142857142857142,4.035556254807294,12.605597919222198,7.0,8.0,-6.0,2.0,9.2
2026-03-22,Sunday,3,12,Yes,Hot,No,end,No,No,Egg Rotti,47.0,Meal,22,1,4,No,No,55.0,84.0,78.0,45.0,52.0,52.333333333333336,50.142857142857146,47.42857142857143,24.969505210880545,23.757474243226735,55.0,53.0,-29.0,6.0,66.0
2026-03-22,Sunday,3,12,Yes,Hot,No,end,No,No,Hoppers,32.0,Meal,22,1,4,No,No,42.0,38.0,41.0,15.0,35.0,55.666666666666664,41.42857142857143,31.928571428571427,18.545953223072175,19.886076635577062,42.0,32.0,4.0,-3.0,40.7
2026-03-22,Sunday,3,12,Yes,Hot,No,end,No,No,Kahata,21.0,Hot Beverage,22,1,4,No,No,24.0,25.0,21.0,17.0,20.0,29.0,22.285714285714285,21.714285714285715,10.734900802433867,9.824839567518259,24.0,24.0,-1.0,4.0,24.0
2026-03-22,Sunday,3,12,Yes,Hot,No,end,No,No,Plain Tea,76.5,Hot Beverage,22,1,4,No,No,91.5,68.5,69.0,65.0,68.0,104.5,73.92857142857143,71.21428571428571,38.162403588074085,34.751709579261274,75.0,73.0,23.0,-0.5,82.35000000000001
2026-03-22,Sunday,3,12,Yes,Hot,No,end,No,No,Roast bread,14.0,Meal,22,1,4,No,No,25.0,40.0,43.0,17.0,14.0,23.666666666666668,22.571428571428573,21.571428571428573,11.92835756865605,12.055731389702547,24.0,22.5,-15.0,-3.0,31.3
2026-03-22,Sunday,3,12,Yes,Hot,No,end,No,No,Rolls,71.0,Snack,22,1,4,No,No,73.0,91.0,96.0,68.0,79.0,65.66666666666667,56.857142857142854,59.857142857142854,29.328192190158223,24.794097135150004,60.0,58.0,-18.0,-5.0,80.69999999999999
2026-03-22,Sunday,3,12,Yes,Hot,No,end,No,No,Roti,15.0,Meal,22,1,4,No,No,20.0,6.0,6.0,14.0,13.0,15.333333333333334,10.0,9.071428571428571,5.715476066494079,5.567270919804919,9.0,9.0,14.0,0.0,14.4
2026-03-22,Sunday,3,12,Yes,Hot,No,end,No,No,Soft drinks,37.0,Cold Beverage,22,1,4,No,No,24.0,46.0,42.0,34.0,38.0,39.0,31.142857142857142,28.214285714285715,17.439692002522772,15.870526972146399,33.0,32.0,-22.0,4.0,32.4
2026-03-22,Sunday,3,12,Yes,Hot,No,end,No,No,String Hoppers,74.0,Meal,22,1,4,No,No,45.0,55.0,55.0,70.0,82.0,63.0,59.57142857142857,78.5,32.474898731467164,48.24098162032264,61.0,68.0,-10.0,0.0,49.0
2026-03-22,Sunday,3,12,Yes,Hot,No,end,No,No,Tea,21.0,Hot Beverage,22,1,4,No,No,26.0,40.0,39.0,24.0,26.0,22.666666666666668,22.285714285714285,21.857142857142858,12.023785950000468,11.772570092949394,22.0,21.0,-14.0,1.0,31.5
2026-03-22,Sunday,3,12,Yes,Hot,No,end,No,No,Ulundu Wade,63.0,Snack,22,1,4,No,No,75.0,80.0,103.0,60.0,63.0,68.66666666666667,62.285714285714285,60.857142857142854,23.26452439312042,29.356842061505443,62.0,59.5,-5.0,-23.0,79.3
2026-03-22,Sunday,3,12,Yes,Hot,No,end,No,No,Vegitable Roti,25.0,Meal,22,1,4,No,No,18.0,28.0,27.0,18.0,20.0,21.666666666666668,18.0,18.428571428571427,10.049875621120888,9.345622469405622,18.0,17.0,-10.0,1.0,21.9
2026-03-22,Sunday,3,12,Yes,Hot,No,end,No,No,Watter Bottle,5.0,Cold Beverage,22,1,4,No,No,3.0,12.0,11.0,3.0,4.0,4.666666666666667,5.0,4.5,3.915780041490244,3.9951894149762732,5.0,4.0,-9.0,1.0,6.5
2026-03-23,Monday,3,13,No,Cloudy,No,end,No,No,Bread,0.0,Meal,23,1,4,No,No,2.5,0.0,0.0,0.0,0.0,2.1666666666666665,2.642857142857143,2.357142857142857,1.8419709940325182,1.5118578920369092,2.5,2.25,2.5,0.0,1.5
2026-03-23,Monday,3,13,No,Cloudy,No,end,No,No,Breakfast,0.0,Meal,23,1,4,No,No,14.5,0.0,0.0,8.0,0.0,12.333333333333334,11.214285714285714,11.571428571428571,5.211023114970985,5.3018760934116616,12.5,13.5,14.5,0.0,8.7
2026-03-23,Monday,3,13,No,Cloudy,No,end,No,No,Bulath vita,0.0,Other,23,1,4,No,No,19.0,11.0,0.0,12.0,0.0,23.666666666666668,20.0,17.642857142857142,8.103497187428813,9.295219142177277,19.0,16.0,8.0,11.0,14.7
2026-03-23,Monday,3,13,No,Cloudy,No,end,No,No,Chicken Curry,0.0,Meal,23,1,4,No,No,3.0,0.0,0.0,0.0,2.0,1.3333333333333333,1.8571428571428572,2.4285714285714284,1.772810520855837,2.064881658530644,2.0,2.5,3.0,0.0,1.7999999999999998
2026-03-23,Monday,3,13,No,Cloudy,No,end,No,No,Cigarette,38.0,Other,23,1,4,No,No,28.0,0.0,0.0,39.0,0.0,48.333333333333336,39.142857142857146,36.785714285714285,22.578961973694096,20.625520306457425,35.0,35.0,28.0,0.0,16.8
2026-03-23,Monday,3,13,No,Cloudy,No,end,No,No,Dal Curry,0.0,Meal,23,1,4,No,No,7.0,0.0,0.0,6.0,0.0,6.333333333333333,5.571428571428571,9.857142857142858,2.8784916685156947,12.629983512122397,7.0,7.5,7.0,0.0,4.2
2026-03-23,Monday,3,13,No,Cloudy,No,end,No,No,Egg Rotti,0.0,Meal,23,1,4,No,No,47.0,0.0,0.0,0.0,40.0,50.333333333333336,44.857142857142854,45.214285714285715,20.03687077555253,22.07392674080081,53.0,51.0,47.0,0.0,28.2
2026-03-23,Monday,3,13,No,Cloudy,No,end,No,No,Hoppers,0.0,Meal,23,1,4,No,No,32.0,26.0,0.0,0.0,0.0,42.0,40.57142857142857,31.285714285714285,18.866700319673843,19.71500237588925,42.0,29.0,6.0,26.0,27.0
2026-03-23,Monday,3,13,No,Cloudy,No,end,No,No,Kahata,17.0,Hot Beverage,23,1,4,No,No,21.0,0.0,0.0,22.0,0.0,26.333333333333332,21.714285714285715,21.714285714285715,10.672617387724623,9.824839567518259,23.0,24.0,21.0,0.0,12.6
2026-03-23,Monday,3,13,No,Cloudy,No,end,No,No,Plain Tea,70.0,Hot Beverage,23,1,4,No,No,76.5,0.0,0.0,0.0,0.0,93.5,75.07142857142857,71.75,38.09246269651933,34.77275126833124,76.5,75.75,76.5,0.0,45.9
2026-03-23,Monday,3,13,No,Cloudy,No,end,No,No,Roast bread,0.0,Meal,23,1,4,No,No,14.0,0.0,0.0,0.0,0.0,22.0,18.857142857142858,19.5,9.370673604897549,10.478916561729664,23.0,21.5,14.0,0.0,8.4
2026-03-23,Monday,3,13,No,Cloudy,No,end,No,No,Rolls,0.0,Snack,23,1,4,No,No,71.0,0.0,56.0,0.0,0.0,73.33333333333333,54.0,58.07142857142857,26.261505415087452,22.811819762551206,60.0,58.0,71.0,-56.0,48.2
2026-03-23,Monday,3,13,No,Cloudy,No,end,No,No,Roti,0.0,Meal,23,1,4,No,No,15.0,9.0,0.0,0.0,0.0,16.0,11.285714285714286,9.714285714285714,5.677860093212513,5.70328611657109,13.0,9.0,6.0,9.0,11.7
2026-03-23,Monday,3,13,No,Cloudy,No,end,No,No,Soft drinks,0.0,Cold Beverage,23,1,4,No,No,37.0,0.0,0.0,0.0,0.0,37.0,29.857142857142858,27.857142857142858,16.46641603819291,15.590219531967632,33.0,32.0,37.0,0.0,22.2
2026-03-23,Monday,3,13,No,Cloudy,No,end,No,No,String Hoppers,0.0,Meal,23,1,4,No,No,74.0,0.0,66.0,62.0,0.0,67.33333333333333,62.285714285714285,79.85714285714286,32.8213055078267,47.794201680598384,70.0,72.0,74.0,-66.0,51.0
2026-03-23,Monday,3,13,No,Cloudy,No,end,No,No,Tea,12.0,Hot Beverage,23,1,4,No,No,21.0,0.0,0.0,0.0,0.0,22.333333333333332,19.571428571428573,20.571428571428573,9.162553189607186,10.6894216992191,21.0,20.5,21.0,0.0,12.6
2026-03-23,Monday,3,13,No,Cloudy,No,end,No,No,Ulundu Wade,0.0,Snack,23,1,4,No,No,63.0,62.0,0.0,0.0,0.0,57.333333333333336,59.857142857142854,58.0,21.95775164134199,26.77254621378457,62.0,59.5,1.0,62.0,56.39999999999999
2026-03-23,Monday,3,13,No,Cloudy,No,end,No,No,Vegitable Roti,17.0,Meal,23,1,4,No,No,25.0,0.0,11.0,0.0,18.0,24.666666666666668,17.571428571428573,18.285714285714285,9.606545387688241,9.218948475233546,18.0,17.0,25.0,-11.0,16.1
2026-03-23,Monday,3,13,No,Cloudy,No,end,No,No,Watter Bottle,0.0,Cold Beverage,23,1,4,No,No,5.0,0.0,0.0,0.0,0.0,4.666666666666667,4.0,4.071428571428571,2.4494897427831788,3.540193078486967,5.0,4.0,5.0,0.0,3.0
2026-03-24,Tuesday,3,13,No,Hot,No,end,No,No,Bread,2.0,Meal,24,1,4,No,No,0.0,2.5,2.0,1.5,1.0,1.6666666666666667,2.642857142857143,2.357142857142857,1.8419709940325182,1.5118578920369092,2.5,2.25,-2.5,0.5,0.95
2026-03-24,Tuesday,3,13,No,Hot,No,end,No,No,Breakfast,16.0,Meal,24,1,4,No,No,0.0,14.5,15.0,10.5,8.5,8.166666666666666,11.214285714285714,11.571428571428571,5.211023114970985,5.3018760934116616,12.5,13.5,-14.5,-0.5,5.85
2026-03-24,Tuesday,3,13,No,Hot,No,end,No,No,Bulath vita,14.0,Other,24,1,4,No,No,0.0,15.0,14.0,23.0,16.0,17.333333333333332,18.428571428571427,17.642857142857142,10.768118728560758,9.295219142177277,19.0,16.0,-15.0,1.0,5.9
2026-03-24,Tuesday,3,13,No,Hot,No,end,No,No,Chicken Curry,6.0,Meal,24,1,4,No,No,0.0,5.0,5.0,0.0,0.0,1.3333333333333333,1.8571428571428572,2.4285714285714284,1.772810520855837,2.064881658530644,2.0,2.5,-5.0,0.0,2.0
2026-03-24,Tuesday,3,13,No,Hot,No,end,No,No,Cigarette,41.0,Other,24,1,4,No,No,38.0,35.0,36.0,41.0,29.0,41.333333333333336,44.57142857142857,39.5,14.84202527574029,17.705931209625774,38.0,35.5,3.0,-1.0,36.9
2026-03-24,Tuesday,3,13,No,Hot,No,end,No,No,Dal Curry,8.0,Meal,24,1,4,No,No,0.0,8.0,8.0,9.0,6.0,4.666666666666667,5.571428571428571,9.857142857142858,2.8784916685156947,12.629983512122397,7.0,7.5,-8.0,0.0,3.2
2026-03-24,Tuesday,3,13,No,Hot,No,end,No,No,Egg Rotti,53.0,Meal,24,1,4,No,No,0.0,55.0,53.0,32.0,30.0,34.0,44.857142857142854,45.214285714285715,20.03687077555253,22.07392674080081,53.0,51.0,-55.0,2.0,21.8
2026-03-24,Tuesday,3,13,No,Hot,No,end,No,No,Hoppers,47.0,Meal,24,1,4,No,No,0.0,44.0,49.0,25.0,25.0,24.666666666666668,36.857142857142854,31.285714285714285,24.05846054529516,19.71500237588925,42.0,29.0,-44.0,-5.0,18.1
2026-03-24,Tuesday,3,13,No,Hot,No,end,No,No,Kahata,26.0,Hot Beverage,24,1,4,No,No,17.0,21.0,24.0,29.0,32.0,20.666666666666668,24.142857142857142,22.928571428571427,5.669467095138411,7.770400303660084,23.0,24.0,-4.0,-3.0,18.9
2026-03-24,Tuesday,3,13,No,Hot,No,end,No,No,Plain Tea,66.5,Hot Beverage,24,1,4,No,No,70.0,60.5,79.5,88.0,70.0,79.33333333333333,85.07142857142857,76.75,19.98421996523883,28.043750160720723,76.5,75.75,9.5,-19.0,68.1
2026-03-24,Tuesday,3,13,No,Hot,No,end,No,No,Roast bread,25.0,Meal,24,1,4,No,No,0.0,24.0,21.0,24.0,18.0,13.0,18.857142857142858,19.5,9.370673604897549,10.478916561729664,23.0,21.5,-24.0,3.0,9.299999999999999
2026-03-24,Tuesday,3,13,No,Hot,No,end,No,No,Rolls,55.0,Snack,24,1,4,No,No,0.0,50.0,50.0,40.0,32.0,48.0,54.0,54.07142857142857,26.261505415087452,27.60842760327498,60.0,55.0,-50.0,0.0,20.0
2026-03-24,Tuesday,3,13,No,Hot,No,end,No,No,Roti,4.0,Meal,24,1,4,No,No,0.0,4.0,3.0,15.0,10.0,11.666666666666666,10.0,9.714285714285714,7.1180521680208715,5.70328611657109,13.0,9.0,-4.0,1.0,1.5
2026-03-24,Tuesday,3,13,No,Hot,No,end,No,No,Soft drinks,31.0,Cold Beverage,24,1,4,No,No,0.0,33.0,31.0,29.0,27.0,20.333333333333332,29.857142857142858,27.857142857142858,16.46641603819291,15.590219531967632,33.0,32.0,-33.0,2.0,13.0
2026-03-24,Tuesday,3,13,No,Hot,No,end,No,No,String Hoppers,88.0,Meal,24,1,4,No,No,0.0,103.0,101.0,76.0,60.0,39.666666666666664,62.285714285714285,75.14285714285714,32.8213055078267,52.308047833310205,70.0,72.0,-103.0,2.0,41.0
2026-03-24,Tuesday,3,13,No,Hot,No,end,No,No,Tea,28.0,Hot Beverage,24,1,4,No,No,12.0,28.0,30.0,15.0,16.0,19.666666666666668,21.285714285714285,21.428571428571427,5.122313465427046,9.30437685024787,21.0,20.5,-16.0,-2.0,18.6
2026-03-24,Tuesday,3,13,No,Hot,No,end,No,No,Ulundu Wade,44.0,Snack,24,1,4,No,No,0.0,51.0,57.0,45.0,42.0,46.0,51.0,58.0,31.416556144810002,26.77254621378457,51.0,59.5,-51.0,-6.0,21.0
2026-03-24,Tuesday,3,13,No,Hot,No,end,No,No,Vegitable Roti,12.0,Meal,24,1,4,No,No,17.0,15.0,14.0,9.0,8.0,20.0,20.0,18.714285714285715,5.830951894845297,8.990837827208583,18.0,17.5,2.0,1.0,16.099999999999998
2026-03-24,Tuesday,3,13,No,Hot,No,end,No,No,Watter Bottle,0.0,Cold Beverage,24,1,4,No,No,0.0,2.0,0.0,5.0,5.0,2.6666666666666665,4.0,4.071428571428571,2.4494897427831788,3.540193078486967,5.0,4.0,-2.0,2.0,0.6
2026-03-25,Wednesday,3,13,No,Hot,No,end,No,No,Bread,4.5,Meal,25,1,4,No,No,2.0,3.5,2.0,3.5,5.0,1.5,2.5714285714285716,2.357142857142857,1.8580583823930161,1.5118578920369092,2.5,2.25,-1.5,1.5,2.45
2026-03-25,Wednesday,3,13,No,Hot,No,end,No,No,Breakfast,11.5,Meal,25,1,4,No,No,16.0,12.5,15.5,11.0,15.5,10.166666666666666,11.428571428571429,11.642857142857142,5.396206780605023,5.358058529802675,12.5,13.5,3.5,-3.0,14.9
2026-03-25,Wednesday,3,13,No,Hot,No,end,No,No,Bulath vita,15.0,Other,25,1,4,No,No,14.0,14.0,7.0,14.0,68.0,11.0,18.285714285714285,17.642857142857142,10.827654189070469,9.295219142177277,19.0,16.0,0.0,7.0,13.3
2026-03-25,Wednesday,3,13,No,Hot,No,end,No,No,Chicken Curry,2.0,Meal,25,1,4,No,No,6.0,2.0,3.0,2.0,0.0,3.0,2.0,2.5,2.081665999466133,2.175033156245953,2.0,2.5,4.0,-1.0,4.499999999999999
2026-03-25,Wednesday,3,13,No,Hot,No,end,No,No,Cigarette,40.0,Other,25,1,4,No,No,41.0,31.0,35.0,39.0,77.0,35.666666666666664,45.42857142857143,39.857142857142854,14.362649974350608,17.680311269697903,41.0,36.5,10.0,-4.0,37.4
2026-03-25,Wednesday,3,13,No,Hot,No,end,No,No,Dal Curry,9.0,Meal,25,1,4,No,No,8.0,8.0,10.0,12.0,10.0,5.0,5.571428571428571,9.857142857142858,2.8784916685156947,12.629983512122397,7.0,7.5,0.0,-2.0,8.2
2026-03-25,Wednesday,3,13,No,Hot,No,end,No,No,Egg Rotti,58.0,Meal,25,1,4,No,No,53.0,55.0,41.0,57.0,56.0,33.333333333333336,44.57142857142857,45.214285714285715,19.88179353795112,22.07392674080081,53.0,51.0,-2.0,14.0,52.4
2026-03-25,Wednesday,3,13,No,Hot,No,end,No,No,Hoppers,18.0,Meal,25,1,4,No,No,47.0,15.0,18.0,18.0,50.0,26.333333333333332,37.285714285714285,31.142857142857142,24.232996002106205,19.583576882594343,42.0,29.0,32.0,-3.0,34.5
2026-03-25,Wednesday,3,13,No,Hot,No,end,No,No,Kahata,23.0,Hot Beverage,25,1,4,No,No,26.0,23.0,25.0,23.0,1.0,21.333333333333332,24.857142857142858,23.071428571428573,5.520524474738835,7.80989791831528,24.0,24.5,3.0,-2.0,25.0
2026-03-25,Wednesday,3,13,No,Hot,No,end,No,No,Plain Tea,81.0,Hot Beverage,25,1,4,No,No,66.5,75.0,61.0,84.5,143.0,71.0,85.92857142857143,75.82142857142857,18.851234644421844,28.16067029827863,76.5,73.0,-8.5,14.0,68.5
2026-03-25,Wednesday,3,13,No,Hot,No,end,No,No,Roast bread,24.0,Meal,25,1,4,No,No,25.0,23.0,22.0,20.0,12.0,13.0,19.0,19.785714285714285,9.46924847422785,10.577032966462113,23.0,22.5,2.0,1.0,24.099999999999998
2026-03-25,Wednesday,3,13,No,Hot,No,end,No,No,Rolls,51.0,Snack,25,1,4,No,No,55.0,60.0,87.0,50.0,42.0,42.0,54.714285714285715,54.42857142857143,26.202508058799054,27.584037428903006,60.0,57.5,-5.0,-27.0,59.7
2026-03-25,Wednesday,3,13,No,Hot,No,end,No,No,Roti,6.0,Meal,25,1,4,No,No,4.0,5.0,14.0,8.0,19.0,6.333333333333333,10.0,9.785714285714286,7.1180521680208715,5.618356883105067,13.0,9.0,-1.0,-9.0,5.3
2026-03-25,Wednesday,3,13,No,Hot,No,end,No,No,Soft drinks,25.0,Cold Beverage,25,1,4,No,No,31.0,22.0,34.0,27.0,27.0,22.666666666666668,29.571428571428573,27.857142857142858,16.420080621575742,15.590219531967632,31.0,32.0,9.0,-12.0,28.599999999999994
2026-03-25,Wednesday,3,13,No,Hot,No,end,No,No,String Hoppers,70.0,Meal,25,1,4,No,No,88.0,70.0,160.0,70.0,70.0,54.0,60.142857142857146,74.21428571428571,30.09666964648288,51.927728729350484,70.0,72.0,18.0,-90.0,89.8
2026-03-25,Wednesday,3,13,No,Hot,No,end,No,No,Tea,19.0,Hot Beverage,25,1,4,No,No,28.0,20.0,19.0,22.0,17.0,20.333333333333332,21.285714285714285,21.285714285714285,5.122313465427046,9.177133551375404,21.0,20.5,8.0,1.0,24.7
2026-03-25,Wednesday,3,13,No,Hot,No,end,No,No,Ulundu Wade,30.0,Snack,25,1,4,No,No,44.0,37.0,36.0,44.0,48.0,35.666666666666664,50.0,57.07142857142857,31.527765540868877,27.03406479500741,44.0,56.5,7.0,1.0,41.1
2026-03-25,Wednesday,3,13,No,Hot,No,end,No,No,Vegitable Roti,14.0,Meal,25,1,4,No,No,12.0,18.0,19.0,16.0,20.0,18.0,19.571428571428573,18.571428571428573,6.347102826149443,9.086882225022425,18.0,17.5,-6.0,-1.0,14.499999999999998
2026-03-25,Wednesday,3,13,No,Hot,No,end,No,No,Watter Bottle,6.0,Cold Beverage,25,1,4,No,No,0.0,7.0,7.0,9.0,7.0,1.6666666666666667,3.7142857142857144,4.071428571428571,2.8115408417381933,3.540193078486967,5.0,4.0,-7.0,0.0,2.8000000000000003
2026-03-26,Thursday,3,13,No,Hot,No,end,No,No,Bread,2.5,Meal,26,1,4,No,No,4.5,6.0,2.0,1.5,1.0,2.1666666666666665,2.7142857142857144,2.5357142857142856,1.9760470401187074,1.6108321513367623,2.5,2.5,-1.5,4.0,4.7
2026-03-26,Thursday,3,13,No,Hot,No,end,No,No,Breakfast,12.5,Meal,26,1,4,No,No,11.5,14.5,16.5,13.0,11.0,9.166666666666666,11.285714285714286,11.357142857142858,5.376314900074391,5.241948299823452,12.5,12.5,-3.0,-2.0,12.9
2026-03-26,Thursday,3,13,No,Hot,No,end,No,No,Bulath vita,18.0,Other,26,1,4,No,No,15.0,29.0,33.0,25.0,19.0,9.666666666666666,18.428571428571427,18.214285714285715,10.768118728560758,8.824603468350652,19.0,16.0,-14.0,-4.0,21.0
2026-03-26,Thursday,3,13,No,Hot,No,end,No,No,Chicken Curry,6.0,Meal,26,1,4,No,No,2.0,2.0,4.0,7.0,8.0,2.6666666666666665,2.0,2.4285714285714284,2.081665999466133,2.1737697038266783,2.0,2.0,0.0,-2.0,2.1999999999999997
2026-03-26,Thursday,3,13,No,Hot,No,end,No,No,Cigarette,37.0,Other,26,1,4,No,No,40.0,63.0,44.0,50.0,47.0,39.666666666666664,46.714285714285715,40.214285714285715,13.212548148310665,17.62506332308787,41.0,39.0,-23.0,19.0,47.3
2026-03-26,Thursday,3,13,No,Hot,No,end,No,No,Dal Curry,9.0,Meal,26,1,4,No,No,9.0,4.0,9.0,6.0,6.0,5.666666666666667,5.714285714285714,9.785714285714286,3.0394235042348443,12.631941025271379,7.0,7.5,5.0,-5.0,7.5
2026-03-26,Thursday,3,13,No,Hot,No,end,No,No,Egg Rotti,45.0,Meal,26,1,4,No,No,58.0,53.0,59.0,60.0,56.0,37.0,45.0,46.42857142857143,20.17424100183203,22.290785559937543,53.0,53.0,5.0,-6.0,56.599999999999994
2026-03-26,Thursday,3,13,No,Hot,No,end,No,No,Hoppers,10.0,Meal,26,1,4,No,No,18.0,73.0,17.0,40.0,38.0,21.666666666666668,37.714285714285715,31.142857142857142,23.79575792527095,19.583576882594343,42.0,29.0,-55.0,56.0,34.4
2026-03-26,Thursday,3,13,No,Hot,No,end,No,No,Kahata,38.0,Hot Beverage,26,1,4,No,No,23.0,29.0,29.0,29.0,30.0,22.0,24.857142857142858,22.928571428571427,5.520524474738835,7.790174143548593,24.0,23.5,-6.0,0.0,25.4
2026-03-26,Thursday,3,13,No,Hot,No,end,No,No,Plain Tea,89.0,Hot Beverage,26,1,4,No,No,81.0,109.5,105.0,78.5,86.0,72.5,86.78571428571429,77.25,18.402574871597853,27.856603967737794,81.0,75.75,-28.5,4.5,91.95
2026-03-26,Thursday,3,13,No,Hot,No,end,No,No,Roast bread,18.0,Meal,26,1,4,No,No,24.0,19.0,25.0,16.0,14.0,16.333333333333332,19.142857142857142,19.928571428571427,9.546876826630632,10.622648414621436,24.0,23.5,5.0,-6.0,22.599999999999998
2026-03-26,Thursday,3,13,No,Hot,No,end,No,No,Rolls,47.0,Snack,26,1,4,No,No,51.0,48.0,40.0,79.0,72.0,35.333333333333336,53.42857142857143,51.857142857142854,26.12059942431864,25.94330250864269,55.0,53.0,3.0,8.0,49.0
2026-03-26,Thursday,3,13,No,Hot,No,end,No,No,Roti,5.0,Meal,26,1,4,No,No,6.0,13.0,16.0,18.0,17.0,3.3333333333333335,10.142857142857142,9.214285714285714,7.01019665507731,5.563321800017455,13.0,9.0,-7.0,-3.0,9.1
2026-03-26,Thursday,3,13,No,Hot,No,end,No,No,Soft drinks,26.0,Cold Beverage,26,1,4,No,No,25.0,43.0,36.0,42.0,41.0,18.666666666666668,30.0,27.214285714285715,16.227548592850766,15.502747009325955,31.0,28.0,-18.0,7.0,31.5
2026-03-26,Thursday,3,13,No,Hot,No,end,No,No,String Hoppers,108.0,Meal,26,1,4,No,No,70.0,61.0,179.0,94.0,108.0,52.666666666666664,60.142857142857146,67.78571428571429,30.09666964648288,45.686521445151016,70.0,70.0,9.0,-118.0,78.2
2026-03-26,Thursday,3,13,No,Hot,No,end,No,No,Tea,20.0,Hot Beverage,26,1,4,No,No,19.0,22.0,28.0,36.0,31.0,19.666666666666668,21.142857142857142,21.285714285714285,5.177791402666179,9.177133551375404,21.0,20.5,-3.0,-6.0,20.8
2026-03-26,Thursday,3,13,No,Hot,No,end,No,No,Ulundu Wade,76.0,Snack,26,1,4,No,No,30.0,97.0,94.0,96.0,72.0,24.666666666666668,49.0,56.642857142857146,32.11437891869205,27.438342467478552,44.0,56.5,-67.0,3.0,56.49999999999999
2026-03-26,Thursday,3,13,No,Hot,No,end,No,No,Vegitable Roti,21.0,Meal,26,1,4,No,No,14.0,16.0,36.0,21.0,21.0,14.333333333333334,19.0,18.214285714285715,6.683312551921137,9.16665001663489,17.0,16.5,-2.0,-20.0,16.8
2026-03-26,Thursday,3,13,No,Hot,No,end,No,No,Watter Bottle,1.0,Cold Beverage,26,1,4,No,No,6.0,5.0,7.0,6.0,6.0,2.0,3.5714285714285716,4.0,2.6367367999823106,3.4862366749614333,5.0,4.0,1.0,-2.0,5.8
2026-03-27,Friday,3,13,No,Hot,No,end,No,No,Bread,4.0,Meal,27,1,4,No,No,2.5,1.5,2.5,1.5,2.5,3.0,2.2142857142857144,2.5714285714285716,1.349603116263656,1.6035674514745468,2.5,2.5,1.0,-1.0,2.2
2026-03-27,Friday,3,13,No,Hot,No,end,No,No,Breakfast,10.0,Meal,27,1,4,No,No,12.5,12.5,12.0,14.0,10.5,13.333333333333334,11.0,11.071428571428571,5.228129047119375,5.045398295084736,12.5,12.5,0.0,0.5,12.45
2026-03-27,Friday,3,13,No,Hot,No,end,No,No,Bulath vita,18.0,Other,27,1,4,No,No,18.0,19.0,16.0,14.0,19.0,15.666666666666666,16.857142857142858,17.142857142857142,9.719886340703294,7.734608963882777,18.0,16.0,-1.0,3.0,18.1
2026-03-27,Friday,3,13,No,Hot,No,end,No,No,Chicken Curry,4.0,Meal,27,1,4,No,No,6.0,0.0,3.0,1.0,4.0,4.666666666666667,2.5714285714285716,2.5714285714285716,2.5727509827124004,2.344036154692477,2.0,2.0,6.0,-3.0,3.8999999999999995
2026-03-27,Friday,3,13,No,Hot,No,end,No,No,Cigarette,30.0,Other,27,1,4,No,No,37.0,59.0,28.0,37.0,28.0,39.333333333333336,43.0,39.714285714285715,11.401754250991363,17.60868916376043,40.0,37.5,-22.0,31.0,42.699999999999996
2026-03-27,Friday,3,13,No,Hot,No,end,No,No,Dal Curry,12.0,Meal,27,1,4,No,No,9.0,5.0,52.0,7.0,49.0,8.666666666666666,6.428571428571429,9.785714285714286,3.1547394428670237,12.631941025271379,7.0,7.5,4.0,-47.0,12.1
2026-03-27,Friday,3,13,No,Hot,No,end,No,No,Egg Rotti,55.0,Meal,27,1,4,No,No,45.0,49.0,35.0,57.0,56.0,52.0,43.857142857142854,45.42857142857143,19.869814387898156,21.995504036102403,49.0,51.0,-4.0,14.0,45.2
2026-03-27,Friday,3,13,No,Hot,No,end,No,No,Hoppers,24.0,Meal,27,1,4,No,No,10.0,52.0,8.0,32.0,9.0,25.0,28.714285714285715,30.642857142857142,19.805001773241393,20.056102631051047,32.0,29.0,-42.0,44.0,22.400000000000002
2026-03-27,Friday,3,13,No,Hot,No,end,No,No,Kahata,29.0,Hot Beverage,27,1,4,No,No,38.0,34.0,26.0,30.0,32.0,29.0,26.142857142857142,23.571428571428573,7.380798769522881,8.653272264243206,24.0,23.5,4.0,8.0,35.6
2026-03-27,Friday,3,13,No,Hot,No,end,No,No,Plain Tea,86.0,Hot Beverage,27,1,4,No,No,89.0,112.5,71.0,107.0,65.0,78.83333333333333,83.85714285714286,76.10714285714286,15.603723609324573,26.943800893589735,81.0,75.75,-23.5,41.5,94.25
2026-03-27,Friday,3,13,No,Hot,No,end,No,No,Roast bread,22.0,Meal,27,1,4,No,No,18.0,27.0,12.0,30.0,14.0,22.333333333333332,19.0,19.428571428571427,9.556847457887624,10.5299155209869,24.0,22.0,-9.0,15.0,20.099999999999998
2026-03-27,Friday,3,13,No,Hot,No,end,No,No,Rolls,63.0,Snack,27,1,4,No,No,47.0,76.0,65.0,66.0,69.0,51.0,53.285714285714285,52.357142857142854,26.157945164674082,25.7640391686885,55.0,53.0,-29.0,11.0,57.5
2026-03-27,Friday,3,13,No,Hot,No,end,No,No,Roti,12.0,Meal,27,1,4,No,No,5.0,13.0,9.0,22.0,11.0,5.0,9.0,8.428571428571429,7.11805216802087,5.301876093411663,6.0,7.5,-8.0,4.0,7.800000000000001
2026-03-27,Friday,3,13,No,Hot,No,end,No,No,Soft drinks,48.0,Cold Beverage,27,1,4,No,No,26.0,50.0,22.0,45.0,24.0,27.333333333333332,27.571428571428573,26.5,15.19711752117422,15.295801334403455,26.0,25.5,-24.0,28.0,32.800000000000004
2026-03-27,Friday,3,13,No,Hot,No,end,No,No,String Hoppers,60.0,Meal,27,1,4,No,No,108.0,83.0,23.0,67.0,23.0,88.66666666666667,66.85714285714286,62.714285714285715,35.13985662761765,35.10737062964807,74.0,70.0,25.0,60.0,91.99999999999999
2026-03-27,Friday,3,13,No,Hot,No,end,No,No,Tea,23.0,Hot Beverage,27,1,4,No,No,20.0,20.0,16.0,23.0,19.0,22.333333333333332,20.857142857142858,20.714285714285715,5.177791402666177,8.973710075964814,20.0,20.0,0.0,4.0,19.6
2026-03-27,Friday,3,13,No,Hot,No,end,No,No,Ulundu Wade,59.0,Snack,27,1,4,No,No,76.0,34.0,82.0,65.0,63.0,50.0,46.0,55.357142857142854,27.537852736430487,25.933664319855474,44.0,56.5,42.0,-48.0,64.0
2026-03-27,Friday,3,13,No,Hot,No,end,No,No,Vegitable Roti,27.0,Meal,27,1,4,No,No,21.0,31.0,13.0,38.0,12.0,15.666666666666666,19.714285714285715,17.142857142857142,6.575568054403756,7.684721533988391,18.0,16.5,-10.0,18.0,23.2
2026-03-27,Friday,3,13,No,Hot,No,end,No,No,Watter Bottle,5.0,Cold Beverage,27,1,4,No,No,1.0,6.0,1.0,1.0,1.0,2.3333333333333335,3.0,3.5714285714285716,2.7080128015453204,3.457751286030265,3.0,2.5,-5.0,5.0,2.5
2026-03-28,Saturday,3,13,Yes,Rainy,No,end,No,No,Bread,2.5,Meal,28,1,4,No,No,4.0,2.5,2.0,2.0,1.0,3.6666666666666665,2.5714285714285716,2.6785714285714284,1.4556948921555022,1.647925769159322,2.5,2.5,1.5,0.5,3.35
2026-03-28,Saturday,3,13,Yes,Rainy,No,end,No,No,Breakfast,15.0,Meal,28,1,4,No,No,10.0,10.0,15.0,16.5,20.0,11.333333333333334,10.642857142857142,10.928571428571429,5.193860844900496,5.045398295084736,11.5,12.5,0.0,-5.0,10.5
2026-03-28,Saturday,3,13,Yes,Rainy,No,end,No,No,Bulath vita,24.0,Other,28,1,4,No,No,18.0,33.0,21.0,20.0,28.0,17.0,16.714285714285715,17.285714285714285,9.690446940402795,7.730345513509842,18.0,17.0,-15.0,12.0,22.8
2026-03-28,Saturday,3,13,Yes,Rainy,No,end,No,No,Chicken Curry,6.0,Meal,28,1,4,No,No,4.0,1.0,6.0,7.0,2.0,4.0,3.142857142857143,2.642857142857143,2.34012616672488,2.373155732746617,3.0,2.0,3.0,-5.0,3.3
2026-03-28,Saturday,3,13,Yes,Rainy,No,end,No,No,Cigarette,36.0,Other,28,1,4,No,No,30.0,58.0,31.0,32.0,49.0,35.666666666666664,38.857142857142854,39.857142857142854,9.771191865693293,17.51420145902327,38.0,37.5,-28.0,27.0,38.5
2026-03-28,Saturday,3,13,Yes,Rainy,No,end,No,No,Dal Curry,8.0,Meal,28,1,4,No,No,12.0,7.0,7.0,6.0,6.0,10.0,7.428571428571429,6.928571428571429,3.69039938476144,3.7511902872859784,8.0,7.5,5.0,0.0,9.999999999999998
2026-03-28,Saturday,3,13,Yes,Rainy,No,end,No,No,Egg Rotti,48.0,Meal,28,1,4,No,No,55.0,55.0,47.0,38.0,84.0,52.666666666666664,44.714285714285715,46.857142857142854,20.254335220838424,21.91542183681878,53.0,53.0,0.0,8.0,54.2
2026-03-28,Saturday,3,13,Yes,Rainy,No,end,No,No,Hoppers,36.0,Meal,28,1,4,No,No,24.0,42.0,24.0,34.0,44.0,17.333333333333332,24.714285714285715,31.785714285714285,16.938263249364176,19.09965191559007,24.0,29.0,-18.0,18.0,29.4
2026-03-28,Saturday,3,13,Yes,Rainy,No,end,No,No,Kahata,24.0,Hot Beverage,28,1,4,No,No,29.0,24.0,23.0,21.0,16.0,30.0,25.428571428571427,23.785714285714285,6.704653678780207,8.754590632511436,24.0,23.5,5.0,1.0,26.9
2026-03-28,Saturday,3,13,Yes,Rainy,No,end,No,No,Plain Tea,113.5,Hot Beverage,28,1,4,No,No,86.0,91.5,94.0,84.0,84.5,85.33333333333333,80.07142857142857,77.17857142857143,9.52815377109945,27.023214480870354,81.0,78.75,-5.5,-2.5,88.45
2026-03-28,Saturday,3,13,Yes,Rainy,No,end,No,No,Roast bread,22.0,Meal,28,1,4,No,No,22.0,25.0,21.0,23.0,9.0,21.333333333333332,18.285714285714285,20.142857142857142,9.031690238899271,10.324408292653219,22.0,22.5,-3.0,4.0,22.8
2026-03-28,Saturday,3,13,Yes,Rainy,No,end,No,No,Rolls,57.0,Snack,28,1,4,No,No,63.0,73.0,46.0,47.0,80.0,53.666666666666664,51.42857142857143,52.214285714285715,24.69721403220173,25.69399382504245,55.0,53.0,-10.0,27.0,64.3
2026-03-28,Saturday,3,13,Yes,Rainy,No,end,No,No,Roti,9.0,Meal,28,1,4,No,No,12.0,20.0,9.0,9.0,23.0,7.666666666666667,8.857142857142858,8.642857142857142,7.033931367037243,5.386695045803458,6.0,7.5,-8.0,11.0,14.1
2026-03-28,Saturday,3,13,Yes,Rainy,No,end,No,No,Soft drinks,12.0,Cold Beverage,28,1,4,No,No,48.0,24.0,12.0,10.0,28.0,33.0,27.285714285714285,28.357142857142858,14.716366011058168,16.25568370593045,26.0,28.5,24.0,12.0,37.2
2026-03-28,Saturday,3,13,Yes,Rainy,No,end,No,No,String Hoppers,96.0,Meal,28,1,4,No,No,60.0,45.0,98.0,101.0,74.0,79.33333333333333,63.57142857142857,65.35714285714286,34.44733730811494,33.23021595998521,70.0,70.0,15.0,-53.0,59.3
2026-03-28,Saturday,3,13,Yes,Rainy,No,end,No,No,Tea,19.0,Hot Beverage,28,1,4,No,No,23.0,26.0,18.0,17.0,27.0,20.666666666666668,21.285714285714285,21.214285714285715,5.219012860502955,8.885412171112229,21.0,20.5,-3.0,8.0,23.4
2026-03-28,Saturday,3,13,Yes,Rainy,No,end,No,No,Ulundu Wade,45.0,Snack,28,1,4,No,No,59.0,75.0,44.0,46.0,69.0,55.0,49.57142857142857,53.714285714285715,27.342623276105872,24.82067553605127,59.0,55.0,-16.0,31.0,62.3
2026-03-28,Saturday,3,13,Yes,Rainy,No,end,No,No,Vegitable Roti,12.0,Meal,28,1,4,No,No,27.0,18.0,12.0,12.0,19.0,20.666666666666668,19.142857142857142,18.142857142857142,5.52052447473883,8.008237517198651,18.0,17.5,9.0,6.0,22.799999999999997
2026-03-28,Saturday,3,13,Yes,Rainy,No,end,No,No,Watter Bottle,2.0,Cold Beverage,28,1,4,No,No,5.0,3.0,2.0,2.0,3.0,4.0,2.857142857142857,3.857142857142857,2.5448360411214073,3.3935944832114977,3.0,4.0,2.0,1.0,4.1
2026-03-29,Sunday,3,13,Yes,Hot,No,end,No,No,Bread,2.0,Meal,29,1,5,No,No,2.5,2.5,4.0,4.0,1.5,3.0,2.5714285714285716,2.7142857142857144,1.4556948921555022,1.6374732612530452,2.5,2.5,0.0,-1.5,2.65
2026-03-29,Sunday,3,13,Yes,Hot,No,end,No,No,Breakfast,0.0,Meal,29,1,5,No,No,15.0,14.5,9.5,14.5,14.5,12.5,11.357142857142858,10.928571428571429,5.429197958832454,5.045398295084736,12.5,12.5,0.5,5.0,14.299999999999999
2026-03-29,Sunday,3,13,Yes,Hot,No,end,No,No,Bulath vita,5.0,Other,29,1,5,No,No,24.0,19.0,16.0,22.0,22.0,20.0,15.428571428571429,17.5,7.524562952029015,7.881331398652425,18.0,17.0,5.0,3.0,21.7
2026-03-29,Sunday,3,13,Yes,Hot,No,end,No,No,Chicken Curry,3.0,Meal,29,1,5,No,No,6.0,3.0,0.0,0.0,0.0,5.333333333333333,3.857142857142857,2.642857142857143,2.3401261667248803,2.373155732746617,4.0,2.0,3.0,3.0,4.5
2026-03-29,Sunday,3,13,Yes,Hot,No,end,No,No,Cigarette,46.0,Other,29,1,5,No,No,36.0,28.0,67.0,83.0,41.0,34.333333333333336,35.714285714285715,40.214285714285715,4.923220007078298,17.370082907682974,37.0,37.5,8.0,-39.0,36.7
2026-03-29,Sunday,3,13,Yes,Hot,No,end,No,No,Dal Curry,6.0,Meal,29,1,5,No,No,8.0,7.0,13.0,11.0,9.0,9.666666666666666,7.571428571428571,7.0,3.6903993847614402,3.762159772503853,8.0,8.0,1.0,-6.0,8.200000000000001
2026-03-29,Sunday,3,13,Yes,Hot,No,end,No,No,Egg Rotti,64.0,Meal,29,1,5,No,No,48.0,47.0,84.0,78.0,45.0,49.333333333333336,43.714285714285715,46.92857142857143,19.830231850336393,21.917552803155743,48.0,53.0,1.0,-37.0,51.3
2026-03-29,Sunday,3,13,Yes,Hot,No,end,No,No,Hoppers,26.0,Meal,29,1,5,No,No,36.0,32.0,38.0,41.0,15.0,23.333333333333332,23.857142857142858,32.642857142857146,16.046064641406304,18.99233506467257,24.0,34.0,4.0,-6.0,34.99999999999999
2026-03-29,Sunday,3,13,Yes,Hot,No,end,No,No,Kahata,17.0,Hot Beverage,29,1,5,No,No,24.0,21.0,25.0,21.0,17.0,30.333333333333332,25.428571428571427,23.857142857142858,6.704653678780207,8.751765912854756,24.0,24.0,3.0,-4.0,23.2
2026-03-29,Sunday,3,13,Yes,Hot,No,end,No,No,Plain Tea,70.5,Hot Beverage,29,1,5,No,No,113.5,76.5,68.5,69.0,65.0,96.16666666666667,83.21428571428571,78.57142857142857,15.612113733831748,28.423214471257836,81.0,78.75,37.0,8.0,97.89999999999999
2026-03-29,Sunday,3,13,Yes,Hot,No,end,No,No,Roast bread,22.0,Meal,29,1,5,No,No,22.0,14.0,40.0,43.0,17.0,20.666666666666668,17.857142857142858,20.214285714285715,8.725987459471675,10.334249043675271,22.0,22.5,8.0,-26.0,21.4
2026-03-29,Sunday,3,13,Yes,Hot,No,end,No,No,Rolls,109.0,Snack,29,1,5,No,No,57.0,71.0,91.0,96.0,68.0,55.666666666666664,49.142857142857146,53.0,23.053767381410612,25.657507523290203,55.0,56.0,-14.0,-20.0,64.6
2026-03-29,Sunday,3,13,Yes,Hot,No,end,No,No,Roti,8.0,Meal,29,1,5,No,No,9.0,15.0,6.0,6.0,14.0,8.666666666666666,7.285714285714286,8.642857142857142,5.0896720822428065,5.386695045803458,6.0,7.5,-6.0,9.0,10.499999999999998
2026-03-29,Sunday,3,13,Yes,Hot,No,end,No,No,Soft drinks,35.0,Cold Beverage,29,1,5,No,No,12.0,37.0,46.0,42.0,34.0,28.666666666666668,25.571428571428573,28.357142857142858,15.820420799893846,16.25568370593045,26.0,28.5,-25.0,-9.0,22.9
2026-03-29,Sunday,3,13,Yes,Hot,No,end,No,No,String Hoppers,25.0,Meal,29,1,5,No,No,96.0,74.0,55.0,55.0,70.0,88.0,70.85714285714286,65.21428571428571,35.24877573017523,33.08306229763221,74.0,70.0,22.0,19.0,85.3
2026-03-29,Sunday,3,13,Yes,Hot,No,end,No,No,Tea,18.0,Hot Beverage,29,1,5,No,No,19.0,21.0,40.0,39.0,24.0,20.666666666666668,20.285714285714285,21.285714285714285,4.820590756130949,8.861572802131258,20.0,20.5,-2.0,-19.0,21.7
2026-03-29,Sunday,3,13,Yes,Hot,No,end,No,No,Ulundu Wade,80.0,Snack,29,1,5,No,No,45.0,63.0,80.0,103.0,60.0,60.0,45.285714285714285,53.785714285714285,24.93801840372969,24.791991794586757,45.0,55.0,-18.0,-17.0,53.9
2026-03-29,Sunday,3,13,Yes,Hot,No,end,No,No,Vegitable Roti,16.0,Meal,29,1,5,No,No,12.0,25.0,28.0,27.0,18.0,20.0,18.285714285714285,18.142857142857142,6.156684327197704,8.008237517198651,17.0,17.5,-13.0,-3.0,17.5
2026-03-29,Sunday,3,13,Yes,Hot,No,end,No,No,Watter Bottle,11.0,Cold Beverage,29,1,5,No,No,2.0,5.0,12.0,11.0,3.0,2.6666666666666665,2.7142857142857144,3.857142857142857,2.563479777846623,3.3935944832114977,2.0,4.0,-3.0,-7.0,3.9000000000000004
2026-03-30,Monday,3,14,No,Cloudy,No,end,No,No,Bread,0.0,Meal,30,1,5,No,No,2.0,0.0,0.0,0.0,0.0,2.8333333333333335,2.5,2.5714285714285716,1.4719601443879744,1.6035674514745468,2.5,2.5,2.0,0.0,1.2
2026-03-30,Monday,3,14,No,Cloudy,No,end,No,No,Breakfast,12.0,Meal,30,1,5,No,No,0.0,0.0,0.0,0.0,8.0,8.333333333333334,9.285714285714286,10.25,6.657434083145594,5.830127324114339,11.5,12.5,0.0,0.0,0.0
2026-03-30,Monday,3,14,No,Cloudy,No,end,No,No,Bulath vita,0.0,Other,30,1,5,No,No,5.0,0.0,11.0,0.0,12.0,15.666666666666666,13.428571428571429,16.714285714285715,8.243323416704024,8.56134938527235,15.0,16.5,5.0,-11.0,4.1
2026-03-30,Monday,3,14,No,Cloudy,No,end,No,No,Chicken Curry,0.0,Meal,30,1,5,No,No,3.0,0.0,0.0,0.0,0.0,4.333333333333333,3.857142857142857,2.857142857142857,2.3401261667248803,2.2483204964917824,4.0,2.5,3.0,0.0,1.7999999999999998
2026-03-30,Monday,3,14,No,Cloudy,No,end,No,No,Cigarette,0.0,Other,30,1,5,No,No,46.0,38.0,0.0,0.0,39.0,37.333333333333336,38.285714285714285,38.714285714285715,4.923220007078257,15.706091769798068,38.0,37.5,8.0,38.0,39.0
2026-03-30,Monday,3,14,No,Cloudy,No,end,No,No,Dal Curry,0.0,Meal,30,1,5,No,No,6.0,0.0,0.0,0.0,6.0,8.666666666666666,7.428571428571429,6.5,3.7352886036263584,3.3454906504588804,8.0,7.5,6.0,0.0,3.5999999999999996
2026-03-30,Monday,3,14,No,Cloudy,No,end,No,No,Egg Rotti,0.0,Meal,30,1,5,No,No,64.0,0.0,0.0,0.0,0.0,55.666666666666664,46.142857142857146,45.5,21.287152396289592,19.871703887302033,53.0,53.0,64.0,0.0,38.4
2026-03-30,Monday,3,14,No,Cloudy,No,end,No,No,Hoppers,0.0,Meal,30,1,5,No,No,26.0,0.0,26.0,0.0,0.0,28.666666666666668,23.0,31.785714285714285,15.695009822658044,19.00274705416024,24.0,29.0,26.0,-26.0,18.2
2026-03-30,Monday,3,14,No,Cloudy,No,end,No,No,Kahata,0.0,Hot Beverage,30,1,5,No,No,17.0,17.0,0.0,0.0,22.0,23.333333333333332,24.857142857142858,23.285714285714285,7.289914755527472,8.930746987696025,24.0,23.5,0.0,17.0,15.299999999999999
2026-03-30,Monday,3,14,No,Cloudy,No,end,No,No,Plain Tea,0.0,Hot Beverage,30,1,5,No,No,70.5,70.0,0.0,0.0,0.0,90.0,82.35714285714286,78.71428571428571,16.195972456432692,28.373683829667485,81.0,78.75,0.5,70.0,63.3
2026-03-30,Monday,3,14,No,Cloudy,No,end,No,No,Roast bread,14.0,Meal,30,1,5,No,No,22.0,0.0,0.0,0.0,0.0,22.0,19.0,18.928571428571427,8.660254037844375,8.668814892956915,22.0,22.0,22.0,0.0,13.2
2026-03-30,Monday,3,14,No,Cloudy,No,end,No,No,Rolls,0.0,Snack,30,1,5,No,No,109.0,0.0,0.0,56.0,0.0,76.33333333333333,54.57142857142857,54.285714285714285,31.853085370479395,28.047839822013383,55.0,56.0,109.0,0.0,65.39999999999999
2026-03-30,Monday,3,14,No,Cloudy,No,end,No,No,Roti,0.0,Meal,30,1,5,No,No,8.0,0.0,9.0,0.0,0.0,9.666666666666666,6.285714285714286,8.785714285714286,3.860668582611283,5.337509811607937,6.0,8.5,8.0,-9.0,5.7
2026-03-30,Monday,3,14,No,Cloudy,No,end,No,No,Soft drinks,15.0,Cold Beverage,30,1,5,No,No,35.0,0.0,0.0,0.0,0.0,31.666666666666668,25.285714285714285,27.571428571428573,15.596092306667552,15.589514650333635,26.0,28.5,35.0,0.0,21.0
2026-03-30,Monday,3,14,No,Cloudy,No,end,No,No,String Hoppers,0.0,Meal,30,1,5,No,No,25.0,0.0,0.0,66.0,62.0,60.333333333333336,63.857142857142854,63.07142857142857,39.16813573739318,34.72632405564381,70.0,70.0,25.0,0.0,15.0
2026-03-30,Monday,3,14,No,Cloudy,No,end,No,No,Tea,0.0,Hot Beverage,30,1,5,No,No,18.0,12.0,0.0,0.0,0.0,20.0,19.857142857142858,19.714285714285715,4.879500364742654,7.053952208389395,19.0,20.0,6.0,12.0,14.399999999999999
2026-03-30,Monday,3,14,No,Cloudy,No,end,No,No,Ulundu Wade,0.0,Snack,30,1,5,No,No,80.0,0.0,62.0,0.0,0.0,61.333333333333336,47.714285714285715,53.785714285714285,27.63279624959131,24.791991794586757,45.0,55.0,80.0,-62.0,54.2
2026-03-30,Monday,3,14,No,Cloudy,No,end,No,No,Vegitable Roti,0.0,Meal,30,1,5,No,No,16.0,17.0,0.0,11.0,0.0,18.333333333333332,17.0,17.285714285714285,5.416025603090634,7.4979850773244445,16.0,16.5,-1.0,17.0,14.7
2026-03-30,Monday,3,14,No,Cloudy,No,end,No,No,Watter Bottle,0.0,Cold Beverage,30,1,5,No,No,11.0,0.0,0.0,0.0,0.0,6.0,3.5714285714285716,3.7857142857142856,4.035556254807296,3.2148351178816044,2.0,4.0,11.0,0.0,6.6
2026-03-31,Tuesday,3,14,No,Hot,No,end,No,No,Bread,5.5,Meal,31,1,5,No,Yes,0.0,2.0,2.5,2.0,1.5,1.5,2.5,2.5714285714285716,1.4719601443879744,1.6035674514745468,2.5,2.5,-2.0,-0.5,0.85
2026-03-31,Tuesday,3,14,No,Hot,No,end,No,No,Breakfast,14.0,Meal,31,1,5,No,Yes,12.0,16.0,14.5,15.0,10.5,9.0,11.0,11.107142857142858,5.26782687642637,5.035178445499422,12.0,12.5,-4.0,1.5,13.45
2026-03-31,Tuesday,3,14,No,Hot,No,end,No,No,Bulath vita,11.0,Other,31,1,5,No,Yes,0.0,14.0,15.0,14.0,23.0,9.666666666666666,13.428571428571429,15.928571428571429,8.243323416704024,9.57130555932105,15.0,16.5,-14.0,-1.0,5.7
2026-03-31,Tuesday,3,14,No,Hot,No,end,No,No,Chicken Curry,6.0,Meal,31,1,5,No,Yes,0.0,6.0,5.0,5.0,0.0,3.0,3.857142857142857,2.857142857142857,2.3401261667248803,2.2483204964917824,4.0,2.5,-6.0,1.0,2.3
2026-03-31,Tuesday,3,14,No,Hot,No,end,No,No,Cigarette,35.0,Other,31,1,5,No,Yes,0.0,41.0,35.0,36.0,41.0,27.333333333333332,32.857142857142854,38.714285714285715,15.30172726011212,15.706091769798068,37.0,37.5,-41.0,6.0,15.799999999999999
2026-03-31,Tuesday,3,14,No,Hot,No,end,No,No,Dal Curry,17.0,Meal,31,1,5,No,Yes,0.0,8.0,8.0,8.0,9.0,4.666666666666667,7.428571428571429,6.5,3.7352886036263584,3.3454906504588804,8.0,7.5,-8.0,0.0,3.2
2026-03-31,Tuesday,3,14,No,Hot,No,end,No,No,Egg Rotti,74.0,Meal,31,1,5,No,Yes,0.0,53.0,55.0,53.0,32.0,37.333333333333336,46.142857142857146,45.5,21.287152396289592,19.871703887302033,53.0,53.0,-53.0,-2.0,21.4
2026-03-31,Tuesday,3,14,No,Hot,No,end,No,No,Hoppers,16.0,Meal,31,1,5,No,Yes,0.0,47.0,44.0,49.0,25.0,20.666666666666668,23.0,29.928571428571427,15.695009822658044,20.79742693298782,24.0,29.0,-47.0,3.0,18.5
2026-03-31,Tuesday,3,14,No,Hot,No,end,No,No,Kahata,35.0,Hot Beverage,31,1,5,No,Yes,0.0,26.0,21.0,24.0,29.0,13.666666666666666,22.428571428571427,23.285714285714285,11.787806452108935,8.930746987696025,24.0,23.5,-26.0,5.0,9.9
2026-03-31,Tuesday,3,14,No,Hot,No,end,No,No,Plain Tea,100.0,Hot Beverage,31,1,5,No,Yes,0.0,66.5,60.5,79.5,88.0,61.333333333333336,72.35714285714286,78.71428571428571,35.364429263638044,28.373683829667485,81.0,78.75,-66.5,6.0,26.0
2026-03-31,Tuesday,3,14,No,Hot,No,end,No,No,Roast bread,25.0,Meal,31,1,5,No,Yes,14.0,25.0,24.0,21.0,24.0,19.333333333333332,21.0,19.928571428571427,3.7859388972001584,6.955510109195504,22.0,22.0,-11.0,1.0,18.3
2026-03-31,Tuesday,3,14,No,Hot,No,end,No,No,Rolls,51.0,Snack,31,1,5,No,Yes,0.0,55.0,50.0,50.0,40.0,55.333333333333336,54.57142857142857,54.285714285714285,31.853085370479395,28.047839822013383,55.0,56.0,-55.0,5.0,21.5
2026-03-31,Tuesday,3,14,No,Hot,No,end,No,No,Roti,9.0,Meal,31,1,5,No,Yes,0.0,4.0,4.0,3.0,15.0,5.666666666666667,6.285714285714286,8.142857142857142,3.860668582611283,5.8290669903529135,6.0,7.0,-4.0,0.0,1.6
2026-03-31,Tuesday,3,14,No,Hot,No,end,No,No,Soft drinks,32.0,Cold Beverage,31,1,5,No,Yes,15.0,31.0,33.0,31.0,29.0,20.666666666666668,27.428571428571427,28.642857142857142,12.20460490767237,13.981345499558403,26.0,28.5,-16.0,-2.0,21.599999999999998
2026-03-31,Tuesday,3,14,No,Hot,No,end,No,No,String Hoppers,133.0,Meal,31,1,5,No,Yes,0.0,88.0,103.0,101.0,76.0,40.333333333333336,63.857142857142854,63.07142857142857,39.16813573739318,34.72632405564381,70.0,70.0,-88.0,-15.0,36.7
2026-03-31,Tuesday,3,14,No,Hot,No,end,No,No,Tea,19.0,Hot Beverage,31,1,5,No,Yes,0.0,28.0,28.0,30.0,15.0,12.333333333333334,18.142857142857142,19.714285714285715,8.706866474772859,7.053952208389395,19.0,20.0,-28.0,0.0,11.200000000000001
2026-03-31,Tuesday,3,14,No,Hot,No,end,No,No,Ulundu Wade,68.0,Snack,31,1,5,No,Yes,0.0,44.0,51.0,57.0,45.0,41.666666666666664,47.714285714285715,49.357142857142854,27.63279624959131,28.475649902375142,45.0,48.0,-44.0,-7.0,18.3
2026-03-31,Tuesday,3,14,No,Hot,No,end,No,No,Vegitable Roti,26.0,Meal,31,1,5,No,Yes,0.0,12.0,15.0,14.0,9.0,9.333333333333334,14.571428571428571,17.285714285714285,8.40351400421559,7.4979850773244445,14.0,16.5,-12.0,-3.0,5.1
2026-03-31,Tuesday,3,14,No,Hot,No,end,No,No,Watter Bottle,3.0,Cold Beverage,31,1,5,No,Yes,0.0,0.0,2.0,0.0,5.0,4.333333333333333,3.5714285714285716,3.7857142857142856,4.035556254807296,3.2148351178816044,2.0,4.0,0.0,-2.0,0.2
2026-04-01,Wednesday,4,14,No,Rainy,No,start,No,No,Bread,3.5,Meal,1,2,1,Yes,No,5.5,4.5,3.5,2.0,3.5,2.5,3.0,2.7857142857142856,1.8257418583505538,1.7836251515715638,2.5,2.5,1.0,1.0,4.999999999999999
2026-04-01,Wednesday,4,14,No,Rainy,No,start,No,No,Breakfast,15.0,Meal,1,2,1,Yes,No,14.0,11.5,12.5,15.5,11.0,8.666666666666666,10.714285714285714,11.071428571428571,4.998809382052415,5.010976961620369,12.0,12.5,2.5,-1.0,13.1
2026-04-01,Wednesday,4,14,No,Rainy,No,start,No,No,Bulath vita,17.0,Other,1,2,1,Yes,No,11.0,15.0,14.0,7.0,14.0,5.333333333333333,13.0,15.642857142857142,8.286535263104033,9.660443873041018,15.0,16.5,-4.0,1.0,12.5
2026-04-01,Wednesday,4,14,No,Rainy,No,start,No,No,Chicken Curry,6.0,Meal,1,2,1,Yes,No,6.0,2.0,2.0,3.0,2.0,3.0,3.857142857142857,2.9285714285714284,2.3401261667248803,2.335817620458403,4.0,2.5,4.0,0.0,4.3999999999999995
2026-04-01,Wednesday,4,14,No,Rainy,No,start,No,No,Cigarette,34.0,Other,1,2,1,Yes,No,35.0,40.0,31.0,35.0,39.0,27.0,32.0,38.714285714285715,14.933184523068125,15.706091769798068,36.0,37.5,-5.0,9.0,36.1
2026-04-01,Wednesday,4,14,No,Rainy,No,start,No,No,Dal Curry,8.0,Meal,1,2,1,Yes,No,17.0,9.0,8.0,10.0,12.0,7.666666666666667,8.714285714285714,7.142857142857143,5.219012860502955,4.365197023611322,9.0,7.5,8.0,1.0,13.7
2026-04-01,Wednesday,4,14,No,Rainy,No,start,No,No,Egg Rotti,60.0,Meal,1,2,1,Yes,No,74.0,58.0,55.0,41.0,57.0,46.0,49.142857142857146,46.857142857142854,23.751691669076067,21.176391582126534,55.0,53.0,16.0,3.0,67.3
2026-04-01,Wednesday,4,14,No,Rainy,No,start,No,No,Hoppers,33.0,Meal,1,2,1,Yes,No,16.0,18.0,15.0,18.0,18.0,14.0,18.571428571428573,27.928571428571427,11.645559137243968,20.686168867569034,18.0,25.0,-2.0,3.0,16.5
2026-04-01,Wednesday,4,14,No,Rainy,No,start,No,No,Kahata,20.0,Hot Beverage,1,2,1,Yes,No,35.0,23.0,23.0,25.0,23.0,17.333333333333332,23.714285714285715,24.285714285714285,12.69795634100603,9.425240836984733,24.0,24.0,12.0,0.0,30.2
2026-04-01,Wednesday,4,14,No,Rainy,No,start,No,No,Plain Tea,83.5,Hot Beverage,1,2,1,Yes,No,100.0,81.0,75.0,61.0,84.5,56.833333333333336,77.14285714285714,81.53571428571429,36.681869142800316,28.387066587630166,86.0,83.5,19.0,6.0,91.8
2026-04-01,Wednesday,4,14,No,Rainy,No,start,No,No,Roast bread,21.0,Meal,1,2,1,Yes,No,25.0,24.0,23.0,22.0,20.0,20.333333333333332,21.0,20.0,3.7859388972001584,7.005492350786135,22.0,22.0,1.0,1.0,24.5
2026-04-01,Wednesday,4,14,No,Rainy,No,start,No,No,Rolls,64.0,Snack,1,2,1,Yes,No,51.0,51.0,60.0,87.0,50.0,53.333333333333336,54.0,54.357142857142854,31.8799832705937,28.03735733968891,51.0,56.0,0.0,-9.0,51.9
2026-04-01,Wednesday,4,14,No,Rainy,No,start,No,No,Roti,5.0,Meal,1,2,1,Yes,No,9.0,6.0,5.0,14.0,8.0,5.666666666666667,7.0,8.5,3.8297084310253418,5.70761973829048,8.0,8.5,3.0,1.0,7.699999999999999
2026-04-01,Wednesday,4,14,No,Rainy,No,start,No,No,Soft drinks,43.0,Cold Beverage,1,2,1,Yes,No,32.0,25.0,22.0,34.0,27.0,27.333333333333332,27.571428571428573,28.571428571428573,12.259107401671374,13.959911205989846,26.0,28.5,7.0,3.0,28.9
2026-04-01,Wednesday,4,14,No,Rainy,No,start,No,No,String Hoppers,67.0,Meal,1,2,1,Yes,No,133.0,70.0,70.0,160.0,70.0,52.666666666666664,70.28571428571429,65.21428571428571,46.75009549264503,38.1377635813771,70.0,70.0,63.0,0.0,107.8
2026-04-01,Wednesday,4,14,No,Rainy,No,start,No,No,Tea,34.0,Hot Beverage,1,2,1,Yes,No,19.0,19.0,20.0,19.0,22.0,12.333333333333334,16.857142857142858,19.071428571428573,7.60325744727373,6.638631528517639,19.0,20.0,0.0,-1.0,19.1
2026-04-01,Wednesday,4,14,No,Rainy,No,start,No,No,Ulundu Wade,108.0,Snack,1,2,1,Yes,No,68.0,30.0,37.0,36.0,44.0,49.333333333333336,51.142857142857146,50.57142857142857,28.568214104890355,28.910243821216692,59.0,52.0,38.0,-7.0,53.5
2026-04-01,Wednesday,4,14,No,Rainy,No,start,No,No,Vegitable Roti,19.0,Meal,1,2,1,Yes,No,26.0,14.0,18.0,19.0,16.0,14.0,16.571428571428573,18.071428571428573,9.306935457982265,7.809897918315281,16.0,17.5,12.0,-4.0,21.6
2026-04-01,Wednesday,4,14,No,Rainy,No,start,No,No,Watter Bottle,5.0,Cold Beverage,1,2,1,Yes,No,3.0,6.0,7.0,7.0,9.0,4.666666666666667,4.0,3.857142857142857,3.7416573867739418,3.183059555187136,3.0,4.0,-3.0,-1.0,4.3
2026-04-02,Thursday,4,14,No,Cloudy,No,start,No,No,Bread,5.0,Meal,2,2,1,No,No,3.5,2.5,6.0,2.0,1.5,3.0,2.857142857142857,2.7857142857142856,1.7251638983558855,1.7836251515715638,2.5,2.5,1.0,-3.5,3.45
2026-04-02,Thursday,4,14,No,Cloudy,No,start,No,No,Breakfast,11.5,Meal,2,2,1,No,No,15.0,12.5,14.5,16.5,13.0,13.666666666666666,11.214285714285714,11.25,5.258779507144401,5.109380513405635,12.5,12.5,2.5,-2.0,14.2
2026-04-02,Thursday,4,14,No,Cloudy,No,start,No,No,Bulath vita,23.0,Other,2,2,1,No,No,17.0,18.0,29.0,33.0,25.0,9.333333333333334,13.285714285714286,15.857142857142858,8.40068024456523,9.654470011802363,17.0,17.5,-1.0,-11.0,18.5
2026-04-02,Thursday,4,14,No,Cloudy,No,start,No,No,Chicken Curry,2.0,Meal,2,2,1,No,No,6.0,6.0,2.0,4.0,7.0,4.0,4.428571428571429,3.2142857142857144,2.2990681342044414,2.455091144432835,6.0,3.0,0.0,4.0,5.6
2026-04-02,Thursday,4,14,No,Cloudy,No,start,No,No,Cigarette,60.0,Other,2,2,1,No,No,34.0,37.0,63.0,44.0,50.0,23.0,31.142857142857142,38.92857142857143,14.56512468682842,15.612934902308925,35.0,37.5,-3.0,-26.0,37.8
2026-04-02,Thursday,4,14,No,Cloudy,No,start,No,No,Dal Curry,5.0,Meal,2,2,1,No,No,8.0,9.0,4.0,9.0,6.0,8.333333333333334,8.571428571428571,7.142857142857143,5.223572942509207,4.365197023611322,8.0,7.5,-1.0,5.0,7.9
2026-04-02,Thursday,4,14,No,Cloudy,No,start,No,No,Egg Rotti,70.0,Meal,2,2,1,No,No,60.0,45.0,53.0,59.0,60.0,44.666666666666664,49.42857142857143,47.214285714285715,23.887633780243867,21.365603454829216,55.0,53.0,15.0,-8.0,54.8
2026-04-02,Thursday,4,14,No,Cloudy,No,start,No,No,Hoppers,62.0,Meal,2,2,1,No,No,33.0,10.0,73.0,17.0,40.0,16.333333333333332,20.714285714285715,29.214285714285715,12.841524905740785,20.37788609640955,24.0,29.0,23.0,-63.0,30.1
2026-04-02,Thursday,4,14,No,Cloudy,No,start,No,No,Kahata,21.0,Hot Beverage,2,2,1,No,No,20.0,38.0,29.0,29.0,29.0,18.333333333333332,23.285714285714285,24.071428571428573,12.776466461353674,9.490596850115825,24.0,24.0,-18.0,9.0,26.299999999999997
2026-04-02,Thursday,4,14,No,Cloudy,No,start,No,No,Plain Tea,120.5,Hot Beverage,2,2,1,No,No,83.5,89.0,109.5,105.0,78.5,61.166666666666664,77.5,82.14285714285714,36.73780976959118,28.327364163288472,86.0,84.75,-5.5,-20.5,87.75
2026-04-02,Thursday,4,14,No,Cloudy,No,start,No,No,Roast bread,21.0,Meal,2,2,1,No,No,21.0,18.0,19.0,25.0,16.0,20.0,20.571428571428573,19.857142857142858,3.552329886011072,6.959853478311192,22.0,22.0,3.0,-1.0,19.9
2026-04-02,Thursday,4,14,No,Cloudy,No,start,No,No,Rolls,51.0,Snack,2,2,1,No,No,64.0,47.0,48.0,40.0,79.0,38.333333333333336,55.857142857142854,54.642857142857146,32.05426945784588,28.119544647963135,57.0,56.0,17.0,-1.0,57.3
2026-04-02,Thursday,4,14,No,Cloudy,No,start,No,No,Roti,16.0,Meal,2,2,1,No,No,5.0,5.0,13.0,16.0,18.0,4.666666666666667,6.857142857142857,8.5,3.8913824205360568,5.70761973829048,8.0,8.5,0.0,-8.0,5.8
2026-04-02,Thursday,4,14,No,Cloudy,No,start,No,No,Soft drinks,35.0,Cold Beverage,2,2,1,No,No,43.0,26.0,43.0,36.0,42.0,30.0,30.142857142857142,30.071428571428573,13.458932243787276,14.323000790628745,32.0,31.5,17.0,-17.0,37.9
2026-04-02,Thursday,4,14,No,Cloudy,No,start,No,No,String Hoppers,57.0,Meal,2,2,1,No,No,67.0,108.0,61.0,179.0,94.0,66.66666666666667,69.85714285714286,65.0,46.766899161082485,38.117228085513766,67.0,68.5,-41.0,47.0,78.69999999999999
2026-04-02,Thursday,4,14,No,Cloudy,No,start,No,No,Tea,21.0,Hot Beverage,2,2,1,No,No,34.0,20.0,22.0,28.0,36.0,17.666666666666668,19.0,20.071428571428573,10.033277962194932,7.750576015460299,19.0,20.0,14.0,-2.0,28.599999999999998
2026-04-02,Thursday,4,14,No,Cloudy,No,start,No,No,Ulundu Wade,83.0,Snack,2,2,1,No,No,108.0,76.0,97.0,94.0,96.0,58.666666666666664,62.285714285714285,55.642857142857146,33.69824073407139,32.36714179738254,68.0,61.0,32.0,-21.0,97.3
2026-04-02,Thursday,4,14,No,Cloudy,No,start,No,No,Vegitable Roti,17.0,Meal,2,2,1,No,No,19.0,21.0,16.0,36.0,21.0,15.0,17.285714285714285,18.142857142857142,9.268482179125222,7.813766380878362,19.0,17.5,-2.0,5.0,19.3
2026-04-02,Thursday,4,14,No,Cloudy,No,start,No,No,Watter Bottle,5.0,Cold Beverage,2,2,1,No,No,5.0,1.0,5.0,7.0,6.0,2.6666666666666665,3.857142857142857,3.7142857142857144,3.670993118515816,3.0741745966274334,3.0,4.0,4.0,-4.0,3.8
2026-04-03,Friday,4,14,No,Rainy,No,start,No,No,Bread,2.5,Meal,3,2,1,No,No,5.0,4.0,1.5,2.5,1.5,4.666666666666667,3.2142857142857144,2.7142857142857144,1.889822365046136,1.6607955196958357,3.5,2.5,1.0,2.5,4.3500000000000005
2026-04-03,Friday,4,14,No,Rainy,No,start,No,No,Breakfast,10.0,Meal,3,2,1,No,No,11.5,10.0,12.5,12.0,14.0,13.5,11.071428571428571,11.035714285714286,5.23154352166238,5.024801127768777,12.0,12.25,1.5,-2.5,11.149999999999999
2026-04-03,Friday,4,14,No,Rainy,No,start,No,No,Bulath vita,20.0,Other,3,2,1,No,No,23.0,18.0,19.0,16.0,14.0,17.0,14.0,15.428571428571429,9.055385138137416,9.145947279989732,17.0,17.5,5.0,-1.0,21.099999999999998
2026-04-03,Friday,4,14,No,Rainy,No,start,No,No,Chicken Curry,3.0,Meal,3,2,1,No,No,2.0,4.0,0.0,3.0,1.0,4.666666666666667,3.857142857142857,3.2142857142857144,2.3401261667248803,2.455091144432835,4.0,3.0,-2.0,4.0,2.4
2026-04-03,Friday,4,14,No,Rainy,No,start,No,No,Cigarette,30.0,Other,3,2,1,No,No,60.0,30.0,59.0,28.0,37.0,43.0,34.42857142857143,38.714285714285715,18.237846572966028,15.274053270062378,35.0,37.5,30.0,-29.0,50.9
2026-04-03,Friday,4,14,No,Rainy,No,start,No,No,Dal Curry,49.0,Meal,3,2,1,No,No,5.0,12.0,5.0,52.0,7.0,10.0,8.0,7.214285714285714,5.385164807134504,4.317737502773557,8.0,7.5,-7.0,7.0,7.1
2026-04-03,Friday,4,14,No,Rainy,No,start,No,No,Egg Rotti,40.0,Meal,3,2,1,No,No,70.0,55.0,49.0,35.0,57.0,68.0,53.0,48.42857142857143,24.959967948697372,22.18701729083329,60.0,54.0,15.0,6.0,63.4
2026-04-03,Friday,4,14,No,Rainy,No,start,No,No,Hoppers,8.0,Meal,3,2,1,No,No,62.0,24.0,52.0,8.0,32.0,37.0,28.142857142857142,28.428571428571427,19.117431586805534,18.702999700641545,26.0,29.0,38.0,-28.0,49.599999999999994
2026-04-03,Friday,4,14,No,Rainy,No,start,No,No,Kahata,25.0,Hot Beverage,3,2,1,No,No,21.0,29.0,34.0,26.0,30.0,25.333333333333332,20.857142857142858,23.5,11.006491591004703,9.411531388510742,21.0,23.5,-8.0,-5.0,24.699999999999996
2026-04-03,Friday,4,14,No,Rainy,No,start,No,No,Plain Tea,70.5,Hot Beverage,3,2,1,No,No,120.5,86.0,112.5,71.0,107.0,101.33333333333333,82.0,82.92857142857143,40.151795310629254,29.281036881898842,86.0,84.75,34.5,-26.5,109.35
2026-04-03,Friday,4,14,No,Rainy,No,start,No,No,Roast bread,10.0,Meal,3,2,1,No,No,21.0,22.0,27.0,12.0,30.0,22.333333333333332,21.0,20.0,3.366501646120666,6.961432213383854,22.0,22.0,-1.0,-5.0,21.9
2026-04-03,Friday,4,14,No,Rainy,No,start,No,No,Rolls,59.0,Snack,3,2,1,No,No,51.0,63.0,76.0,65.0,66.0,55.333333333333336,56.42857142857143,54.857142857142854,31.90536602128836,28.07642630901795,57.0,56.0,-12.0,-13.0,57.1
2026-04-03,Friday,4,14,No,Rainy,No,start,No,No,Roti,9.0,Meal,3,2,1,No,No,16.0,12.0,13.0,9.0,22.0,10.0,8.428571428571429,8.714285714285714,5.061526214398929,5.941102868719182,9.0,8.5,4.0,-1.0,14.5
2026-04-03,Friday,4,14,No,Rainy,No,start,No,No,Soft drinks,19.0,Cold Beverage,3,2,1,No,No,35.0,48.0,50.0,22.0,45.0,36.666666666666664,31.428571428571427,29.5,13.427051585724767,13.921483121696923,35.0,31.5,-13.0,-2.0,40.4
2026-04-03,Friday,4,14,No,Rainy,No,start,No,No,String Hoppers,18.0,Meal,3,2,1,No,No,57.0,60.0,83.0,23.0,67.0,85.66666666666667,62.57142857142857,64.71428571428571,43.70681542146161,38.164479198955085,60.0,68.5,-3.0,-23.0,60.5
2026-04-03,Friday,4,14,No,Rainy,No,start,No,No,Tea,17.0,Hot Beverage,3,2,1,No,No,21.0,23.0,20.0,16.0,23.0,24.666666666666668,19.142857142857142,20.0,10.0569805181703,7.736029591861301,19.0,20.0,-2.0,3.0,21.5
2026-04-03,Friday,4,14,No,Rainy,No,start,No,No,Ulundu Wade,62.0,Snack,3,2,1,No,No,83.0,59.0,34.0,82.0,65.0,86.33333333333333,63.285714285714285,54.642857142857146,34.27202107509022,31.185813201758023,68.0,61.0,24.0,25.0,70.9
2026-04-03,Friday,4,14,No,Rainy,No,start,No,No,Vegitable Roti,12.0,Meal,3,2,1,No,No,17.0,27.0,31.0,13.0,38.0,20.666666666666668,16.714285714285715,18.214285714285715,9.123491395189406,7.7972240763430145,17.0,17.5,-10.0,-4.0,21.4
2026-04-03,Friday,4,14,No,Rainy,No,start,No,No,Watter Bottle,1.0,Cold Beverage,3,2,1,No,No,5.0,5.0,6.0,1.0,1.0,4.333333333333333,4.428571428571429,3.7142857142857144,3.4572215654165057,3.0741745966274334,5.0,4.0,0.0,-1.0,5.1
2026-04-04,Saturday,4,14,Yes,Hot,No,start,No,No,Bread,2.0,Meal,4,2,1,No,No,2.5,2.5,2.5,2.0,2.0,3.6666666666666665,3.0,2.7857142857142856,1.8708286933869707,1.6256866681058642,2.5,2.5,0.0,0.0,2.5
2026-04-04,Saturday,4,14,Yes,Hot,No,start,No,No,Breakfast,15.5,Meal,4,2,1,No,No,10.0,15.0,10.0,15.0,16.5,12.166666666666666,11.071428571428571,10.857142857142858,5.23154352166238,5.013169469693612,12.0,11.75,-5.0,5.0,11.5
2026-04-04,Saturday,4,14,Yes,Hot,No,start,No,No,Bulath vita,28.0,Other,4,2,1,No,No,20.0,24.0,33.0,21.0,20.0,20.0,14.285714285714286,15.5,9.232447954800245,9.179827382322106,17.0,17.5,-4.0,-9.0,22.5
2026-04-04,Saturday,4,14,Yes,Hot,No,start,No,No,Chicken Curry,8.0,Meal,4,2,1,No,No,3.0,6.0,1.0,6.0,7.0,3.6666666666666665,3.7142857142857144,3.4285714285714284,2.3603873774083306,2.2774576147127714,3.0,3.0,-3.0,5.0,3.6999999999999997
2026-04-04,Saturday,4,14,Yes,Hot,No,start,No,No,Cigarette,26.0,Other,4,2,1,No,No,30.0,36.0,58.0,31.0,32.0,41.333333333333336,34.42857142857143,36.642857142857146,18.237846572966028,14.242985549477929,35.0,36.5,-6.0,-22.0,34.599999999999994
2026-04-04,Saturday,4,14,Yes,Hot,No,start,No,No,Dal Curry,7.0,Meal,4,2,1,No,No,49.0,8.0,7.0,7.0,6.0,20.666666666666668,13.285714285714286,10.357142857142858,16.55006833535022,11.913839030285768,8.0,8.0,41.0,1.0,32.5
2026-04-04,Saturday,4,14,Yes,Hot,No,start,No,No,Egg Rotti,57.0,Meal,4,2,1,No,No,40.0,48.0,55.0,47.0,38.0,56.666666666666664,50.857142857142854,47.785714285714285,25.39966253994051,22.299287920430125,60.0,54.0,-8.0,-7.0,43.9
2026-04-04,Saturday,4,14,Yes,Hot,No,start,No,No,Hoppers,35.0,Meal,4,2,1,No,No,8.0,36.0,42.0,24.0,34.0,34.333333333333336,25.857142857142858,25.285714285714285,20.59472886791318,18.125326825397448,26.0,25.0,-28.0,-6.0,19.799999999999997
2026-04-04,Saturday,4,14,Yes,Hot,No,start,No,No,Kahata,27.0,Hot Beverage,4,2,1,No,No,25.0,24.0,24.0,23.0,21.0,22.0,20.285714285714285,22.857142857142858,10.609968358644085,8.934437633347478,21.0,23.5,1.0,0.0,24.6
2026-04-04,Saturday,4,14,Yes,Hot,No,start,No,No,Plain Tea,95.5,Hot Beverage,4,2,1,No,No,70.5,113.5,91.5,94.0,84.0,91.5,79.78571428571429,79.92857142857143,40.321476021736,28.14786311253836,83.5,82.25,-43.0,22.0,85.5
2026-04-04,Saturday,4,14,Yes,Hot,No,start,No,No,Roast bread,25.0,Meal,4,2,1,No,No,10.0,22.0,25.0,21.0,23.0,17.333333333333332,19.285714285714285,18.785714285714285,5.2824958026260385,7.127180599416802,21.0,21.5,-12.0,-3.0,15.1
2026-04-04,Saturday,4,14,Yes,Hot,No,start,No,No,Rolls,57.0,Snack,4,2,1,No,No,59.0,57.0,73.0,46.0,47.0,58.0,55.857142857142854,53.642857142857146,31.80371346991089,27.452356331139757,57.0,56.0,2.0,-16.0,59.8
2026-04-04,Saturday,4,14,Yes,Hot,No,start,No,No,Roti,11.0,Meal,4,2,1,No,No,9.0,9.0,20.0,9.0,9.0,10.0,8.0,8.428571428571429,4.830458915396472,5.8139657551621164,9.0,8.5,0.0,-11.0,10.1
2026-04-04,Saturday,4,14,Yes,Hot,No,start,No,No,Soft drinks,14.0,Cold Beverage,4,2,1,No,No,19.0,12.0,24.0,12.0,10.0,32.333333333333336,27.285714285714285,27.285714285714285,11.842216652219077,12.832821929775177,32.0,28.5,7.0,-12.0,17.4
2026-04-04,Saturday,4,14,Yes,Hot,No,start,No,No,String Hoppers,123.0,Meal,4,2,1,No,No,18.0,96.0,45.0,98.0,101.0,47.333333333333336,56.57142857142857,60.07142857142857,46.88587968979269,39.692014863899864,57.0,63.5,-78.0,51.0,44.099999999999994
2026-04-04,Saturday,4,14,Yes,Hot,No,start,No,No,Tea,21.0,Hot Beverage,4,2,1,No,No,17.0,19.0,26.0,18.0,17.0,24.0,18.285714285714285,19.785714285714285,9.928314487939447,7.777468160591264,19.0,19.5,-2.0,-7.0,18.5
2026-04-04,Saturday,4,14,Yes,Hot,No,start,No,No,Ulundu Wade,49.0,Snack,4,2,1,No,No,62.0,45.0,75.0,44.0,46.0,84.33333333333333,63.714285714285715,56.642857142857146,34.22822561237185,30.65341527679857,68.0,62.5,17.0,-30.0,58.199999999999996
2026-04-04,Saturday,4,14,Yes,Hot,No,start,No,No,Vegitable Roti,15.0,Meal,4,2,1,No,No,12.0,12.0,18.0,12.0,12.0,16.0,14.571428571428571,16.857142857142858,7.997023255710891,7.014897804586396,16.0,17.0,0.0,-6.0,12.6
2026-04-04,Saturday,4,14,Yes,Hot,No,start,No,No,Watter Bottle,3.0,Cold Beverage,4,2,1,No,No,1.0,2.0,3.0,2.0,2.0,3.6666666666666665,3.857142857142857,3.357142857142857,3.670993118515816,3.0786396310744086,3.0,3.0,-1.0,-1.0,1.5
2026-04-05,Sunday,4,14,Yes,Hot,No,start,No,No,Bread,2.0,Meal,5,2,1,No,No,2.0,2.0,2.5,4.0,4.0,3.1666666666666665,2.9285714285714284,2.75,1.9023794624226837,1.6378926422975075,2.5,2.5,0.0,-0.5,2.05
2026-04-05,Sunday,4,14,Yes,Hot,No,start,No,No,Breakfast,12.0,Meal,5,2,1,No,No,15.5,0.0,14.5,9.5,14.5,12.333333333333334,11.142857142857142,11.25,5.29712410743073,5.15434842558278,12.0,12.25,15.5,-14.5,10.75
2026-04-05,Sunday,4,14,Yes,Hot,No,start,No,No,Bulath vita,34.0,Other,5,2,1,No,No,28.0,5.0,19.0,16.0,22.0,23.666666666666668,14.857142857142858,15.142857142857142,10.023781246425447,8.520176441448061,17.0,17.5,23.0,-14.0,20.2
2026-04-05,Sunday,4,14,Yes,Hot,No,start,No,No,Chicken Curry,2.0,Meal,5,2,1,No,No,8.0,3.0,3.0,0.0,0.0,4.333333333333333,4.0,3.9285714285714284,2.7688746209726927,2.4640269015229057,3.0,3.5,5.0,0.0,5.999999999999999
2026-04-05,Sunday,4,14,Yes,Hot,No,start,No,No,Cigarette,40.0,Other,5,2,1,No,No,26.0,46.0,28.0,67.0,83.0,38.666666666666664,33.0,34.357142857142854,18.484227510682395,13.071443583730026,34.0,35.5,-20.0,18.0,32.199999999999996
2026-04-05,Sunday,4,14,Yes,Hot,No,start,No,No,Dal Curry,8.0,Meal,5,2,1,No,No,7.0,6.0,7.0,13.0,11.0,20.333333333333332,13.142857142857142,10.357142857142858,16.607514076752242,11.913839030285768,7.0,8.0,1.0,-1.0,6.7
2026-04-05,Sunday,4,14,Yes,Hot,No,start,No,No,Egg Rotti,51.0,Meal,5,2,1,No,No,57.0,64.0,47.0,84.0,78.0,55.666666666666664,52.142857142857146,47.92857142857143,25.458649947372646,22.35539613300859,60.0,54.0,-7.0,17.0,58.099999999999994
2026-04-05,Sunday,4,14,Yes,Hot,No,start,No,No,Hoppers,15.0,Meal,5,2,1,No,No,35.0,26.0,32.0,38.0,41.0,35.0,25.714285714285715,24.785714285714285,20.515963587040243,17.72082031192327,26.0,25.0,9.0,-6.0,32.0
2026-04-05,Sunday,4,14,Yes,Hot,No,start,No,No,Kahata,17.0,Hot Beverage,5,2,1,No,No,27.0,17.0,21.0,25.0,21.0,24.333333333333332,20.714285714285715,23.071428571428573,10.84303594808339,8.999694744518024,21.0,23.5,10.0,-4.0,23.4
2026-04-05,Sunday,4,14,Yes,Hot,No,start,No,No,Plain Tea,73.0,Hot Beverage,5,2,1,No,No,95.5,70.5,76.5,68.5,69.0,95.5,77.21428571428571,80.21428571428571,38.33825020226446,28.294273874159305,83.5,82.25,25.0,-6.0,86.1
2026-04-05,Sunday,4,14,Yes,Hot,No,start,No,No,Roast bread,19.0,Meal,5,2,1,No,No,25.0,22.0,14.0,40.0,43.0,18.666666666666668,19.714285714285715,18.785714285714285,5.648430038936635,7.127180599416802,21.0,21.5,3.0,8.0,23.0
2026-04-05,Sunday,4,14,Yes,Hot,No,start,No,No,Rolls,94.0,Snack,5,2,1,No,No,57.0,109.0,71.0,91.0,96.0,55.666666666666664,55.857142857142854,52.5,31.80371346991089,26.912250570497292,57.0,56.0,-52.0,38.0,73.99999999999999
2026-04-05,Sunday,4,14,Yes,Hot,No,start,No,No,Roti,15.0,Meal,5,2,1,No,No,11.0,8.0,15.0,6.0,6.0,12.0,8.285714285714286,7.785714285714286,4.956957592256413,4.854475673637068,9.0,8.5,3.0,-7.0,10.5
2026-04-05,Sunday,4,14,Yes,Hot,No,start,No,No,Soft drinks,38.0,Cold Beverage,5,2,1,No,No,14.0,35.0,37.0,46.0,42.0,22.666666666666668,27.571428571428573,26.571428571428573,11.428869043743884,13.299591004204638,32.0,28.5,-21.0,-2.0,22.599999999999998
2026-04-05,Sunday,4,14,Yes,Hot,No,start,No,No,String Hoppers,62.0,Meal,5,2,1,No,No,123.0,25.0,74.0,55.0,55.0,66.0,60.42857142857143,65.64285714285714,51.54886724541786,42.768800891190914,57.0,68.5,98.0,-49.0,88.7
2026-04-05,Sunday,4,14,Yes,Hot,No,start,No,No,Tea,21.0,Hot Beverage,5,2,1,No,No,21.0,18.0,21.0,40.0,39.0,19.666666666666668,18.571428571428573,19.428571428571427,9.980934205726804,7.5825131384327555,19.0,19.5,3.0,-3.0,20.1
2026-04-05,Sunday,4,14,Yes,Hot,No,start,No,No,Ulundu Wade,71.0,Snack,5,2,1,No,No,49.0,80.0,63.0,80.0,103.0,64.66666666666667,64.28571428571429,54.785714285714285,33.89549766421437,30.24051935713094,68.0,60.5,-31.0,17.0,59.7
2026-04-05,Sunday,4,14,Yes,Hot,No,start,No,No,Vegitable Roti,20.0,Meal,5,2,1,No,No,15.0,16.0,25.0,28.0,27.0,14.666666666666666,15.0,16.642857142857142,7.91622805802527,7.023117244085824,16.0,16.5,-1.0,-9.0,16.3
2026-04-05,Sunday,4,14,Yes,Hot,No,start,No,No,Watter Bottle,3.0,Cold Beverage,5,2,1,No,No,3.0,11.0,5.0,12.0,11.0,3.0,4.0,3.357142857142857,3.6055512754639896,3.0786396310744086,3.0,3.0,-8.0,6.0,5.6
2026-04-06,Monday,4,15,No,Hot,No,start,No,No,Bread,0.0,Meal,6,2,1,No,No,2.0,0.0,0.0,0.0,0.0,2.1666666666666665,2.9285714285714284,2.7142857142857144,1.9023794624226837,1.6491756182348265,2.5,2.5,2.0,0.0,1.2
2026-04-06,Monday,4,15,No,Hot,No,start,No,No,Breakfast,0.0,Meal,6,2,1,No,No,12.0,12.0,0.0,0.0,0.0,12.5,12.857142857142858,11.071428571428571,2.0148259998133295,5.075799076375685,12.0,12.0,0.0,12.0,10.799999999999999
2026-04-06,Monday,4,15,No,Hot,No,start,No,No,Bulath vita,0.0,Other,6,2,1,No,No,34.0,0.0,0.0,11.0,0.0,27.333333333333332,19.0,16.214285714285715,11.195237082497778,9.877546966020159,20.0,17.5,34.0,0.0,20.4
2026-04-06,Monday,4,15,No,Hot,No,start,No,No,Chicken Curry,0.0,Meal,6,2,1,No,No,2.0,0.0,0.0,0.0,0.0,4.333333333333333,3.857142857142857,3.857142857142857,2.8535691936340264,2.5071326821120348,3.0,3.5,2.0,0.0,1.2
2026-04-06,Monday,4,15,No,Hot,No,start,No,No,Cigarette,0.0,Other,6,2,1,No,No,40.0,0.0,38.0,0.0,0.0,32.0,32.142857142857146,35.214285714285715,17.911156406260464,13.01583988500502,34.0,36.5,40.0,-38.0,27.8
2026-04-06,Monday,4,15,No,Hot,No,start,No,No,Dal Curry,0.0,Meal,6,2,1,No,No,8.0,0.0,0.0,0.0,0.0,21.333333333333332,13.428571428571429,10.428571428571429,16.480869140280426,11.895146299836147,8.0,8.0,8.0,0.0,4.8
2026-04-06,Monday,4,15,No,Hot,No,start,No,No,Egg Rotti,0.0,Meal,6,2,1,No,No,51.0,0.0,0.0,0.0,0.0,49.333333333333336,50.285714285714285,48.214285714285715,24.917960628927123,22.36817303302091,57.0,54.0,51.0,0.0,30.599999999999998
2026-04-06,Monday,4,15,No,Hot,No,start,No,No,Hoppers,0.0,Meal,6,2,1,No,No,15.0,0.0,0.0,26.0,0.0,19.333333333333332,24.142857142857142,23.571428571428573,20.90796157311507,17.770824342224465,16.0,21.0,15.0,0.0,9.0
2026-04-06,Monday,4,15,No,Hot,No,start,No,No,Kahata,0.0,Hot Beverage,6,2,1,No,No,17.0,0.0,17.0,0.0,0.0,23.0,20.714285714285715,22.785714285714285,10.84303594808339,9.133021839023915,21.0,23.5,17.0,-17.0,11.899999999999999
2026-04-06,Monday,4,15,No,Hot,No,start,No,No,Plain Tea,0.0,Hot Beverage,6,2,1,No,No,73.0,0.0,70.0,0.0,0.0,79.66666666666667,77.57142857142857,79.96428571428571,38.276873535060965,28.345033675512433,83.5,82.25,73.0,-70.0,50.8
2026-04-06,Monday,4,15,No,Hot,No,start,No,No,Roast bread,0.0,Meal,6,2,1,No,No,19.0,14.0,0.0,0.0,0.0,18.0,19.285714285714285,19.142857142857142,5.559205150447473,6.992932067530676,21.0,21.5,5.0,14.0,15.600000000000001
2026-04-06,Monday,4,15,No,Hot,No,start,No,No,Rolls,28.0,Snack,6,2,1,No,No,94.0,0.0,0.0,0.0,56.0,70.0,53.714285714285715,54.142857142857146,27.89094408414249,28.766586233275653,57.0,56.0,94.0,0.0,56.4
2026-04-06,Monday,4,15,No,Hot,No,start,No,No,Roti,0.0,Meal,6,2,1,No,No,15.0,0.0,0.0,9.0,0.0,11.666666666666666,9.285714285714286,7.785714285714286,5.559205150447483,4.854475673637068,9.0,8.5,15.0,0.0,9.0
2026-04-06,Monday,4,15,No,Hot,No,start,No,No,Soft drinks,0.0,Cold Beverage,6,2,1,No,No,38.0,15.0,0.0,0.0,0.0,23.666666666666668,28.0,26.642857142857142,11.803954139750498,13.362445324675612,32.0,28.5,23.0,15.0,27.3
2026-04-06,Monday,4,15,No,Hot,No,start,No,No,String Hoppers,0.0,Meal,6,2,1,No,No,62.0,0.0,0.0,0.0,66.0,67.66666666666667,65.71428571428571,64.78571428571429,49.15185410444617,42.70863463665721,62.0,64.5,62.0,0.0,37.199999999999996
2026-04-06,Monday,4,15,No,Hot,No,start,No,No,Tea,0.0,Hot Beverage,6,2,1,No,No,21.0,0.0,12.0,0.0,0.0,19.666666666666668,19.0,19.428571428571427,10.016652800877802,7.5825131384327555,21.0,19.5,21.0,-12.0,13.8
2026-04-06,Monday,4,15,No,Hot,No,start,No,No,Ulundu Wade,0.0,Snack,6,2,1,No,No,71.0,0.0,0.0,62.0,0.0,60.666666666666664,63.0,55.357142857142854,33.36665001664586,30.48229534779705,68.0,60.5,71.0,0.0,42.6
2026-04-06,Monday,4,15,No,Hot,No,start,No,No,Vegitable Roti,0.0,Meal,6,2,1,No,No,20.0,0.0,17.0,0.0,11.0,15.666666666666666,15.571428571428571,16.285714285714285,8.141603913585712,6.6844086261477536,17.0,16.5,20.0,-17.0,13.7
2026-04-06,Monday,4,15,No,Hot,No,start,No,No,Watter Bottle,0.0,Cold Beverage,6,2,1,No,No,3.0,0.0,0.0,0.0,0.0,2.3333333333333335,2.857142857142857,3.2142857142857144,1.8644544714716094,3.0427359001795984,3.0,3.0,3.0,0.0,1.7999999999999998
2026-04-07,Tuesday,4,15,No,Cloudy,No,start,No,No,Bread,1.5,Meal,7,2,1,No,No,0.0,5.5,2.0,2.5,2.0,1.3333333333333333,2.9285714285714284,2.7142857142857144,1.9023794624226837,1.6491756182348265,2.5,2.5,-5.5,3.5,1.8499999999999999
2026-04-07,Tuesday,4,15,No,Cloudy,No,start,No,No,Breakfast,13.5,Meal,7,2,1,No,No,0.0,14.0,16.0,14.5,15.0,9.166666666666666,11.142857142857142,11.071428571428571,5.29712410743073,5.075799076375685,12.0,12.0,-14.0,-2.0,5.800000000000001
2026-04-07,Tuesday,4,15,No,Cloudy,No,start,No,No,Bulath vita,7.0,Other,7,2,1,No,No,0.0,11.0,14.0,15.0,14.0,20.666666666666668,19.0,16.214285714285715,11.195237082497778,9.877546966020159,20.0,17.5,-11.0,-3.0,4.7
2026-04-07,Tuesday,4,15,No,Cloudy,No,start,No,No,Chicken Curry,2.0,Meal,7,2,1,No,No,0.0,6.0,6.0,5.0,5.0,3.3333333333333335,3.857142857142857,3.857142857142857,2.8535691936340264,2.5071326821120348,3.0,3.5,-6.0,0.0,2.4
2026-04-07,Tuesday,4,15,No,Cloudy,No,start,No,No,Cigarette,38.0,Other,7,2,1,No,No,0.0,35.0,41.0,35.0,36.0,22.0,32.142857142857146,32.5,17.911156406260464,16.008411250627905,34.0,35.5,-35.0,-6.0,14.600000000000001
2026-04-07,Tuesday,4,15,No,Cloudy,No,start,No,No,Dal Curry,6.0,Meal,7,2,1,No,No,0.0,17.0,8.0,8.0,8.0,5.0,13.428571428571429,10.428571428571429,16.480869140280426,11.895146299836147,8.0,8.0,-17.0,9.0,5.8999999999999995
2026-04-07,Tuesday,4,15,No,Cloudy,No,start,No,No,Egg Rotti,62.0,Meal,7,2,1,No,No,0.0,74.0,53.0,55.0,53.0,36.0,50.285714285714285,48.214285714285715,24.917960628927123,22.36817303302091,57.0,54.0,-74.0,21.0,27.5
2026-04-07,Tuesday,4,15,No,Cloudy,No,start,No,No,Hoppers,40.0,Meal,7,2,1,No,No,0.0,16.0,47.0,44.0,49.0,16.666666666666668,24.142857142857142,23.571428571428573,20.90796157311507,17.770824342224465,16.0,21.0,-16.0,-31.0,9.5
2026-04-07,Tuesday,4,15,No,Cloudy,No,start,No,No,Kahata,32.0,Hot Beverage,7,2,1,No,No,0.0,35.0,26.0,21.0,24.0,14.666666666666666,20.714285714285715,21.571428571428573,10.84303594808339,10.917271325144075,21.0,23.5,-35.0,9.0,13.1
2026-04-07,Tuesday,4,15,No,Cloudy,No,start,No,No,Plain Tea,84.5,Hot Beverage,7,2,1,No,No,0.0,100.0,66.5,60.5,79.5,56.166666666666664,77.57142857142857,74.96428571428571,38.276873535060965,35.50702221214315,83.5,82.25,-100.0,33.5,36.65
2026-04-07,Tuesday,4,15,No,Cloudy,No,start,No,No,Roast bread,10.0,Meal,7,2,1,No,No,0.0,25.0,25.0,24.0,21.0,14.666666666666666,17.285714285714285,19.142857142857142,9.141741003300648,6.992932067530676,21.0,21.5,-25.0,0.0,10.0
2026-04-07,Tuesday,4,15,No,Cloudy,No,start,No,No,Rolls,80.0,Snack,7,2,1,No,No,28.0,51.0,55.0,50.0,50.0,59.666666666666664,57.714285714285715,56.142857142857146,19.71221521218326,25.50070027049679,57.0,56.0,-23.0,-4.0,37.6
2026-04-07,Tuesday,4,15,No,Cloudy,No,start,No,No,Roti,3.0,Meal,7,2,1,No,No,0.0,9.0,4.0,4.0,3.0,8.666666666666666,9.285714285714286,7.785714285714286,5.559205150447483,4.854475673637069,9.0,8.5,-9.0,5.0,3.0999999999999996
2026-04-07,Tuesday,4,15,No,Cloudy,No,start,No,No,Soft drinks,51.0,Cold Beverage,7,2,1,No,No,0.0,32.0,31.0,33.0,31.0,17.333333333333332,25.857142857142858,26.642857142857142,15.377782365353921,13.362445324675612,32.0,28.5,-32.0,1.0,12.7
2026-04-07,Tuesday,4,15,No,Cloudy,No,start,No,No,String Hoppers,89.0,Meal,7,2,1,No,No,0.0,133.0,88.0,103.0,101.0,61.666666666666664,65.71428571428571,64.78571428571429,49.15185410444617,42.70863463665721,62.0,64.5,-133.0,45.0,48.7
2026-04-07,Tuesday,4,15,No,Cloudy,No,start,No,No,Tea,35.0,Hot Beverage,7,2,1,No,No,0.0,19.0,28.0,28.0,30.0,14.0,19.0,18.571428571428573,10.016652800877802,9.027430724990657,21.0,19.5,-19.0,-9.0,8.5
2026-04-07,Tuesday,4,15,No,Cloudy,No,start,No,No,Ulundu Wade,95.0,Snack,7,2,1,No,No,0.0,68.0,44.0,51.0,57.0,40.0,63.0,55.357142857142854,33.36665001664586,30.48229534779705,68.0,60.5,-68.0,24.0,24.799999999999997
2026-04-07,Tuesday,4,15,No,Cloudy,No,start,No,No,Vegitable Roti,32.0,Meal,7,2,1,No,No,0.0,26.0,12.0,15.0,14.0,11.666666666666666,15.571428571428571,15.071428571428571,8.141603913585712,7.965930200299507,17.0,15.5,-26.0,14.0,9.0
2026-04-07,Tuesday,4,15,No,Cloudy,No,start,No,No,Watter Bottle,6.0,Cold Beverage,7,2,1,No,No,0.0,3.0,0.0,2.0,0.0,2.0,2.857142857142857,3.2142857142857144,1.8644544714716094,3.0427359001795984,3.0,3.0,-3.0,3.0,0.8999999999999999
2026-04-08,Wednesday,4,15,No,Rainy,No,start,No,No,Bread,3.0,Meal,8,2,2,No,No,1.5,3.5,4.5,3.5,2.0,1.1666666666666667,2.357142857142857,2.6785714285714284,1.5735915849388864,1.6711021565369426,2.0,2.5,-2.0,-1.0,2.4
2026-04-08,Wednesday,4,15,No,Rainy,No,start,No,No,Breakfast,12.0,Meal,8,2,2,No,No,13.5,15.0,11.5,12.5,15.5,8.5,11.071428571428571,10.892857142857142,5.255382728122436,4.930979663267781,12.0,12.0,-1.5,3.5,13.75
2026-04-08,Wednesday,4,15,No,Rainy,No,start,No,No,Bulath vita,9.0,Other,8,2,2,No,No,7.0,17.0,15.0,14.0,7.0,13.666666666666666,18.428571428571427,15.714285714285714,11.759494644146674,10.171064322407434,20.0,17.5,-10.0,2.0,10.8
2026-04-08,Wednesday,4,15,No,Rainy,No,start,No,No,Chicken Curry,2.0,Meal,8,2,2,No,No,2.0,6.0,2.0,2.0,3.0,1.3333333333333333,3.2857142857142856,3.5714285714285716,2.751622897751176,2.471819190371761,2.0,3.0,-4.0,4.0,3.2
2026-04-08,Wednesday,4,15,No,Rainy,No,start,No,No,Cigarette,36.0,Other,8,2,2,No,No,38.0,34.0,40.0,31.0,35.0,26.0,32.57142857142857,32.285714285714285,18.026435614185694,15.905628280234964,34.0,35.5,4.0,-6.0,37.0
2026-04-08,Wednesday,4,15,No,Rainy,No,start,No,No,Dal Curry,9.0,Meal,8,2,2,No,No,6.0,8.0,9.0,8.0,10.0,4.666666666666667,11.857142857142858,10.285714285714286,16.607514076752242,11.938487028408273,7.0,8.0,-2.0,-1.0,6.9
2026-04-08,Wednesday,4,15,No,Rainy,No,start,No,No,Egg Rotti,38.0,Meal,8,2,2,No,No,62.0,60.0,58.0,55.0,41.0,37.666666666666664,48.57142857142857,48.857142857142854,23.379885534772146,22.643923086498322,57.0,56.0,2.0,2.0,61.0
2026-04-08,Wednesday,4,15,No,Rainy,No,start,No,No,Hoppers,12.0,Meal,8,2,2,No,No,40.0,33.0,18.0,15.0,18.0,18.333333333333332,27.571428571428573,23.071428571428573,21.313979316066572,17.14851097242639,33.0,21.0,7.0,15.0,35.699999999999996
2026-04-08,Wednesday,4,15,No,Rainy,No,start,No,No,Kahata,21.0,Hot Beverage,8,2,2,No,No,32.0,20.0,23.0,23.0,25.0,16.333333333333332,20.285714285714285,22.0,10.226017238956164,11.218117214851773,21.0,23.5,12.0,-3.0,27.5
2026-04-08,Wednesday,4,15,No,Rainy,No,start,No,No,Plain Tea,77.0,Hot Beverage,8,2,2,No,No,84.5,83.5,81.0,75.0,61.0,52.5,75.35714285714286,76.25,37.19622996769332,35.502843873088864,83.5,84.0,1.0,2.5,83.85
2026-04-08,Wednesday,4,15,No,Rainy,No,start,No,No,Roast bread,22.0,Meal,8,2,2,No,No,10.0,21.0,24.0,23.0,22.0,9.666666666666666,15.142857142857142,18.071428571428573,8.783100656536785,7.173286830738325,19.0,21.0,-11.0,-3.0,14.700000000000001
2026-04-08,Wednesday,4,15,No,Rainy,No,start,No,No,Rolls,42.0,Snack,8,2,2,No,No,80.0,64.0,51.0,60.0,87.0,67.33333333333333,61.857142857142854,57.92857142857143,21.066787220872666,26.27799396896513,59.0,57.0,16.0,13.0,72.3
2026-04-08,Wednesday,4,15,No,Rainy,No,start,No,No,Roti,6.0,Meal,8,2,2,No,No,3.0,5.0,6.0,5.0,14.0,6.0,8.428571428571429,7.714285714285714,6.051367417290702,4.921359590578626,9.0,8.5,-2.0,-1.0,3.9
2026-04-08,Wednesday,4,15,No,Rainy,No,start,No,No,Soft drinks,22.0,Cold Beverage,8,2,2,No,No,51.0,43.0,25.0,22.0,34.0,29.666666666666668,28.571428571428573,28.071428571428573,18.081824602411686,14.850352421170587,35.0,29.0,8.0,18.0,46.0
2026-04-08,Wednesday,4,15,No,Rainy,No,start,No,No,String Hoppers,73.0,Meal,8,2,2,No,No,89.0,67.0,70.0,70.0,160.0,50.333333333333336,59.42857142857143,64.85714285714286,41.299141003404024,42.751261147132645,62.0,64.5,22.0,-3.0,80.5
2026-04-08,Wednesday,4,15,No,Rainy,No,start,No,No,Tea,16.0,Hot Beverage,8,2,2,No,No,35.0,34.0,19.0,20.0,19.0,18.666666666666668,21.285714285714285,19.071428571428573,11.700630833624393,9.754401655065857,21.0,19.5,1.0,15.0,33.1
2026-04-08,Wednesday,4,15,No,Rainy,No,start,No,No,Ulundu Wade,31.0,Snack,8,2,2,No,No,95.0,108.0,30.0,37.0,36.0,55.333333333333336,66.85714285714286,59.0,35.531340960850194,32.02883316398138,71.0,65.0,-13.0,78.0,92.4
2026-04-08,Wednesday,4,15,No,Rainy,No,start,No,No,Vegitable Roti,13.0,Meal,8,2,2,No,No,32.0,19.0,14.0,18.0,19.0,17.333333333333332,16.428571428571427,16.5,9.60654538768824,9.087184551714733,17.0,16.5,13.0,5.0,26.299999999999997
2026-04-08,Wednesday,4,15,No,Rainy,No,start,No,No,Watter Bottle,7.0,Cold Beverage,8,2,2,No,No,6.0,5.0,6.0,7.0,7.0,3.0,3.2857142857142856,3.642857142857143,2.214669705568283,2.9770181999170506,3.0,3.0,1.0,-1.0,5.699999999999999
2026-04-09,Thursday,4,15,No,Cloudy,No,start,No,No,Bread,1.5,Meal,9,2,2,No,No,3.0,5.0,2.5,6.0,2.0,1.5,2.2857142857142856,2.5714285714285716,1.5236235005501104,1.5915297775935688,2.0,2.5,-2.0,2.5,3.55
2026-04-09,Thursday,4,15,No,Cloudy,No,start,No,No,Breakfast,10.0,Meal,9,2,2,No,No,12.0,11.5,12.5,14.5,16.5,8.5,10.642857142857142,10.928571428571429,4.997618480455514,4.9375217345466815,12.0,12.0,0.5,-1.0,11.899999999999999
2026-04-09,Thursday,4,15,No,Cloudy,No,start,No,No,Bulath vita,13.0,Other,9,2,2,No,No,9.0,23.0,18.0,29.0,33.0,5.333333333333333,17.285714285714285,15.285714285714286,12.297889869326983,10.32866490313819,20.0,17.5,-14.0,5.0,14.1
2026-04-09,Thursday,4,15,No,Cloudy,No,start,No,No,Chicken Curry,5.0,Meal,9,2,2,No,No,2.0,2.0,6.0,2.0,4.0,1.3333333333333333,2.7142857142857144,3.5714285714285716,2.4976179127511164,2.471819190371761,2.0,3.0,0.0,-4.0,2.4
2026-04-09,Thursday,4,15,No,Cloudy,No,start,No,No,Cigarette,24.0,Other,9,2,2,No,No,36.0,60.0,37.0,63.0,44.0,24.666666666666668,32.857142857142854,32.0,18.06865214885139,15.79191614037431,36.0,35.5,-24.0,23.0,43.3
2026-04-09,Thursday,4,15,No,Cloudy,No,start,No,No,Dal Curry,9.0,Meal,9,2,2,No,No,9.0,5.0,9.0,4.0,9.0,5.0,12.0,10.285714285714286,16.57307052620807,11.938487028408273,7.0,8.0,4.0,-4.0,7.8
2026-04-09,Thursday,4,15,No,Cloudy,No,start,No,No,Egg Rotti,37.0,Meal,9,2,2,No,No,38.0,70.0,45.0,53.0,59.0,33.333333333333336,45.42857142857143,47.42857142857143,23.06409289246775,22.653626932277582,51.0,53.0,-32.0,25.0,48.3
2026-04-09,Thursday,4,15,No,Cloudy,No,start,No,No,Hoppers,26.0,Meal,9,2,2,No,No,12.0,62.0,10.0,73.0,17.0,17.333333333333332,24.571428571428573,22.642857142857142,21.892594964638466,17.3586916507027,15.0,20.0,-50.0,52.0,26.799999999999997
2026-04-09,Thursday,4,15,No,Cloudy,No,start,No,No,Kahata,14.0,Hot Beverage,9,2,2,No,No,21.0,21.0,38.0,29.0,29.0,17.666666666666668,20.428571428571427,21.857142857142858,10.228345302102765,11.217137594956018,21.0,22.5,0.0,-17.0,22.7
2026-04-09,Thursday,4,15,No,Cloudy,No,start,No,No,Plain Tea,56.0,Hot Beverage,9,2,2,No,No,77.0,120.5,89.0,109.5,105.0,53.833333333333336,74.42857142857143,75.96428571428571,37.039875552603895,35.47776350471805,77.0,84.0,-43.5,31.5,91.25
2026-04-09,Thursday,4,15,No,Cloudy,No,start,No,No,Roast bread,24.0,Meal,9,2,2,No,No,22.0,21.0,18.0,19.0,25.0,10.666666666666666,15.285714285714286,17.928571428571427,8.901578244226975,7.0652376051752395,19.0,21.0,1.0,3.0,21.3
2026-04-09,Thursday,4,15,No,Cloudy,No,start,No,No,Rolls,43.0,Snack,9,2,2,No,No,42.0,51.0,47.0,48.0,40.0,50.0,58.714285714285715,57.285714285714285,22.29883618573166,26.569006152133138,57.0,57.0,-9.0,4.0,45.2
2026-04-09,Thursday,4,15,No,Cloudy,No,start,No,No,Roti,5.0,Meal,9,2,2,No,No,6.0,16.0,5.0,13.0,16.0,3.0,8.571428571428571,7.714285714285714,5.96816953672125,4.921359590578626,9.0,8.5,-10.0,11.0,8.899999999999999
2026-04-09,Thursday,4,15,No,Cloudy,No,start,No,No,Soft drinks,28.0,Cold Beverage,9,2,2,No,No,22.0,35.0,26.0,43.0,36.0,24.333333333333332,25.571428571428573,27.857142857142858,16.99859938207794,14.919564557767986,22.0,29.0,-13.0,9.0,26.3
2026-04-09,Thursday,4,15,No,Cloudy,No,start,No,No,String Hoppers,112.0,Meal,9,2,2,No,No,73.0,57.0,108.0,61.0,179.0,54.0,60.285714285714285,65.07142857142857,41.54400994011967,42.78652607056124,62.0,64.5,16.0,-51.0,71.69999999999999
2026-04-09,Thursday,4,15,No,Cloudy,No,start,No,No,Tea,20.0,Hot Beverage,9,2,2,No,No,16.0,21.0,20.0,22.0,28.0,17.0,18.714285714285715,18.857142857142858,10.339475900874362,9.788982369183003,21.0,19.5,-5.0,1.0,17.9
2026-04-09,Thursday,4,15,No,Cloudy,No,start,No,No,Ulundu Wade,51.0,Snack,9,2,2,No,No,31.0,83.0,76.0,97.0,94.0,42.0,55.857142857142854,59.07142857142857,32.45729795402245,31.96022596847594,62.0,65.0,-52.0,7.0,51.1
2026-04-09,Thursday,4,15,No,Cloudy,No,start,No,No,Vegitable Roti,13.0,Meal,9,2,2,No,No,13.0,17.0,21.0,16.0,36.0,15.0,15.571428571428571,16.428571428571427,9.606545387688238,9.112242700508304,15.0,16.5,-4.0,-4.0,14.999999999999998
2026-04-09,Thursday,4,15,No,Cloudy,No,start,No,No,Watter Bottle,12.0,Cold Beverage,9,2,2,No,No,7.0,5.0,1.0,5.0,7.0,4.333333333333333,3.5714285714285716,3.7142857142857144,2.5727509827124,3.0490495726870837,3.0,3.0,2.0,4.0,5.8
2026-04-10,Friday,4,15,No,Rainy,No,start,No,No,Bread,1.0,Meal,10,2,2,No,No,1.5,2.5,4.0,1.5,2.5,2.0,1.7857142857142858,2.5,0.9511897312113428,1.6172150801252805,2.0,2.25,-1.0,-1.5,2.05
2026-04-10,Friday,4,15,No,Rainy,No,start,No,No,Breakfast,13.0,Meal,10,2,2,No,No,10.0,10.0,10.0,12.5,12.0,11.833333333333334,10.428571428571429,10.75,4.986887568318302,4.92149914621082,12.0,12.0,0.0,0.0,10.0
2026-04-10,Friday,4,15,No,Rainy,No,start,No,No,Bulath vita,21.0,Other,10,2,2,No,No,13.0,20.0,18.0,19.0,16.0,9.666666666666666,15.857142857142858,14.928571428571429,12.102734834581415,10.31402544495217,13.0,15.0,-7.0,2.0,15.600000000000001
2026-04-10,Friday,4,15,No,Rainy,No,start,No,No,Chicken Curry,0.0,Meal,10,2,2,No,No,5.0,3.0,4.0,0.0,3.0,3.0,3.142857142857143,3.5,2.609506430251479,2.409915415049314,2.0,3.0,2.0,-1.0,4.3
2026-04-10,Friday,4,15,No,Rainy,No,start,No,No,Cigarette,57.0,Other,10,2,2,No,No,24.0,30.0,30.0,59.0,28.0,32.666666666666664,27.714285714285715,31.071428571428573,13.634689651941622,15.857365605801082,30.0,34.5,-6.0,0.0,26.4
2026-04-10,Friday,4,15,No,Rainy,No,start,No,No,Dal Curry,5.0,Meal,10,2,2,No,No,9.0,49.0,12.0,5.0,52.0,8.0,12.571428571428571,10.285714285714286,16.359066220877267,11.938487028408273,8.0,8.0,-40.0,37.0,21.299999999999997
2026-04-10,Friday,4,15,No,Rainy,No,start,No,No,Egg Rotti,52.0,Meal,10,2,2,No,No,37.0,40.0,55.0,49.0,35.0,45.666666666666664,40.714285714285715,46.857142857142854,20.426406811725254,22.81988722030089,40.0,53.0,-3.0,-15.0,39.7
2026-04-10,Friday,4,15,No,Rainy,No,start,No,No,Hoppers,50.0,Meal,10,2,2,No,No,26.0,8.0,24.0,52.0,8.0,26.0,19.428571428571427,23.785714285714285,14.672617840239461,16.98496426222354,15.0,25.0,18.0,-16.0,20.4
2026-04-10,Friday,4,15,No,Rainy,No,start,No,No,Kahata,35.0,Hot Beverage,10,2,2,No,No,14.0,25.0,29.0,34.0,26.0,22.333333333333332,19.428571428571427,20.142857142857142,10.501700542565208,10.361594344628497,21.0,21.0,-11.0,-4.0,18.8
2026-04-10,Friday,4,15,No,Rainy,No,start,No,No,Plain Tea,109.0,Hot Beverage,10,2,2,No,No,56.0,70.5,86.0,112.5,71.0,72.5,65.21428571428571,73.60714285714286,31.2368067388153,35.64093291288964,73.0,80.25,-14.5,-15.5,63.35
2026-04-10,Friday,4,15,No,Rainy,No,start,No,No,Roast bread,20.0,Meal,10,2,2,No,No,24.0,10.0,22.0,27.0,12.0,18.666666666666668,15.714285714285714,18.357142857142858,9.286446857549716,7.2494789505829305,19.0,21.5,14.0,-12.0,19.599999999999998
2026-04-10,Friday,4,15,No,Rainy,No,start,No,No,Rolls,67.0,Snack,10,2,2,No,No,43.0,59.0,63.0,76.0,65.0,55.0,57.57142857142857,57.0,22.955443383920546,26.70926085432946,57.0,57.0,-16.0,-4.0,49.8
2026-04-10,Friday,4,15,No,Rainy,No,start,No,No,Roti,10.0,Meal,10,2,2,No,No,5.0,9.0,12.0,13.0,9.0,4.666666666666667,7.0,7.714285714285714,5.066228051190212,4.921359590578626,6.0,8.5,-4.0,-3.0,6.8999999999999995
2026-04-10,Friday,4,15,No,Rainy,No,start,No,No,Soft drinks,52.0,Cold Beverage,10,2,2,No,No,28.0,19.0,48.0,50.0,22.0,33.666666666666664,24.571428571428573,28.0,16.551506908809863,14.9099863282195,22.0,30.0,9.0,-29.0,27.3
2026-04-10,Friday,4,15,No,Rainy,No,start,No,No,String Hoppers,61.0,Meal,10,2,2,No,No,112.0,18.0,60.0,83.0,23.0,91.33333333333333,68.14285714285714,65.35714285714286,45.80185065922036,43.10739208937669,73.0,64.5,94.0,-42.0,78.60000000000001
2026-04-10,Friday,4,15,No,Rainy,No,start,No,No,Tea,16.0,Hot Beverage,10,2,2,No,No,20.0,17.0,23.0,20.0,16.0,23.666666666666668,18.571428571428573,18.857142857142858,10.309496315810684,9.788982369183003,20.0,19.5,3.0,-6.0,19.400000000000002
2026-04-10,Friday,4,15,No,Rainy,No,start,No,No,Ulundu Wade,34.0,Snack,10,2,2,No,No,51.0,62.0,59.0,34.0,82.0,59.0,51.285714285714285,57.285714285714285,30.17015239003765,31.638410373926988,51.0,60.5,-11.0,3.0,55.099999999999994
2026-04-10,Friday,4,15,No,Rainy,No,start,No,No,Vegitable Roti,26.0,Meal,10,2,2,No,No,13.0,12.0,27.0,31.0,13.0,19.333333333333332,15.0,15.857142857142858,9.62635271879576,9.054171523558729,13.0,15.5,1.0,-15.0,14.099999999999998
2026-04-10,Friday,4,15,No,Rainy,No,start,No,No,Watter Bottle,6.0,Cold Beverage,10,2,2,No,No,12.0,1.0,5.0,6.0,1.0,8.333333333333334,4.571428571428571,4.5,4.117326918327103,3.653238815921269,3.0,4.0,11.0,-4.0,7.999999999999999
2026-04-11,Saturday,4,15,Yes,Hot,No,middle,No,No,Bread,2.0,Meal,11,2,2,No,No,1.0,2.0,2.5,2.5,2.0,1.8333333333333333,1.5714285714285714,2.2857142857142856,0.9322272357358056,1.6018533222283704,1.5,2.0,-1.0,-0.5,1.45
2026-04-11,Saturday,4,15,Yes,Hot,No,middle,No,No,Breakfast,15.5,Meal,11,2,2,No,No,13.0,15.5,15.0,10.0,15.0,11.666666666666666,10.857142857142858,10.964285714285714,5.0720992178969135,4.951550983566374,12.0,12.0,-2.5,0.5,13.95
2026-04-11,Saturday,4,15,Yes,Hot,No,middle,No,No,Bulath vita,25.0,Other,11,2,2,No,No,21.0,28.0,24.0,33.0,21.0,14.333333333333334,16.0,15.142857142857142,12.165525060596439,10.41343173212176,13.0,15.0,-7.0,4.0,23.4
2026-04-11,Saturday,4,15,Yes,Hot,No,middle,No,No,Chicken Curry,7.0,Meal,11,2,2,No,No,0.0,8.0,6.0,1.0,6.0,2.3333333333333335,2.7142857142857144,3.2142857142857144,2.870208222079932,2.5773740789526736,2.0,2.5,-8.0,2.0,3.0
2026-04-11,Saturday,4,15,Yes,Hot,No,middle,No,No,Cigarette,40.0,Other,11,2,2,No,No,57.0,26.0,36.0,58.0,31.0,39.0,31.571428571428573,33.0,17.62438786508766,17.293840610949392,36.0,35.5,31.0,-10.0,45.599999999999994
2026-04-11,Saturday,4,15,Yes,Hot,No,middle,No,No,Dal Curry,8.0,Meal,11,2,2,No,No,5.0,7.0,8.0,7.0,7.0,7.666666666666667,6.285714285714286,9.785714285714286,3.1471831698777724,12.007552568334596,7.0,7.5,-2.0,-1.0,5.8999999999999995
2026-04-11,Saturday,4,15,Yes,Hot,No,middle,No,No,Egg Rotti,60.0,Meal,11,2,2,No,No,52.0,57.0,48.0,55.0,47.0,42.333333333333336,42.42857142857143,46.642857142857146,20.855512004081355,22.75152452324607,51.0,51.5,-5.0,9.0,53.099999999999994
2026-04-11,Saturday,4,15,Yes,Hot,No,middle,No,No,Hoppers,36.0,Meal,11,2,2,No,No,50.0,35.0,36.0,42.0,24.0,29.333333333333332,25.428571428571427,25.642857142857142,17.52956685961503,18.374761716328948,26.0,26.0,15.0,-1.0,44.1
2026-04-11,Saturday,4,15,Yes,Hot,No,middle,No,No,Kahata,16.0,Hot Beverage,11,2,2,No,No,35.0,27.0,24.0,24.0,23.0,23.333333333333332,20.857142857142858,20.571428571428573,11.96423240926292,10.867837416426969,21.0,21.0,8.0,3.0,31.5
2026-04-11,Saturday,4,15,Yes,Hot,No,middle,No,No,Plain Tea,97.0,Hot Beverage,11,2,2,No,No,109.0,95.5,113.5,91.5,94.0,80.66666666666667,70.71428571428571,75.25,35.43051549965694,36.76837583492725,77.0,80.25,13.5,-18.0,105.39999999999998
2026-04-11,Saturday,4,15,Yes,Hot,No,middle,No,No,Roast bread,25.0,Meal,11,2,2,No,No,20.0,25.0,22.0,25.0,21.0,22.0,17.142857142857142,18.214285714285715,9.026416258748,7.191646558318905,20.0,21.0,-5.0,3.0,21.7
2026-04-11,Saturday,4,15,Yes,Hot,No,middle,No,No,Rolls,57.0,Snack,11,2,2,No,No,67.0,57.0,57.0,73.0,46.0,50.666666666666664,58.714285714285715,57.285714285714285,23.23585078934624,26.79962276263942,57.0,57.0,10.0,0.0,63.0
2026-04-11,Saturday,4,15,Yes,Hot,No,middle,No,No,Roti,9.0,Meal,11,2,2,No,No,10.0,11.0,9.0,20.0,9.0,7.0,7.142857142857143,7.571428571428571,5.145501965424791,4.815268755408486,6.0,8.5,-1.0,2.0,10.200000000000001
2026-04-11,Saturday,4,15,Yes,Hot,No,middle,No,No,Soft drinks,13.0,Cold Beverage,11,2,2,No,No,52.0,14.0,12.0,24.0,12.0,34.0,29.285714285714285,28.285714285714285,19.189530875925417,15.354420919013581,28.0,30.0,38.0,2.0,36.6
2026-04-11,Saturday,4,15,Yes,Hot,No,middle,No,No,String Hoppers,118.0,Meal,11,2,2,No,No,61.0,123.0,96.0,45.0,98.0,82.0,74.28571428571429,65.42857142857143,40.53687327900483,43.09866013572242,73.0,64.5,-62.0,27.0,83.1
2026-04-11,Saturday,4,15,Yes,Hot,No,middle,No,No,Tea,20.0,Hot Beverage,11,2,2,No,No,16.0,21.0,19.0,26.0,18.0,17.333333333333332,18.428571428571427,18.357142857142858,10.34177842309439,9.739745241156836,20.0,19.0,-5.0,2.0,17.799999999999997
2026-04-11,Saturday,4,15,Yes,Hot,No,middle,No,No,Ulundu Wade,54.0,Snack,11,2,2,No,No,34.0,49.0,45.0,75.0,44.0,38.666666666666664,47.285714285714285,55.5,30.368373272832613,32.23411952479021,49.0,56.5,-15.0,4.0,39.599999999999994
2026-04-11,Saturday,4,15,Yes,Hot,No,middle,No,No,Vegitable Roti,13.0,Meal,11,2,2,No,No,26.0,15.0,12.0,18.0,12.0,17.333333333333332,17.0,15.785714285714286,10.32795558988644,8.962988610679178,15.0,15.5,11.0,3.0,21.3
2026-04-11,Saturday,4,15,Yes,Hot,No,middle,No,No,Watter Bottle,3.0,Cold Beverage,11,2,2,No,No,6.0,3.0,2.0,3.0,2.0,8.333333333333334,5.285714285714286,4.571428571428571,3.8172540616821116,3.6734868305882746,6.0,4.0,3.0,1.0,4.7
2026-04-12,Sunday,4,15,Yes,Hot,No,middle,Yes,No,Bread,2.0,Meal,12,2,2,No,No,2.0,2.0,2.0,2.5,4.0,1.5,1.5714285714285714,2.25,0.9322272357358056,1.6022820264571696,1.5,2.0,0.0,0.0,1.9999999999999998
2026-04-12,Sunday,4,15,Yes,Hot,No,middle,Yes,No,Breakfast,6.5,Meal,12,2,2,No,No,15.5,12.0,0.0,14.5,9.5,12.833333333333334,10.857142857142858,11.0,5.0720992178969135,4.984591642868434,12.0,12.0,3.5,12.0,12.899999999999999
2026-04-12,Sunday,4,15,Yes,Hot,No,middle,Yes,No,Bulath vita,4.0,Other,12,2,2,No,No,25.0,34.0,5.0,19.0,16.0,19.666666666666668,15.571428571428571,15.214285714285714,11.716898663286042,10.482062124106417,13.0,15.0,-9.0,29.0,25.7
2026-04-12,Sunday,4,15,Yes,Hot,No,middle,Yes,No,Chicken Curry,3.0,Meal,12,2,2,No,No,7.0,2.0,3.0,3.0,0.0,4.0,2.5714285714285716,3.2857142857142856,2.572750982712401,2.6726124191242437,2.0,2.5,5.0,-1.0,5.1
2026-04-12,Sunday,4,15,Yes,Hot,No,middle,Yes,No,Cigarette,42.0,Other,12,2,2,No,No,40.0,40.0,46.0,28.0,67.0,40.333333333333336,33.57142857142857,33.285714285714285,17.68103638418995,17.380044133026058,38.0,35.5,0.0,-6.0,40.6
2026-04-12,Sunday,4,15,Yes,Hot,No,middle,Yes,No,Dal Curry,6.0,Meal,12,2,2,No,No,8.0,8.0,6.0,7.0,13.0,7.333333333333333,6.428571428571429,9.785714285714286,3.2071349029490923,12.007552568334596,8.0,7.5,0.0,2.0,7.799999999999999
2026-04-12,Sunday,4,15,Yes,Hot,No,middle,Yes,No,Egg Rotti,51.0,Meal,12,2,2,No,No,60.0,51.0,64.0,47.0,84.0,49.666666666666664,42.857142857142854,47.5,21.232275521232392,23.030915677043236,51.0,54.5,9.0,-13.0,57.699999999999996
2026-04-12,Sunday,4,15,Yes,Hot,No,middle,Yes,No,Hoppers,26.0,Meal,12,2,2,No,No,36.0,15.0,26.0,32.0,38.0,37.333333333333336,25.571428571428573,25.642857142857142,17.624387865087595,18.374761716328948,26.0,26.0,21.0,-11.0,28.7
2026-04-12,Sunday,4,15,Yes,Hot,No,middle,Yes,No,Kahata,15.0,Hot Beverage,12,2,2,No,No,16.0,17.0,17.0,21.0,25.0,21.666666666666668,19.285714285714285,20.0,11.743285822322559,10.884003788199376,17.0,20.5,-1.0,0.0,16.4
2026-04-12,Sunday,4,15,Yes,Hot,No,middle,Yes,No,Plain Tea,86.5,Hot Beverage,12,2,2,No,No,97.0,73.0,70.5,76.5,68.5,87.33333333333333,70.92857142857143,74.07142857142857,35.609489104531065,35.69683089944732,77.0,80.25,24.0,2.5,87.14999999999999
2026-04-12,Sunday,4,15,Yes,Hot,No,middle,Yes,No,Roast bread,20.0,Meal,12,2,2,No,No,25.0,19.0,22.0,14.0,40.0,23.0,17.142857142857142,18.428571428571427,9.026416258748,7.355942503166406,20.0,21.0,6.0,-3.0,22.9
2026-04-12,Sunday,4,15,Yes,Hot,No,middle,Yes,No,Rolls,80.0,Snack,12,2,2,No,No,57.0,94.0,109.0,71.0,91.0,55.666666666666664,58.714285714285715,57.285714285714285,23.23585078934624,26.79962276263942,57.0,57.0,-37.0,-15.0,73.3
2026-04-12,Sunday,4,15,Yes,Hot,No,middle,Yes,No,Roti,9.0,Meal,12,2,2,No,No,9.0,15.0,8.0,15.0,6.0,8.0,6.857142857142857,7.571428571428571,4.9473417585800945,4.815268755408486,6.0,8.5,-6.0,7.0,10.7
2026-04-12,Sunday,4,15,Yes,Hot,No,middle,Yes,No,Soft drinks,37.0,Cold Beverage,12,2,2,No,No,13.0,38.0,35.0,37.0,46.0,31.0,29.142857142857142,28.357142857142858,19.32553208778972,15.274952563729157,28.0,30.0,-25.0,3.0,22.7
2026-04-12,Sunday,4,15,Yes,Hot,No,middle,Yes,No,String Hoppers,18.0,Meal,12,2,2,No,No,118.0,62.0,25.0,74.0,55.0,97.0,73.57142857142857,67.0,39.56790426114388,44.67145018396498,73.0,64.5,56.0,37.0,91.89999999999999
2026-04-12,Sunday,4,15,Yes,Hot,No,middle,Yes,No,Tea,17.0,Hot Beverage,12,2,2,No,No,20.0,21.0,18.0,21.0,40.0,18.666666666666668,18.285714285714285,18.428571428571427,10.307186582093824,9.748485371223925,20.0,19.5,-1.0,3.0,20.1
2026-04-12,Sunday,4,15,Yes,Hot,No,middle,Yes,No,Ulundu Wade,76.0,Snack,12,2,2,No,No,54.0,71.0,80.0,63.0,80.0,46.333333333333336,48.0,56.142857142857146,30.474032661705042,32.09806402706734,51.0,58.0,-17.0,-9.0,61.7
2026-04-12,Sunday,4,15,Yes,Hot,No,middle,Yes,No,Vegitable Roti,16.0,Meal,12,2,2,No,No,13.0,20.0,16.0,25.0,28.0,17.333333333333332,16.714285714285715,15.857142857142858,10.419761445034549,8.934437633347475,13.0,15.5,-7.0,4.0,15.4
2026-04-12,Sunday,4,15,Yes,Hot,No,middle,Yes,No,Watter Bottle,11.0,Cold Beverage,12,2,2,No,No,3.0,3.0,11.0,5.0,12.0,7.0,5.285714285714286,4.642857142857143,3.8172540616821116,3.6290948830706617,6.0,4.0,0.0,-8.0,3.8
2026-04-13,Monday,4,16,No,Hot,Yes,middle,Yes,No,Bread,0.0,Meal,13,2,2,No,No,2.0,0.0,0.0,0.0,0.0,1.6666666666666667,1.5714285714285714,2.25,0.9322272357358056,1.6022820264571696,1.5,2.0,2.0,0.0,1.2
2026-04-13,Monday,4,16,No,Hot,Yes,middle,Yes,No,Breakfast,7.5,Meal,13,2,2,No,No,6.5,0.0,12.0,0.0,0.0,11.666666666666666,10.071428571428571,11.464285714285714,5.28700113035556,4.1065814236431475,12.0,12.0,6.5,-12.0,5.1
2026-04-13,Monday,4,16,No,Hot,Yes,middle,Yes,No,Bulath vita,0.0,Other,13,2,2,No,No,4.0,0.0,0.0,0.0,11.0,16.666666666666668,11.285714285714286,15.142857142857142,9.031690238899277,10.560136529253938,9.0,15.0,4.0,0.0,2.4
2026-04-13,Monday,4,16,No,Hot,Yes,middle,Yes,No,Chicken Curry,0.0,Meal,13,2,2,No,No,3.0,0.0,0.0,0.0,0.0,3.3333333333333335,2.7142857142857144,3.2857142857142856,2.563479777846624,2.6726124191242437,2.0,2.5,3.0,0.0,1.7999999999999998
2026-04-13,Monday,4,16,No,Hot,Yes,middle,Yes,No,Cigarette,0.0,Other,13,2,2,No,No,42.0,0.0,0.0,38.0,0.0,46.333333333333336,33.857142857142854,33.0,17.817861557330378,17.18675697694637,38.0,35.5,42.0,0.0,25.2
2026-04-13,Monday,4,16,No,Hot,Yes,middle,Yes,No,Dal Curry,0.0,Meal,13,2,2,No,No,6.0,0.0,0.0,0.0,0.0,6.333333333333333,6.142857142857143,9.785714285714286,3.132015933791495,12.007552568334596,6.0,7.5,6.0,0.0,3.5999999999999996
2026-04-13,Monday,4,16,No,Hot,Yes,middle,Yes,No,Egg Rotti,0.0,Meal,13,2,2,No,No,51.0,0.0,0.0,0.0,0.0,54.333333333333336,42.857142857142854,46.57142857142857,21.232275521232392,22.571984970190474,51.0,51.5,51.0,0.0,30.599999999999998
2026-04-13,Monday,4,16,No,Hot,Yes,middle,Yes,No,Hoppers,0.0,Meal,13,2,2,No,No,26.0,0.0,0.0,0.0,26.0,37.333333333333336,27.142857142857142,25.642857142857142,17.004201161561706,18.374761716328948,26.0,26.0,26.0,0.0,15.6
2026-04-13,Monday,4,16,No,Hot,Yes,middle,Yes,No,Kahata,0.0,Hot Beverage,13,2,2,No,No,15.0,0.0,0.0,17.0,0.0,22.0,19.0,19.857142857142858,11.832159566199238,10.939393478174626,16.0,20.5,15.0,0.0,9.0
2026-04-13,Monday,4,16,No,Hot,Yes,middle,Yes,No,Plain Tea,0.0,Hot Beverage,13,2,2,No,No,86.5,0.0,0.0,70.0,0.0,97.5,72.85714285714286,75.21428571428571,36.1025325585735,35.82957216822777,84.5,84.0,86.5,0.0,51.9
2026-04-13,Monday,4,16,No,Hot,Yes,middle,Yes,No,Roast bread,9.0,Meal,13,2,2,No,No,20.0,0.0,14.0,0.0,0.0,21.666666666666668,17.285714285714285,18.285714285714285,9.068522219088125,7.300459115473713,20.0,20.5,20.0,-14.0,13.4
2026-04-13,Monday,4,16,No,Hot,Yes,middle,Yes,No,Rolls,0.0,Snack,13,2,2,No,No,80.0,28.0,0.0,0.0,0.0,68.0,56.714285714285715,55.214285714285715,20.080789208546957,23.40012679593713,57.0,57.0,52.0,28.0,56.4
2026-04-13,Monday,4,16,No,Hot,Yes,middle,Yes,No,Roti,0.0,Meal,13,2,2,No,No,9.0,0.0,0.0,0.0,9.0,9.333333333333334,6.0,7.642857142857143,3.6514837167010943,4.829510930122824,6.0,9.0,9.0,0.0,5.3999999999999995
2026-04-13,Monday,4,16,No,Hot,Yes,middle,Yes,No,Soft drinks,28.0,Cold Beverage,13,2,2,No,No,37.0,0.0,15.0,0.0,0.0,34.0,29.0,28.5,19.252705437591523,15.351021013399931,28.0,30.0,37.0,-15.0,23.7
2026-04-13,Monday,4,16,No,Hot,Yes,middle,Yes,No,String Hoppers,0.0,Meal,13,2,2,No,No,18.0,0.0,0.0,0.0,0.0,65.66666666666667,67.28571428571429,66.5,44.85426135725303,45.21359564079408,73.0,64.5,18.0,0.0,10.799999999999999
2026-04-13,Monday,4,16,No,Hot,Yes,middle,Yes,No,Tea,0.0,Hot Beverage,13,2,2,No,No,17.0,0.0,0.0,12.0,0.0,17.666666666666668,17.714285714285715,18.357142857142858,10.242302568502923,9.755528159476016,17.0,19.5,17.0,0.0,10.2
2026-04-13,Monday,4,16,No,Hot,Yes,middle,Yes,No,Ulundu Wade,0.0,Snack,13,2,2,No,No,76.0,0.0,0.0,0.0,62.0,54.666666666666664,48.714285714285715,55.857142857142854,31.153995386971275,31.886474448380973,51.0,58.0,76.0,0.0,45.6
2026-04-13,Monday,4,16,No,Hot,Yes,middle,Yes,No,Vegitable Roti,0.0,Meal,13,2,2,No,No,16.0,0.0,0.0,17.0,0.0,18.333333333333332,16.142857142857142,15.857142857142858,10.318730080595692,8.934437633347475,13.0,15.5,16.0,0.0,9.6
2026-04-13,Monday,4,16,No,Hot,Yes,middle,Yes,No,Watter Bottle,0.0,Cold Beverage,13,2,2,No,No,11.0,0.0,0.0,0.0,0.0,6.666666666666667,6.428571428571429,4.642857142857143,4.197504927816955,3.6290948830706617,6.0,4.0,11.0,0.0,6.6
2026-04-14,Tuesday,4,16,No,Cloudy,Yes,middle,No,Yes,Bread,2.0,Meal,14,2,2,No,No,0.0,1.5,5.5,2.0,2.5,1.3333333333333333,1.5714285714285714,2.25,0.9322272357358056,1.6022820264571696,1.5,2.0,-1.5,-4.0,1.0
2026-04-14,Tuesday,4,16,No,Cloudy,Yes,middle,No,Yes,Breakfast,11.5,Meal,14,2,2,No,No,7.5,13.5,14.0,16.0,14.5,9.833333333333334,11.142857142857142,11.142857142857142,3.2877840272018806,4.235511827342763,12.0,12.0,-6.0,-0.5,9.950000000000001
2026-04-14,Tuesday,4,16,No,Cloudy,Yes,middle,No,Yes,Bulath vita,8.0,Other,14,2,2,No,No,0.0,7.0,11.0,14.0,15.0,9.666666666666666,11.285714285714286,15.142857142857142,9.031690238899277,10.560136529253938,9.0,15.0,-7.0,-4.0,3.2
2026-04-14,Tuesday,4,16,No,Cloudy,Yes,middle,No,Yes,Chicken Curry,3.0,Meal,14,2,2,No,No,0.0,2.0,6.0,6.0,5.0,3.3333333333333335,2.7142857142857144,3.2857142857142856,2.563479777846624,2.6726124191242437,2.0,2.5,-2.0,-4.0,1.2000000000000002
2026-04-14,Tuesday,4,16,No,Cloudy,Yes,middle,No,Yes,Cigarette,69.0,Other,14,2,2,No,No,0.0,38.0,35.0,41.0,35.0,27.333333333333332,33.857142857142854,33.0,17.817861557330378,17.18675697694637,38.0,35.5,-38.0,3.0,14.9
2026-04-14,Tuesday,4,16,No,Cloudy,Yes,middle,No,Yes,Dal Curry,8.0,Meal,14,2,2,No,No,0.0,6.0,17.0,8.0,8.0,4.666666666666667,6.142857142857143,9.785714285714286,3.132015933791495,12.007552568334596,6.0,7.5,-6.0,-11.0,3.5
2026-04-14,Tuesday,4,16,No,Cloudy,Yes,middle,No,Yes,Egg Rotti,64.0,Meal,14,2,2,No,No,0.0,62.0,74.0,53.0,55.0,37.0,42.857142857142854,46.57142857142857,21.232275521232392,22.571984970190474,51.0,51.5,-62.0,-12.0,26.0
2026-04-14,Tuesday,4,16,No,Cloudy,Yes,middle,No,Yes,Hoppers,50.0,Meal,14,2,2,No,No,0.0,40.0,16.0,47.0,44.0,20.666666666666668,27.142857142857142,25.642857142857142,17.004201161561706,18.374761716328948,26.0,26.0,-40.0,24.0,13.6
2026-04-14,Tuesday,4,16,No,Cloudy,Yes,middle,No,Yes,Kahata,34.0,Hot Beverage,14,2,2,No,No,0.0,32.0,35.0,26.0,21.0,10.333333333333334,19.0,19.857142857142858,11.832159566199238,10.939393478174626,16.0,20.5,-32.0,-3.0,13.1
2026-04-14,Tuesday,4,16,No,Cloudy,Yes,middle,No,Yes,Plain Tea,75.0,Hot Beverage,14,2,2,No,No,0.0,84.5,100.0,66.5,60.5,61.166666666666664,72.85714285714286,75.21428571428571,36.1025325585735,35.82957216822777,84.5,84.0,-84.5,-15.5,35.349999999999994
2026-04-14,Tuesday,4,16,No,Cloudy,Yes,middle,No,Yes,Roast bread,11.0,Meal,14,2,2,No,No,9.0,10.0,25.0,25.0,24.0,18.0,18.571428571428573,17.928571428571427,6.477065767180438,7.640623068776578,20.0,20.5,-1.0,-15.0,10.899999999999999
2026-04-14,Tuesday,4,16,No,Cloudy,Yes,middle,No,Yes,Rolls,78.0,Snack,14,2,2,No,No,0.0,80.0,51.0,55.0,50.0,45.666666666666664,52.714285714285715,55.214285714285715,27.98639125071499,23.40012679593713,57.0,57.0,-80.0,29.0,29.1
2026-04-14,Tuesday,4,16,No,Cloudy,Yes,middle,No,Yes,Roti,3.0,Meal,14,2,2,No,No,0.0,3.0,9.0,4.0,4.0,6.0,6.0,7.642857142857143,3.6514837167010943,4.829510930122824,6.0,9.0,-3.0,-6.0,1.7999999999999998
2026-04-14,Tuesday,4,16,No,Cloudy,Yes,middle,No,Yes,Soft drinks,55.0,Cold Beverage,14,2,2,No,No,28.0,51.0,32.0,31.0,33.0,26.0,33.0,29.428571428571427,14.56021977856102,14.85682586305954,28.0,30.0,-23.0,19.0,35.300000000000004
2026-04-14,Tuesday,4,16,No,Cloudy,Yes,middle,No,Yes,String Hoppers,88.0,Meal,14,2,2,No,No,0.0,89.0,133.0,88.0,103.0,45.333333333333336,67.28571428571429,66.5,44.85426135725303,45.21359564079408,73.0,64.5,-89.0,-44.0,40.0
2026-04-14,Tuesday,4,16,No,Cloudy,Yes,middle,No,Yes,Tea,36.0,Hot Beverage,14,2,2,No,No,0.0,35.0,19.0,28.0,28.0,12.333333333333334,17.714285714285715,18.357142857142858,10.242302568502923,9.755528159476016,17.0,19.5,-35.0,16.0,12.4
2026-04-14,Tuesday,4,16,No,Cloudy,Yes,middle,No,Yes,Ulundu Wade,82.0,Snack,14,2,2,No,No,0.0,95.0,68.0,44.0,51.0,43.333333333333336,48.714285714285715,55.857142857142854,31.153995386971275,31.886474448380973,51.0,58.0,-95.0,27.0,35.3
2026-04-14,Tuesday,4,16,No,Cloudy,Yes,middle,No,Yes,Vegitable Roti,32.0,Meal,14,2,2,No,No,0.0,32.0,26.0,12.0,15.0,9.666666666666666,16.142857142857142,15.857142857142858,10.318730080595692,8.934437633347475,13.0,15.5,-32.0,6.0,12.2
2026-04-14,Tuesday,4,16,No,Cloudy,Yes,middle,No,Yes,Watter Bottle,8.0,Cold Beverage,14,2,2,No,No,0.0,6.0,3.0,0.0,2.0,4.666666666666667,6.428571428571429,4.642857142857143,4.197504927816955,3.629094883070662,6.0,4.0,-6.0,3.0,2.0999999999999996
2026-04-15,Wednesday,4,16,No,Rainy,No,middle,No,Yes,Bread,4.5,Meal,15,2,3,No,No,2.0,3.0,3.5,4.5,3.5,1.3333333333333333,1.6428571428571428,2.0,0.944911182523069,1.3008872711759822,2.0,2.0,-1.0,-0.5,2.4499999999999997
2026-04-15,Wednesday,4,16,No,Rainy,No,middle,No,Yes,Breakfast,11.0,Meal,15,2,3,No,No,11.5,12.0,15.0,11.5,12.5,8.5,10.857142857142858,10.964285714285714,3.1320159337914966,4.157774394082477,11.5,11.75,-0.5,-3.0,12.0
2026-04-15,Wednesday,4,16,No,Rainy,No,middle,No,Yes,Bulath vita,46.0,Other,15,2,3,No,No,8.0,9.0,17.0,15.0,14.0,4.0,11.428571428571429,14.928571428571429,8.960229588895263,10.68042267756424,9.0,15.0,-1.0,-8.0,9.2
2026-04-15,Wednesday,4,16,No,Rainy,No,middle,No,Yes,Chicken Curry,0.0,Meal,15,2,3,No,No,3.0,2.0,6.0,2.0,2.0,2.0,2.857142857142857,3.0714285714285716,2.544836041121408,2.5559669467673154,3.0,2.5,1.0,-4.0,3.0
2026-04-15,Wednesday,4,16,No,Rainy,No,middle,No,Yes,Cigarette,73.0,Other,15,2,3,No,No,69.0,36.0,34.0,40.0,31.0,37.0,38.285714285714285,35.42857142857143,22.306309165153905,19.70831252080152,40.0,37.0,33.0,2.0,55.599999999999994
2026-04-15,Wednesday,4,16,No,Rainy,No,middle,No,Yes,Dal Curry,8.0,Meal,15,2,3,No,No,8.0,9.0,8.0,9.0,8.0,4.666666666666667,6.428571428571429,9.142857142857142,3.2071349029490923,11.83123078880731,8.0,7.5,-1.0,1.0,8.3
2026-04-15,Wednesday,4,16,No,Rainy,No,middle,No,Yes,Egg Rotti,53.0,Meal,15,2,3,No,No,64.0,38.0,60.0,58.0,55.0,38.333333333333336,43.142857142857146,45.857142857142854,21.54397496152596,21.78163355764575,51.0,51.5,26.0,-22.0,55.8
2026-04-15,Wednesday,4,16,No,Rainy,No,middle,No,Yes,Hoppers,56.0,Meal,15,2,3,No,No,50.0,12.0,33.0,18.0,15.0,25.333333333333332,28.571428571428573,28.071428571428573,18.608753700495736,19.229241697574455,26.0,29.5,38.0,-21.0,36.9
2026-04-15,Wednesday,4,16,No,Rainy,No,middle,No,Yes,Kahata,1.0,Hot Beverage,15,2,3,No,No,34.0,21.0,20.0,23.0,23.0,16.333333333333332,19.285714285714285,19.785714285714285,12.216304483684718,10.835685853331473,16.0,20.5,13.0,1.0,28.7
2026-04-15,Wednesday,4,16,No,Rainy,No,middle,No,Yes,Plain Tea,146.5,Hot Beverage,15,2,3,No,No,75.0,77.0,83.5,81.0,75.0,53.833333333333336,71.5,73.42857142857143,35.76893437980323,35.11511680987875,77.0,80.25,-2.0,-6.5,76.44999999999999
2026-04-15,Wednesday,4,16,No,Rainy,No,middle,No,Yes,Roast bread,14.0,Meal,15,2,3,No,No,11.0,22.0,21.0,24.0,23.0,13.333333333333334,18.714285714285715,16.928571428571427,6.264031867582971,7.559652878826617,20.0,20.0,-11.0,1.0,15.299999999999999
2026-04-15,Wednesday,4,16,No,Rainy,No,middle,No,Yes,Rolls,43.0,Snack,15,2,3,No,No,78.0,42.0,64.0,51.0,60.0,52.666666666666664,52.42857142857143,57.142857142857146,27.669821965799656,24.12740906379856,57.0,58.0,36.0,-22.0,65.8
2026-04-15,Wednesday,4,16,No,Rainy,No,middle,No,Yes,Roti,15.0,Meal,15,2,3,No,No,3.0,6.0,5.0,6.0,5.0,4.0,6.0,7.214285714285714,3.6514837167010943,4.96415724396973,6.0,7.5,-3.0,1.0,4.1
2026-04-15,Wednesday,4,16,No,Rainy,No,middle,No,Yes,Soft drinks,28.0,Cold Beverage,15,2,3,No,No,55.0,22.0,43.0,25.0,22.0,40.0,33.57142857142857,31.071428571428573,15.436505896274385,16.35878632753329,28.0,31.5,33.0,-21.0,43.9
2026-04-15,Wednesday,4,16,No,Rainy,No,middle,No,Yes,String Hoppers,69.0,Meal,15,2,3,No,No,88.0,73.0,67.0,70.0,70.0,35.333333333333336,67.14285714285714,63.285714285714285,44.77509937241373,41.57556340601383,73.0,64.5,15.0,6.0,81.39999999999999
2026-04-15,Wednesday,4,16,No,Rainy,No,middle,No,Yes,Tea,21.0,Hot Beverage,15,2,3,No,No,36.0,16.0,34.0,19.0,20.0,17.666666666666668,17.857142857142858,19.571428571428573,10.526610271570023,10.8394882487369,17.0,20.0,20.0,-18.0,29.799999999999997
2026-04-15,Wednesday,4,16,No,Rainy,No,middle,No,Yes,Ulundu Wade,45.0,Snack,15,2,3,No,No,82.0,31.0,108.0,30.0,37.0,52.666666666666664,46.857142857142854,56.857142857142854,28.1805403983468,32.510015362978514,51.0,58.0,51.0,-77.0,69.3
2026-04-15,Wednesday,4,16,No,Rainy,No,middle,No,Yes,Vegitable Roti,22.0,Meal,15,2,3,No,No,32.0,13.0,19.0,14.0,18.0,16.0,16.142857142857142,16.285714285714285,10.318730080595692,9.579052236951293,13.0,15.5,19.0,-6.0,24.999999999999996
2026-04-15,Wednesday,4,16,No,Rainy,No,middle,No,Yes,Watter Bottle,7.0,Cold Beverage,15,2,3,No,No,8.0,7.0,5.0,6.0,7.0,6.333333333333333,6.714285714285714,5.0,4.231401884099632,3.7003118371709816,7.0,5.0,1.0,2.0,7.4
2026-04-16,Thursday,4,16,No,Cloudy,No,middle,No,No,Bread,2.5,Meal,16,2,3,No,No,4.5,1.5,5.0,2.5,6.0,2.1666666666666665,1.8571428571428572,2.0714285714285716,1.3758114488755877,1.4122696252860132,2.0,2.0,3.0,-3.5,3.6499999999999995
2026-04-16,Thursday,4,16,No,Cloudy,No,middle,No,No,Breakfast,15.0,Meal,16,2,3,No,No,11.0,10.0,11.5,12.5,14.5,10.0,10.714285714285714,10.678571428571429,3.0937725468153894,3.9932979567556144,11.0,11.5,1.0,-1.5,10.75
2026-04-16,Thursday,4,16,No,Cloudy,No,middle,No,No,Bulath vita,27.0,Other,16,2,3,No,No,46.0,13.0,23.0,18.0,29.0,18.0,16.714285714285715,17.0,15.681350767863139,13.541957590563314,13.0,16.5,33.0,-10.0,33.8
2026-04-16,Thursday,4,16,No,Cloudy,No,middle,No,No,Chicken Curry,3.0,Meal,16,2,3,No,No,0.0,5.0,2.0,6.0,2.0,1.0,2.5714285714285716,2.642857142857143,2.7602622373694183,2.530039308212207,3.0,2.0,-5.0,3.0,1.7
2026-04-16,Thursday,4,16,No,Cloudy,No,middle,No,No,Cigarette,37.0,Other,16,2,3,No,No,73.0,24.0,60.0,37.0,63.0,47.333333333333336,43.57142857142857,38.214285714285715,25.786670606194605,22.101787506647756,42.0,39.0,49.0,-36.0,57.0
2026-04-16,Thursday,4,16,No,Cloudy,No,middle,No,No,Dal Curry,11.0,Meal,16,2,3,No,No,8.0,9.0,5.0,9.0,4.0,5.333333333333333,6.285714285714286,9.142857142857142,3.0937725468153876,11.83123078880731,8.0,7.5,-1.0,4.0,8.0
2026-04-16,Thursday,4,16,No,Cloudy,No,middle,No,No,Egg Rotti,65.0,Meal,16,2,3,No,No,53.0,37.0,70.0,45.0,53.0,39.0,45.285714285714285,45.357142857142854,21.69265840258932,21.510666916876158,52.0,51.5,16.0,-33.0,49.9
2026-04-16,Thursday,4,16,No,Cloudy,No,middle,No,No,Hoppers,14.0,Meal,16,2,3,No,No,56.0,26.0,62.0,10.0,73.0,35.333333333333336,34.857142857142854,29.714285714285715,19.488702466032045,20.615261603700567,36.0,30.5,30.0,-36.0,47.6
2026-04-16,Thursday,4,16,No,Cloudy,No,middle,No,No,Kahata,39.0,Hot Beverage,16,2,3,No,No,1.0,14.0,21.0,38.0,29.0,11.666666666666666,16.428571428571427,18.428571428571427,13.96253490424934,11.94032782512392,15.0,19.0,-13.0,-7.0,6.9
2026-04-16,Thursday,4,16,No,Cloudy,No,middle,No,No,Plain Tea,89.0,Hot Beverage,16,2,3,No,No,146.5,56.0,120.5,89.0,109.5,73.83333333333333,81.42857142857143,77.92857142857143,45.791582715811984,40.17694380097637,86.5,80.75,90.5,-64.5,116.74999999999999
2026-04-16,Thursday,4,16,No,Cloudy,No,middle,No,No,Roast bread,27.0,Meal,16,2,3,No,No,14.0,24.0,21.0,18.0,19.0,11.333333333333334,17.571428571428573,16.428571428571427,6.294366339755526,7.50091569501592,20.0,19.5,-10.0,3.0,17.7
2026-04-16,Thursday,4,16,No,Cloudy,No,middle,No,No,Rolls,50.0,Snack,16,2,3,No,No,43.0,43.0,51.0,47.0,48.0,40.333333333333336,52.57142857142857,55.642857142857146,27.60952216692125,24.320321173414275,57.0,57.0,0.0,-8.0,43.800000000000004
2026-04-16,Thursday,4,16,No,Cloudy,No,middle,No,No,Roti,15.0,Meal,16,2,3,No,No,15.0,5.0,16.0,5.0,13.0,6.0,7.285714285714286,7.928571428571429,4.9904671028634,5.327205729002859,9.0,9.0,10.0,-11.0,12.1
2026-04-16,Thursday,4,16,No,Cloudy,No,middle,No,No,Soft drinks,40.0,Cold Beverage,16,2,3,No,No,28.0,28.0,35.0,26.0,43.0,37.0,34.42857142857143,30.0,14.842025275740298,16.004806970215114,28.0,28.0,0.0,-7.0,28.700000000000003
2026-04-16,Thursday,4,16,No,Cloudy,No,middle,No,No,String Hoppers,173.0,Meal,16,2,3,No,No,69.0,112.0,57.0,108.0,61.0,52.333333333333336,66.57142857142857,63.42857142857143,44.71337287977406,41.592740279477226,69.0,65.5,-43.0,55.0,80.7
2026-04-16,Thursday,4,16,No,Cloudy,No,middle,No,No,Tea,22.0,Hot Beverage,16,2,3,No,No,21.0,20.0,21.0,20.0,22.0,19.0,18.571428571428573,18.642857142857142,10.549204438521135,10.035376983890094,20.0,20.0,1.0,-1.0,20.700000000000003
2026-04-16,Thursday,4,16,No,Cloudy,No,middle,No,No,Ulundu Wade,88.0,Snack,16,2,3,No,No,45.0,51.0,83.0,76.0,97.0,42.333333333333336,48.857142857142854,52.357142857142854,27.35220022489701,29.06387433238713,51.0,52.5,-6.0,-32.0,50.599999999999994
2026-04-16,Thursday,4,16,No,Cloudy,No,middle,No,No,Vegitable Roti,38.0,Meal,16,2,3,No,No,22.0,13.0,17.0,21.0,16.0,18.0,17.428571428571427,16.5,10.422046229941964,9.677491728430772,16.0,15.5,9.0,-4.0,18.799999999999997
2026-04-16,Thursday,4,16,No,Cloudy,No,middle,No,No,Watter Bottle,6.0,Cold Beverage,16,2,3,No,No,7.0,12.0,5.0,1.0,5.0,5.0,6.714285714285714,5.142857142857143,4.231401884099632,3.738719296500069,7.0,5.5,-5.0,7.0,8.3
2026-04-17,Friday,4,16,No,Rainy,No,middle,No,No,Bread,2.5,Meal,17,2,3,No,No,2.5,1.0,2.5,4.0,1.5,3.0,2.0,1.8928571428571428,1.3844373104863463,1.1465428206397006,2.0,2.0,1.5,-1.5,2.05
2026-04-17,Friday,4,16,No,Rainy,No,middle,No,No,Breakfast,7.0,Meal,17,2,3,No,No,15.0,13.0,10.0,10.0,12.5,12.5,11.428571428571429,10.928571428571429,3.4572215654165057,4.1549652542152815,11.5,11.75,2.0,3.0,13.9
2026-04-17,Friday,4,16,No,Rainy,No,middle,No,No,Bulath vita,9.0,Other,17,2,3,No,No,27.0,21.0,20.0,18.0,19.0,27.0,18.714285714285715,17.285714285714285,16.01784718903975,13.719321419799895,21.0,16.5,6.0,1.0,24.5
2026-04-17,Friday,4,16,No,Rainy,No,middle,No,No,Chicken Curry,1.0,Meal,17,2,3,No,No,3.0,0.0,3.0,4.0,0.0,2.0,2.2857142857142856,2.7142857142857144,2.5634797778466245,2.5246042013801637,3.0,2.5,3.0,-3.0,2.0999999999999996
2026-04-17,Friday,4,16,No,Rainy,No,middle,No,No,Cigarette,9.0,Other,17,2,3,No,No,37.0,57.0,30.0,30.0,59.0,59.666666666666664,45.42857142857143,36.57142857142857,24.582223542342827,21.194027771681647,42.0,37.5,-20.0,27.0,42.3
2026-04-17,Friday,4,16,No,Rainy,No,middle,No,No,Dal Curry,5.0,Meal,17,2,3,No,No,11.0,5.0,49.0,12.0,5.0,9.0,6.571428571428571,9.571428571428571,3.4572215654165053,11.778169413167515,8.0,8.0,6.0,-44.0,13.0
2026-04-17,Friday,4,16,No,Rainy,No,middle,No,No,Egg Rotti,19.0,Meal,17,2,3,No,No,65.0,52.0,40.0,55.0,49.0,60.666666666666664,49.285714285714285,45.0,22.477501979492637,21.107782013713823,53.0,51.5,13.0,12.0,58.6
2026-04-17,Friday,4,16,No,Rainy,No,middle,No,No,Hoppers,27.0,Meal,17,2,3,No,No,14.0,50.0,8.0,24.0,52.0,40.0,33.142857142857146,26.285714285714285,20.87605144201181,18.738806182434804,36.0,26.0,-36.0,42.0,24.2
2026-04-17,Friday,4,16,No,Rainy,No,middle,No,No,Kahata,7.0,Hot Beverage,17,2,3,No,No,39.0,35.0,25.0,29.0,34.0,24.666666666666668,20.0,19.714285714285715,16.24807680927192,13.146678851906465,16.0,19.0,4.0,10.0,36.4
2026-04-17,Friday,4,16,No,Rainy,No,middle,No,No,Plain Tea,21.0,Hot Beverage,17,2,3,No,No,89.0,109.0,70.5,86.0,112.5,103.5,86.14285714285714,75.67857142857143,44.415382363278084,38.45457217131821,89.0,80.75,-20.0,38.5,93.14999999999999
2026-04-17,Friday,4,16,No,Rainy,No,middle,No,No,Roast bread,0.0,Meal,17,2,3,No,No,27.0,20.0,10.0,22.0,27.0,17.333333333333332,18.0,16.857142857142858,6.879922480183414,7.940714391976641,20.0,19.5,7.0,10.0,23.2
2026-04-17,Friday,4,16,No,Rainy,No,middle,No,No,Rolls,14.0,Snack,17,2,3,No,No,50.0,67.0,59.0,63.0,76.0,57.0,53.57142857142857,55.57142857142857,27.330429578628696,24.33646926453665,57.0,57.0,-17.0,8.0,55.99999999999999
2026-04-17,Friday,4,16,No,Rainy,No,middle,No,No,Roti,3.0,Meal,17,2,3,No,No,15.0,10.0,9.0,12.0,13.0,11.0,8.714285714285714,7.857142857142857,5.618845839799175,5.216204674741129,9.0,9.0,5.0,1.0,12.9
2026-04-17,Friday,4,16,No,Rainy,No,middle,No,No,Soft drinks,10.0,Cold Beverage,17,2,3,No,No,40.0,52.0,19.0,48.0,50.0,41.0,36.142857142857146,30.357142857142858,14.66774887782228,16.179793394407554,37.0,28.0,-12.0,33.0,41.5
2026-04-17,Friday,4,16,No,Rainy,No,middle,No,No,String Hoppers,39.0,Meal,17,2,3,No,No,173.0,61.0,18.0,60.0,83.0,110.0,75.28571428571429,71.71428571428571,58.77560232419085,50.75799076375687,69.0,71.0,112.0,43.0,123.89999999999999
2026-04-17,Friday,4,16,No,Rainy,No,middle,No,No,Tea,6.0,Hot Beverage,17,2,3,No,No,22.0,16.0,17.0,23.0,20.0,26.333333333333332,18.857142857142858,18.714285714285715,10.621182787690058,10.0569805181703,20.0,20.0,6.0,-1.0,19.7
2026-04-17,Friday,4,16,No,Rainy,No,middle,No,No,Ulundu Wade,12.0,Snack,17,2,3,No,No,88.0,34.0,62.0,59.0,34.0,71.66666666666667,54.142857142857146,52.714285714285715,31.14711635357046,29.4968800734236,54.0,52.5,54.0,-28.0,69.2
2026-04-17,Friday,4,16,No,Rainy,No,middle,No,No,Vegitable Roti,6.0,Meal,17,2,3,No,No,38.0,26.0,12.0,27.0,31.0,30.666666666666668,21.0,18.0,12.688577540449517,11.259184285250448,22.0,15.5,12.0,14.0,31.8
2026-04-17,Friday,4,16,No,Rainy,No,middle,No,No,Watter Bottle,1.0,Cold Beverage,17,2,3,No,No,6.0,6.0,1.0,5.0,6.0,7.0,5.857142857142857,5.214285714285714,3.5321651258386098,3.74532675843811,6.0,6.0,0.0,5.0,5.499999999999999
2026-04-18,Saturday,4,16,Yes,Hot,No,middle,No,No,Bread,3.0,Meal,18,2,3,No,No,2.5,2.0,2.0,2.5,2.5,3.1666666666666665,2.2142857142857144,1.8928571428571428,1.3183683999911553,1.1465428206397006,2.0,2.0,0.5,0.0,2.3000000000000003
2026-04-18,Saturday,4,16,Yes,Hot,No,middle,No,No,Breakfast,10.5,Meal,18,2,3,No,No,7.0,15.5,15.5,15.0,10.0,11.0,10.571428571428571,10.714285714285714,3.73528860362636,4.281958060883458,11.0,11.75,-8.5,0.0,10.4
2026-04-18,Saturday,4,16,Yes,Hot,No,middle,No,No,Bulath vita,39.0,Other,18,2,3,No,No,9.0,25.0,28.0,24.0,33.0,27.333333333333332,17.0,16.5,16.370705543744897,13.866118085795705,9.0,11.0,-16.0,-3.0,15.7
2026-04-18,Saturday,4,16,Yes,Hot,No,middle,No,No,Chicken Curry,1.0,Meal,18,2,3,No,No,1.0,7.0,8.0,6.0,1.0,1.3333333333333333,2.4285714285714284,2.5714285714285716,2.4397501823713346,2.5634797778466227,3.0,2.0,-6.0,-1.0,3.5
2026-04-18,Saturday,4,16,Yes,Hot,No,middle,No,No,Cigarette,72.0,Other,18,2,3,No,No,9.0,40.0,26.0,36.0,58.0,39.666666666666664,38.57142857142857,35.07142857142857,27.354811538113637,22.403517188548363,40.0,37.5,-31.0,14.0,20.0
2026-04-18,Saturday,4,16,Yes,Hot,No,middle,No,No,Dal Curry,10.0,Meal,18,2,3,No,No,5.0,8.0,7.0,8.0,7.0,8.0,6.571428571428571,6.428571428571429,3.4572215654165053,3.179605338700101,8.0,7.5,-3.0,1.0,6.1000000000000005
2026-04-18,Saturday,4,16,Yes,Hot,No,middle,No,No,Egg Rotti,64.0,Meal,18,2,3,No,No,19.0,60.0,57.0,48.0,55.0,45.666666666666664,44.57142857142857,43.5,25.118765514100833,22.207933440379072,53.0,51.5,-41.0,3.0,35.1
2026-04-18,Saturday,4,16,Yes,Hot,No,middle,No,No,Hoppers,51.0,Meal,18,2,3,No,No,27.0,36.0,35.0,36.0,42.0,32.333333333333336,29.857142857142858,27.642857142857142,19.54847454772,17.98549476600579,27.0,26.5,-9.0,1.0,30.5
2026-04-18,Saturday,4,16,Yes,Hot,No,middle,No,No,Kahata,32.0,Hot Beverage,18,2,3,No,No,7.0,16.0,27.0,24.0,24.0,15.666666666666666,16.0,18.428571428571427,15.362291495737221,13.466278600291146,15.0,16.5,-9.0,-11.0,11.7
2026-04-18,Saturday,4,16,Yes,Hot,No,middle,No,No,Plain Tea,113.5,Hot Beverage,18,2,3,No,No,21.0,97.0,95.5,113.5,91.5,85.5,73.57142857142857,72.14285714285714,49.07683480304855,41.148618339001274,86.5,80.75,-76.0,1.5,51.25
2026-04-18,Saturday,4,16,Yes,Hot,No,middle,No,No,Roast bread,24.0,Meal,18,2,3,No,No,0.0,25.0,25.0,22.0,25.0,13.666666666666666,15.142857142857142,16.142857142857142,9.546876826630628,8.985947515273647,14.0,19.5,-25.0,0.0,10.0
2026-04-18,Saturday,4,16,Yes,Hot,No,middle,No,No,Rolls,90.0,Snack,18,2,3,No,No,14.0,57.0,57.0,57.0,73.0,35.666666666666664,46.0,52.357142857142854,30.18277654557318,26.705249103319197,50.0,53.5,-43.0,0.0,31.2
2026-04-18,Saturday,4,16,Yes,Hot,No,middle,No,No,Roti,22.0,Meal,18,2,3,No,No,3.0,9.0,11.0,9.0,20.0,11.0,7.714285714285714,7.428571428571429,5.9641787843280225,5.359596507692975,9.0,7.5,-6.0,-2.0,5.6
2026-04-18,Saturday,4,16,Yes,Hot,No,middle,No,No,Soft drinks,37.0,Cold Beverage,18,2,3,No,No,10.0,13.0,14.0,12.0,24.0,26.0,30.142857142857142,29.714285714285715,15.657038581508846,16.831420121210908,28.0,28.0,-3.0,-1.0,11.3
2026-04-18,Saturday,4,16,Yes,Hot,No,middle,No,No,String Hoppers,43.0,Meal,18,2,3,No,No,39.0,118.0,123.0,96.0,45.0,93.66666666666667,72.14285714285714,73.21428571428571,60.23683416711233,49.33898220307312,69.0,71.0,-79.0,-5.0,71.1
2026-04-18,Saturday,4,16,Yes,Hot,No,middle,No,No,Tea,23.0,Hot Beverage,18,2,3,No,No,6.0,20.0,21.0,19.0,26.0,16.333333333333332,17.428571428571427,17.928571428571427,11.688415102957599,10.615404522994544,20.0,20.0,-14.0,-1.0,11.7
2026-04-18,Saturday,4,16,Yes,Hot,No,middle,No,No,Ulundu Wade,86.0,Snack,18,2,3,No,No,12.0,54.0,49.0,45.0,75.0,48.333333333333336,51.0,49.142857142857146,34.45286635390441,31.26033894903879,54.0,50.0,-42.0,5.0,28.299999999999997
2026-04-18,Saturday,4,16,Yes,Hot,No,middle,No,No,Vegitable Roti,23.0,Meal,18,2,3,No,No,6.0,13.0,15.0,12.0,18.0,22.0,18.142857142857142,17.571428571428573,13.594466661459128,11.6137470645404,16.0,15.5,-7.0,-2.0,9.0
2026-04-18,Saturday,4,16,Yes,Hot,No,middle,No,No,Watter Bottle,4.0,Cold Beverage,18,2,3,No,No,1.0,3.0,3.0,2.0,3.0,4.666666666666667,5.142857142857143,5.214285714285714,3.9761191895520205,3.74532675843811,6.0,6.0,-2.0,0.0,1.8
2026-04-19,Sunday,4,16,Yes,Hot,No,middle,No,No,Bread,5.0,Meal,19,2,3,No,No,3.0,2.0,2.0,2.0,2.5,2.6666666666666665,2.357142857142857,1.9642857142857142,1.3451854182690988,1.1842603292657101,2.5,2.0,1.0,0.0,2.6
2026-04-19,Sunday,4,16,Yes,Hot,No,middle,No,No,Breakfast,11.5,Meal,19,2,3,No,No,10.5,6.5,12.0,0.0,14.5,10.833333333333334,9.857142857142858,10.357142857142858,3.0511512269181003,4.054572781386521,10.5,11.25,4.0,-5.5,9.45
2026-04-19,Sunday,4,16,Yes,Hot,No,middle,No,No,Bulath vita,19.0,Other,19,2,3,No,No,39.0,4.0,34.0,5.0,19.0,25.0,19.0,17.285714285714285,18.257418583505537,14.844986573709871,9.0,11.0,35.0,-30.0,28.0
2026-04-19,Sunday,4,16,Yes,Hot,No,middle,No,No,Chicken Curry,0.0,Meal,19,2,3,No,No,1.0,3.0,2.0,3.0,3.0,1.6666666666666667,1.5714285714285714,2.0714285714285716,1.3972762620115464,2.05554730553075,1.0,2.0,-2.0,1.0,1.7
2026-04-19,Sunday,4,16,Yes,Hot,No,middle,No,No,Cigarette,79.0,Other,19,2,3,No,No,72.0,42.0,40.0,46.0,28.0,39.333333333333336,43.142857142857146,38.357142857142854,30.163048980657177,24.266492069572752,42.0,39.0,30.0,2.0,59.8
2026-04-19,Sunday,4,16,Yes,Hot,No,middle,No,No,Dal Curry,11.0,Meal,19,2,3,No,No,10.0,6.0,8.0,6.0,7.0,8.666666666666666,6.857142857142857,6.642857142857143,3.670993118515816,3.319108843723506,8.0,8.0,4.0,-2.0,8.6
2026-04-19,Sunday,4,16,Yes,Hot,No,middle,No,No,Egg Rotti,74.0,Meal,19,2,3,No,No,64.0,51.0,51.0,64.0,47.0,49.333333333333336,45.142857142857146,44.0,25.569699329666044,22.61041284963122,53.0,51.5,13.0,0.0,58.8
2026-04-19,Sunday,4,16,Yes,Hot,No,middle,No,No,Hoppers,42.0,Meal,19,2,3,No,No,51.0,26.0,15.0,26.0,32.0,30.666666666666668,32.0,28.785714285714285,21.09502310972898,18.970335431236478,27.0,26.5,25.0,11.0,39.9
2026-04-19,Sunday,4,16,Yes,Hot,No,middle,No,No,Kahata,22.0,Hot Beverage,19,2,3,No,No,32.0,15.0,17.0,17.0,21.0,26.0,18.285714285714285,18.785714285714285,16.50973738650705,13.773880361749196,15.0,16.5,17.0,-2.0,25.4
2026-04-19,Sunday,4,16,Yes,Hot,No,middle,No,No,Plain Tea,63.0,Hot Beverage,19,2,3,No,No,113.5,86.5,73.0,70.5,76.5,74.5,75.92857142857143,73.42857142857143,50.75712476377791,42.20228627732113,86.5,80.75,27.0,13.5,101.35
2026-04-19,Sunday,4,16,Yes,Hot,No,middle,No,No,Roast bread,53.0,Meal,19,2,3,No,No,24.0,20.0,19.0,22.0,14.0,17.0,15.0,16.071428571428573,9.380831519646847,8.913811976704682,14.0,19.5,4.0,1.0,22.299999999999997
2026-04-19,Sunday,4,16,Yes,Hot,No,middle,No,No,Rolls,90.0,Snack,19,2,3,No,No,90.0,80.0,94.0,109.0,71.0,51.333333333333336,50.714285714285715,54.714285714285715,34.46115825928418,28.53992768959784,50.0,53.5,10.0,-14.0,87.4
2026-04-19,Sunday,4,16,Yes,Hot,No,middle,No,No,Roti,8.0,Meal,19,2,3,No,No,22.0,9.0,15.0,8.0,15.0,13.333333333333334,9.571428571428571,8.214285714285714,8.079957567073867,6.588785010310164,9.0,7.5,13.0,-6.0,17.4
2026-04-19,Sunday,4,16,Yes,Hot,No,middle,No,No,Soft drinks,41.0,Cold Beverage,19,2,3,No,No,37.0,37.0,38.0,35.0,37.0,29.0,33.57142857142857,31.357142857142858,13.794408805226624,16.293496309203316,37.0,32.5,0.0,-1.0,37.099999999999994
2026-04-19,Sunday,4,16,Yes,Hot,No,middle,No,No,String Hoppers,59.0,Meal,19,2,3,No,No,43.0,18.0,62.0,25.0,74.0,85.0,61.42857142857143,67.5,57.32031967478067,47.736053138385586,43.0,65.5,25.0,-44.0,37.4
2026-04-19,Sunday,4,16,Yes,Hot,No,middle,No,No,Tea,43.0,Hot Beverage,19,2,3,No,No,23.0,17.0,21.0,18.0,21.0,17.0,17.857142857142858,18.071428571428573,11.852265204432028,10.673217997285649,21.0,20.0,6.0,-4.0,21.0
2026-04-19,Sunday,4,16,Yes,Hot,No,middle,No,No,Ulundu Wade,115.0,Snack,19,2,3,No,No,86.0,76.0,71.0,80.0,63.0,62.0,55.57142857142857,51.785714285714285,36.94977285837781,32.77470547055029,76.0,52.5,10.0,5.0,81.5
2026-04-19,Sunday,4,16,Yes,Hot,No,middle,No,No,Vegitable Roti,31.0,Meal,19,2,3,No,No,23.0,16.0,20.0,16.0,25.0,22.333333333333332,19.571428571428573,18.142857142857142,13.488972568449416,11.674147261608198,22.0,18.0,7.0,-4.0,20.599999999999998
2026-04-19,Sunday,4,16,Yes,Hot,No,middle,No,No,Watter Bottle,11.0,Cold Beverage,19,2,3,No,No,4.0,11.0,3.0,11.0,5.0,3.6666666666666665,5.285714285714286,5.285714285714286,3.9036002917941337,3.709210395521094,6.0,6.0,-7.0,8.0,5.999999999999999
2026-04-20,Monday,4,17,No,Hot,No,middle,No,No,Bread,1.0,Meal,20,2,3,No,No,5.0,0.0,0.0,0.0,0.0,3.5,2.7857142857142856,2.1785714285714284,1.6547190813232435,1.4359015240653477,2.5,2.0,5.0,0.0,3.0
2026-04-20,Monday,4,17,No,Hot,No,middle,No,No,Breakfast,9.5,Meal,20,2,3,No,No,11.5,7.5,0.0,12.0,0.0,9.666666666666666,10.571428571428571,10.321428571428571,2.6992062325273145,4.041168637417146,11.0,11.25,4.0,7.5,9.149999999999999
2026-04-20,Monday,4,17,No,Hot,No,middle,No,No,Bulath vita,18.0,Other,20,2,3,No,No,19.0,0.0,0.0,0.0,0.0,22.333333333333332,21.142857142857142,16.214285714285715,17.043362064926935,14.066756071448255,19.0,11.0,19.0,0.0,11.4
2026-04-20,Monday,4,17,No,Hot,No,middle,No,No,Chicken Curry,3.0,Meal,20,2,3,No,No,0.0,0.0,0.0,0.0,0.0,0.6666666666666666,1.1428571428571428,1.9285714285714286,1.345185418269101,2.1290765681316004,1.0,1.5,0.0,0.0,0.0
2026-04-20,Monday,4,17,No,Hot,No,middle,No,No,Cigarette,35.0,Other,20,2,3,No,No,79.0,0.0,0.0,0.0,38.0,53.333333333333336,48.42857142857143,41.142857142857146,33.03461388128691,26.5962899172542,69.0,39.0,79.0,0.0,47.4
2026-04-20,Monday,4,17,No,Hot,No,middle,No,No,Dal Curry,5.0,Meal,20,2,3,No,No,11.0,0.0,0.0,0.0,0.0,8.666666666666666,7.571428571428571,6.857142857142857,3.952094080237415,3.5050983275386667,8.0,8.0,11.0,0.0,6.6
2026-04-20,Monday,4,17,No,Hot,No,middle,No,No,Egg Rotti,36.0,Meal,20,2,3,No,No,74.0,0.0,0.0,0.0,0.0,52.333333333333336,48.42857142857143,45.642857142857146,27.825989906663064,23.95382462751436,64.0,52.5,74.0,0.0,44.4
2026-04-20,Monday,4,17,No,Hot,No,middle,No,No,Hoppers,33.0,Meal,20,2,3,No,No,42.0,0.0,0.0,0.0,0.0,40.0,34.285714285714285,30.714285714285715,21.203099503879816,18.83298485852199,42.0,31.5,42.0,0.0,25.2
2026-04-20,Monday,4,17,No,Hot,No,middle,No,No,Kahata,22.0,Hot Beverage,20,2,3,No,No,22.0,0.0,0.0,0.0,17.0,20.333333333333332,19.285714285714285,19.142857142857142,16.489534920814535,13.788831282304821,22.0,18.5,22.0,0.0,13.2
2026-04-20,Monday,4,17,No,Hot,No,middle,No,No,Plain Tea,75.5,Hot Beverage,20,2,3,No,No,63.0,0.0,0.0,0.0,70.0,65.83333333333333,72.57142857142857,72.71428571428571,50.71852765626236,42.294623356109526,75.0,80.75,63.0,0.0,37.8
2026-04-20,Monday,4,17,No,Hot,No,middle,No,No,Roast bread,14.0,Meal,20,2,3,No,No,53.0,9.0,0.0,14.0,0.0,25.666666666666668,19.714285714285715,18.5,17.2792195590955,13.317137599580242,14.0,20.0,44.0,9.0,34.5
2026-04-20,Monday,4,17,No,Hot,No,middle,No,No,Rolls,46.0,Snack,20,2,3,No,No,90.0,0.0,28.0,0.0,0.0,64.66666666666667,52.142857142857146,54.42857142857143,36.048248091636744,28.133512142896528,50.0,53.5,90.0,-28.0,56.8
2026-04-20,Monday,4,17,No,Hot,No,middle,No,No,Roti,12.0,Meal,20,2,3,No,No,8.0,0.0,0.0,0.0,0.0,11.0,9.428571428571429,7.714285714285714,8.100558475750148,6.2932023330253415,8.0,7.0,8.0,0.0,4.8
2026-04-20,Monday,4,17,No,Hot,No,middle,No,No,Soft drinks,36.0,Cold Beverage,20,2,3,No,No,41.0,28.0,0.0,15.0,0.0,29.333333333333332,34.142857142857146,31.571428571428573,14.040757000349258,16.406913578940227,37.0,32.5,13.0,28.0,33.0
2026-04-20,Monday,4,17,No,Hot,No,middle,No,No,String Hoppers,106.0,Meal,20,2,3,No,No,59.0,0.0,0.0,0.0,0.0,47.0,67.28571428571429,67.28571428571429,54.15014400016029,47.769363486570455,59.0,65.0,59.0,0.0,35.4
2026-04-20,Monday,4,17,No,Hot,No,middle,No,No,Tea,26.0,Hot Beverage,20,2,3,No,No,43.0,0.0,0.0,0.0,12.0,24.0,21.571428571428573,19.642857142857142,15.153186055052831,12.58574983467806,22.0,20.0,43.0,0.0,25.8
2026-04-20,Monday,4,17,No,Hot,No,middle,No,No,Ulundu Wade,71.0,Snack,20,2,3,No,No,115.0,0.0,0.0,0.0,0.0,71.0,61.142857142857146,54.92857142857143,42.9900320672462,36.640591794251456,82.0,52.5,115.0,0.0,69.0
2026-04-20,Monday,4,17,No,Hot,No,middle,No,No,Vegitable Roti,26.0,Meal,20,2,3,No,No,31.0,0.0,0.0,0.0,17.0,20.0,21.714285714285715,18.928571428571427,14.00850082050521,12.168460402673318,23.0,19.0,31.0,0.0,18.599999999999998
2026-04-20,Monday,4,17,No,Hot,No,middle,No,No,Watter Bottle,6.0,Cold Beverage,20,2,3,No,No,11.0,0.0,0.0,0.0,0.0,5.333333333333333,5.285714285714286,5.857142857142857,3.9036002917941337,3.939096789428194,6.0,6.0,11.0,0.0,6.6
2026-04-21,Tuesday,4,17,No,Cloudy,No,end,No,No,Bread,2.0,Meal,21,2,3,No,No,1.0,2.0,1.5,5.5,2.0,3.0,2.9285714285714284,2.25,1.3972762620115442,1.340923906520025,2.5,2.0,-1.0,0.5,1.35
2026-04-21,Tuesday,4,17,No,Cloudy,No,end,No,No,Breakfast,14.5,Meal,21,2,3,No,No,9.5,11.5,13.5,14.0,16.0,10.5,10.857142857142858,11.0,2.4102953780654808,2.773500981126144,11.0,11.25,-2.0,-2.0,10.5
2026-04-21,Tuesday,4,17,No,Cloudy,No,end,No,No,Bulath vita,14.0,Other,21,2,3,No,No,18.0,8.0,7.0,11.0,14.0,25.333333333333332,23.714285714285715,17.5,14.488090347066517,13.270847170221824,19.0,15.5,10.0,1.0,13.899999999999999
2026-04-21,Tuesday,4,17,No,Cloudy,No,end,No,No,Chicken Curry,6.0,Meal,21,2,3,No,No,3.0,3.0,2.0,6.0,6.0,1.3333333333333333,1.5714285714285714,2.142857142857143,1.3972762620115464,2.0701966780270626,1.0,2.0,0.0,1.0,2.9
2026-04-21,Tuesday,4,17,No,Cloudy,No,end,No,No,Cigarette,29.0,Other,21,2,3,No,No,35.0,69.0,38.0,35.0,41.0,62.0,53.42857142857143,43.642857142857146,26.481799679887935,23.94418876938987,69.0,39.0,-34.0,31.0,45.5
2026-04-21,Tuesday,4,17,No,Cloudy,No,end,No,No,Dal Curry,9.0,Meal,21,2,3,No,No,5.0,8.0,6.0,17.0,8.0,8.666666666666666,8.285714285714286,7.214285714285714,2.5634797778466245,2.9659236835602107,8.0,8.0,-3.0,2.0,6.0
2026-04-21,Tuesday,4,17,No,Cloudy,No,end,No,No,Egg Rotti,51.0,Meal,21,2,3,No,No,36.0,64.0,62.0,74.0,53.0,58.0,53.57142857142857,48.214285714285715,19.449568485848587,20.33632056361064,64.0,52.5,-28.0,2.0,47.0
2026-04-21,Tuesday,4,17,No,Cloudy,No,end,No,No,Hoppers,51.0,Meal,21,2,3,No,No,33.0,50.0,40.0,16.0,47.0,42.0,39.0,33.07142857142857,15.099668870541505,16.62928041236201,42.0,34.5,-17.0,10.0,38.8
2026-04-21,Tuesday,4,17,No,Cloudy,No,end,No,No,Kahata,27.0,Hot Beverage,21,2,3,No,No,22.0,34.0,32.0,35.0,26.0,25.333333333333332,22.428571428571427,20.714285714285715,14.128660503354439,12.6456351328072,22.0,21.5,-12.0,2.0,26.599999999999998
2026-04-21,Tuesday,4,17,No,Cloudy,No,end,No,No,Plain Tea,69.5,Hot Beverage,21,2,3,No,No,75.5,75.0,84.5,100.0,66.5,84.0,83.35714285714286,78.10714285714286,39.50075345875731,36.76127695709826,75.5,80.75,0.5,-9.5,76.25
2026-04-21,Tuesday,4,17,No,Cloudy,No,end,No,No,Roast bread,22.0,Meal,21,2,3,No,No,14.0,11.0,10.0,25.0,25.0,30.333333333333332,20.428571428571427,19.5,16.860774427223504,12.30853362509117,14.0,20.0,3.0,1.0,12.7
2026-04-21,Tuesday,4,17,No,Cloudy,No,end,No,No,Rolls,57.0,Snack,21,2,3,No,No,46.0,78.0,80.0,51.0,55.0,75.33333333333333,58.714285714285715,55.714285714285715,28.323807922631023,27.229589593869207,50.0,53.5,-32.0,-2.0,59.0
2026-04-21,Tuesday,4,17,No,Cloudy,No,end,No,No,Roti,3.0,Meal,21,2,3,No,No,12.0,3.0,3.0,9.0,4.0,14.0,11.142857142857142,8.571428571428571,6.962484504556577,5.970624058534556,12.0,8.5,9.0,0.0,8.4
2026-04-21,Tuesday,4,17,No,Cloudy,No,end,No,No,Soft drinks,26.0,Cold Beverage,21,2,3,No,No,36.0,55.0,51.0,32.0,31.0,38.0,35.285714285714285,34.142857142857146,13.78059367025824,13.671177670599521,37.0,36.5,-19.0,4.0,43.199999999999996
2026-04-21,Tuesday,4,17,No,Cloudy,No,end,No,No,String Hoppers,83.0,Meal,21,2,3,No,No,106.0,88.0,89.0,133.0,88.0,69.33333333333333,82.42857142857143,74.85714285714286,46.47528785228103,44.57812009505103,69.0,71.0,18.0,-1.0,98.9
2026-04-21,Tuesday,4,17,No,Cloudy,No,end,No,No,Tea,24.0,Hot Beverage,21,2,3,No,No,26.0,36.0,35.0,19.0,28.0,30.666666666666668,25.285714285714285,21.5,11.799919289473783,11.318806678063927,23.0,20.5,-10.0,1.0,29.9
2026-04-21,Tuesday,4,17,No,Cloudy,No,end,No,No,Ulundu Wade,46.0,Snack,21,2,3,No,No,71.0,82.0,95.0,68.0,44.0,90.66666666666667,71.28571428571429,60.0,33.4848935378044,33.205652901507364,82.0,62.5,-11.0,-13.0,76.7
2026-04-21,Tuesday,4,17,No,Cloudy,No,end,No,No,Vegitable Roti,14.0,Meal,21,2,3,No,No,26.0,32.0,32.0,26.0,12.0,26.666666666666668,25.428571428571427,20.785714285714285,10.228345302102756,10.983754237183984,26.0,22.5,-6.0,0.0,28.4
2026-04-21,Tuesday,4,17,No,Cloudy,No,end,No,No,Watter Bottle,4.0,Cold Beverage,21,2,3,No,No,6.0,8.0,6.0,3.0,0.0,7.0,6.142857142857143,6.285714285714286,3.1320159337914966,3.5610839194434427,6.0,6.0,-2.0,2.0,6.6
2026-04-22,Wednesday,4,17,No,Rainy,No,end,No,No,Bread,2.5,Meal,22,2,4,No,No,2.0,4.5,3.0,3.5,4.5,2.6666666666666665,2.9285714285714284,2.2857142857142856,1.3972762620115442,1.3259870882635922,2.5,2.0,-2.5,1.5,2.8499999999999996
2026-04-22,Wednesday,4,17,No,Rainy,No,end,No,No,Breakfast,13.0,Meal,22,2,4,No,No,14.5,11.0,12.0,15.0,11.5,11.833333333333334,11.285714285714286,11.071428571428571,2.781743201320935,2.8545317739257414,11.0,11.25,3.5,-1.0,13.2
2026-04-22,Wednesday,4,17,No,Rainy,No,end,No,No,Bulath vita,15.0,Other,22,2,4,No,No,14.0,46.0,9.0,17.0,15.0,17.0,24.571428571428573,18.0,13.550610599491366,12.973345455498068,19.0,16.0,-32.0,37.0,23.099999999999998
2026-04-22,Wednesday,4,17,No,Rainy,No,end,No,No,Chicken Curry,5.0,Meal,22,2,4,No,No,6.0,0.0,2.0,6.0,2.0,3.0,2.0,2.4285714285714284,2.1602468994692883,2.31098665955893,1.0,2.5,6.0,-2.0,3.8
2026-04-22,Wednesday,4,17,No,Rainy,No,end,No,No,Cigarette,26.0,Other,22,2,4,No,No,29.0,73.0,36.0,34.0,40.0,47.666666666666664,47.714285714285715,43.0,26.8744878135025,24.226495349577025,37.0,38.5,-44.0,37.0,42.9
2026-04-22,Wednesday,4,17,No,Rainy,No,end,No,No,Dal Curry,8.0,Meal,22,2,4,No,No,9.0,8.0,9.0,8.0,9.0,8.333333333333334,8.428571428571429,7.428571428571429,2.5727509827124013,2.97978537467398,9.0,8.0,1.0,-1.0,8.7
2026-04-22,Wednesday,4,17,No,Rainy,No,end,No,No,Egg Rotti,52.0,Meal,22,2,4,No,No,51.0,53.0,38.0,60.0,58.0,53.666666666666664,51.714285714285715,47.42857142857143,18.90074324565295,19.97195836364376,53.0,51.5,-2.0,15.0,50.3
2026-04-22,Wednesday,4,17,No,Rainy,No,end,No,No,Hoppers,25.0,Meal,22,2,4,No,No,51.0,56.0,12.0,33.0,18.0,42.0,39.142857142857146,33.857142857142854,15.225292240529374,17.230818288784164,42.0,34.5,-5.0,44.0,48.6
2026-04-22,Wednesday,4,17,No,Rainy,No,end,No,No,Kahata,19.0,Hot Beverage,22,2,4,No,No,27.0,1.0,21.0,20.0,23.0,23.666666666666668,21.428571428571427,20.357142857142858,13.402203088263052,12.369983165569929,22.0,21.5,26.0,-20.0,18.6
2026-04-22,Wednesday,4,17,No,Rainy,No,end,No,No,Plain Tea,82.5,Hot Beverage,22,2,4,No,No,69.5,146.5,77.0,83.5,81.0,69.33333333333333,82.57142857142857,77.03571428571429,39.74861483061245,36.77920832257221,75.5,76.25,-77.0,69.5,93.35
2026-04-22,Wednesday,4,17,No,Rainy,No,end,No,No,Roast bread,18.0,Meal,22,2,4,No,No,22.0,14.0,22.0,21.0,24.0,29.666666666666668,22.0,20.357142857142858,16.340134638368188,12.010297779291434,22.0,21.0,8.0,-8.0,19.599999999999998
2026-04-22,Wednesday,4,17,No,Rainy,No,end,No,No,Rolls,62.0,Snack,22,2,4,No,No,57.0,43.0,42.0,64.0,51.0,64.33333333333333,55.714285714285715,54.07142857142857,27.02291796305677,26.330632309198325,50.0,53.5,14.0,1.0,51.3
2026-04-22,Wednesday,4,17,No,Rainy,No,end,No,No,Roti,5.0,Meal,22,2,4,No,No,3.0,15.0,6.0,5.0,6.0,7.666666666666667,11.142857142857142,8.571428571428571,6.962484504556577,5.970624058534556,12.0,8.5,-12.0,9.0,6.9
2026-04-22,Wednesday,4,17,No,Rainy,No,end,No,No,Soft drinks,31.0,Cold Beverage,22,2,4,No,No,26.0,28.0,22.0,43.0,25.0,34.333333333333336,31.142857142857142,32.357142857142854,10.930516478016488,12.911575860784433,36.0,32.0,-2.0,6.0,26.2
2026-04-22,Wednesday,4,17,No,Rainy,No,end,No,No,String Hoppers,59.0,Meal,22,2,4,No,No,83.0,69.0,73.0,67.0,70.0,82.66666666666667,81.71428571428571,74.42857142857143,46.4137705345956,44.46037870649862,69.0,71.0,14.0,-4.0,77.8
2026-04-22,Wednesday,4,17,No,Rainy,No,end,No,No,Tea,25.0,Hot Beverage,22,2,4,No,No,24.0,21.0,16.0,34.0,19.0,31.0,23.571428571428573,20.714285714285715,10.814452411120088,10.672960597326677,23.0,20.5,3.0,5.0,22.3
2026-04-22,Wednesday,4,17,No,Rainy,No,end,No,No,Ulundu Wade,90.0,Snack,22,2,4,No,No,46.0,45.0,31.0,108.0,30.0,77.33333333333333,66.14285714285714,56.5,34.31922965058399,31.78473266788995,71.0,52.5,1.0,14.0,44.199999999999996
2026-04-22,Wednesday,4,17,No,Rainy,No,end,No,No,Vegitable Roti,20.0,Meal,22,2,4,No,No,14.0,22.0,13.0,19.0,14.0,23.666666666666668,22.857142857142858,19.5,10.558228567150381,10.617474710625364,23.0,19.0,-8.0,9.0,16.3
2026-04-22,Wednesday,4,17,No,Rainy,No,end,No,No,Watter Bottle,5.0,Cold Beverage,22,2,4,No,No,4.0,7.0,7.0,5.0,6.0,7.0,5.571428571428571,6.142857142857143,3.1014589500826264,3.6131627495789678,6.0,6.0,-3.0,0.0,5.2
2026-04-23,Thursday,4,17,No,Cloudy,No,end,No,No,Bread,1.0,Meal,23,2,4,No,No,2.5,2.5,1.5,5.0,2.5,1.8333333333333333,2.642857142857143,2.25,1.2149857925879122,1.3119275308315805,2.5,2.0,0.0,1.0,2.4
2026-04-23,Thursday,4,17,No,Cloudy,No,end,No,No,Breakfast,12.5,Meal,23,2,4,No,No,13.0,15.0,10.0,11.5,12.5,12.333333333333334,11.571428571428571,11.142857142857142,2.8493942547579514,2.8918224984665555,11.5,11.25,-2.0,5.0,13.3
2026-04-23,Thursday,4,17,No,Cloudy,No,end,No,No,Bulath vita,19.0,Other,23,2,4,No,No,15.0,27.0,13.0,23.0,18.0,15.666666666666666,20.142857142857142,18.428571428571427,9.973775136636604,12.75035013524839,18.0,16.5,-12.0,14.0,18.400000000000002
2026-04-23,Thursday,4,17,No,Cloudy,No,end,No,No,Chicken Curry,7.0,Meal,23,2,4,No,No,5.0,3.0,5.0,2.0,6.0,4.666666666666667,2.7142857142857144,2.642857142857143,2.2146697055682845,2.4053511772118195,3.0,3.0,2.0,-2.0,4.4
2026-04-23,Thursday,4,17,No,Cloudy,No,end,No,No,Cigarette,41.0,Other,23,2,4,No,No,26.0,37.0,24.0,60.0,37.0,30.0,41.0,42.285714285714285,25.33114025595111,24.593396773019478,35.0,38.5,-11.0,13.0,29.1
2026-04-23,Thursday,4,17,No,Cloudy,No,end,No,No,Dal Curry,5.0,Meal,23,2,4,No,No,8.0,11.0,9.0,5.0,9.0,7.333333333333333,8.428571428571429,7.357142857142857,2.5727509827124013,2.9510661139309096,9.0,8.0,-3.0,2.0,9.0
2026-04-23,Thursday,4,17,No,Cloudy,No,end,No,No,Egg Rotti,47.0,Meal,23,2,4,No,No,52.0,65.0,37.0,70.0,45.0,46.333333333333336,51.57142857142857,48.42857142857143,18.893183452038496,19.81341536866947,52.0,52.0,-13.0,28.0,54.400000000000006
2026-04-23,Thursday,4,17,No,Cloudy,No,end,No,No,Hoppers,35.0,Meal,23,2,4,No,No,25.0,14.0,26.0,62.0,10.0,36.333333333333336,34.714285714285715,34.785714285714285,13.960829556468408,16.286750497206054,33.0,34.5,11.0,-12.0,21.8
2026-04-23,Thursday,4,17,No,Cloudy,No,end,No,No,Kahata,23.0,Hot Beverage,23,2,4,No,No,19.0,39.0,14.0,21.0,38.0,22.666666666666668,24.0,20.214285714285715,10.165300454651273,12.37353609945013,22.0,20.5,-20.0,25.0,24.5
2026-04-23,Thursday,4,17,No,Cloudy,No,end,No,No,Plain Tea,60.0,Hot Beverage,23,2,4,No,No,82.5,89.0,56.0,120.5,89.0,75.83333333333333,73.42857142857143,77.42857142857143,28.306990555085807,36.80816022759979,75.5,79.0,-6.5,33.0,81.8
2026-04-23,Thursday,4,17,No,Cloudy,No,end,No,No,Roast bread,13.0,Meal,23,2,4,No,No,18.0,27.0,24.0,21.0,18.0,18.0,22.571428571428573,20.071428571428573,16.08163696950803,12.015786319634719,22.0,20.0,-9.0,3.0,21.299999999999997
2026-04-23,Thursday,4,17,No,Cloudy,No,end,No,No,Rolls,73.0,Snack,23,2,4,No,No,62.0,50.0,43.0,51.0,47.0,55.0,58.42857142857143,55.5,26.48179967988798,26.167360761658216,57.0,57.0,12.0,7.0,56.49999999999999
2026-04-23,Thursday,4,17,No,Cloudy,No,end,No,No,Roti,18.0,Meal,23,2,4,No,No,5.0,15.0,5.0,16.0,5.0,6.666666666666667,9.714285714285714,8.5,7.064330251677215,6.009607692302769,8.0,8.5,-10.0,10.0,8.0
2026-04-23,Thursday,4,17,No,Cloudy,No,end,No,No,Soft drinks,41.0,Cold Beverage,23,2,4,No,No,31.0,40.0,28.0,35.0,26.0,31.0,31.571428571428573,33.0,10.845231561338242,12.575923272422038,36.0,33.5,-9.0,12.0,33.4
2026-04-23,Thursday,4,17,No,Cloudy,No,end,No,No,String Hoppers,102.0,Meal,23,2,4,No,No,59.0,173.0,112.0,57.0,108.0,82.66666666666667,80.28571428571429,73.42857142857143,47.02025905824809,44.65201224807454,59.0,65.0,-114.0,61.0,98.5
2026-04-23,Thursday,4,17,No,Cloudy,No,end,No,No,Tea,29.0,Hot Beverage,23,2,4,No,No,25.0,22.0,20.0,21.0,20.0,25.0,24.142857142857142,21.357142857142858,10.761483346152795,10.638154429708642,24.0,21.5,3.0,2.0,23.6
2026-04-23,Thursday,4,17,No,Cloudy,No,end,No,No,Ulundu Wade,66.0,Snack,23,2,4,No,No,90.0,88.0,51.0,83.0,76.0,69.0,72.57142857142857,60.714285714285715,33.91094780380491,32.05386949262989,86.0,62.5,2.0,37.0,85.5
2026-04-23,Thursday,4,17,No,Cloudy,No,end,No,No,Vegitable Roti,17.0,Meal,23,2,4,No,No,20.0,38.0,13.0,17.0,21.0,20.0,22.571428571428573,20.0,10.612212192518934,10.451352507248485,23.0,21.0,-18.0,25.0,24.7
2026-04-23,Thursday,4,17,No,Cloudy,No,end,No,No,Watter Bottle,4.0,Cold Beverage,23,2,4,No,No,5.0,6.0,12.0,5.0,1.0,5.0,5.285714285714286,6.0,3.0394235042348483,3.6162028533978936,5.0,6.0,-1.0,-6.0,6.0
2026-04-24,Friday,4,17,No,Rainy,No,end,No,No,Bread,2.0,Meal,24,2,4,No,No,1.0,2.5,1.0,2.5,4.0,1.8333333333333333,2.4285714285714284,2.2142857142857144,1.367131163805295,1.3404116146554752,2.5,2.0,-1.5,1.5,1.4500000000000002
2026-04-24,Friday,4,17,No,Rainy,No,end,No,No,Breakfast,10.5,Meal,24,2,4,No,No,12.5,7.0,13.0,10.0,10.0,13.333333333333334,11.214285714285714,11.321428571428571,2.480879260415934,2.8930097639837795,11.5,11.5,5.5,-6.0,10.9
2026-04-24,Friday,4,17,No,Rainy,No,end,No,No,Bulath vita,17.0,Other,24,2,4,No,No,19.0,9.0,21.0,20.0,18.0,16.0,19.0,18.857142857142858,9.50438495292217,12.654322112696049,18.0,18.5,10.0,-12.0,16.2
2026-04-24,Friday,4,17,No,Rainy,No,end,No,No,Chicken Curry,3.0,Meal,24,2,4,No,No,7.0,1.0,0.0,3.0,4.0,6.0,3.2857142857142856,2.7857142857142856,2.751622897751176,2.6070487714469968,3.0,3.0,6.0,1.0,4.5
2026-04-24,Friday,4,17,No,Rainy,No,end,No,No,Cigarette,28.0,Other,24,2,4,No,No,41.0,9.0,57.0,30.0,30.0,32.0,41.57142857142857,43.5,25.27091307450223,24.034430431234405,35.0,40.5,32.0,-48.0,33.0
2026-04-24,Friday,4,17,No,Rainy,No,end,No,No,Dal Curry,48.0,Meal,24,2,4,No,No,5.0,5.0,5.0,49.0,12.0,7.333333333333333,7.571428571428571,7.071428571428571,2.5727509827124,2.973324627527141,8.0,8.0,0.0,0.0,5.0
2026-04-24,Friday,4,17,No,Rainy,No,end,No,No,Egg Rotti,40.0,Meal,24,2,4,No,No,47.0,19.0,52.0,40.0,55.0,50.0,49.0,49.142857142857146,17.962924780409985,19.548193474893456,51.0,52.0,28.0,-33.0,39.1
2026-04-24,Friday,4,17,No,Rainy,No,end,No,No,Hoppers,9.0,Meal,24,2,4,No,No,35.0,27.0,50.0,8.0,24.0,37.0,37.714285714285715,35.42857142857143,10.625665245280503,16.089720969585546,35.0,35.5,8.0,-23.0,34.1
2026-04-24,Friday,4,17,No,Rainy,No,end,No,No,Kahata,28.0,Hot Beverage,24,2,4,No,No,23.0,7.0,35.0,25.0,29.0,23.0,21.714285714285715,20.857142857142858,7.739816658342883,12.259107401671388,22.0,22.0,16.0,-28.0,19.4
2026-04-24,Friday,4,17,No,Rainy,No,end,No,No,Plain Tea,61.0,Hot Beverage,24,2,4,No,No,60.0,21.0,109.0,70.5,86.0,70.66666666666667,69.28571428571429,77.71428571428571,27.76517174275651,36.64419058045495,69.5,79.0,39.0,-88.0,53.199999999999996
2026-04-24,Friday,4,17,No,Rainy,No,end,No,No,Roast bread,13.0,Meal,24,2,4,No,No,13.0,0.0,20.0,10.0,22.0,17.666666666666668,20.571428571428573,19.285714285714285,16.30804650938857,12.09849686422352,18.0,19.0,13.0,-20.0,9.8
2026-04-24,Friday,4,17,No,Rainy,No,end,No,No,Rolls,56.0,Snack,24,2,4,No,No,73.0,14.0,67.0,59.0,63.0,64.0,61.714285714285715,57.642857142857146,26.687789253478748,26.29304424794087,62.0,59.5,59.0,-53.0,54.7
2026-04-24,Friday,4,17,No,Rainy,No,end,No,No,Roti,9.0,Meal,24,2,4,No,No,18.0,3.0,10.0,9.0,12.0,8.666666666666666,10.142857142857142,9.428571428571429,7.515064236331613,6.417695317387168,8.0,9.0,15.0,-7.0,12.7
2026-04-24,Friday,4,17,No,Rainy,No,end,No,No,Soft drinks,21.0,Cold Beverage,24,2,4,No,No,41.0,10.0,52.0,19.0,48.0,32.666666666666664,31.714285714285715,33.92857142857143,10.980502200328912,12.658012273863333,36.0,36.5,31.0,-42.0,32.8
2026-04-24,Friday,4,17,No,Rainy,No,end,No,No,String Hoppers,19.0,Meal,24,2,4,No,No,102.0,39.0,61.0,18.0,60.0,81.33333333333333,70.14285714285714,72.71428571428571,27.144235553972102,44.06364028997601,59.0,65.0,63.0,-22.0,78.99999999999999
2026-04-24,Friday,4,17,No,Rainy,No,end,No,No,Tea,15.0,Hot Beverage,24,2,4,No,No,29.0,6.0,16.0,17.0,23.0,26.0,25.142857142857142,22.0,10.854009572942344,10.820209012626467,25.0,22.5,23.0,-10.0,20.8
2026-04-24,Friday,4,17,No,Rainy,No,end,No,No,Ulundu Wade,54.0,Snack,24,2,4,No,No,66.0,12.0,34.0,62.0,59.0,67.33333333333333,69.42857142857143,61.785714285714285,33.25586235466434,31.954724151592913,71.0,68.5,54.0,-22.0,46.6
2026-04-24,Friday,4,17,No,Rainy,No,end,No,No,Vegitable Roti,12.0,Meal,24,2,4,No,No,17.0,6.0,26.0,12.0,27.0,17.0,19.571428571428573,20.285714285714285,8.22308017831807,10.298831684513251,20.0,21.0,11.0,-20.0,14.6
2026-04-24,Friday,4,17,No,Rainy,No,end,No,No,Watter Bottle,1.0,Cold Beverage,24,2,4,No,No,4.0,1.0,6.0,1.0,5.0,4.333333333333333,5.0,5.428571428571429,3.055050463303894,3.203706644456738,4.0,5.5,3.0,-5.0,3.3
2026-04-25,Saturday,4,17,Yes,Hot,No,end,No,No,Bread,1.5,Meal,25,2,4,No,No,2.0,3.0,2.0,2.0,2.5,1.8333333333333333,2.357142857142857,2.2857142857142856,1.3758114488755877,1.2966567322613503,2.0,2.0,-1.0,1.0,2.3
2026-04-25,Saturday,4,17,Yes,Hot,No,end,No,No,Breakfast,12.0,Meal,25,2,4,No,No,10.5,10.5,15.5,15.5,15.0,12.0,11.714285714285714,11.142857142857142,1.7286107827082535,2.8583788535338805,11.5,11.25,0.0,-5.0,11.0
2026-04-25,Saturday,4,17,Yes,Hot,No,end,No,No,Bulath vita,16.0,Other,25,2,4,No,No,17.0,39.0,25.0,28.0,24.0,17.0,20.142857142857142,18.571428571428573,8.532849688675164,12.647373006124395,18.0,17.5,-22.0,14.0,24.4
2026-04-25,Saturday,4,17,Yes,Hot,No,end,No,No,Chicken Curry,3.0,Meal,25,2,4,No,No,3.0,1.0,7.0,8.0,6.0,5.0,3.5714285714285716,3.0,2.572750982712401,2.480694691784169,3.0,3.0,2.0,-6.0,2.8
2026-04-25,Saturday,4,17,Yes,Hot,No,end,No,No,Cigarette,27.0,Other,25,2,4,No,No,28.0,72.0,40.0,26.0,36.0,31.666666666666668,44.285714285714285,41.42857142857143,21.997835391346154,24.031115361016965,35.0,38.5,-44.0,32.0,42.4
2026-04-25,Saturday,4,17,Yes,Hot,No,end,No,No,Dal Curry,8.0,Meal,25,2,4,No,No,48.0,10.0,8.0,7.0,8.0,20.333333333333332,13.714285714285714,10.142857142857142,15.293945269444439,11.278687477219647,9.0,8.0,38.0,2.0,32.599999999999994
2026-04-25,Saturday,4,17,Yes,Hot,No,end,No,No,Egg Rotti,53.0,Meal,25,2,4,No,No,40.0,64.0,60.0,57.0,48.0,46.333333333333336,52.0,48.285714285714285,13.253930234714039,19.67594615622985,51.0,51.5,-24.0,4.0,49.2
2026-04-25,Saturday,4,17,Yes,Hot,No,end,No,No,Hoppers,26.0,Meal,25,2,4,No,No,9.0,51.0,36.0,35.0,36.0,23.0,35.142857142857146,32.5,14.94912005691942,16.9422094644843,35.0,34.0,-42.0,15.0,24.3
2026-04-25,Saturday,4,17,Yes,Hot,No,end,No,No,Kahata,34.0,Hot Beverage,25,2,4,No,No,28.0,32.0,16.0,27.0,24.0,23.333333333333332,24.714285714285715,20.357142857142858,4.461475305855895,11.77093645615951,23.0,22.0,-4.0,16.0,28.0
2026-04-25,Saturday,4,17,Yes,Hot,No,end,No,No,Plain Tea,71.0,Hot Beverage,25,2,4,No,No,61.0,113.5,97.0,95.5,113.5,67.83333333333333,75.0,74.28571428571429,18.859126879754257,35.725833297981524,69.5,75.25,-52.5,16.5,80.35000000000001
2026-04-25,Saturday,4,17,Yes,Hot,No,end,No,No,Roast bread,24.0,Meal,25,2,4,No,No,13.0,24.0,25.0,25.0,22.0,14.666666666666666,22.428571428571427,18.785714285714285,14.175767384955947,12.210831077547326,18.0,16.0,-11.0,-1.0,17.5
2026-04-25,Saturday,4,17,Yes,Hot,No,end,No,No,Rolls,61.0,Snack,25,2,4,No,No,56.0,90.0,57.0,57.0,57.0,63.666666666666664,67.71428571428571,56.857142857142854,17.211568645480718,26.155914591768124,62.0,57.0,-34.0,33.0,66.3
2026-04-25,Saturday,4,17,Yes,Hot,No,end,No,No,Roti,13.0,Meal,25,2,4,No,No,9.0,22.0,9.0,11.0,9.0,10.666666666666666,11.0,9.357142857142858,6.87992248018343,6.416410964887588,9.0,9.0,-13.0,13.0,12.9
2026-04-25,Saturday,4,17,Yes,Hot,No,end,No,No,Soft drinks,40.0,Cold Beverage,25,2,4,No,No,21.0,37.0,13.0,14.0,12.0,31.0,33.285714285714285,31.714285714285715,7.63138881450125,11.944928575814874,36.0,33.5,-16.0,24.0,25.0
2026-04-25,Saturday,4,17,Yes,Hot,No,end,No,No,String Hoppers,97.0,Meal,25,2,4,No,No,19.0,43.0,118.0,123.0,96.0,60.0,67.28571428571429,69.71428571428571,31.647613315563433,46.29575254055933,59.0,64.0,-24.0,-75.0,36.1
2026-04-25,Saturday,4,17,Yes,Hot,No,end,No,No,Tea,27.0,Hot Beverage,25,2,4,No,No,15.0,23.0,20.0,21.0,19.0,23.0,26.428571428571427,21.928571428571427,8.482474930843077,10.866067760299883,25.0,22.5,-8.0,3.0,17.9
2026-04-25,Saturday,4,17,Yes,Hot,No,end,No,No,Ulundu Wade,81.0,Snack,25,2,4,No,No,54.0,86.0,54.0,49.0,45.0,70.0,75.42857142857143,63.214285714285715,23.536193000406435,31.051269195981643,71.0,68.5,-32.0,32.0,63.6
2026-04-25,Saturday,4,17,Yes,Hot,No,end,No,No,Vegitable Roti,22.0,Meal,25,2,4,No,No,12.0,23.0,13.0,15.0,12.0,16.333333333333332,20.428571428571427,19.285714285714285,6.754187413675129,10.380666729947635,20.0,18.5,-11.0,10.0,15.399999999999999
2026-04-25,Saturday,4,17,Yes,Hot,No,end,No,No,Watter Bottle,5.0,Cold Beverage,25,2,4,No,No,1.0,4.0,3.0,3.0,2.0,3.3333333333333335,5.0,5.071428571428571,3.055050463303894,3.4073288819675303,4.0,4.5,-3.0,1.0,2.0999999999999996
2026-04-26,Sunday,4,17,Yes,Hot,No,end,No,No,Bread,2.0,Meal,26,2,4,No,No,1.5,5.0,2.0,2.0,2.0,1.5,2.142857142857143,2.25,1.3758114488755877,1.3119275308315803,2.0,2.0,-3.5,3.0,2.6
2026-04-26,Sunday,4,17,Yes,Hot,No,end,No,No,Breakfast,14.5,Meal,26,2,4,No,No,12.0,11.5,6.5,12.0,0.0,11.666666666666666,11.928571428571429,10.892857142857142,1.6438920136009398,2.5882766127629817,12.0,11.25,0.5,5.0,11.299999999999999
2026-04-26,Sunday,4,17,Yes,Hot,No,end,No,No,Bulath vita,33.0,Other,26,2,4,No,No,16.0,19.0,4.0,34.0,5.0,17.333333333333332,16.857142857142858,17.928571428571427,1.9518001458970609,12.523604087508492,17.0,16.5,-3.0,15.0,15.700000000000001
2026-04-26,Sunday,4,17,Yes,Hot,No,end,No,No,Chicken Curry,0.0,Meal,26,2,4,No,No,3.0,0.0,3.0,2.0,3.0,4.333333333333333,3.857142857142857,2.7142857142857144,2.3401261667248803,2.198900824313101,3.0,3.0,3.0,-3.0,2.0999999999999996
2026-04-26,Sunday,4,17,Yes,Hot,No,end,No,No,Cigarette,37.0,Other,26,2,4,No,No,27.0,79.0,42.0,40.0,46.0,32.0,37.857142857142854,40.5,18.90704076465143,24.339742745622374,29.0,36.0,-52.0,37.0,44.1
2026-04-26,Sunday,4,17,Yes,Hot,No,end,No,No,Dal Curry,8.0,Meal,26,2,4,No,No,8.0,11.0,6.0,8.0,6.0,20.333333333333332,13.428571428571429,10.142857142857142,15.393257645877982,11.278687477219647,8.0,8.0,-3.0,5.0,8.7
2026-04-26,Sunday,4,17,Yes,Hot,No,end,No,No,Egg Rotti,51.0,Meal,26,2,4,No,No,53.0,74.0,51.0,51.0,64.0,46.666666666666664,50.42857142857143,47.785714285714285,12.204604907672405,19.442928599557,51.0,51.5,-21.0,23.0,59.1
2026-04-26,Sunday,4,17,Yes,Hot,No,end,No,No,Hoppers,12.0,Meal,26,2,4,No,No,26.0,42.0,26.0,15.0,26.0,23.333333333333332,31.571428571428573,31.785714285714285,13.43945860587574,16.994019633291682,33.0,30.0,-16.0,16.0,30.8
2026-04-26,Sunday,4,17,Yes,Hot,No,end,No,No,Kahata,14.0,Hot Beverage,26,2,4,No,No,34.0,22.0,15.0,17.0,17.0,28.333333333333332,25.0,21.642857142857142,5.03322295684717,12.232410560959275,23.0,22.5,12.0,7.0,28.5
2026-04-26,Sunday,4,17,Yes,Hot,No,end,No,No,Plain Tea,69.0,Hot Beverage,26,2,4,No,No,71.0,63.0,86.5,73.0,70.5,64.0,68.92857142857143,72.42857142857143,8.263517065131344,35.12497311406426,69.5,73.0,8.0,-23.5,70.15
2026-04-26,Sunday,4,17,Yes,Hot,No,end,No,No,Roast bread,19.0,Meal,26,2,4,No,No,24.0,53.0,20.0,19.0,22.0,16.666666666666668,22.428571428571427,18.714285714285715,14.175767384955947,12.174554621002782,18.0,16.0,-29.0,33.0,32.3
2026-04-26,Sunday,4,17,Yes,Hot,No,end,No,No,Rolls,67.0,Snack,26,2,4,No,No,61.0,90.0,80.0,94.0,109.0,63.333333333333336,63.57142857142857,57.142857142857146,14.175767384955957,26.179431570655577,61.0,59.0,-29.0,10.0,71.6
2026-04-26,Sunday,4,17,Yes,Hot,No,end,No,No,Roti,11.0,Meal,26,2,4,No,No,13.0,8.0,9.0,15.0,8.0,13.333333333333334,9.714285714285714,9.642857142857142,5.08967208224281,6.487943171252859,9.0,9.0,5.0,-1.0,11.1
2026-04-26,Sunday,4,17,Yes,Hot,No,end,No,No,Soft drinks,37.0,Cold Beverage,26,2,4,No,No,40.0,41.0,37.0,38.0,35.0,34.0,33.714285714285715,33.642857142857146,7.952238379104011,10.817415750376037,36.0,36.5,-1.0,4.0,40.0
2026-04-26,Sunday,4,17,Yes,Hot,No,end,No,No,String Hoppers,66.0,Meal,26,2,4,No,No,97.0,59.0,18.0,62.0,25.0,72.66666666666667,75.0,68.21428571428571,31.320919526731643,44.93102161421111,83.0,64.0,38.0,41.0,77.69999999999999
2026-04-26,Sunday,4,17,Yes,Hot,No,end,No,No,Tea,20.0,Hot Beverage,26,2,4,No,No,27.0,43.0,17.0,21.0,18.0,23.666666666666668,27.0,22.428571428571427,8.34665601703263,10.93135423881714,26.0,23.5,-16.0,26.0,30.8
2026-04-26,Sunday,4,17,Yes,Hot,No,end,No,No,Ulundu Wade,70.0,Snack,26,2,4,No,No,81.0,115.0,76.0,71.0,80.0,67.0,74.71428571428571,65.14285714285714,23.23585078934623,31.272640150425765,71.0,73.5,-34.0,39.0,90.69999999999999
2026-04-26,Sunday,4,17,Yes,Hot,No,end,No,No,Vegitable Roti,19.0,Meal,26,2,4,No,No,22.0,31.0,16.0,20.0,16.0,17.0,20.285714285714285,19.928571428571427,6.701101544131518,10.239172785955871,20.0,21.0,-9.0,15.0,24.1
2026-04-26,Sunday,4,17,Yes,Hot,No,end,No,No,Watter Bottle,4.0,Cold Beverage,26,2,4,No,No,5.0,11.0,11.0,3.0,11.0,3.3333333333333335,5.142857142857143,5.214285714285714,3.0237157840738185,3.3553303500909935,5.0,5.0,-6.0,0.0,7.4
2026-04-27,Monday,4,18,No,Hot,No,end,No,No,Bread,0.5,Meal,27,2,4,No,No,2.0,1.0,0.0,0.0,0.0,1.8333333333333333,1.7142857142857142,2.25,0.5669467095138417,1.3119275308315803,2.0,2.0,1.0,1.0,1.5
2026-04-27,Monday,4,18,No,Hot,No,end,No,No,Breakfast,12.5,Meal,27,2,4,No,No,14.5,9.5,7.5,0.0,12.0,12.333333333333334,12.357142857142858,11.464285714285714,1.8866700319673833,2.421572007810418,12.5,11.5,5.0,2.0,12.299999999999999
2026-04-27,Monday,4,18,No,Hot,No,end,No,No,Bulath vita,22.0,Other,27,2,4,No,No,33.0,18.0,0.0,0.0,0.0,22.0,18.857142857142858,20.0,6.4660284417503,12.44062823048864,17.0,17.5,15.0,18.0,25.2
2026-04-27,Monday,4,18,No,Hot,No,end,No,No,Chicken Curry,0.0,Meal,27,2,4,No,No,0.0,3.0,0.0,0.0,0.0,2.0,3.857142857142857,2.5,2.3401261667248803,2.312175133106021,3.0,3.0,-3.0,3.0,0.8999999999999999
2026-04-27,Monday,4,18,No,Hot,No,end,No,No,Cigarette,32.0,Other,27,2,4,No,No,37.0,35.0,0.0,0.0,0.0,30.666666666666668,31.857142857142858,40.142857142857146,5.785861256216911,24.352719459127044,29.0,36.0,2.0,35.0,32.7
2026-04-27,Monday,4,18,No,Hot,No,end,No,No,Dal Curry,9.0,Meal,27,2,4,No,No,8.0,5.0,0.0,0.0,0.0,21.333333333333332,13.0,10.285714285714286,15.513435037626794,11.23475768407046,8.0,8.0,3.0,5.0,6.3
2026-04-27,Monday,4,18,No,Hot,No,end,No,No,Egg Rotti,60.0,Meal,27,2,4,No,No,51.0,36.0,0.0,0.0,0.0,48.0,47.142857142857146,47.785714285714285,6.618876325293018,19.442928599557,51.0,51.5,15.0,36.0,41.4
2026-04-27,Monday,4,18,No,Hot,No,end,No,No,Hoppers,17.0,Meal,27,2,4,No,No,12.0,33.0,0.0,0.0,0.0,15.666666666666666,27.285714285714285,30.785714285714285,14.31449481835673,17.75551299620041,26.0,30.0,-21.0,33.0,17.1
2026-04-27,Monday,4,18,No,Hot,No,end,No,No,Kahata,37.0,Hot Beverage,27,2,4,No,No,14.0,22.0,0.0,0.0,0.0,25.333333333333332,23.857142857142858,21.571428571428573,6.517376042257385,12.277022225494038,23.0,22.5,-8.0,22.0,15.0
2026-04-27,Monday,4,18,No,Hot,No,end,No,No,Plain Tea,76.5,Hot Beverage,27,2,4,No,No,69.0,75.5,0.0,0.0,0.0,67.0,69.78571428571429,71.17857142857143,7.84674636849129,34.89633391746362,69.5,70.25,-6.5,75.5,64.05
2026-04-27,Monday,4,18,No,Hot,No,end,No,No,Roast bread,17.0,Meal,27,2,4,No,No,19.0,14.0,9.0,0.0,14.0,18.666666666666668,17.571428571428573,18.642857142857142,4.429339411136539,12.169363442407601,18.0,16.0,5.0,5.0,16.5
2026-04-27,Monday,4,18,No,Hot,No,end,No,No,Rolls,48.0,Snack,27,2,4,No,No,67.0,46.0,0.0,28.0,0.0,61.333333333333336,60.285714285714285,56.214285714285715,8.596787882968988,25.52880295313082,61.0,59.0,21.0,46.0,53.99999999999999
2026-04-27,Monday,4,18,No,Hot,No,end,No,No,Roti,12.0,Meal,27,2,4,No,No,11.0,12.0,0.0,0.0,0.0,11.0,10.142857142857142,9.785714285714286,5.047394424471941,6.494714672818097,11.0,10.0,-1.0,12.0,10.2
2026-04-27,Monday,4,18,No,Hot,No,end,No,No,Soft drinks,31.0,Cold Beverage,27,2,4,No,No,37.0,36.0,28.0,0.0,15.0,32.666666666666664,33.142857142857146,33.642857142857146,7.470577207252686,10.817415750376037,36.0,36.5,1.0,8.0,35.8
2026-04-27,Monday,4,18,No,Hot,No,end,No,No,String Hoppers,172.0,Meal,27,2,4,No,No,66.0,106.0,0.0,0.0,0.0,60.666666666666664,76.0,71.64285714285714,30.832882879592464,42.57411120687015,83.0,67.5,-40.0,106.0,71.4
2026-04-27,Monday,4,18,No,Hot,No,end,No,No,Tea,19.0,Hot Beverage,27,2,4,No,No,20.0,26.0,0.0,0.0,0.0,20.666666666666668,23.714285714285715,22.642857142857142,4.750939756661694,10.84582261204138,25.0,23.5,-6.0,26.0,19.8
2026-04-27,Monday,4,18,No,Hot,No,end,No,No,Ulundu Wade,87.0,Snack,27,2,4,No,No,70.0,71.0,0.0,0.0,0.0,68.33333333333333,68.28571428571429,64.71428571428571,14.996825060817429,31.153289914990875,70.0,70.5,-1.0,71.0,63.3
2026-04-27,Monday,4,18,No,Hot,No,end,No,No,Vegitable Roti,19.0,Meal,27,2,4,No,No,19.0,26.0,0.0,0.0,0.0,17.666666666666668,18.571428571428573,20.142857142857142,4.755948656056701,10.181862779979392,19.0,21.0,-7.0,26.0,19.2
2026-04-27,Monday,4,18,No,Hot,No,end,No,No,Watter Bottle,9.0,Cold Beverage,27,2,4,No,No,4.0,6.0,0.0,0.0,0.0,3.3333333333333335,4.142857142857143,4.714285714285714,1.5735915849388855,2.9201836461894857,4.0,4.5,-2.0,6.0,4.199999999999999
2026-04-28,Tuesday,4,18,No,Cloudy,No,end,No,No,Bread,4.5,Meal,28,2,4,No,No,0.5,2.0,2.0,1.5,5.5,1.3333333333333333,1.6428571428571428,2.2857142857142856,0.6900655593423549,1.2513728724621078,2.0,2.0,-1.5,0.0,1.0999999999999999
2026-04-28,Tuesday,4,18,No,Cloudy,No,end,No,No,Breakfast,14.5,Meal,28,2,4,No,No,12.5,14.5,11.5,13.5,14.0,13.0,12.785714285714286,11.821428571428571,1.4099983113802772,2.144825103656406,12.5,11.75,-2.0,3.0,13.0
2026-04-28,Tuesday,4,18,No,Cloudy,No,end,No,No,Bulath vita,9.0,Other,28,2,4,No,No,22.0,14.0,8.0,7.0,11.0,23.666666666666668,19.428571428571427,21.571428571428573,6.5538066001661175,11.029431157061179,17.0,18.5,8.0,6.0,18.2
2026-04-28,Tuesday,4,18,No,Cloudy,No,end,No,No,Chicken Curry,5.0,Meal,28,2,4,No,No,0.0,6.0,3.0,2.0,6.0,1.0,3.4285714285714284,2.5,2.760262237369418,2.312175133106021,3.0,3.0,-6.0,3.0,2.0999999999999996
2026-04-28,Tuesday,4,18,No,Cloudy,No,end,No,No,Cigarette,37.0,Other,28,2,4,No,No,32.0,29.0,69.0,38.0,35.0,32.0,31.428571428571427,42.42857142857143,5.623081683476521,21.646510771286646,29.0,36.0,3.0,-40.0,34.8
2026-04-28,Tuesday,4,18,No,Cloudy,No,end,No,No,Dal Curry,14.0,Meal,28,2,4,No,No,9.0,9.0,8.0,6.0,17.0,8.333333333333334,13.571428571428571,10.928571428571429,15.240922356790428,10.851900122270584,8.0,8.0,0.0,1.0,8.9
2026-04-28,Tuesday,4,18,No,Cloudy,No,end,No,No,Egg Rotti,76.0,Meal,28,2,4,No,No,60.0,51.0,64.0,62.0,74.0,54.666666666666664,50.57142857142857,52.07142857142857,6.078847008469722,13.930952177486908,51.0,52.5,9.0,-13.0,57.699999999999996
2026-04-28,Tuesday,4,18,No,Cloudy,No,end,No,No,Hoppers,14.0,Meal,28,2,4,No,No,17.0,51.0,50.0,40.0,16.0,18.333333333333332,25.0,32.0,14.525839046333939,15.980757659905091,25.0,30.0,-34.0,1.0,30.5
2026-04-28,Tuesday,4,18,No,Cloudy,No,end,No,No,Kahata,39.0,Hot Beverage,28,2,4,No,No,37.0,27.0,34.0,32.0,35.0,28.333333333333332,26.0,24.214285714285715,8.082903768654763,11.212483231638746,27.0,25.0,10.0,-7.0,33.699999999999996
2026-04-28,Tuesday,4,18,No,Cloudy,No,end,No,No,Plain Tea,80.0,Hot Beverage,28,2,4,No,No,76.5,69.5,75.0,84.5,100.0,72.16666666666667,69.92857142857143,76.64285714285714,7.9761549395087785,28.249866283841865,69.5,73.0,7.0,-5.5,74.25
2026-04-28,Tuesday,4,18,No,Cloudy,No,end,No,No,Roast bread,23.0,Meal,28,2,4,No,No,17.0,22.0,11.0,10.0,25.0,20.0,18.0,19.214285714285715,4.163331998932237,11.865778663733085,18.0,17.5,-5.0,11.0,17.9
2026-04-28,Tuesday,4,18,No,Cloudy,No,end,No,No,Rolls,55.0,Snack,28,2,4,No,No,48.0,57.0,78.0,80.0,51.0,58.666666666666664,60.57142857142857,59.642857142857146,8.059303999253373,20.029236871891303,61.0,59.0,-9.0,-21.0,53.69999999999999
2026-04-28,Tuesday,4,18,No,Cloudy,No,end,No,No,Roti,9.0,Meal,28,2,4,No,No,12.0,3.0,3.0,3.0,9.0,12.0,10.142857142857142,10.642857142857142,5.047394424471941,5.865244999239069,11.0,11.5,9.0,0.0,8.4
2026-04-28,Tuesday,4,18,No,Cloudy,No,end,No,No,Soft drinks,32.0,Cold Beverage,28,2,4,No,No,31.0,26.0,55.0,51.0,32.0,36.0,32.42857142857143,33.857142857142854,7.390470053998402,10.726366815233623,31.0,36.5,5.0,-29.0,31.9
2026-04-28,Tuesday,4,18,No,Cloudy,No,end,No,No,String Hoppers,149.0,Meal,28,2,4,No,No,172.0,83.0,88.0,89.0,133.0,111.66666666666667,85.42857142857143,83.92857142857143,47.25412554425677,45.05460667254327,83.0,76.0,89.0,-5.0,136.9
2026-04-28,Tuesday,4,18,No,Cloudy,No,end,No,No,Tea,14.0,Hot Beverage,28,2,4,No,No,19.0,24.0,36.0,35.0,19.0,22.0,22.714285714285715,24.0,4.9232200070782195,8.788103847290907,24.0,23.5,-5.0,-12.0,22.200000000000003
2026-04-28,Tuesday,4,18,No,Cloudy,No,end,No,No,Ulundu Wade,60.0,Snack,28,2,4,No,No,87.0,46.0,82.0,95.0,68.0,79.33333333333333,70.57142857142857,70.92857142857143,16.611814499096138,25.396742025198918,70.0,76.0,41.0,-36.0,74.2
2026-04-28,Tuesday,4,18,No,Cloudy,No,end,No,No,Vegitable Roti,28.0,Meal,28,2,4,No,No,19.0,14.0,32.0,32.0,26.0,20.0,17.571428571428573,21.5,3.505098327538646,8.401007265615423,19.0,21.0,5.0,-18.0,18.8
2026-04-28,Tuesday,4,18,No,Cloudy,No,end,No,No,Watter Bottle,3.0,Cold Beverage,28,2,4,No,No,9.0,4.0,8.0,6.0,3.0,6.0,4.571428571428571,5.357142857142857,2.370453040886408,2.7902892835177995,4.0,5.0,5.0,-4.0,7.3999999999999995
2026-04-29,Wednesday,4,18,No,Rainy,No,end,No,No,Bread,3.5,Meal,29,2,5,No,No,4.5,2.5,4.5,3.0,3.5,2.3333333333333335,2.0,2.4642857142857144,1.290994448735806,1.3793014635939922,2.0,2.25,2.0,-2.0,3.9
2026-04-29,Wednesday,4,18,No,Rainy,No,end,No,No,Breakfast,14.5,Meal,29,2,5,No,No,14.5,13.0,11.0,12.0,15.0,13.833333333333334,12.785714285714286,12.035714285714286,1.4099983113802772,2.2571619835049956,12.5,12.25,1.5,2.0,13.7
2026-04-29,Wednesday,4,18,No,Rainy,No,end,No,No,Bulath vita,15.0,Other,29,2,5,No,No,9.0,15.0,46.0,9.0,17.0,21.333333333333332,18.714285714285715,21.642857142857142,7.454624643228429,10.937635399475901,17.0,18.5,-6.0,-31.0,14.5
2026-04-29,Wednesday,4,18,No,Rainy,No,end,No,No,Chicken Curry,6.0,Meal,29,2,5,No,No,5.0,5.0,0.0,2.0,6.0,1.6666666666666667,3.2857142857142856,2.642857142857143,2.627691364061219,2.4053511772118195,3.0,3.0,0.0,5.0,4.5
2026-04-29,Wednesday,4,18,No,Rainy,No,end,No,No,Cigarette,34.0,Other,29,2,5,No,No,37.0,26.0,73.0,36.0,34.0,35.333333333333336,32.57142857142857,40.142857142857146,5.855400437691314,20.270695570233865,32.0,36.0,11.0,-47.0,37.3
2026-04-29,Wednesday,4,18,No,Rainy,No,end,No,No,Dal Curry,8.0,Meal,29,2,5,No,No,14.0,8.0,8.0,9.0,8.0,10.333333333333334,14.285714285714286,11.357142857142858,15.107550934486214,10.845822612041383,8.0,8.5,6.0,0.0,11.600000000000001
2026-04-29,Wednesday,4,18,No,Rainy,No,end,No,No,Egg Rotti,39.0,Meal,29,2,5,No,No,76.0,52.0,53.0,38.0,60.0,62.333333333333336,54.142857142857146,52.92857142857143,11.393398255547984,15.045900467539969,52.0,52.5,24.0,-1.0,66.5
2026-04-29,Wednesday,4,18,No,Rainy,No,end,No,No,Hoppers,25.0,Meal,29,2,5,No,No,14.0,25.0,56.0,12.0,33.0,14.333333333333334,19.714285714285715,29.428571428571427,9.268482179125202,15.756387157712775,17.0,26.5,-11.0,-31.0,21.5
2026-04-29,Wednesday,4,18,No,Rainy,No,end,No,No,Kahata,17.0,Hot Beverage,29,2,5,No,No,39.0,19.0,1.0,21.0,20.0,30.0,27.714285714285715,24.571428571428573,9.481812163545632,11.620368627241,28.0,25.0,20.0,18.0,29.2
2026-04-29,Wednesday,4,18,No,Rainy,No,end,No,No,Plain Tea,94.5,Hot Beverage,29,2,5,No,No,80.0,82.5,146.5,77.0,83.5,75.16666666666667,71.42857142857143,77.0,8.824344033357397,28.259103366471543,71.0,73.25,-2.5,-64.0,87.4
2026-04-29,Wednesday,4,18,No,Rainy,No,end,No,No,Roast bread,20.0,Meal,29,2,5,No,No,23.0,18.0,14.0,22.0,21.0,19.666666666666668,18.142857142857142,20.071428571428573,4.336994790119487,11.658369629480035,18.0,18.5,5.0,4.0,20.599999999999998
2026-04-29,Wednesday,4,18,No,Rainy,No,end,No,No,Rolls,65.0,Snack,29,2,5,No,No,55.0,62.0,43.0,42.0,64.0,56.666666666666664,60.285714285714285,58.0,8.240434570140241,19.33907960581373,61.0,56.5,-7.0,19.0,55.89999999999999
2026-04-29,Wednesday,4,18,No,Rainy,No,end,No,No,Roti,5.0,Meal,29,2,5,No,No,9.0,5.0,15.0,6.0,5.0,10.666666666666666,11.0,11.071428571428571,4.041451884327377,5.469696739087317,11.0,11.5,4.0,-10.0,8.399999999999999
2026-04-29,Wednesday,4,18,No,Rainy,No,end,No,No,Soft drinks,45.0,Cold Beverage,29,2,5,No,No,32.0,31.0,28.0,22.0,43.0,33.333333333333336,33.285714285714285,32.214285714285715,6.848705126135994,8.833316054997274,32.0,34.0,1.0,3.0,31.3
2026-04-29,Wednesday,4,18,No,Rainy,No,end,No,No,String Hoppers,61.0,Meal,29,2,5,No,No,149.0,59.0,69.0,73.0,67.0,129.0,94.85714285714286,88.28571428571429,52.93212185251525,48.310579461563954,97.0,76.0,90.0,-10.0,114.0
2026-04-29,Wednesday,4,18,No,Rainy,No,end,No,No,Tea,35.0,Hot Beverage,29,2,5,No,No,14.0,25.0,21.0,16.0,34.0,17.666666666666668,21.285714285714285,22.428571428571427,5.851332774513441,8.437227814087585,20.0,22.5,-11.0,4.0,18.0
2026-04-29,Wednesday,4,18,No,Rainy,No,end,No,No,Ulundu Wade,107.0,Snack,29,2,5,No,No,60.0,90.0,45.0,31.0,108.0,72.33333333333333,72.57142857142857,69.35714285714286,13.758114488755862,25.339562083694464,70.0,70.5,-30.0,45.0,67.5
2026-04-29,Wednesday,4,18,No,Rainy,No,end,No,No,Vegitable Roti,23.0,Meal,29,2,5,No,No,28.0,20.0,22.0,13.0,19.0,22.0,19.571428571428573,21.214285714285715,4.859943170351639,8.07825734662135,19.0,21.0,8.0,-2.0,25.0
2026-04-29,Wednesday,4,18,No,Rainy,No,end,No,No,Watter Bottle,5.0,Cold Beverage,29,2,5,No,No,3.0,5.0,7.0,7.0,5.0,5.333333333333333,4.428571428571429,5.0,2.439750182371333,2.7456258919345746,4.0,4.5,-2.0,-2.0,4.0
2026-04-30,Thursday,4,18,No,Cloudy,No,end,No,No,Bread,5.5,Meal,30,2,5,No,Yes,3.5,1.0,2.5,1.5,5.0,2.8333333333333335,2.142857142857143,2.392857142857143,1.4057704208690966,1.2886870394763374,2.0,2.25,2.5,-1.5,2.65
2026-04-30,Thursday,4,18,No,Cloudy,No,end,No,No,Breakfast,12.5,Meal,30,2,5,No,Yes,14.5,12.5,15.0,10.0,11.5,13.833333333333334,13.0,12.285714285714286,1.5545631755148004,2.326389458385654,12.5,12.5,2.0,-2.5,13.95
2026-04-30,Thursday,4,18,No,Cloudy,No,end,No,No,Bulath vita,26.0,Other,30,2,5,No,Yes,15.0,19.0,27.0,13.0,23.0,15.333333333333334,18.714285714285715,19.428571428571427,7.454624643228429,8.491754242198148,17.0,17.5,-4.0,-8.0,17.4
2026-04-30,Thursday,4,18,No,Cloudy,No,end,No,No,Chicken Curry,2.0,Meal,30,2,5,No,Yes,6.0,7.0,3.0,5.0,2.0,3.6666666666666665,3.4285714285714284,3.0714285714285716,2.760262237369418,2.4326081512611966,3.0,3.0,-1.0,4.0,5.999999999999999
2026-04-30,Thursday,4,18,No,Cloudy,No,end,No,No,Cigarette,71.0,Other,30,2,5,No,Yes,34.0,41.0,37.0,24.0,60.0,34.333333333333336,33.714285714285715,37.357142857142854,5.089672082242927,17.955531150625944,34.0,34.5,-7.0,4.0,36.4
2026-04-30,Thursday,4,18,No,Cloudy,No,end,No,No,Dal Curry,5.0,Meal,30,2,5,No,Yes,8.0,5.0,11.0,9.0,5.0,10.333333333333334,14.285714285714286,11.357142857142858,15.107550934486214,10.845822612041383,8.0,8.5,3.0,-6.0,7.4
2026-04-30,Thursday,4,18,No,Cloudy,No,end,No,No,Egg Rotti,64.0,Meal,30,2,5,No,Yes,39.0,47.0,65.0,37.0,70.0,58.333333333333336,52.285714285714285,51.92857142857143,12.77646646135368,15.499202389970698,51.0,51.5,-8.0,-18.0,44.0
2026-04-30,Thursday,4,18,No,Cloudy,No,end,No,No,Hoppers,68.0,Meal,30,2,5,No,Yes,25.0,35.0,14.0,26.0,62.0,18.666666666666668,19.714285714285715,27.214285714285715,9.268482179125202,13.79062430353747,17.0,25.5,-10.0,21.0,26.9
2026-04-30,Thursday,4,18,No,Cloudy,No,end,No,No,Kahata,31.0,Hot Beverage,30,2,5,No,Yes,17.0,23.0,39.0,14.0,21.0,31.0,27.428571428571427,25.714285714285715,9.812528434899654,9.762003037118106,28.0,25.0,-6.0,-16.0,21.0
2026-04-30,Thursday,4,18,No,Cloudy,No,end,No,No,Plain Tea,116.0,Hot Beverage,30,2,5,No,Yes,94.5,60.0,89.0,56.0,120.5,83.66666666666667,73.14285714285714,73.28571428571429,11.946806706237156,20.87390189254948,71.0,73.25,34.5,-29.0,83.6
2026-04-30,Thursday,4,18,No,Cloudy,No,end,No,No,Roast bread,20.0,Meal,30,2,5,No,Yes,20.0,13.0,27.0,24.0,21.0,20.0,18.428571428571427,20.5,4.391550328268373,11.52755895168684,19.0,19.5,7.0,-14.0,18.6
2026-04-30,Thursday,4,18,No,Cloudy,No,end,No,No,Rolls,49.0,Snack,30,2,5,No,Yes,65.0,73.0,50.0,43.0,51.0,56.0,60.714285714285715,59.57142857142857,8.420496535523444,18.91566012070946,61.0,59.0,-8.0,23.0,65.9
2026-04-30,Thursday,4,18,No,Cloudy,No,end,No,No,Roti,13.0,Meal,30,2,5,No,Yes,5.0,18.0,15.0,5.0,16.0,8.666666666666666,11.0,10.357142857142858,4.041451884327377,5.569244429586793,11.0,10.0,-13.0,3.0,9.899999999999999
2026-04-30,Thursday,4,18,No,Cloudy,No,end,No,No,Soft drinks,43.0,Cold Beverage,30,2,5,No,Yes,45.0,41.0,40.0,28.0,35.0,36.0,35.285714285714285,33.42857142857143,8.014867137894102,9.36206983782709,37.0,36.5,4.0,1.0,43.3
2026-04-30,Thursday,4,18,No,Cloudy,No,end,No,No,String Hoppers,61.0,Meal,30,2,5,No,Yes,61.0,102.0,173.0,112.0,57.0,127.33333333333333,95.14285714285714,87.71428571428571,52.711252977672515,48.6026725625225,97.0,74.5,-41.0,-71.0,84.5
2026-04-30,Thursday,4,18,No,Cloudy,No,end,No,No,Tea,25.0,Hot Beverage,30,2,5,No,Yes,35.0,29.0,22.0,20.0,21.0,22.666666666666668,22.714285714285715,23.428571428571427,7.804150299985382,9.061450772911043,20.0,23.5,6.0,7.0,31.9
2026-04-30,Thursday,4,18,No,Cloudy,No,end,No,No,Ulundu Wade,96.0,Snack,30,2,5,No,Yes,107.0,66.0,88.0,51.0,83.0,84.66666666666667,75.0,73.78571428571429,18.14754345175492,26.159800550370488,70.0,76.0,41.0,-22.0,92.8
2026-04-30,Thursday,4,18,No,Cloudy,No,end,No,No,Vegitable Roti,16.0,Meal,30,2,5,No,Yes,23.0,17.0,38.0,13.0,17.0,23.333333333333332,20.0,21.285714285714285,5.033222956847158,8.090151386132987,19.0,21.0,6.0,-21.0,22.7
2026-04-30,Thursday,4,18,No,Cloudy,No,end,No,No,Watter Bottle,4.0,Cold Beverage,30,2,5,No,Yes,5.0,4.0,6.0,12.0,5.0,5.666666666666667,4.428571428571429,4.857142857142857,2.439750182371333,2.6849192182989783,4.0,4.5,1.0,-2.0,4.800000000000001
