date,customer_age_group,day_of_week,month,week_of_year,is_weekend,month_period,Beedi_units,Bite Packet_units,Boil Egg_units,Bread,Bread_units,Breakfast,Breakfast_units,Bulath vita,Bulath vita_units,Buns_units,Chicken Curry,Chicken Curry_units,Cigarette,Cigarette_units,Coffee_units,Cream Bun_units,Dal Curry,Dal Curry_units,Egg Bun_units,Egg Rotti,Egg Rotti_units,Fish Bun_units,Flat Bread_units,Halapa_units,Hoppers,Hoppers_units,Jam bun_units,Kahata,Kahata_units,Lavariya_units,Milk Packet_units,Milk Plain Tea_units,Milk Toffee_units,Milo Tea_units,Pancake_units,Plain Tea,Plain Tea_units,Roast bread,Roast bread_units,Rock Cake_units,Rolls,Rolls_units,Roti,Roti_units,Sesame roll_units,Soft drinks,Soft drinks Cup_units,Soft drinks_units,Spanchi_units,String Hoppers,String Hoppers_units,Tea,Tea_units,Ulundu Wade,Ulundu Wade_units,Vegetable Roti,Vegitable Roti,Vegitable Roti_units,Wade_units,Watter Bottle,Watter Bottle_units,Yogurt_units
2025-10-01,Elders,0,0,0,0,0,0.0,0.0,0.0,0.0,2.0,0.0,0.0,0.0,20.0,2.0,0.0,0.0,0.0,4.0,0.0,1.0,0.0,0.0,1.0,0.0,3.0,2.0,0.0,0.0,0.0,11.0,0.0,0.0,0.0,0.0,1.0,1.0,0.0,0.0,0.0,0.0,28.5,0.0,6.0,0.0,0.0,15.0,0.0,2.0,2.0,0.0,0.0,3.0,0.0,0.0,0.0,0.0,6.0,0.0,17.0,0.0,0.0,5.0,1.0,0.0,0.0,1.0
2025-10-01,School Children,0,0,0,0,0,0.0,0.0,0.0,0.0,0.0,0.0,0.0,0.0,0.0,0.0,0.0,0.0,0.0,0.0,0.0,0.0,0.0,0.0,0.0,0.0,8.0,1.0,0.0,0.0,0.0,0.0,0.0,0.0,0.0,0.0,0.0,0.0,0.0,0.0,0.0,0.0,3.0,0.0,2.0,0.0,0.0,2.0,0.0,1.0,0.0,0.0,2.0,3.0,0.0,0.0,0.0,0.0,1.0,0.0,4.0,0.0,0.0,2.0,0.0,0.0,0.0,0.0
2025-10-01,Younger Adults,0,0,0,0,0,3.0,0.0,0.0,0.0,2.0,0.0,9.0,0.0,24.0,0.0,0.0,0.0,0.0,29.0,0.0,0.0,0.0,6.0,2.0,0.0,19.0,2.0,0.0,3.0,0.0,29.0,0.0,0.0,1.0,2.0,2.0,6.0,0.0,0.0,0.0,0.0,47.5,0.0,1.0,0.0,0.0,13.0,0.0,7.0,0.0,0.0,2.0,3.0,0.0,0.0,40.0,0.0,7.0,0.0,14.0,0.0,0.0,7.0,0.0,0.0,1.0,0.0
2025-10-01,Youngers,0,0,0,0,0,0.0,0.0,0.0,0.0,0.0,0.0,3.0,0.0,11.0,0.0,0.0,0.0,0.0,32.0,0.0,0.0,0.0,2.0,2.0,0.0,25.0,2.0,0.0,2.0,0.0,17.0,0.0,0.0,0.0,1.0,3.0,3.0,0.0,0.0,0.0,0.0,38.5,0.0,4.0,0.0,0.0,11.0,0.0,5.0,5.0,0.0,1.0,14.0,0.0,0.0,35.0,0.0,3.0,0.0,9.0,0.0,0.0,6.0,0.0,0.0,5.0,0.0
2025-10-02,Elders,0,0,0,0,0,1.0,0.0,0.0,0.0,0.5,0.0,0.0,0.0,5.0,0.0,0.0,0.0,0.0,6.0,0.0,0.0,0.0,2.0,0.0,0.0,4.0,1.0,0.0,3.0,0.0,4.0,0.0,0.0,8.0,0.0,0.0,0.0,0.0,0.0,0.0,0.0,24.0,0.0,7.0,0.0,0.0,5.0,0.0,1.0,0.0,0.0,1.0,2.0,0.0,0.0,20.0,0.0,2.0,0.0,19.0,0.0,0.0,2.0,0.0,0.0,0.0,0.0
2025-10-02,School Children,0,0,0,0,0,0.0,0.0,0.0,0.0,0.0,0.0,0.0,0.0,0.0,0.0,0.0,0.0,0.0,0.0,0.0,0.0,0.0,0.0,0.0,0.0,4.0,2.0,0.0,0.0,0.0,0.0,0.0,0.0,0.0,0.0,1.0,0.0,0.0,0.0,0.0,0.0,0.0,0.0,1.0,0.0,0.0,8.0,0.0,0.0,0.0,0.0,0.0,7.0,0.0,0.0,0.0,0.0,0.0,0.0,1.0,0.0,0.0,0.0,0.0,0.0,0.0,0.0
2025-10-02,Younger Adults,0,0,0,0,0,9.0,0.0,0.0,0.0,4.5,0.0,7.0,0.0,14.0,0.0,0.0,0.0,0.0,23.0,0.0,0.0,0.0,2.0,0.0,0.0,21.0,4.0,0.0,2.0,0.0,36.0,1.0,0.0,9.0,0.0,0.0,0.0,0.0,0.0,0.0,0.0,55.0,0.0,7.0,0.0,0.0,10.0,0.0,7.0,2.0,0.0,0.0,5.0,0.0,0.0,20.0,0.0,10.0,0.0,13.0,0.0,0.0,4.0,0.0,0.0,1.0,0.0
2025-10-02,Youngers,0,0,0,0,0,3.0,1.0,0.0,0.0,0.0,0.0,3.0,0.0,3.0,0.0,0.0,2.0,0.0,25.0,0.0,0.0,0.0,0.0,0.0,0.0,30.0,11.0,0.0,1.0,0.0,15.0,0.0,0.0,6.0,3.0,8.0,0.0,0.0,0.0,0.0,0.0,20.0,0.0,1.0,0.0,0.0,21.0,0.0,4.0,1.0,0.0,1.0,19.0,0.0,0.0,15.0,0.0,7.0,0.0,44.0,0.0,0.0,7.0,0.0,0.0,3.0,0.0
2025-10-03,Elders,0,0,0,0,0,1.0,0.0,0.0,0.0,0.5,0.0,0.0,0.0,6.0,1.0,0.0,0.0,0.0,6.0,0.0,0.0,0.0,1.0,0.0,0.0,3.0,1.0,0.0,2.0,0.0,7.0,0.0,0.0,9.0,0.0,1.0,0.0,0.0,2.0,0.0,0.0,22.5,0.0,9.0,0.0,0.0,16.0,0.0,1.0,0.0,0.0,1.0,4.0,0.0,0.0,10.0,0.0,4.0,0.0,9.0,0.0,0.0,5.0,0.0,0.0,0.0,0.0
2025-10-03,School Children,0,0,0,0,0,0.0,0.0,0.0,0.0,0.0,0.0,0.0,0.0,0.0,0.0,0.0,0.0,0.0,0.0,0.0,0.0,0.0,0.0,0.0,0.0,5.0,1.0,0.0,0.0,0.0,0.0,0.0,0.0,0.0,0.0,1.0,0.0,1.0,1.0,0.0,0.0,2.0,0.0,3.0,0.0,0.0,8.0,0.0,1.0,0.0,0.0,1.0,8.0,0.0,0.0,0.0,0.0,1.0,0.0,1.0,0.0,0.0,2.0,0.0,0.0,0.0,0.0
2025-10-03,Younger Adults,0,0,0,0,0,14.0,0.0,1.0,0.0,0.5,0.0,8.0,0.0,9.0,0.0,0.0,0.0,0.0,25.0,0.0,0.0,0.0,3.0,0.0,0.0,17.0,1.0,0.0,4.0,0.0,25.0,0.0,0.0,12.0,1.0,1.0,0.0,1.0,3.0,0.0,0.0,42.5,0.0,6.0,0.0,0.0,20.0,0.0,5.0,1.0,0.0,2.0,7.0,1.0,0.0,27.0,0.0,8.0,0.0,8.0,0.0,0.0,9.0,0.0,0.0,1.0,0.0
2025-10-03,Youngers,0,0,0,0,0,4.0,0.0,0.0,0.0,0.0,0.0,3.0,0.0,3.0,0.0,0.0,0.0,0.0,26.0,0.0,0.0,0.0,1.0,0.0,0.0,22.0,3.0,0.0,2.0,0.0,12.0,0.0,0.0,7.0,3.0,5.0,0.0,1.0,3.0,0.0,0.0,25.0,0.0,4.0,0.0,0.0,27.0,0.0,3.0,1.0,0.0,2.0,25.0,0.0,0.0,23.0,0.0,5.0,0.0,14.0,0.0,0.0,11.0,0.0,0.0,4.0,0.0
2025-10-04,Elders,0,0,0,0,0,2.0,0.0,0.0,0.0,0.5,0.0,0.0,0.0,11.0,0.0,0.0,0.0,0.0,6.0,0.0,1.0,0.0,1.0,0.0,0.0,4.0,3.0,0.0,5.0,0.0,7.0,0.0,0.0,8.0,0.0,1.0,0.0,0.0,0.0,0.0,0.0,23.5,0.0,9.0,0.0,0.0,17.0,0.0,3.0,0.0,0.0,0.0,3.0,0.0,0.0,7.0,0.0,5.0,0.0,21.0,0.0,0.0,4.0,0.0,0.0,0.0,0.0
2025-10-04,School Children,0,0,0,0,0,0.0,0.0,0.0,0.0,0.0,0.0,0.0,0.0,0.0,0.0,0.0,0.0,0.0,0.0,0.0,0.0,0.0,0.0,0.0,0.0,6.0,3.0,0.0,0.0,0.0,0.0,0.0,0.0,0.0,0.0,1.0,0.0,0.0,0.0,0.0,0.0,1.5,0.0,3.0,0.0,0.0,9.0,0.0,1.0,0.0,0.0,0.0,5.0,0.0,0.0,0.0,0.0,1.0,0.0,4.0,0.0,0.0,1.0,0.0,0.0,0.0,0.0
2025-10-04,Younger Adults,0,0,0,0,0,15.0,0.0,1.0,0.0,2.0,0.0,8.0,0.0,17.0,0.0,0.0,0.0,0.0,25.0,0.0,0.0,0.0,5.0,0.0,0.0,21.0,6.0,0.0,7.0,0.0,25.0,1.0,0.0,10.0,1.0,1.0,0.0,0.0,1.0,1.0,0.0,44.0,0.0,6.0,0.0,0.0,21.0,0.0,10.0,1.0,0.0,1.0,4.0,1.0,0.0,18.0,0.0,11.0,0.0,18.0,0.0,0.0,6.0,0.0,0.0,1.0,0.0
2025-10-04,Youngers,0,0,0,0,0,4.0,0.0,1.0,0.0,0.0,0.0,3.0,0.0,6.0,0.0,0.0,1.0,0.0,27.0,0.0,0.0,0.0,2.0,0.0,0.0,29.0,12.0,0.0,5.0,0.0,12.0,0.0,0.0,6.0,2.0,7.0,0.0,0.0,1.0,1.0,0.0,26.0,0.0,4.0,0.0,0.0,28.0,0.0,6.0,1.0,0.0,1.0,15.0,1.0,0.0,15.0,0.0,6.0,0.0,32.0,0.0,0.0,8.0,0.0,0.0,2.0,0.0
2025-10-05,Elders,0,0,0,0,0,0.0,0.0,0.0,0.0,1.0,0.0,0.0,0.0,6.0,7.0,0.0,0.0,0.0,6.0,0.0,8.0,0.0,2.0,0.0,0.0,5.0,2.0,0.0,2.0,0.0,5.0,0.0,0.0,6.0,0.0,2.0,0.0,0.0,0.0,0.0,0.0,15.0,0.0,18.0,0.0,0.0,19.0,0.0,1.0,0.0,0.0,1.0,3.0,0.0,0.0,8.0,0.0,9.0,0.0,24.0,0.0,0.0,6.0,0.0,0.0,0.0,0.0
2025-10-05,School Children,0,0,0,0,0,0.0,0.0,0.0,0.0,0.0,0.0,0.0,0.0,0.0,0.0,0.0,0.0,0.0,0.0,0.0,0.0,0.0,0.0,0.0,0.0,7.0,2.0,0.0,0.0,0.0,0.0,0.0,0.0,0.0,0.0,2.0,0.0,0.0,0.0,0.0,0.0,1.0,0.0,5.0,0.0,0.0,10.0,0.0,0.0,0.0,0.0,1.0,7.0,0.0,0.0,0.0,0.0,1.0,0.0,4.0,0.0,0.0,2.0,0.0,0.0,0.0,0.0
2025-10-05,Younger Adults,0,0,0,0,0,4.0,0.0,1.0,0.0,3.0,0.0,8.0,0.0,9.0,0.0,0.0,0.0,0.0,27.0,0.0,0.0,0.0,6.0,0.0,0.0,25.0,5.0,0.0,4.0,0.0,19.0,4.0,0.0,8.0,1.0,3.0,0.0,0.0,1.0,1.0,0.0,27.5,0.0,12.0,0.0,0.0,23.0,0.0,3.0,0.0,0.0,1.0,6.0,0.0,0.0,23.0,0.0,18.0,0.0,20.0,0.0,0.0,9.0,0.0,0.0,2.0,0.0
2025-10-05,Youngers,0,0,0,0,0,1.0,0.0,0.0,0.0,0.0,0.0,3.0,0.0,4.0,0.0,0.0,0.0,0.0,29.0,0.0,1.0,0.0,2.0,0.0,0.0,34.0,10.0,0.0,2.0,0.0,10.0,0.0,0.0,5.0,3.0,14.0,0.0,0.0,1.0,1.0,0.0,16.5,0.0,8.0,0.0,0.0,31.0,0.0,2.0,0.0,0.0,1.0,21.0,0.0,0.0,19.0,0.0,11.0,0.0,36.0,0.0,0.0,11.0,0.0,0.0,7.0,0.0
2025-10-06,Elders,0,0,0,0,0,0.0,0.0,0.0,0.0,0.5,0.0,0.0,0.0,6.0,1.0,0.0,0.0,0.0,3.0,0.0,3.0,0.0,1.0,0.0,0.0,3.0,2.0,0.0,1.0,0.0,3.0,0.0,0.0,8.0,0.0,0.0,0.0,2.0,2.0,0.0,0.0,15.5,0.0,6.0,0.0,0.0,10.0,0.0,1.0,0.0,0.0,0.0,2.0,0.0,0.0,18.0,0.0,4.0,0.0,17.0,0.0,0.0,3.0,0.0,0.0,0.0,1.0
2025-10-06,School Children,0,0,0,0,0,0.0,0.0,0.0,0.0,0.0,0.0,0.0,0.0,0.0,0.0,0.0,0.0,0.0,0.0,0.0,0.0,0.0,0.0,0.0,0.0,4.0,1.0,0.0,0.0,0.0,0.0,0.0,0.0,0.0,0.0,0.0,0.0,2.0,0.0,0.0,0.0,1.0,0.0,1.0,0.0,0.0,5.0,0.0,0.0,0.0,0.0,0.0,5.0,0.0,0.0,1.0,0.0,0.0,0.0,3.0,0.0,0.0,1.0,0.0,0.0,0.0,0.0
2025-10-06,Younger Adults,0,0,0,0,0,2.0,0.0,1.0,0.0,0.5,0.0,6.0,0.0,9.0,0.0,0.0,0.0,0.0,13.0,1.0,0.0,0.0,4.0,0.0,0.0,15.0,3.0,0.0,3.0,0.0,13.0,1.0,0.0,9.0,1.0,1.0,0.0,4.0,2.0,0.0,0.0,29.5,0.0,4.0,0.0,0.0,13.0,0.0,5.0,0.0,0.0,0.0,4.0,1.0,0.0,47.0,0.0,8.0,0.0,14.0,0.0,0.0,6.0,0.0,0.0,1.0,0.0
2025-10-06,Youngers,0,0,0,0,0,0.0,0.0,0.0,0.0,0.0,0.0,3.0,0.0,3.0,0.0,0.0,1.0,0.0,13.0,0.0,0.0,0.0,1.0,0.0,0.0,20.0,6.0,1.0,2.0,0.0,6.0,0.0,0.0,6.0,3.0,4.0,0.0,5.0,2.0,0.0,0.0,17.5,0.0,3.0,0.0,0.0,18.0,0.0,3.0,0.0,0.0,0.0,15.0,0.0,0.0,39.0,0.0,5.0,0.0,27.0,0.0,0.0,7.0,0.0,0.0,5.0,0.0
2025-10-07,Elders,0,0,0,0,0,1.0,0.0,0.0,0.0,0.5,0.0,0.0,0.0,2.0,3.0,0.0,0.0,0.0,5.0,0.0,3.0,0.0,1.0,0.0,0.0,4.0,1.0,0.0,1.0,0.0,6.0,0.0,0.0,9.0,0.0,0.0,0.0,0.0,0.0,0.0,0.0,17.0,0.0,4.0,0.0,0.0,16.0,0.0,0.0,0.0,0.0,1.0,4.0,0.0,0.0,13.0,0.0,6.0,0.0,19.0,0.0,0.0,5.0,0.0,0.0,0.0,2.0
2025-10-07,School Children,0,0,0,0,0,0.0,0.0,0.0,0.0,0.0,0.0,0.0,0.0,0.0,0.0,0.0,0.0,0.0,0.0,0.0,0.0,0.0,0.0,0.0,0.0,6.0,1.0,0.0,0.0,0.0,0.0,0.0,0.0,0.0,0.0,0.0,0.0,0.0,0.0,0.0,0.0,1.5,0.0,1.0,0.0,0.0,8.0,0.0,0.0,0.0,0.0,1.0,9.0,0.0,0.0,1.0,0.0,1.0,0.0,3.0,0.0,0.0,2.0,0.0,0.0,0.0,0.0
2025-10-07,Younger Adults,0,0,0,0,0,4.0,0.0,0.0,0.0,1.0,0.0,8.0,0.0,3.0,0.0,0.0,0.0,0.0,20.0,0.0,0.0,0.0,4.0,0.0,0.0,19.0,1.0,0.0,2.0,0.0,20.0,1.0,0.0,11.0,0.0,0.0,0.0,0.0,0.0,0.0,0.0,32.0,0.0,2.0,0.0,0.0,20.0,0.0,2.0,0.0,0.0,2.0,8.0,1.0,0.0,36.0,0.0,13.0,0.0,16.0,0.0,0.0,8.0,0.0,0.0,1.0,0.0
2025-10-07,Youngers,0,0,0,0,0,1.0,0.0,0.0,0.0,0.0,0.0,3.0,0.0,1.0,0.0,0.0,2.0,0.0,22.0,0.0,0.0,0.0,1.0,0.0,0.0,25.0,3.0,0.0,2.0,0.0,10.0,0.0,0.0,7.0,0.0,2.0,0.0,1.0,0.0,0.0,0.0,19.0,0.0,2.0,0.0,0.0,26.0,0.0,1.0,0.0,0.0,2.0,27.0,1.0,0.0,30.0,0.0,8.0,0.0,30.0,0.0,0.0,10.0,0.0,0.0,5.0,0.0
2025-10-08,Elders,0,0,0,0,0,2.0,0.0,0.0,0.0,0.5,0.0,0.0,0.0,5.0,0.0,0.0,0.0,0.0,4.0,0.0,0.0,0.0,1.0,1.0,0.0,4.0,2.0,1.0,1.0,0.0,4.0,0.0,0.0,8.0,0.0,1.0,0.0,0.0,0.0,0.0,0.0,21.5,0.0,8.0,0.0,0.0,10.0,0.0,3.0,0.0,0.0,0.0,4.0,0.0,0.0,18.0,0.0,4.0,0.0,14.0,0.0,0.0,5.0,0.0,0.0,0.0,1.0
2025-10-08,School Children,0,0,0,0,0,0.0,0.0,0.0,0.0,0.0,0.0,0.0,0.0,0.0,0.0,0.0,0.0,0.0,0.0,0.0,0.0,0.0,0.0,0.0,0.0,5.0,2.0,0.0,0.0,0.0,0.0,0.0,0.0,0.0,0.0,1.0,0.0,0.0,0.0,0.0,0.0,1.5,0.0,2.0,0.0,0.0,5.0,0.0,1.0,0.0,0.0,0.0,7.0,0.0,0.0,1.0,0.0,1.0,0.0,2.0,0.0,0.0,2.0,0.0,0.0,0.0,0.0
2025-10-08,Younger Adults,0,0,0,0,0,16.0,0.0,0.0,0.0,1.0,0.0,7.0,0.0,7.0,0.0,0.0,0.0,0.0,18.0,0.0,0.0,0.0,4.0,2.0,0.0,18.0,5.0,1.0,3.0,0.0,17.0,4.0,0.0,10.0,1.0,1.0,0.0,0.0,0.0,0.0,0.0,40.0,0.0,5.0,0.0,0.0,13.0,0.0,10.0,0.0,0.0,0.0,6.0,1.0,0.0,47.0,0.0,7.0,0.0,12.0,0.0,0.0,8.0,0.0,0.0,2.0,0.0
2025-10-08,Youngers,0,0,0,0,0,5.0,0.0,0.0,0.0,0.0,0.0,3.0,0.0,3.0,0.0,0.0,3.0,0.0,19.0,0.0,0.0,0.0,1.0,2.0,0.0,24.0,10.0,1.0,2.0,0.0,9.0,0.0,0.0,7.0,3.0,7.0,0.0,0.0,0.0,0.0,0.0,24.0,0.0,3.0,0.0,0.0,18.0,0.0,6.0,0.0,0.0,1.0,22.0,0.0,0.0,39.0,0.0,4.0,0.0,22.0,0.0,0.0,9.0,0.0,0.0,7.0,0.0
2025-10-09,Elders,0,0,0,0,0,1.0,0.0,0.0,0.0,0.5,0.0,0.0,0.0,8.0,0.0,0.0,0.0,0.0,4.0,0.0,0.0,0.0,1.0,0.0,0.0,4.0,1.0,1.0,2.0,0.0,2.0,0.0,0.0,10.0,0.0,1.0,0.0,0.0,0.0,0.0,0.0,20.5,0.0,9.0,0.0,0.0,9.0,0.0,2.0,0.0,0.0,0.0,3.0,0.0,0.0,24.0,0.0,5.0,0.0,24.0,0.0,0.0,6.0,0.0,0.0,0.0,2.0
2025-10-09,School Children,0,0,0,0,0,0.0,0.0,0.0,0.0,0.0,0.0,0.0,0.0,0.0,0.0,0.0,0.0,0.0,0.0,0.0,0.0,0.0,0.0,0.0,0.0,5.0,1.0,1.0,0.0,0.0,0.0,0.0,0.0,0.0,0.0,1.0,0.0,0.0,0.0,0.0,0.0,1.5,0.0,3.0,0.0,0.0,4.0,0.0,0.0,0.0,0.0,0.0,6.0,0.0,0.0,1.0,0.0,1.0,0.0,4.0,0.0,0.0,2.0,0.0,0.0,0.0,0.0
2025-10-09,Younger Adults,0,0,0,0,0,7.0,0.0,1.0,0.0,1.5,0.0,11.0,0.0,12.0,0.0,0.0,0.0,0.0,16.0,1.0,0.0,0.0,6.0,0.0,0.0,19.0,3.0,1.0,3.0,0.0,7.0,1.0,0.0,12.0,0.0,2.0,0.0,0.0,0.0,0.0,0.0,39.0,0.0,6.0,0.0,0.0,11.0,0.0,7.0,0.0,0.0,0.0,6.0,0.0,0.0,63.0,0.0,10.0,0.0,20.0,0.0,0.0,11.0,0.0,0.0,1.0,0.0
2025-10-09,Youngers,0,0,0,0,0,2.0,0.0,0.0,0.0,0.0,0.0,4.0,0.0,5.0,0.0,0.0,3.0,0.0,16.0,1.0,0.0,0.0,2.0,0.0,0.0,25.0,5.0,1.0,2.0,0.0,3.0,0.0,0.0,8.0,0.0,9.0,0.0,0.0,0.0,0.0,0.0,23.0,0.0,4.0,0.0,0.0,14.0,0.0,5.0,0.0,0.0,0.0,19.0,0.0,0.0,52.0,0.0,6.0,0.0,36.0,0.0,0.0,12.0,0.0,0.0,4.0,0.0
2025-10-10,Elders,0,0,0,0,0,1.0,0.0,0.0,0.0,0.5,0.0,0.0,0.0,4.0,0.0,0.0,0.0,0.0,4.0,0.0,0.0,0.0,1.0,0.0,0.0,4.0,2.0,1.0,1.0,0.0,4.0,0.0,0.0,8.0,0.0,1.0,0.0,0.0,1.0,0.0,0.0,19.5,0.0,10.0,0.0,0.0,11.0,0.0,3.0,0.0,0.0,0.0,3.0,1.0,0.0,9.0,0.0,5.0,0.0,21.0,0.0,0.0,6.0,0.0,0.0,0.0,0.0
2025-10-10,School Children,0,0,0,0,0,0.0,0.0,0.0,0.0,0.0,0.0,0.0,0.0,0.0,0.0,0.0,0.0,0.0,0.0,0.0,0.0,0.0,0.0,0.0,0.0,5.0,2.0,0.0,0.0,0.0,0.0,0.0,0.0,0.0,0.0,1.0,0.0,0.0,0.0,0.0,0.0,1.5,0.0,2.0,0.0,0.0,6.0,0.0,1.0,0.0,0.0,0.0,6.0,0.0,0.0,0.0,0.0,1.0,0.0,4.0,0.0,0.0,2.0,0.0,0.0,0.0,0.0
2025-10-10,Younger Adults,0,0,0,0,0,5.0,0.0,0.0,0.0,1.0,0.0,10.0,0.0,6.0,0.0,0.0,0.0,0.0,16.0,1.0,0.0,0.0,4.0,0.0,0.0,18.0,4.0,1.0,3.0,0.0,15.0,3.0,0.0,11.0,4.0,2.0,0.0,0.0,2.0,0.0,0.0,36.5,0.0,7.0,0.0,0.0,14.0,0.0,10.0,0.0,0.0,0.0,5.0,3.0,0.0,25.0,0.0,10.0,0.0,17.0,0.0,0.0,10.0,0.0,0.0,0.0,0.0
2025-10-10,Youngers,0,0,0,0,0,1.0,0.0,0.0,0.0,0.0,0.0,4.0,0.0,2.0,0.0,0.0,1.0,0.0,17.0,0.0,0.0,0.0,1.0,0.0,0.0,24.0,8.0,1.0,2.0,0.0,8.0,0.0,0.0,7.0,6.0,8.0,0.0,0.0,2.0,0.0,0.0,21.5,0.0,5.0,0.0,0.0,19.0,0.0,6.0,0.0,0.0,0.0,18.0,2.0,0.0,21.0,0.0,6.0,0.0,32.0,0.0,0.0,11.0,0.0,0.0,1.0,0.0
2025-10-11,Elders,0,0,0,0,0,1.0,0.0,0.0,0.0,0.5,0.0,0.0,0.0,9.0,0.0,0.0,0.0,0.0,4.0,0.0,0.0,0.0,1.0,0.0,0.0,6.0,1.0,0.0,1.0,0.0,6.0,0.0,0.0,5.0,0.0,1.0,0.0,0.0,0.0,0.0,0.0,16.5,0.0,3.0,0.0,0.0,16.0,0.0,3.0,0.0,0.0,0.0,2.0,1.0,0.0,9.0,0.0,6.0,0.0,15.0,0.0,0.0,4.0,0.0,0.0,0.0,2.0
2025-10-11,School Children,0,0,0,0,0,0.0,0.0,0.0,0.0,0.0,0.0,0.0,0.0,0.0,0.0,0.0,0.0,0.0,0.0,0.0,0.0,0.0,0.0,0.0,0.0,8.0,1.0,0.0,0.0,0.0,0.0,0.0,0.0,0.0,0.0,1.0,0.0,0.0,0.0,0.0,0.0,1.5,0.0,1.0,0.0,0.0,8.0,0.0,1.0,0.0,0.0,0.0,5.0,0.0,0.0,0.0,0.0,1.0,0.0,3.0,0.0,0.0,1.0,0.0,0.0,0.0,0.0
2025-10-11,Younger Adults,0,0,0,0,0,10.0,0.0,0.0,0.0,0.5,0.0,11.0,0.0,13.0,0.0,0.0,0.0,0.0,20.0,1.0,0.0,0.0,3.0,0.0,0.0,28.0,2.0,0.0,1.0,0.0,22.0,1.0,0.0,6.0,2.0,3.0,0.0,0.0,0.0,1.0,0.0,31.5,0.0,2.0,0.0,0.0,20.0,0.0,10.0,0.0,0.0,1.0,4.0,2.0,0.0,25.0,0.0,11.0,0.0,13.0,0.0,0.0,6.0,0.0,0.0,1.0,0.0
2025-10-11,Youngers,0,0,0,0,0,3.0,0.0,0.0,0.0,0.0,0.0,5.0,0.0,5.0,0.0,0.0,2.0,0.0,21.0,0.0,0.0,0.0,1.0,0.0,0.0,37.0,4.0,0.0,1.0,0.0,12.0,0.0,0.0,4.0,3.0,11.0,0.0,0.0,0.0,0.0,0.0,18.5,0.0,2.0,0.0,0.0,26.0,0.0,6.0,0.0,0.0,1.0,14.0,1.0,0.0,21.0,0.0,7.0,0.0,23.0,0.0,0.0,8.0,0.0,0.0,2.0,0.0
2025-10-12,Elders,0,0,0,0,0,0.0,0.0,0.0,0.0,0.5,0.0,0.0,0.0,6.0,0.0,0.0,0.0,0.0,3.0,0.0,2.0,0.0,1.0,0.0,0.0,3.0,2.0,0.0,0.0,0.0,4.0,0.0,0.0,6.0,0.0,1.0,0.0,1.0,0.0,0.0,0.0,15.5,0.0,5.0,0.0,0.0,15.0,0.0,2.0,0.0,0.0,0.0,3.0,0.0,0.0,13.0,0.0,5.0,0.0,14.0,0.0,0.0,4.0,0.0,0.0,0.0,0.0
2025-10-12,School Children,0,0,0,0,0,0.0,0.0,0.0,0.0,0.0,0.0,0.0,0.0,0.0,0.0,0.0,0.0,0.0,0.0,0.0,0.0,0.0,0.0,0.0,0.0,5.0,1.0,0.0,0.0,0.0,0.0,0.0,0.0,0.0,0.0,1.0,0.0,1.0,0.0,0.0,0.0,1.0,0.0,1.0,0.0,0.0,8.0,0.0,0.0,0.0,0.0,0.0,5.0,0.0,0.0,1.0,0.0,1.0,0.0,3.0,0.0,0.0,1.0,0.0,0.0,0.0,0.0
2025-10-12,Younger Adults,0,0,0,0,0,2.0,0.0,0.0,0.0,1.5,0.0,9.0,0.0,8.0,0.0,0.0,0.0,0.0,12.0,0.0,0.0,0.0,5.0,0.0,0.0,16.0,3.0,0.0,1.0,0.0,17.0,0.0,0.0,8.0,5.0,1.0,0.0,1.0,0.0,0.0,0.0,28.5,0.0,4.0,0.0,0.0,18.0,0.0,6.0,1.0,0.0,1.0,5.0,1.0,0.0,36.0,0.0,11.0,0.0,12.0,0.0,0.0,7.0,0.0,0.0,1.0,0.0
2025-10-12,Youngers,0,0,0,0,0,0.0,0.0,0.0,0.0,0.0,0.0,4.0,0.0,3.0,0.0,0.0,3.0,0.0,13.0,0.0,0.0,0.0,1.0,0.0,0.0,21.0,6.0,1.0,0.0,0.0,9.0,0.0,0.0,5.0,8.0,6.0,0.0,1.0,0.0,0.0,0.0,17.0,0.0,2.0,0.0,0.0,25.0,0.0,4.0,1.0,0.0,1.0,17.0,1.0,0.0,30.0,0.0,6.0,0.0,22.0,0.0,0.0,8.0,0.0,0.0,3.0,0.0
2025-10-13,Elders,0,0,0,0,0,0.0,0.0,0.0,0.0,0.5,0.0,0.0,0.0,6.0,1.0,0.0,0.0,0.0,3.0,0.0,5.0,0.0,1.0,0.0,0.0,3.0,2.0,0.0,1.0,0.0,5.0,0.0,0.0,7.0,0.0,0.0,0.0,0.0,2.0,0.0,0.0,16.5,0.0,6.0,0.0,0.0,11.0,0.0,1.0,0.0,0.0,0.0,3.0,0.0,0.0,15.0,0.0,4.0,0.0,16.0,0.0,0.0,4.0,0.0,0.0,0.0,1.0
2025-10-13,School Children,0,0,0,0,0,0.0,0.0,0.0,0.0,0.0,0.0,0.0,0.0,0.0,0.0,0.0,0.0,0.0,0.0,0.0,0.0,0.0,0.0,0.0,0.0,4.0,1.0,0.0,0.0,0.0,0.0,0.0,0.0,0.0,0.0,0.0,0.0,0.0,0.0,0.0,0.0,1.0,0.0,1.0,0.0,0.0,6.0,0.0,1.0,0.0,0.0,0.0,6.0,0.0,0.0,0.0,0.0,1.0,0.0,3.0,0.0,0.0,2.0,0.0,0.0,0.0,0.0
2025-10-13,Younger Adults,0,0,0,0,0,2.0,0.0,1.0,0.0,0.5,0.0,6.0,0.0,8.0,0.0,0.0,0.0,0.0,15.0,0.0,0.0,0.0,2.0,0.0,0.0,15.0,3.0,1.0,3.0,0.0,18.0,0.0,0.0,8.0,1.0,0.0,0.0,0.0,3.0,0.0,0.0,30.5,0.0,4.0,0.0,0.0,14.0,0.0,5.0,0.0,0.0,0.0,5.0,1.0,0.0,41.0,0.0,9.0,0.0,14.0,0.0,0.0,7.0,0.0,0.0,1.0,0.0
2025-10-13,Youngers,0,0,0,0,0,1.0,0.0,0.0,0.0,0.0,0.0,3.0,0.0,3.0,0.0,0.0,2.0,0.0,16.0,0.0,0.0,0.0,1.0,0.0,0.0,20.0,6.0,1.0,2.0,0.0,9.0,0.0,0.0,5.0,2.0,1.0,0.0,0.0,2.0,0.0,0.0,18.0,0.0,3.0,0.0,0.0,19.0,0.0,3.0,0.0,0.0,0.0,18.0,0.0,0.0,34.0,0.0,5.0,0.0,25.0,0.0,0.0,8.0,0.0,0.0,4.0,0.0
2025-10-14,Elders,0,0,0,0,0,1.0,0.0,0.0,0.0,0.5,0.0,0.0,0.0,4.0,0.0,0.0,0.0,0.0,4.0,0.0,0.0,0.0,1.0,0.0,0.0,3.0,2.0,1.0,2.0,0.0,6.0,0.0,0.0,7.0,0.0,1.0,0.0,0.0,0.0,0.0,0.0,15.0,0.0,8.0,0.0,0.0,10.0,0.0,0.0,0.0,0.0,0.0,2.0,0.0,0.0,13.0,0.0,5.0,0.0,12.0,0.0,0.0,2.0,0.0,0.0,0.0,1.0
2025-10-14,School Children,0,0,0,0,0,0.0,0.0,0.0,0.0,0.0,0.0,0.0,0.0,0.0,0.0,0.0,0.0,0.0,0.0,0.0,0.0,0.0,0.0,0.0,0.0,5.0,2.0,0.0,0.0,0.0,0.0,0.0,0.0,0.0,0.0,1.0,0.0,0.0,0.0,0.0,0.0,1.0,0.0,2.0,0.0,0.0,5.0,0.0,0.0,0.0,0.0,0.0,5.0,0.0,0.0,1.0,0.0,1.0,0.0,2.0,0.0,0.0,1.0,0.0,0.0,0.0,0.0
2025-10-14,Younger Adults,0,0,0,0,0,4.0,0.0,0.0,0.0,1.5,0.0,9.0,0.0,6.0,0.0,0.0,0.0,0.0,15.0,0.0,0.0,0.0,5.0,0.0,0.0,16.0,4.0,1.0,4.0,0.0,23.0,2.0,0.0,8.0,1.0,2.0,0.0,0.0,0.0,1.0,0.0,28.0,0.0,6.0,0.0,0.0,13.0,0.0,2.0,0.0,0.0,0.0,4.0,0.0,0.0,36.0,0.0,11.0,0.0,10.0,0.0,0.0,4.0,0.0,0.0,0.0,0.0
2025-10-14,Youngers,0,0,0,0,0,1.0,0.0,0.0,0.0,0.0,0.0,4.0,0.0,2.0,0.0,0.0,5.0,0.0,16.0,0.0,0.0,0.0,1.0,0.0,0.0,22.0,7.0,1.0,2.0,0.0,12.0,0.0,0.0,5.0,2.0,7.0,0.0,1.0,0.0,1.0,0.0,17.0,0.0,4.0,0.0,0.0,18.0,0.0,1.0,0.0,0.0,1.0,14.0,0.0,0.0,30.0,0.0,6.0,0.0,18.0,0.0,0.0,5.0,0.0,0.0,0.0,0.0
2025-10-15,Elders,0,0,0,0,0,0.0,0.0,0.0,0.0,1.0,0.0,0.0,0.0,4.0,0.0,0.0,0.0,0.0,3.0,0.0,0.0,0.0,1.0,0.0,0.0,3.0,2.0,1.0,1.0,0.0,4.0,0.0,0.0,5.0,0.0,0.0,0.0,0.0,0.0,0.0,0.0,18.5,0.0,8.0,0.0,0.0,14.0,0.0,1.0,1.0,0.0,0.0,3.0,0.0,0.0,10.0,0.0,6.0,0.0,24.0,0.0,0.0,4.0,0.0,0.0,0.0,1.0
2025-10-15,School Children,0,0,0,0,0,0.0,0.0,0.0,0.0,0.0,0.0,0.0,0.0,0.0,0.0,0.0,0.0,0.0,0.0,0.0,0.0,0.0,0.0,0.0,0.0,5.0,2.0,1.0,0.0,0.0,0.0,0.0,0.0,0.0,0.0,0.0,0.0,0.0,0.0,0.0,0.0,1.5,0.0,2.0,0.0,0.0,7.0,0.0,0.0,0.0,0.0,0.0,7.0,0.0,0.0,0.0,0.0,1.0,0.0,4.0,0.0,0.0,1.0,0.0,0.0,0.0,0.0
2025-10-15,Younger Adults,0,0,0,0,0,2.0,0.0,1.0,0.0,2.0,0.0,9.0,0.0,7.0,0.0,0.0,0.0,0.0,12.0,0.0,0.0,0.0,5.0,0.0,0.0,17.0,5.0,3.0,1.0,0.0,13.0,1.0,0.0,7.0,1.0,1.0,0.0,0.0,0.0,0.0,0.0,35.0,0.0,5.0,0.0,0.0,18.0,0.0,2.0,1.0,0.0,0.0,6.0,0.0,0.0,27.0,0.0,12.0,0.0,21.0,0.0,0.0,6.0,0.0,0.0,1.0,0.0
2025-10-15,Youngers,0,0,0,0,0,1.0,0.0,0.0,0.0,0.0,0.0,3.0,0.0,3.0,0.0,0.0,5.0,0.0,12.0,0.0,0.0,0.0,1.0,0.0,0.0,23.0,9.0,3.0,1.0,0.0,7.0,0.0,0.0,4.0,3.0,4.0,0.0,0.0,0.0,0.0,0.0,21.0,0.0,3.0,0.0,0.0,24.0,0.0,2.0,2.0,0.0,1.0,20.0,0.0,0.0,23.0,0.0,8.0,0.0,38.0,0.0,0.0,7.0,0.0,0.0,3.0,0.0
2025-10-16,Elders,0,0,0,0,0,1.0,0.0,0.0,0.0,0.5,0.0,0.0,0.0,6.0,2.0,0.0,0.0,0.0,3.0,0.0,2.0,0.0,1.0,0.0,0.0,3.0,2.0,0.0,1.0,0.0,5.0,0.0,0.0,7.0,0.0,0.0,0.0,0.0,0.0,0.0,0.0,15.5,0.0,5.0,0.0,0.0,14.0,0.0,2.0,0.0,0.0,0.0,3.0,0.0,0.0,15.0,0.0,6.0,0.0,20.0,0.0,0.0,3.0,0.0,0.0,0.0,1.0
2025-10-16,School Children,0,0,0,0,0,0.0,0.0,0.0,0.0,0.0,0.0,0.0,0.0,0.0,0.0,0.0,0.0,0.0,0.0,0.0,0.0,0.0,0.0,0.0,0.0,5.0,2.0,0.0,0.0,0.0,0.0,0.0,0.0,0.0,0.0,0.0,0.0,0.0,0.0,0.0,0.0,1.0,0.0,1.0,0.0,0.0,7.0,0.0,0.0,0.0,0.0,1.0,7.0,0.0,0.0,0.0,0.0,1.0,0.0,4.0,0.0,0.0,1.0,0.0,0.0,0.0,0.0
2025-10-16,Younger Adults,0,0,0,0,0,6.0,0.0,0.0,0.0,0.5,0.0,7.0,0.0,9.0,0.0,0.0,0.0,0.0,15.0,0.0,0.0,0.0,3.0,0.0,0.0,15.0,3.0,1.0,2.0,0.0,20.0,2.0,0.0,9.0,1.0,1.0,0.0,0.0,0.0,1.0,0.0,29.0,0.0,4.0,0.0,0.0,17.0,0.0,7.0,1.0,0.0,1.0,6.0,0.0,0.0,41.0,0.0,13.0,0.0,17.0,0.0,0.0,6.0,0.0,0.0,1.0,0.0
2025-10-16,Youngers,0,0,0,0,0,1.0,0.0,0.0,0.0,0.0,0.0,3.0,0.0,3.0,0.0,0.0,6.0,0.0,16.0,0.0,0.0,0.0,1.0,0.0,0.0,20.0,7.0,1.0,2.0,0.0,10.0,0.0,0.0,6.0,1.0,4.0,0.0,1.0,0.0,0.0,0.0,17.5,0.0,2.0,1.0,0.0,23.0,0.0,5.0,2.0,0.0,1.0,21.0,0.0,0.0,34.0,0.0,8.0,0.0,31.0,0.0,0.0,6.0,0.0,0.0,3.0,0.0
2025-10-17,Elders,0,0,0,0,0,1.0,0.0,0.0,0.0,1.0,0.0,0.0,0.0,5.0,2.0,0.0,0.0,0.0,2.0,0.0,2.0,0.0,1.0,0.0,0.0,3.0,1.0,0.0,2.0,0.0,3.0,0.0,0.0,8.0,0.0,0.0,0.0,0.0,3.0,0.0,0.0,17.0,0.0,7.0,0.0,0.0,12.0,0.0,1.0,0.0,0.0,0.0,3.0,0.0,0.0,10.0,0.0,4.0,0.0,15.0,0.0,0.0,5.0,0.0,0.0,0.0,3.0
2025-10-17,School Children,0,0,0,0,0,0.0,0.0,0.0,0.0,0.0,0.0,0.0,0.0,0.0,0.0,0.0,0.0,0.0,0.0,0.0,0.0,0.0,0.0,0.0,0.0,5.0,1.0,0.0,0.0,0.0,0.0,0.0,0.0,0.0,0.0,0.0,0.0,0.0,1.0,0.0,0.0,1.5,0.0,2.0,0.0,0.0,6.0,0.0,0.0,0.0,0.0,0.0,7.0,0.0,0.0,0.0,0.0,1.0,0.0,2.0,0.0,0.0,2.0,0.0,0.0,0.0,0.0
2025-10-17,Younger Adults,0,0,0,0,0,9.0,0.0,0.0,0.0,2.5,0.0,6.0,0.0,7.0,0.0,0.0,0.0,0.0,10.0,0.0,0.0,0.0,6.0,0.0,0.0,16.0,3.0,0.0,4.0,0.0,11.0,4.0,0.0,9.0,1.0,0.0,0.0,0.0,4.0,0.0,0.0,32.5,0.0,5.0,0.0,0.0,15.0,0.0,4.0,1.0,0.0,0.0,6.0,1.0,0.0,27.0,0.0,8.0,0.0,12.0,0.0,0.0,8.0,0.0,0.0,1.0,0.0
2025-10-17,Youngers,0,0,0,0,0,2.0,0.0,0.0,0.0,0.0,0.0,2.0,0.0,3.0,0.0,0.0,3.0,0.0,11.0,0.0,0.0,0.0,2.0,0.0,0.0,21.0,5.0,0.0,3.0,0.0,5.0,0.0,0.0,6.0,3.0,0.0,0.0,0.0,4.0,0.0,0.0,19.0,0.0,3.0,1.0,0.0,21.0,0.0,3.0,2.0,0.0,1.0,20.0,0.0,0.0,23.0,0.0,5.0,0.0,23.0,0.0,0.0,9.0,0.0,0.0,3.0,0.0
2025-10-18,Elders,0,0,0,0,0,1.0,0.0,1.0,0.0,0.5,0.0,0.0,0.0,5.0,0.0,0.0,0.0,0.0,2.0,0.0,0.0,0.0,1.0,0.0,0.0,3.0,2.0,1.0,2.0,0.0,3.0,0.0,0.0,10.0,0.0,1.0,0.0,0.0,0.0,0.0,0.0,15.0,0.0,10.0,0.0,0.0,13.0,0.0,1.0,0.0,0.0,1.0,3.0,0.0,0.0,13.0,0.0,5.0,0.0,18.0,0.0,0.0,4.0,0.0,0.0,0.0,0.0
2025-10-18,School Children,0,0,0,0,0,0.0,0.0,0.0,0.0,0.0,0.0,0.0,0.0,0.0,0.0,0.0,0.0,0.0,0.0,0.0,0.0,0.0,0.0,0.0,0.0,5.0,1.0,0.0,0.0,0.0,0.0,0.0,0.0,0.0,0.0,1.0,0.0,1.0,0.0,0.0,0.0,1.0,0.0,2.0,0.0,0.0,7.0,0.0,1.0,0.0,0.0,1.0,7.0,0.0,0.0,1.0,0.0,1.0,0.0,3.0,0.0,0.0,1.0,0.0,0.0,0.0,0.0
2025-10-18,Younger Adults,0,0,0,0,0,6.0,0.0,1.0,0.0,1.0,0.0,7.0,0.0,8.0,0.0,0.0,0.0,0.0,10.0,0.0,0.0,0.0,5.0,0.0,0.0,17.0,3.0,2.0,3.0,0.0,13.0,3.0,0.0,13.0,2.0,1.0,0.0,1.0,0.0,1.0,0.0,28.0,0.0,7.0,0.0,0.0,17.0,0.0,5.0,1.0,0.0,1.0,6.0,1.0,0.0,36.0,0.0,11.0,0.0,15.0,0.0,0.0,6.0,0.0,0.0,1.0,0.0
2025-10-18,Youngers,0,0,0,0,0,2.0,0.0,1.0,0.0,0.0,0.0,3.0,0.0,3.0,0.0,0.0,3.0,0.0,11.0,0.0,0.0,0.0,1.0,0.0,0.0,22.0,7.0,2.0,2.0,0.0,6.0,0.0,0.0,8.0,3.0,6.0,0.0,1.0,0.0,1.0,0.0,17.0,0.0,5.0,0.0,0.0,22.0,0.0,3.0,1.0,0.0,1.0,20.0,0.0,0.0,30.0,0.0,6.0,0.0,28.0,0.0,0.0,8.0,0.0,0.0,2.0,0.0
2025-10-19,Elders,0,0,0,0,0,0.0,0.0,0.0,0.0,0.5,0.0,0.0,0.0,8.0,0.0,0.0,0.0,0.0,3.0,0.0,0.0,0.0,1.0,0.0,0.0,3.0,1.0,0.0,0.0,0.0,2.0,0.0,0.0,5.0,0.0,1.0,0.0,0.0,0.0,0.0,0.0,13.5,0.0,6.0,0.0,0.0,14.0,0.0,2.0,0.0,0.0,0.0,3.0,0.0,0.0,9.0,0.0,4.0,0.0,17.0,0.0,0.0,3.0,0.0,0.0,0.0,0.0
2025-10-19,School Children,0,0,0,0,0,0.0,0.0,0.0,0.0,0.0,0.0,0.0,0.0,0.0,0.0,0.0,0.0,0.0,0.0,0.0,0.0,0.0,0.0,0.0,0.0,5.0,0.0,0.0,0.0,0.0,0.0,0.0,0.0,0.0,0.0,1.0,0.0,0.0,0.0,0.0,0.0,1.0,0.0,2.0,0.0,0.0,7.0,0.0,0.0,0.0,0.0,0.0,5.0,0.0,0.0,0.0,0.0,1.0,0.0,3.0,0.0,0.0,1.0,0.0,0.0,0.0,0.0
2025-10-19,Younger Adults,0,0,0,0,0,2.0,0.0,1.0,0.0,1.0,0.0,9.0,0.0,12.0,0.0,0.0,0.0,0.0,15.0,0.0,0.0,0.0,4.0,0.0,0.0,15.0,1.0,0.0,1.0,0.0,7.0,0.0,0.0,6.0,0.0,2.0,0.0,0.0,0.0,0.0,0.0,25.0,0.0,4.0,0.0,0.0,17.0,0.0,6.0,0.0,0.0,0.0,5.0,0.0,0.0,25.0,0.0,9.0,0.0,14.0,0.0,0.0,6.0,0.0,0.0,1.0,0.0
2025-10-19,Youngers,0,0,0,0,0,1.0,0.0,0.0,0.0,0.0,0.0,3.0,0.0,5.0,0.0,0.0,0.0,0.0,15.0,0.0,0.0,0.0,1.0,0.0,0.0,20.0,2.0,0.0,1.0,0.0,4.0,0.0,0.0,3.0,0.0,7.0,0.0,1.0,0.0,0.0,0.0,14.5,0.0,3.0,0.0,0.0,24.0,0.0,4.0,0.0,0.0,0.0,17.0,0.0,0.0,21.0,0.0,5.0,0.0,26.0,0.0,0.0,6.0,0.0,0.0,2.0,0.0
2025-10-20,Elders,0,0,0,0,0,0.0,0.0,0.0,0.0,0.5,0.0,0.0,0.0,6.0,1.0,0.0,0.0,0.0,3.0,0.0,3.0,0.0,1.0,0.0,0.0,3.0,2.0,0.0,1.0,0.0,3.0,0.0,0.0,8.0,0.0,0.0,0.0,2.0,2.0,0.0,0.0,15.5,0.0,6.0,0.0,0.0,10.0,0.0,1.0,0.0,0.0,0.0,2.0,0.0,0.0,18.0,0.0,4.0,0.0,17.0,0.0,0.0,3.0,0.0,0.0,0.0,1.0
2025-10-20,School Children,0,0,0,0,0,0.0,0.0,0.0,0.0,0.0,0.0,0.0,0.0,0.0,0.0,0.0,0.0,0.0,0.0,0.0,0.0,0.0,0.0,0.0,0.0,4.0,1.0,0.0,0.0,0.0,0.0,0.0,0.0,0.0,0.0,0.0,0.0,2.0,0.0,0.0,0.0,1.0,0.0,1.0,0.0,0.0,5.0,0.0,0.0,0.0,0.0,0.0,5.0,0.0,0.0,1.0,0.0,0.0,0.0,3.0,0.0,0.0,1.0,0.0,0.0,0.0,0.0
2025-10-20,Younger Adults,0,0,0,0,0,2.0,0.0,1.0,0.0,0.5,0.0,6.0,0.0,9.0,0.0,0.0,0.0,0.0,13.0,1.0,0.0,0.0,4.0,0.0,0.0,15.0,3.0,0.0,3.0,0.0,13.0,1.0,0.0,9.0,1.0,1.0,0.0,4.0,2.0,0.0,0.0,29.5,0.0,4.0,0.0,0.0,13.0,0.0,5.0,0.0,0.0,0.0,4.0,1.0,0.0,47.0,0.0,8.0,0.0,14.0,0.0,0.0,6.0,0.0,0.0,1.0,0.0
2025-10-20,Youngers,0,0,0,0,0,0.0,0.0,0.0,0.0,0.0,0.0,3.0,0.0,3.0,0.0,0.0,1.0,0.0,13.0,0.0,0.0,0.0,1.0,0.0,0.0,20.0,6.0,1.0,2.0,0.0,6.0,0.0,0.0,6.0,3.0,4.0,0.0,5.0,2.0,0.0,0.0,17.5,0.0,3.0,0.0,0.0,18.0,0.0,3.0,0.0,0.0,0.0,15.0,0.0,0.0,39.0,0.0,5.0,0.0,27.0,0.0,0.0,7.0,0.0,0.0,5.0,0.0
2025-10-21,Elders,0,0,0,0,0,0.0,0.0,0.0,0.0,1.0,0.0,0.0,0.0,2.0,0.0,0.0,0.0,0.0,3.0,0.0,4.0,0.0,2.0,0.0,0.0,5.0,2.0,0.0,3.0,0.0,2.0,0.0,0.0,9.0,0.0,0.0,0.0,0.0,0.0,0.0,0.0,21.5,0.0,8.0,0.0,0.0,9.0,0.0,1.0,0.0,0.0,0.0,3.0,0.0,0.0,20.0,0.0,3.0,0.0,15.0,0.0,0.0,5.0,0.0,0.0,0.0,1.0
2025-10-21,School Children,0,0,0,0,0,0.0,0.0,0.0,0.0,0.0,0.0,0.0,0.0,0.0,0.0,0.0,0.0,0.0,0.0,0.0,0.0,0.0,0.0,0.0,0.0,7.0,2.0,0.0,0.0,0.0,0.0,0.0,0.0,0.0,0.0,0.0,0.0,0.0,0.0,0.0,0.0,1.5,0.0,2.0,0.0,0.0,5.0,0.0,0.0,0.0,0.0,0.0,5.0,0.0,0.0,1.0,0.0,0.0,0.0,3.0,0.0,0.0,1.0,0.0,0.0,0.0,0.0
2025-10-21,Younger Adults,0,0,0,0,0,2.0,0.0,0.0,0.0,2.5,0.0,7.0,0.0,4.0,0.0,0.0,0.0,0.0,13.0,0.0,0.0,0.0,7.0,0.0,0.0,22.0,4.0,0.0,5.0,0.0,7.0,5.0,0.0,11.0,0.0,0.0,0.0,1.0,0.0,0.0,0.0,39.5,0.0,6.0,0.0,0.0,12.0,0.0,4.0,0.0,0.0,0.0,4.0,0.0,0.0,54.0,0.0,6.0,0.0,13.0,0.0,0.0,8.0,0.0,0.0,0.0,0.0
2025-10-21,Youngers,0,0,0,0,0,1.0,0.0,0.0,0.0,0.0,0.0,3.0,0.0,2.0,0.0,0.0,4.0,0.0,14.0,0.0,0.0,0.0,2.0,0.0,0.0,30.0,7.0,1.0,3.0,0.0,4.0,0.0,0.0,7.0,0.0,2.0,0.0,1.0,0.0,0.0,0.0,23.5,0.0,4.0,0.0,0.0,16.0,0.0,2.0,0.0,0.0,0.0,15.0,0.0,0.0,45.0,0.0,4.0,0.0,23.0,0.0,0.0,9.0,0.0,0.0,2.0,0.0
2025-10-22,Elders,0,0,0,0,0,1.0,0.0,0.0,0.0,0.5,0.0,0.0,0.0,2.0,0.0,0.0,0.0,0.0,3.0,0.0,0.0,0.0,1.0,0.0,0.0,3.0,2.0,0.0,2.0,0.0,3.0,0.0,0.0,8.0,0.0,1.0,0.0,0.0,0.0,0.0,0.0,13.5,0.0,6.0,0.0,0.0,16.0,0.0,2.0,0.0,0.0,0.0,3.0,0.0,0.0,24.0,0.0,4.0,0.0,8.0,0.0,0.0,4.0,0.0,0.0,0.0,2.0
2025-10-22,School Children,0,0,0,0,0,0.0,0.0,0.0,0.0,0.0,0.0,0.0,0.0,0.0,0.0,0.0,0.0,0.0,0.0,0.0,0.0,0.0,0.0,0.0,0.0,4.0,1.0,0.0,0.0,0.0,0.0,0.0,0.0,0.0,0.0,1.0,0.0,0.0,0.0,0.0,0.0,1.0,0.0,2.0,0.0,0.0,8.0,0.0,1.0,0.0,0.0,0.0,5.0,0.0,0.0,1.0,0.0,0.0,0.0,1.0,0.0,0.0,1.0,0.0,0.0,0.0,0.0
2025-10-22,Younger Adults,0,0,0,0,0,9.0,0.0,0.0,0.0,1.5,0.0,9.0,0.0,3.0,0.0,0.0,0.0,0.0,13.0,0.0,0.0,0.0,6.0,0.0,0.0,14.0,3.0,0.0,3.0,0.0,10.0,2.0,0.0,10.0,0.0,2.0,0.0,0.0,0.0,0.0,0.0,25.0,0.0,4.0,0.0,0.0,20.0,0.0,8.0,0.0,0.0,0.0,4.0,0.0,0.0,63.0,0.0,8.0,0.0,7.0,0.0,0.0,6.0,0.0,0.0,1.0,0.0
2025-10-22,Youngers,0,0,0,0,0,3.0,0.0,0.0,0.0,0.0,0.0,4.0,0.0,1.0,0.0,0.0,3.0,0.0,13.0,0.0,0.0,0.0,2.0,0.0,0.0,18.0,6.0,1.0,2.0,0.0,5.0,0.0,0.0,6.0,0.0,7.0,0.0,0.0,0.0,0.0,0.0,14.5,0.0,3.0,0.0,0.0,26.0,0.0,5.0,1.0,0.0,0.0,15.0,0.0,0.0,52.0,0.0,5.0,0.0,13.0,0.0,0.0,7.0,0.0,0.0,4.0,0.0
2025-10-23,Elders,0,0,0,0,0,0.0,0.0,0.0,0.0,0.5,0.0,0.0,0.0,4.0,0.0,0.0,0.0,0.0,3.0,0.0,2.0,0.0,1.0,0.0,0.0,2.0,2.0,1.0,1.0,0.0,1.0,0.0,0.0,9.0,0.0,0.0,0.0,0.0,0.0,0.0,0.0,18.0,0.0,6.0,0.0,0.0,9.0,0.0,1.0,0.0,0.0,0.0,2.0,0.0,0.0,17.0,0.0,3.0,0.0,18.0,0.0,0.0,3.0,0.0,0.0,0.0,0.0
2025-10-23,School Children,0,0,0,0,0,0.0,0.0,0.0,0.0,0.0,0.0,0.0,0.0,0.0,0.0,0.0,0.0,0.0,0.0,0.0,0.0,0.0,0.0,0.0,0.0,3.0,2.0,0.0,0.0,0.0,0.0,0.0,0.0,0.0,0.0,0.0,0.0,0.0,0.0,0.0,0.0,1.5,0.0,2.0,0.0,0.0,4.0,0.0,0.0,0.0,0.0,0.0,3.0,0.0,0.0,1.0,0.0,1.0,0.0,3.0,0.0,0.0,1.0,0.0,0.0,0.0,0.0
2025-10-23,Younger Adults,0,0,0,0,0,2.0,0.0,0.0,0.0,1.5,0.0,7.0,0.0,6.0,0.0,0.0,0.0,0.0,12.0,1.0,0.0,0.0,5.0,0.0,0.0,11.0,5.0,1.0,2.0,0.0,5.0,1.0,0.0,12.0,0.0,1.0,0.0,0.0,0.0,0.0,0.0,33.0,0.0,4.0,0.0,0.0,10.0,0.0,2.0,1.0,0.0,0.0,3.0,1.0,0.0,45.0,0.0,7.0,0.0,15.0,0.0,0.0,6.0,0.0,0.0,0.0,0.0
2025-10-23,Youngers,0,0,0,0,0,0.0,0.0,0.0,0.0,0.0,0.0,3.0,0.0,2.0,0.0,0.0,5.0,0.0,12.0,1.0,0.0,0.0,2.0,0.0,0.0,14.0,9.0,1.0,1.0,0.0,2.0,0.0,0.0,7.0,0.0,3.0,0.0,0.0,0.0,0.0,0.0,19.5,0.0,3.0,0.0,0.0,14.0,0.0,1.0,2.0,0.0,0.0,10.0,0.0,0.0,37.0,0.0,4.0,0.0,28.0,0.0,0.0,7.0,0.0,0.0,1.0,0.0
2025-10-24,Elders,0,0,0,0,0,0.0,0.0,0.0,0.0,0.5,0.0,0.0,0.0,5.0,0.0,0.0,0.0,0.0,3.0,0.0,4.0,0.0,8.0,0.0,0.0,3.0,2.0,0.0,3.0,0.0,1.0,0.0,0.0,8.0,0.0,1.0,0.0,0.0,1.0,0.0,0.0,13.5,0.0,5.0,0.0,0.0,13.0,0.0,1.0,1.0,0.0,0.0,2.0,1.0,0.0,3.0,0.0,3.0,0.0,16.0,0.0,0.0,2.0,0.0,0.0,0.0,0.0
2025-10-24,School Children,0,0,0,0,0,0.0,0.0,0.0,0.0,0.0,0.0,0.0,0.0,0.0,0.0,0.0,0.0,0.0,0.0,0.0,0.0,0.0,0.0,0.0,0.0,4.0,1.0,0.0,0.0,0.0,0.0,0.0,0.0,0.0,0.0,1.0,0.0,0.0,0.0,0.0,0.0,1.0,0.0,1.0,0.0,0.0,6.0,0.0,0.0,0.0,0.0,0.0,4.0,0.0,0.0,0.0,0.0,0.0,0.0,3.0,0.0,0.0,1.0,0.0,0.0,0.0,0.0
2025-10-24,Younger Adults,0,0,0,0,0,2.0,0.0,0.0,0.0,1.5,0.0,7.0,0.0,8.0,0.0,0.0,0.0,0.0,11.0,1.0,0.0,0.0,28.0,0.0,0.0,14.0,3.0,0.0,5.0,0.0,4.0,2.0,0.0,10.0,1.0,1.0,0.0,1.0,2.0,0.0,0.0,25.5,0.0,3.0,0.0,0.0,16.0,0.0,5.0,1.0,0.0,0.0,3.0,2.0,0.0,9.0,0.0,7.0,0.0,14.0,0.0,0.0,4.0,0.0,0.0,0.0,0.0
2025-10-24,Youngers,0,0,0,0,0,1.0,0.0,0.0,0.0,0.0,0.0,3.0,0.0,3.0,0.0,0.0,3.0,0.0,12.0,1.0,0.0,0.0,8.0,0.0,0.0,18.0,7.0,0.0,3.0,0.0,2.0,0.0,0.0,7.0,3.0,6.0,0.0,1.0,2.0,0.0,0.0,15.0,0.0,2.0,0.0,0.0,22.0,0.0,3.0,3.0,0.0,0.0,11.0,1.0,0.0,8.0,0.0,4.0,0.0,25.0,0.0,0.0,4.0,0.0,0.0,1.0,0.0
2025-10-25,Elders,0,0,0,0,0,0.0,0.0,0.0,0.0,0.5,0.0,0.0,0.0,7.0,0.0,0.0,0.0,0.0,3.0,0.0,2.0,0.0,1.0,0.0,0.0,3.0,2.0,0.0,2.0,0.0,5.0,0.0,0.0,7.0,0.0,0.0,0.0,0.0,1.0,0.0,0.0,19.0,0.0,8.0,0.0,0.0,11.0,0.0,1.0,0.0,0.0,0.0,1.0,0.0,0.0,17.0,0.0,4.0,0.0,12.0,0.0,0.0,2.0,0.0,0.0,0.0,1.0
2025-10-25,School Children,0,0,0,0,0,0.0,0.0,0.0,0.0,0.0,0.0,0.0,0.0,0.0,0.0,0.0,0.0,0.0,0.0,0.0,0.0,0.0,0.0,0.0,0.0,5.0,1.0,0.0,0.0,0.0,0.0,0.0,0.0,0.0,0.0,0.0,0.0,0.0,0.0,0.0,0.0,1.5,0.0,2.0,0.0,0.0,6.0,0.0,0.0,0.0,0.0,0.0,2.0,0.0,0.0,1.0,0.0,0.0,0.0,2.0,0.0,0.0,1.0,0.0,0.0,0.0,0.0
2025-10-25,Younger Adults,0,0,0,0,0,0.0,0.0,0.0,0.0,1.5,0.0,11.0,0.0,11.0,0.0,0.0,0.0,0.0,14.0,0.0,0.0,0.0,5.0,0.0,0.0,16.0,3.0,0.0,4.0,0.0,17.0,0.0,0.0,8.0,2.0,1.0,0.0,0.0,2.0,0.0,0.0,36.0,0.0,6.0,0.0,0.0,13.0,0.0,5.0,0.0,0.0,0.0,2.0,1.0,0.0,45.0,0.0,8.0,0.0,11.0,0.0,0.0,4.0,0.0,0.0,0.0,0.0
2025-10-25,Youngers,0,0,0,0,0,0.0,0.0,0.0,0.0,0.0,0.0,4.0,0.0,5.0,0.0,0.0,6.0,0.0,15.0,0.0,0.0,0.0,1.0,0.0,0.0,21.0,6.0,1.0,3.0,0.0,9.0,0.0,0.0,5.0,3.0,4.0,0.0,0.0,1.0,0.0,0.0,21.5,0.0,4.0,0.0,0.0,18.0,0.0,3.0,0.0,0.0,1.0,6.0,0.0,0.0,37.0,0.0,5.0,0.0,19.0,0.0,0.0,5.0,0.0,0.0,2.0,0.0
2025-10-26,Elders,0,0,0,0,0,1.0,0.0,0.0,0.0,0.5,0.0,0.0,0.0,1.0,0.0,0.0,0.0,0.0,4.0,0.0,0.0,0.0,1.0,0.0,0.0,4.0,1.0,0.0,3.0,0.0,3.0,0.0,0.0,5.0,0.0,0.0,0.0,0.0,1.0,0.0,0.0,16.5,0.0,7.0,0.0,0.0,18.0,0.0,1.0,0.0,0.0,0.0,3.0,0.0,0.0,3.0,0.0,4.0,0.0,17.0,0.0,0.0,2.0,0.0,0.0,0.0,1.0
2025-10-26,School Children,0,0,0,0,0,0.0,0.0,0.0,0.0,0.0,0.0,0.0,0.0,0.0,0.0,0.0,0.0,0.0,0.0,0.0,0.0,0.0,0.0,0.0,0.0,5.0,1.0,0.0,0.0,0.0,0.0,0.0,0.0,0.0,0.0,0.0,0.0,0.0,0.0,0.0,0.0,1.0,0.0,2.0,0.0,0.0,9.0,0.0,0.0,0.0,0.0,0.0,5.0,0.0,0.0,0.0,0.0,1.0,0.0,3.0,0.0,0.0,1.0,0.0,0.0,0.0,0.0
2025-10-26,Younger Adults,0,0,0,0,0,7.0,0.0,0.0,0.0,1.5,0.0,0.0,0.0,2.0,0.0,0.0,0.0,0.0,17.0,0.0,0.0,0.0,2.0,0.0,0.0,19.0,3.0,1.0,6.0,0.0,13.0,0.0,0.0,6.0,0.0,0.0,0.0,0.0,2.0,0.0,0.0,31.0,0.0,4.0,0.0,0.0,22.0,0.0,4.0,0.0,0.0,1.0,5.0,0.0,0.0,9.0,0.0,7.0,0.0,14.0,0.0,0.0,4.0,0.0,0.0,2.0,0.0
2025-10-26,Youngers,0,0,0,0,0,2.0,0.0,0.0,0.0,0.0,0.0,0.0,0.0,1.0,0.0,0.0,2.0,0.0,17.0,0.0,0.0,0.0,1.0,0.0,0.0,25.0,5.0,1.0,3.0,0.0,7.0,0.0,0.0,4.0,0.0,0.0,0.0,0.0,1.0,0.0,0.0,18.5,0.0,3.0,0.0,0.0,30.0,0.0,2.0,0.0,0.0,1.0,17.0,0.0,0.0,8.0,0.0,4.0,0.0,25.0,0.0,0.0,5.0,0.0,0.0,7.0,0.0
2025-10-27,Elders,0,0,0,0,0,0.0,0.0,0.0,0.0,0.0,0.0,0.0,0.0,6.0,0.0,0.0,0.0,0.0,2.0,0.0,0.0,0.0,1.0,0.0,0.0,3.0,2.0,0.0,1.0,0.0,2.0,0.0,0.0,8.0,0.0,1.0,0.0,4.0,1.0,0.0,0.0,15.0,0.0,5.0,0.0,0.0,9.0,0.0,1.0,0.0,0.0,0.0,2.0,0.0,0.0,20.0,0.0,3.0,0.0,18.0,0.0,0.0,3.0,0.0,0.0,0.0,0.0
2025-10-27,School Children,0,0,0,0,0,0.0,0.0,0.0,0.0,0.0,0.0,0.0,0.0,0.0,0.0,0.0,0.0,0.0,0.0,0.0,0.0,0.0,0.0,0.0,0.0,4.0,1.0,0.0,0.0,0.0,0.0,0.0,0.0,0.0,0.0,1.0,0.0,4.0,0.0,0.0,0.0,1.0,0.0,1.0,0.0,0.0,5.0,0.0,0.0,0.0,0.0,0.0,4.0,0.0,0.0,1.0,0.0,1.0,0.0,3.0,0.0,0.0,1.0,0.0,0.0,0.0,0.0
2025-10-27,Younger Adults,0,0,0,0,0,0.0,0.0,0.0,0.0,0.5,0.0,6.0,0.0,9.0,0.0,0.0,0.0,0.0,11.0,1.0,0.0,0.0,5.0,0.0,0.0,15.0,3.0,0.0,3.0,0.0,6.0,1.0,0.0,11.0,1.0,1.0,0.0,8.0,2.0,0.0,0.0,28.0,0.0,4.0,0.0,0.0,12.0,0.0,4.0,0.0,0.0,0.0,3.0,1.0,0.0,54.0,0.0,7.0,0.0,15.0,0.0,0.0,4.0,0.0,0.0,1.0,0.0
2025-10-27,Youngers,0,0,0,0,0,0.0,0.0,0.0,0.0,0.0,0.0,3.0,0.0,4.0,0.0,0.0,0.0,0.0,11.0,1.0,0.0,0.0,1.0,0.0,0.0,20.0,6.0,0.0,2.0,0.0,3.0,0.0,0.0,7.0,3.0,6.0,0.0,9.0,2.0,0.0,0.0,17.0,0.0,3.0,0.0,0.0,16.0,0.0,3.0,0.0,0.0,0.0,11.0,0.0,0.0,45.0,0.0,4.0,0.0,27.0,0.0,0.0,5.0,0.0,0.0,5.0,0.0
2025-10-28,Elders,0,0,0,0,0,1.0,0.0,0.0,0.0,0.5,0.0,0.0,0.0,5.0,0.0,0.0,0.0,0.0,3.0,0.0,1.0,0.0,1.0,0.0,0.0,2.0,1.0,0.0,0.0,0.0,3.0,0.0,0.0,8.0,0.0,0.0,0.0,0.0,0.0,0.0,0.0,16.5,0.0,7.0,0.0,0.0,7.0,0.0,1.0,0.0,0.0,0.0,2.0,0.0,0.0,10.0,0.0,3.0,0.0,11.0,0.0,0.0,1.0,0.0,0.0,0.0,0.0
2025-10-28,School Children,0,0,0,0,0,0.0,0.0,0.0,0.0,0.0,0.0,0.0,0.0,0.0,0.0,0.0,0.0,0.0,0.0,0.0,0.0,0.0,0.0,0.0,0.0,3.0,1.0,0.0,0.0,0.0,0.0,0.0,0.0,0.0,0.0,1.0,0.0,0.0,0.0,0.0,0.0,1.0,0.0,2.0,0.0,0.0,4.0,0.0,0.0,0.0,0.0,0.0,4.0,0.0,0.0,0.0,0.0,0.0,0.0,2.0,0.0,0.0,1.0,0.0,0.0,0.0,0.0
2025-10-28,Younger Adults,0,0,0,0,0,6.0,0.0,0.0,0.0,0.5,0.0,6.0,0.0,8.0,0.0,0.0,0.0,0.0,14.0,1.0,0.0,0.0,4.0,0.0,0.0,10.0,2.0,0.0,1.0,0.0,13.0,3.0,0.0,11.0,3.0,1.0,0.0,1.0,0.0,1.0,0.0,30.5,0.0,5.0,0.0,0.0,8.0,0.0,6.0,0.0,0.0,0.0,3.0,0.0,0.0,27.0,0.0,6.0,0.0,10.0,0.0,0.0,2.0,0.0,0.0,1.0,0.0
2025-10-28,Youngers,0,0,0,0,0,2.0,0.0,0.0,0.0,0.0,0.0,3.0,0.0,3.0,0.0,0.0,0.0,0.0,14.0,1.0,0.0,0.0,1.0,0.0,0.0,13.0,5.0,0.0,0.0,0.0,6.0,0.0,0.0,7.0,5.0,5.0,0.0,1.0,0.0,0.0,0.0,18.0,0.0,3.0,0.0,0.0,11.0,0.0,4.0,0.0,0.0,0.0,12.0,0.0,0.0,23.0,0.0,3.0,0.0,18.0,0.0,0.0,3.0,0.0,0.0,3.0,0.0
2025-10-29,Elders,0,0,0,0,0,0.0,0.0,0.0,0.0,1.0,0.0,0.0,0.0,4.0,0.0,0.0,0.0,0.0,3.0,0.0,3.0,0.0,1.0,0.0,0.0,3.0,2.0,1.0,1.0,0.0,2.0,0.0,0.0,6.0,0.0,0.0,0.0,1.0,0.0,0.0,0.0,16.5,0.0,8.0,0.0,0.0,10.0,0.0,1.0,0.0,0.0,0.0,2.0,0.0,0.0,10.0,0.0,4.0,0.0,9.0,0.0,0.0,3.0,0.0,0.0,0.0,0.0
2025-10-29,School Children,0,0,0,0,0,0.0,0.0,0.0,0.0,0.0,0.0,0.0,0.0,0.0,0.0,0.0,0.0,0.0,0.0,0.0,0.0,0.0,0.0,0.0,0.0,5.0,2.0,0.0,0.0,0.0,0.0,0.0,0.0,0.0,0.0,0.0,0.0,1.0,0.0,0.0,0.0,1.0,0.0,2.0,0.0,0.0,5.0,0.0,0.0,0.0,0.0,0.0,4.0,0.0,0.0,0.0,0.0,1.0,0.0,1.0,0.0,0.0,1.0,0.0,0.0,0.0,0.0
2025-10-29,Younger Adults,0,0,0,0,0,2.0,0.0,0.0,0.0,2.0,0.0,7.0,0.0,5.0,0.0,0.0,0.0,0.0,13.0,0.0,0.0,0.0,5.0,0.0,0.0,16.0,4.0,1.0,3.0,0.0,8.0,1.0,0.0,8.0,1.0,1.0,0.0,1.0,0.0,0.0,0.0,31.0,0.0,5.0,0.0,0.0,12.0,0.0,3.0,0.0,0.0,1.0,3.0,0.0,0.0,27.0,0.0,7.0,0.0,7.0,0.0,0.0,5.0,0.0,0.0,1.0,0.0
2025-10-29,Youngers,0,0,0,0,0,0.0,0.0,0.0,0.0,0.0,0.0,3.0,0.0,2.0,0.0,0.0,2.0,0.0,13.0,0.0,0.0,0.0,2.0,0.0,0.0,21.0,7.0,1.0,2.0,0.0,4.0,0.0,0.0,5.0,2.0,2.0,0.0,1.0,0.0,0.0,0.0,18.5,0.0,4.0,0.0,0.0,17.0,0.0,2.0,0.0,0.0,1.0,11.0,0.0,0.0,23.0,0.0,4.0,0.0,13.0,0.0,0.0,6.0,0.0,0.0,5.0,0.0
2025-10-30,Elders,0,0,0,0,0,1.0,0.0,0.0,0.0,0.5,0.0,0.0,0.0,4.0,0.0,0.0,0.0,0.0,2.0,0.0,1.0,0.0,1.0,0.0,0.0,2.0,1.0,0.0,2.0,0.0,3.0,0.0,0.0,4.0,0.0,1.0,0.0,0.0,0.0,0.0,0.0,15.5,0.0,8.0,0.0,0.0,9.0,0.0,1.0,0.0,0.0,0.0,2.0,0.0,0.0,20.0,0.0,4.0,0.0,11.0,0.0,0.0,2.0,0.0,0.0,0.0,1.0
2025-10-30,School Children,0,0,0,0,0,0.0,0.0,0.0,0.0,0.0,0.0,0.0,0.0,0.0,0.0,0.0,0.0,0.0,0.0,0.0,0.0,0.0,0.0,0.0,0.0,4.0,0.0,0.0,0.0,0.0,0.0,0.0,0.0,0.0,0.0,1.0,0.0,0.0,0.0,0.0,0.0,1.0,0.0,2.0,0.0,0.0,5.0,0.0,0.0,0.0,0.0,0.0,4.0,0.0,0.0,1.0,0.0,1.0,0.0,2.0,0.0,0.0,1.0,0.0,0.0,0.0,0.0
2025-10-30,Younger Adults,0,0,0,0,0,7.0,0.0,1.0,0.0,1.0,0.0,6.0,0.0,6.0,0.0,0.0,0.0,0.0,9.0,0.0,0.0,0.0,5.0,0.0,0.0,13.0,1.0,0.0,3.0,0.0,13.0,2.0,0.0,5.0,1.0,1.0,0.0,1.0,0.0,1.0,0.0,29.0,0.0,5.0,0.0,0.0,11.0,0.0,2.0,0.0,0.0,1.0,4.0,0.0,0.0,54.0,0.0,9.0,0.0,10.0,0.0,0.0,4.0,0.0,0.0,3.0,0.0
2025-10-30,Youngers,0,0,0,0,0,2.0,0.0,0.0,0.0,0.0,0.0,2.0,0.0,2.0,0.0,0.0,4.0,0.0,10.0,0.0,0.0,0.0,2.0,0.0,0.0,17.0,2.0,0.0,2.0,0.0,7.0,0.0,0.0,3.0,2.0,6.0,0.0,1.0,0.0,0.0,0.0,17.5,0.0,4.0,0.0,0.0,16.0,0.0,2.0,0.0,0.0,1.0,14.0,0.0,0.0,45.0,0.0,6.0,0.0,18.0,0.0,0.0,4.0,0.0,0.0,8.0,0.0
2025-10-31,Elders,0,0,0,0,0,0.0,0.0,0.0,0.0,0.5,0.0,0.0,0.0,2.0,0.0,0.0,0.0,0.0,1.0,0.0,0.0,0.0,1.0,0.0,0.0,1.0,0.0,0.0,1.0,0.0,4.0,0.0,0.0,2.0,0.0,0.0,0.0,0.0,0.0,0.0,0.0,5.0,0.0,0.0,0.0,0.0,4.0,0.0,0.0,0.0,0.0,0.0,1.0,0.0,0.0,7.0,0.0,1.0,0.0,3.0,0.0,0.0,1.0,0.0,0.0,0.0,0.0
2025-10-31,School Children,0,0,0,0,0,0.0,0.0,0.0,0.0,0.0,0.0,0.0,0.0,0.0,0.0,0.0,0.0,0.0,0.0,0.0,0.0,0.0,0.0,0.0,0.0,2.0,0.0,0.0,0.0,0.0,0.0,0.0,0.0,0.0,0.0,0.0,0.0,0.0,0.0,0.0,0.0,0.5,0.0,0.0,0.0,0.0,2.0,0.0,0.0,0.0,0.0,0.0,1.0,0.0,0.0,0.0,0.0,0.0,0.0,1.0,0.0,0.0,1.0,0.0,0.0,0.0,0.0
2025-10-31,Younger Adults,0,0,0,0,0,3.0,0.0,0.0,0.0,2.0,0.0,6.0,0.0,4.0,0.0,0.0,0.0,0.0,3.0,1.0,0.0,0.0,4.0,0.0,0.0,6.0,1.0,0.0,1.0,0.0,13.0,0.0,0.0,2.0,1.0,0.0,0.0,0.0,0.0,0.0,0.0,9.5,0.0,0.0,0.0,0.0,4.0,0.0,2.0,0.0,0.0,0.0,1.0,0.0,0.0,18.0,0.0,2.0,0.0,3.0,0.0,0.0,2.0,0.0,0.0,0.0,0.0
2025-10-31,Youngers,0,0,0,0,0,1.0,0.0,0.0,0.0,0.0,0.0,2.0,0.0,2.0,0.0,0.0,1.0,0.0,4.0,0.0,0.0,0.0,1.0,0.0,0.0,9.0,1.0,0.0,1.0,0.0,7.0,0.0,0.0,2.0,2.0,0.0,0.0,0.0,0.0,0.0,0.0,6.0,0.0,0.0,0.0,0.0,6.0,0.0,1.0,0.0,0.0,0.0,5.0,0.0,0.0,15.0,0.0,2.0,0.0,5.0,0.0,0.0,2.0,0.0,0.0,1.0,0.0
2025-11-01,Elders,0,0,0,0,0,1.0,0.0,1.0,0.0,0.5,0.0,0.0,0.0,5.0,1.0,0.0,0.0,0.0,3.0,0.0,0.0,0.0,1.0,0.0,0.0,4.0,2.0,1.0,2.0,0.0,3.0,0.0,0.0,12.0,0.0,1.0,0.0,0.0,0.0,0.0,0.0,17.0,0.0,10.0,0.0,0.0,14.0,0.0,1.0,0.0,0.0,1.0,4.0,0.0,0.0,14.0,0.0,6.0,0.0,18.0,0.0,0.0,4.0,0.0,0.0,0.0,0.0
2025-11-01,School Children,0,0,0,0,0,0.0,0.0,0.0,0.0,0.0,0.0,0.0,0.0,0.0,0.0,0.0,0.0,0.0,0.0,0.0,0.0,0.0,0.0,0.0,0.0,5.0,1.0,1.0,0.0,0.0,0.0,0.0,0.0,0.0,0.0,1.0,0.0,1.0,0.0,0.0,0.0,1.5,0.0,3.0,0.0,0.0,7.0,0.0,0.0,0.0,0.0,1.0,7.0,0.0,0.0,1.0,0.0,1.0,0.0,3.0,0.0,0.0,1.0,0.0,0.0,0.0,0.0
2025-11-01,Younger Adults,0,0,0,0,0,6.0,0.0,1.0,0.0,1.0,0.0,7.0,0.0,8.0,0.0,0.0,0.0,0.0,11.0,0.0,0.0,0.0,5.0,0.0,0.0,17.0,3.0,2.0,3.0,0.0,13.0,3.0,0.0,15.0,2.0,1.0,0.0,1.0,0.0,1.0,0.0,32.5,0.0,7.0,0.0,0.0,17.0,0.0,5.0,1.0,0.0,1.0,6.0,1.0,0.0,39.0,0.0,12.0,0.0,16.0,0.0,0.0,7.0,0.0,0.0,1.0,0.0
2025-11-01,Youngers,0,0,0,0,0,2.0,0.0,1.0,0.0,0.0,0.0,3.0,0.0,3.0,0.0,0.0,3.0,0.0,11.0,0.0,0.0,0.0,2.0,0.0,0.0,24.0,7.0,2.0,2.0,0.0,7.0,0.0,0.0,9.0,3.0,5.0,0.0,1.0,0.0,1.0,0.0,19.0,0.0,5.0,0.0,0.0,24.0,0.0,3.0,2.0,0.0,1.0,22.0,0.0,0.0,32.0,0.0,8.0,0.0,28.0,0.0,0.0,8.0,0.0,0.0,3.0,0.0
2025-11-02,Elders,0,0,0,0,0,0.0,0.0,0.0,0.0,0.5,0.0,0.0,0.0,6.0,0.0,0.0,0.0,0.0,3.0,0.0,2.0,0.0,1.0,0.0,0.0,4.0,2.0,0.0,0.0,0.0,5.0,0.0,0.0,6.0,0.0,1.0,0.0,1.0,0.0,0.0,0.0,18.5,0.0,5.0,0.0,0.0,16.0,0.0,2.0,0.0,0.0,0.0,3.0,0.0,0.0,12.0,0.0,6.0,0.0,16.0,0.0,0.0,4.0,0.0,0.0,0.0,0.0
2025-11-02,School Children,0,0,0,0,0,0.0,0.0,0.0,0.0,0.0,0.0,0.0,0.0,0.0,0.0,0.0,0.0,0.0,0.0,0.0,0.0,0.0,0.0,0.0,0.0,6.0,1.0,0.0,0.0,0.0,0.0,0.0,0.0,0.0,0.0,1.0,0.0,1.0,0.0,0.0,0.0,1.5,0.0,1.0,0.0,0.0,8.0,0.0,0.0,0.0,0.0,0.0,6.0,0.0,0.0,0.0,0.0,1.0,0.0,3.0,0.0,0.0,1.0,0.0,0.0,0.0,0.0
2025-11-02,Younger Adults,0,0,0,0,0,2.0,0.0,1.0,0.0,1.0,0.0,9.0,0.0,9.0,0.0,0.0,0.0,0.0,13.0,0.0,0.0,0.0,5.0,0.0,0.0,19.0,3.0,0.0,1.0,0.0,17.0,0.0,0.0,8.0,4.0,1.0,0.0,1.0,0.0,0.0,0.0,35.0,0.0,4.0,0.0,0.0,19.0,0.0,7.0,1.0,0.0,1.0,6.0,1.0,0.0,32.0,0.0,12.0,0.0,13.0,0.0,0.0,6.0,0.0,0.0,1.0,0.0
2025-11-02,Youngers,0,0,0,0,0,0.0,0.0,0.0,0.0,0.0,0.0,4.0,0.0,3.0,0.0,0.0,3.0,0.0,13.0,0.0,0.0,0.0,1.0,0.0,0.0,25.0,7.0,1.0,0.0,0.0,9.0,0.0,0.0,5.0,8.0,7.0,0.0,2.0,0.0,0.0,0.0,20.5,0.0,2.0,0.0,0.0,26.0,0.0,4.0,1.0,0.0,1.0,20.0,1.0,0.0,27.0,0.0,7.0,0.0,24.0,0.0,0.0,8.0,0.0,0.0,3.0,0.0
2025-11-03,Elders,0,0,0,0,0,0.0,0.0,0.0,0.0,0.0,0.0,0.0,0.0,6.0,0.0,0.0,0.0,0.0,3.0,0.0,0.0,0.0,0.0,0.0,0.0,2.0,1.0,0.0,3.0,0.0,3.0,0.0,0.0,4.0,0.0,0.0,0.0,0.0,0.0,0.0,0.0,16.0,0.0,2.0,0.0,0.0,13.0,0.0,2.0,0.0,0.0,0.0,4.0,0.0,0.0,0.0,0.0,2.0,0.0,20.0,0.0,0.0,4.0,0.0,0.0,0.0,0.0
2025-11-03,School Children,0,0,0,0,0,0.0,0.0,0.0,0.0,0.0,0.0,0.0,0.0,0.0,0.0,0.0,0.0,0.0,0.0,0.0,0.0,0.0,0.0,0.0,0.0,4.0,1.0,0.0,0.0,0.0,0.0,0.0,0.0,0.0,0.0,0.0,0.0,0.0,0.0,0.0,0.0,1.0,0.0,1.0,0.0,0.0,7.0,0.0,0.0,0.0,0.0,0.0,9.0,0.0,0.0,0.0,0.0,0.0,0.0,3.0,0.0,0.0,2.0,0.0,0.0,0.0,0.0
2025-11-03,Younger Adults,0,0,0,0,0,1.0,0.0,0.0,0.0,0.5,0.0,4.0,0.0,9.0,0.0,0.0,0.0,0.0,12.0,0.0,0.0,0.0,0.0,0.0,0.0,12.0,3.0,0.0,4.0,0.0,9.0,3.0,0.0,6.0,1.0,0.0,0.0,0.0,0.0,0.0,0.0,29.5,0.0,2.0,0.0,0.0,16.0,0.0,7.0,0.0,0.0,0.0,7.0,0.0,0.0,0.0,0.0,5.0,0.0,17.0,0.0,0.0,7.0,0.0,0.0,2.0,0.0
2025-11-03,Youngers,0,0,0,0,0,0.0,0.0,0.0,0.0,0.0,0.0,1.0,0.0,4.0,0.0,0.0,2.0,0.0,13.0,0.0,0.0,0.0,0.0,0.0,0.0,16.0,6.0,0.0,3.0,0.0,5.0,0.0,0.0,3.0,1.0,1.0,0.0,0.0,0.0,0.0,0.0,17.5,0.0,1.0,0.0,0.0,22.0,0.0,5.0,0.0,0.0,0.0,26.0,0.0,0.0,0.0,0.0,3.0,0.0,31.0,0.0,0.0,8.0,0.0,0.0,5.0,0.0
2025-11-04,Elders,0,0,0,0,0,0.0,0.0,0.0,0.0,0.5,0.0,0.0,0.0,6.0,0.0,0.0,0.0,0.0,5.0,0.0,0.0,0.0,1.0,0.0,0.0,3.0,2.0,1.0,1.0,0.0,5.0,0.0,0.0,7.0,0.0,0.0,0.0,0.0,0.0,0.0,0.0,22.0,0.0,9.0,0.0,0.0,12.0,0.0,1.0,0.0,0.0,0.0,3.0,0.0,0.0,7.0,0.0,4.0,0.0,13.0,0.0,0.0,2.0,0.0,0.0,0.0,0.0
2025-11-04,School Children,0,0,0,0,0,0.0,0.0,0.0,0.0,0.0,0.0,0.0,0.0,0.0,0.0,0.0,0.0,0.0,0.0,0.0,0.0,0.0,0.0,0.0,0.0,4.0,2.0,0.0,0.0,0.0,0.0,0.0,0.0,0.0,0.0,0.0,0.0,0.0,0.0,0.0,0.0,1.5,0.0,2.0,0.0,0.0,6.0,0.0,0.0,0.0,0.0,0.0,5.0,0.0,0.0,0.0,0.0,1.0,0.0,2.0,0.0,0.0,1.0,0.0,0.0,0.0,0.0
2025-11-04,Younger Adults,0,0,0,0,0,2.0,0.0,0.0,0.0,1.0,0.0,4.0,0.0,8.0,0.0,0.0,0.0,0.0,21.0,1.0,0.0,0.0,3.0,0.0,0.0,13.0,3.0,2.0,2.0,0.0,18.0,3.0,0.0,8.0,1.0,0.0,0.0,0.0,0.0,0.0,0.0,40.5,0.0,6.0,0.0,0.0,14.0,0.0,4.0,0.0,0.0,0.0,5.0,0.0,0.0,18.0,0.0,9.0,0.0,11.0,0.0,0.0,4.0,0.0,0.0,2.0,0.0
2025-11-04,Youngers,0,0,0,0,0,1.0,0.0,0.0,0.0,0.0,0.0,2.0,0.0,3.0,0.0,0.0,6.0,0.0,22.0,0.0,0.0,0.0,1.0,0.0,0.0,17.0,7.0,2.0,1.0,0.0,9.0,0.0,0.0,5.0,1.0,1.0,0.0,0.0,0.0,0.0,0.0,24.0,0.0,4.0,0.0,0.0,19.0,0.0,2.0,0.0,0.0,0.0,16.0,0.0,0.0,15.0,0.0,6.0,0.0,19.0,0.0,0.0,4.0,0.0,0.0,5.0,0.0
2025-11-05,Elders,0,0,0,0,0,0.0,0.0,0.0,0.0,0.5,0.0,0.0,0.0,2.0,0.0,0.0,0.0,0.0,2.0,0.0,0.0,0.0,1.0,0.0,0.0,2.0,1.0,1.0,0.0,0.0,3.0,0.0,0.0,3.0,0.0,0.0,0.0,0.0,0.0,0.0,0.0,10.0,0.0,2.0,0.0,0.0,4.0,0.0,1.0,0.0,0.0,0.0,1.0,0.0,0.0,7.0,0.0,2.0,0.0,10.0,0.0,0.0,2.0,0.0,0.0,0.0,0.0
2025-11-05,School Children,0,0,0,0,0,0.0,0.0,0.0,0.0,0.0,0.0,0.0,0.0,0.0,0.0,0.0,0.0,0.0,0.0,0.0,0.0,0.0,0.0,0.0,0.0,3.0,1.0,0.0,0.0,0.0,0.0,0.0,0.0,0.0,0.0,0.0,0.0,0.0,0.0,0.0,0.0,1.0,0.0,1.0,0.0,0.0,2.0,0.0,1.0,0.0,0.0,0.0,3.0,0.0,0.0,0.0,0.0,0.0,0.0,2.0,0.0,0.0,1.0,0.0,0.0,0.0,0.0
2025-11-05,Younger Adults,0,0,0,0,0,0.0,0.0,0.0,0.0,1.0,0.0,8.0,0.0,2.0,0.0,0.0,0.0,0.0,9.0,0.0,0.0,0.0,3.0,0.0,0.0,8.0,2.0,1.0,0.0,0.0,10.0,0.0,0.0,4.0,1.0,0.0,0.0,0.0,0.0,0.0,0.0,19.0,0.0,2.0,0.0,0.0,5.0,0.0,5.0,0.0,0.0,0.0,2.0,0.0,0.0,18.0,0.0,4.0,0.0,8.0,0.0,0.0,3.0,0.0,0.0,0.0,0.0
2025-11-05,Youngers,0,0,0,0,0,0.0,0.0,0.0,0.0,0.0,0.0,3.0,0.0,1.0,0.0,0.0,5.0,0.0,10.0,0.0,0.0,0.0,1.0,0.0,0.0,11.0,3.0,1.0,0.0,0.0,5.0,0.0,0.0,3.0,3.0,0.0,0.0,0.0,0.0,0.0,0.0,11.0,0.0,1.0,0.0,0.0,6.0,0.0,3.0,0.0,0.0,0.0,7.0,0.0,0.0,15.0,0.0,3.0,0.0,15.0,0.0,0.0,4.0,0.0,0.0,2.0,0.0
2025-11-06,Elders,0,0,0,0,0,0.0,0.0,0.0,0.0,0.5,0.0,0.0,0.0,3.0,0.0,0.0,0.0,0.0,3.0,0.0,0.0,0.0,1.0,0.0,0.0,3.0,1.0,0.0,0.0,0.0,1.0,0.0,0.0,4.0,0.0,1.0,0.0,0.0,0.0,0.0,0.0,17.5,0.0,12.0,0.0,0.0,13.0,0.0,0.0,0.0,0.0,0.0,1.0,0.0,0.0,10.0,0.0,4.0,0.0,9.0,0.0,0.0,3.0,0.0,0.0,0.0,0.0
2025-11-06,School Children,0,0,0,0,0,0.0,0.0,0.0,0.0,0.0,0.0,0.0,0.0,0.0,0.0,0.0,0.0,0.0,0.0,0.0,0.0,0.0,0.0,0.0,0.0,4.0,1.0,0.0,0.0,0.0,0.0,0.0,0.0,0.0,0.0,1.0,0.0,0.0,0.0,0.0,0.0,1.5,0.0,3.0,0.0,0.0,6.0,0.0,0.0,0.0,0.0,0.0,1.0,0.0,0.0,0.0,0.0,1.0,0.0,1.0,0.0,0.0,1.0,0.0,0.0,0.0,0.0
2025-11-06,Younger Adults,0,0,0,0,0,0.0,0.0,0.0,0.0,0.5,0.0,7.0,0.0,4.0,0.0,0.0,0.0,0.0,14.0,1.0,0.0,0.0,2.0,0.0,0.0,14.0,3.0,0.0,1.0,0.0,3.0,8.0,0.0,5.0,0.0,1.0,0.0,0.0,0.0,0.0,0.0,32.5,0.0,8.0,0.0,0.0,16.0,0.0,1.0,0.0,0.0,0.0,1.0,0.0,0.0,27.0,0.0,8.0,0.0,8.0,0.0,0.0,4.0,0.0,0.0,3.0,0.0
2025-11-06,Youngers,0,0,0,0,0,0.0,0.0,0.0,0.0,0.0,0.0,3.0,0.0,2.0,0.0,0.0,3.0,0.0,15.0,1.0,0.0,0.0,1.0,0.0,0.0,18.0,6.0,1.0,0.0,0.0,1.0,0.0,0.0,3.0,0.0,6.0,0.0,0.0,0.0,0.0,0.0,19.5,0.0,6.0,0.0,0.0,21.0,0.0,1.0,0.0,0.0,0.0,5.0,0.0,0.0,23.0,0.0,5.0,0.0,14.0,0.0,0.0,5.0,0.0,0.0,8.0,0.0
2025-11-07,Elders,0,0,0,0,0,0.0,0.0,0.0,0.0,0.5,0.0,0.0,0.0,6.0,0.0,0.0,0.0,0.0,4.0,0.0,0.0,0.0,1.0,0.0,0.0,3.0,1.0,0.0,0.0,0.0,4.0,0.0,0.0,3.0,0.0,1.0,0.0,0.0,1.0,0.0,0.0,18.0,0.0,5.0,0.0,0.0,14.0,0.0,1.0,0.0,0.0,0.0,1.0,0.0,0.0,13.0,0.0,5.0,0.0,15.0,0.0,0.0,3.0,0.0,0.0,0.0,0.0
2025-11-07,School Children,0,0,0,0,0,0.0,0.0,0.0,0.0,0.0,0.0,0.0,0.0,0.0,0.0,0.0,0.0,0.0,0.0,0.0,0.0,0.0,0.0,0.0,0.0,5.0,1.0,0.0,0.0,0.0,0.0,0.0,0.0,0.0,0.0,1.0,0.0,0.0,0.0,0.0,0.0,1.5,0.0,1.0,0.0,0.0,7.0,0.0,0.0,0.0,0.0,0.0,3.0,0.0,0.0,1.0,0.0,1.0,0.0,2.0,0.0,0.0,1.0,0.0,0.0,0.0,0.0
2025-11-07,Younger Adults,0,0,0,0,0,4.0,0.0,0.0,0.0,0.5,0.0,5.0,0.0,9.0,0.0,0.0,0.0,0.0,17.0,0.0,0.0,0.0,2.0,0.0,0.0,17.0,2.0,0.0,0.0,0.0,14.0,1.0,0.0,4.0,0.0,1.0,0.0,0.0,2.0,0.0,0.0,33.0,0.0,4.0,0.0,0.0,17.0,0.0,6.0,0.0,0.0,0.0,2.0,0.0,0.0,36.0,0.0,10.0,0.0,13.0,0.0,0.0,5.0,0.0,0.0,1.0,0.0
2025-11-07,Youngers,0,0,0,0,0,1.0,0.0,0.0,0.0,0.0,0.0,2.0,0.0,4.0,0.0,0.0,0.0,0.0,17.0,0.0,0.0,0.0,1.0,0.0,0.0,22.0,5.0,0.0,0.0,0.0,7.0,0.0,0.0,2.0,1.0,5.0,0.0,0.0,2.0,0.0,0.0,19.5,0.0,2.0,0.0,0.0,24.0,0.0,4.0,0.0,0.0,0.0,9.0,0.0,0.0,30.0,0.0,6.0,0.0,23.0,0.0,0.0,6.0,0.0,0.0,4.0,0.0
2025-11-08,Elders,0,0,0,0,0,0.0,0.0,0.0,0.0,0.5,0.0,0.0,0.0,15.0,2.0,0.0,0.0,0.0,6.0,0.0,2.0,0.0,2.0,0.0,0.0,10.0,2.0,0.0,2.0,0.0,9.0,0.0,0.0,5.0,0.0,2.0,0.0,0.0,0.0,0.0,0.0,34.0,0.0,18.0,0.0,0.0,22.0,0.0,2.0,0.0,0.0,0.0,4.0,0.0,0.0,33.0,0.0,4.0,0.0,29.0,0.0,0.0,2.0,0.0,0.0,0.0,0.0
2025-11-08,School Children,0,0,0,0,0,0.0,0.0,0.0,0.0,0.0,0.0,0.0,0.0,0.0,0.0,0.0,0.0,0.0,0.0,0.0,0.0,0.0,0.0,0.0,0.0,15.0,2.0,0.0,0.0,0.0,0.0,0.0,0.0,0.0,0.0,2.0,0.0,0.0,0.0,0.0,0.0,2.5,0.0,4.0,0.0,0.0,11.0,0.0,0.0,0.0,0.0,0.0,9.0,0.0,0.0,1.0,0.0,1.0,0.0,5.0,0.0,0.0,1.0,0.0,0.0,0.0,0.0
2025-11-08,Younger Adults,0,0,0,0,0,3.0,0.0,0.0,0.0,1.5,0.0,14.0,0.0,24.0,0.0,0.0,0.0,0.0,25.0,0.0,0.0,0.0,8.0,0.0,0.0,51.0,4.0,0.0,4.0,0.0,32.0,2.0,0.0,7.0,3.0,3.0,0.0,0.0,0.0,0.0,0.0,63.5,0.0,12.0,0.0,0.0,28.0,0.0,6.0,0.0,0.0,0.0,8.0,0.0,0.0,91.0,0.0,8.0,0.0,25.0,0.0,0.0,3.0,0.0,0.0,2.0,0.0
2025-11-08,Youngers,0,0,0,0,0,1.0,0.0,0.0,0.0,0.0,0.0,6.0,0.0,9.0,0.0,0.0,4.0,0.0,27.0,0.0,0.0,0.0,2.0,0.0,0.0,68.0,8.0,0.0,2.0,0.0,17.0,0.0,0.0,4.0,5.0,15.0,0.0,0.0,0.0,0.0,0.0,38.0,0.0,8.0,0.0,0.0,37.0,0.0,4.0,0.0,0.0,0.0,27.0,0.0,0.0,75.0,0.0,5.0,0.0,45.0,0.0,0.0,4.0,0.0,0.0,8.0,0.0
2025-11-09,Elders,0,0,0,0,0,1.0,0.0,0.0,0.0,0.5,0.0,1.0,0.0,10.0,0.0,0.0,0.0,0.0,8.0,0.0,0.0,0.0,2.0,0.0,0.0,6.0,2.0,0.0,4.0,0.0,9.0,0.0,0.0,8.0,0.0,0.0,0.0,0.0,0.0,0.0,0.0,37.5,0.0,13.0,0.0,0.0,22.0,0.0,3.0,0.0,0.0,0.0,3.0,0.0,0.0,20.0,0.0,10.0,0.0,26.0,0.0,0.0,5.0,0.0,0.0,0.0,0.0
2025-11-09,School Children,0,0,0,0,0,0.0,0.0,0.0,0.0,0.0,0.0,0.0,0.0,0.0,0.0,0.0,0.0,0.0,0.0,0.0,0.0,0.0,0.0,0.0,0.0,9.0,2.0,0.0,0.0,0.0,0.0,0.0,0.0,0.0,0.0,0.0,0.0,0.0,0.0,0.0,0.0,3.0,0.0,3.0,0.0,0.0,11.0,0.0,1.0,0.0,0.0,0.0,6.0,0.0,0.0,1.0,0.0,2.0,0.0,4.0,0.0,0.0,2.0,0.0,0.0,0.0,0.0
2025-11-09,Younger Adults,0,0,0,0,0,6.0,0.0,0.0,0.0,1.5,0.0,18.0,0.0,16.0,0.0,0.0,0.0,0.0,33.0,0.0,0.0,0.0,8.0,0.0,0.0,30.0,4.0,1.0,6.0,0.0,34.0,4.0,0.0,11.0,4.0,1.0,0.0,0.0,0.0,0.0,0.0,70.0,0.0,8.0,0.0,0.0,27.0,0.0,12.0,0.0,0.0,0.0,6.0,0.0,0.0,54.0,0.0,20.0,0.0,21.0,0.0,0.0,8.0,0.0,0.0,3.0,0.0
2025-11-09,Youngers,0,0,0,0,0,1.0,0.0,0.0,0.0,0.0,0.0,7.0,0.0,6.0,0.0,0.0,2.0,0.0,35.0,0.0,0.0,0.0,2.0,0.0,0.0,41.0,8.0,1.0,4.0,0.0,17.0,0.0,0.0,7.0,8.0,3.0,0.0,0.0,0.0,0.0,0.0,41.5,0.0,6.0,0.0,0.0,36.0,0.0,8.0,0.0,0.0,0.0,19.0,0.0,0.0,45.0,0.0,12.0,0.0,39.0,0.0,0.0,9.0,0.0,0.0,9.0,0.0
2025-11-10,Elders,0,0,0,0,0,0.0,0.0,0.0,0.0,0.0,0.0,0.0,0.0,37.0,2.0,0.0,0.0,0.0,6.0,0.0,3.0,0.0,0.0,0.0,0.0,5.0,1.0,0.0,1.0,0.0,9.0,0.0,0.0,0.0,0.0,1.0,0.0,0.0,0.0,0.0,0.0,17.0,0.0,12.0,0.0,0.0,24.0,0.0,2.0,0.0,0.0,0.0,1.0,0.0,0.0,17.0,0.0,5.0,0.0,35.0,0.0,0.0,0.0,0.0,0.0,0.0,3.0
2025-11-10,School Children,0,0,0,0,0,0.0,0.0,0.0,0.0,0.0,0.0,0.0,0.0,0.0,0.0,0.0,0.0,0.0,0.0,0.0,0.0,0.0,0.0,0.0,0.0,7.0,1.0,0.0,0.0,0.0,0.0,0.0,0.0,0.0,0.0,1.0,0.0,0.0,0.0,0.0,0.0,1.0,0.0,3.0,0.0,0.0,13.0,0.0,1.0,0.0,0.0,0.0,3.0,0.0,0.0,1.0,0.0,1.0,0.0,6.0,0.0,0.0,0.0,0.0,0.0,0.0,0.0
2025-11-10,Younger Adults,0,0,0,0,0,4.0,0.0,0.0,0.0,0.0,0.0,1.0,0.0,57.0,0.0,0.0,0.0,0.0,25.0,0.0,0.0,0.0,1.0,0.0,0.0,22.0,2.0,0.0,3.0,0.0,34.0,3.0,0.0,0.0,1.0,2.0,0.0,0.0,1.0,0.0,0.0,32.0,0.0,8.0,0.0,0.0,30.0,0.0,8.0,0.0,0.0,0.0,2.0,0.0,0.0,45.0,0.0,11.0,0.0,30.0,0.0,0.0,0.0,0.0,0.0,2.0,0.0
2025-11-10,Youngers,0,0,0,0,0,1.0,0.0,0.0,0.0,0.0,0.0,1.0,0.0,22.0,0.0,0.0,0.0,0.0,27.0,0.0,0.0,0.0,0.0,0.0,0.0,30.0,5.0,0.0,2.0,0.0,17.0,0.0,0.0,0.0,1.0,8.0,0.0,0.0,0.0,0.0,0.0,19.0,0.0,6.0,0.0,0.0,41.0,0.0,5.0,0.0,0.0,0.0,9.0,0.0,0.0,37.0,0.0,7.0,0.0,55.0,0.0,0.0,0.0,0.0,0.0,5.0,0.0
2025-11-11,Elders,0,0,0,0,0,1.0,0.0,0.0,0.0,0.5,0.0,0.0,0.0,4.0,1.0,0.0,0.0,0.0,3.0,0.0,0.0,0.0,1.0,0.0,0.0,2.0,2.0,0.0,1.0,0.0,4.0,0.0,0.0,2.0,0.0,0.0,0.0,0.0,1.0,0.0,0.0,16.5,0.0,6.0,0.0,0.0,9.0,0.0,1.0,0.0,0.0,0.0,2.0,0.0,0.0,10.0,0.0,3.0,0.0,14.0,0.0,0.0,4.0,0.0,0.0,0.0,1.0
2025-11-11,School Children,0,0,0,0,0,0.0,0.0,0.0,0.0,0.0,0.0,0.0,0.0,0.0,0.0,0.0,0.0,0.0,0.0,0.0,0.0,0.0,0.0,0.0,0.0,3.0,2.0,0.0,0.0,0.0,0.0,0.0,0.0,0.0,0.0,0.0,0.0,0.0,0.0,0.0,0.0,1.5,0.0,2.0,0.0,0.0,5.0,0.0,0.0,0.0,0.0,0.0,4.0,0.0,0.0,0.0,0.0,0.0,0.0,2.0,0.0,0.0,1.0,0.0,0.0,0.0,0.0
2025-11-11,Younger Adults,0,0,0,0,0,6.0,0.0,0.0,0.0,2.0,0.0,7.0,0.0,6.0,0.0,0.0,0.0,0.0,12.0,1.0,0.0,0.0,3.0,0.0,0.0,11.0,4.0,0.0,1.0,0.0,15.0,4.0,0.0,3.0,2.0,1.0,0.0,0.0,1.0,0.0,0.0,31.5,0.0,4.0,0.0,0.0,11.0,0.0,4.0,0.0,0.0,0.0,3.0,0.0,0.0,27.0,0.0,6.0,0.0,12.0,0.0,0.0,7.0,0.0,0.0,1.0,0.0
2025-11-11,Youngers,0,0,0,0,0,1.0,0.0,0.0,0.0,0.0,0.0,3.0,0.0,3.0,0.0,0.0,5.0,0.0,13.0,0.0,0.0,0.0,1.0,0.0,0.0,14.0,9.0,0.0,1.0,0.0,7.0,0.0,0.0,2.0,3.0,2.0,0.0,0.0,1.0,0.0,0.0,18.5,0.0,3.0,0.0,0.0,15.0,0.0,2.0,0.0,0.0,0.0,11.0,0.0,0.0,23.0,0.0,3.0,0.0,22.0,0.0,0.0,8.0,0.0,0.0,5.0,0.0
2025-11-12,Elders,0,0,0,0,0,1.0,0.0,0.0,0.0,0.5,0.0,0.0,0.0,1.0,0.0,0.0,0.0,0.0,3.0,0.0,0.0,0.0,1.0,0.0,0.0,4.0,1.0,0.0,2.0,0.0,1.0,0.0,0.0,6.0,0.0,0.0,0.0,0.0,0.0,0.0,0.0,16.5,0.0,5.0,0.0,0.0,12.0,0.0,1.0,0.0,0.0,0.0,2.0,0.0,0.0,13.0,0.0,4.0,0.0,15.0,0.0,0.0,3.0,0.0,0.0,0.0,0.0
2025-11-12,School Children,0,0,0,0,0,0.0,0.0,0.0,0.0,0.0,0.0,0.0,0.0,0.0,0.0,0.0,0.0,0.0,0.0,0.0,0.0,0.0,0.0,0.0,0.0,5.0,1.0,0.0,0.0,0.0,0.0,0.0,0.0,0.0,0.0,0.0,0.0,0.0,0.0,0.0,0.0,1.0,0.0,1.0,0.0,0.0,6.0,0.0,0.0,0.0,0.0,0.0,3.0,0.0,0.0,1.0,0.0,1.0,0.0,2.0,0.0,0.0,1.0,0.0,0.0,0.0,0.0
2025-11-12,Younger Adults,0,0,0,0,0,14.0,0.0,1.0,0.0,2.0,0.0,5.0,0.0,1.0,0.0,0.0,0.0,0.0,13.0,0.0,0.0,0.0,5.0,0.0,0.0,17.0,3.0,0.0,4.0,0.0,5.0,3.0,0.0,7.0,2.0,0.0,0.0,0.0,1.0,0.0,0.0,30.5,0.0,3.0,0.0,0.0,15.0,0.0,3.0,0.0,0.0,0.0,3.0,0.0,0.0,36.0,0.0,7.0,0.0,13.0,0.0,0.0,5.0,0.0,0.0,1.0,0.0
2025-11-12,Youngers,0,0,0,0,0,4.0,0.0,1.0,0.0,0.0,0.0,2.0,0.0,1.0,0.0,0.0,2.0,0.0,13.0,0.0,0.0,0.0,2.0,0.0,0.0,23.0,6.0,0.0,3.0,0.0,2.0,0.0,0.0,5.0,3.0,0.0,0.0,0.0,0.0,0.0,0.0,18.0,0.0,2.0,0.0,0.0,20.0,0.0,2.0,0.0,0.0,0.0,11.0,0.0,0.0,30.0,0.0,4.0,0.0,23.0,0.0,0.0,6.0,0.0,0.0,5.0,0.0
2025-11-13,Elders,0,0,0,0,0,1.0,0.0,0.0,0.0,0.5,0.0,0.0,0.0,6.0,0.0,0.0,0.0,0.0,2.0,0.0,0.0,0.0,1.0,0.0,0.0,3.0,1.0,0.0,2.0,0.0,1.0,0.0,0.0,5.0,0.0,0.0,0.0,0.0,0.0,0.0,0.0,19.5,0.0,10.0,0.0,0.0,13.0,0.0,1.0,0.0,0.0,0.0,1.0,0.0,0.0,13.0,0.0,3.0,0.0,18.0,0.0,0.0,3.0,0.0,0.0,0.0,0.0
2025-11-13,School Children,0,0,0,0,0,0.0,0.0,0.0,0.0,0.0,0.0,0.0,0.0,0.0,0.0,0.0,0.0,0.0,0.0,0.0,0.0,0.0,0.0,0.0,0.0,5.0,1.0,0.0,0.0,0.0,0.0,0.0,0.0,0.0,0.0,0.0,0.0,0.0,0.0,0.0,0.0,1.5,0.0,2.0,0.0,0.0,7.0,0.0,0.0,0.0,0.0,0.0,2.0,0.0,0.0,1.0,0.0,1.0,0.0,3.0,0.0,0.0,1.0,0.0,0.0,0.0,0.0
2025-11-13,Younger Adults,0,0,0,0,0,9.0,0.0,1.0,0.0,0.5,0.0,5.0,0.0,9.0,0.0,0.0,0.0,0.0,9.0,0.0,0.0,0.0,4.0,0.0,0.0,16.0,2.0,0.0,3.0,0.0,2.0,1.0,0.0,6.0,2.0,0.0,0.0,0.0,0.0,0.0,0.0,36.5,0.0,7.0,0.0,0.0,16.0,0.0,5.0,0.0,0.0,0.0,1.0,0.0,0.0,36.0,0.0,7.0,0.0,15.0,0.0,0.0,4.0,0.0,0.0,3.0,0.0
2025-11-13,Youngers,0,0,0,0,0,3.0,0.0,1.0,0.0,0.0,0.0,2.0,0.0,4.0,0.0,0.0,1.0,0.0,9.0,0.0,0.0,0.0,1.0,0.0,0.0,21.0,3.0,1.0,2.0,0.0,1.0,0.0,0.0,4.0,4.0,1.0,0.0,0.0,0.0,0.0,0.0,21.5,0.0,4.0,0.0,0.0,22.0,0.0,3.0,0.0,0.0,0.0,6.0,0.0,0.0,30.0,0.0,4.0,0.0,27.0,0.0,0.0,5.0,0.0,0.0,8.0,0.0
2025-11-14,Elders,0,0,0,0,0,0.0,0.0,0.0,0.0,0.5,0.0,0.0,0.0,6.0,0.0,0.0,0.0,0.0,3.0,0.0,0.0,0.0,0.0,0.0,0.0,3.0,1.0,0.0,1.0,0.0,5.0,0.0,0.0,3.0,0.0,0.0,0.0,0.0,0.0,0.0,0.0,19.0,0.0,5.0,0.0,0.0,13.0,0.0,1.0,0.0,0.0,0.0,1.0,0.0,0.0,10.0,0.0,3.0,0.0,14.0,0.0,0.0,4.0,0.0,0.0,0.0,0.0
2025-11-14,School Children,0,0,0,0,0,0.0,0.0,0.0,0.0,0.0,0.0,0.0,0.0,0.0,0.0,0.0,0.0,0.0,0.0,0.0,0.0,0.0,0.0,0.0,0.0,4.0,1.0,0.0,0.0,0.0,0.0,0.0,0.0,0.0,0.0,0.0,0.0,0.0,0.0,0.0,0.0,1.5,0.0,1.0,0.0,0.0,7.0,0.0,0.0,0.0,0.0,0.0,3.0,0.0,0.0,0.0,0.0,0.0,0.0,2.0,0.0,0.0,2.0,0.0,0.0,0.0,0.0
2025-11-14,Younger Adults,0,0,0,0,0,2.0,0.0,0.0,0.0,0.5,0.0,8.0,0.0,10.0,0.0,0.0,0.0,0.0,12.0,0.0,0.0,0.0,2.0,0.0,0.0,14.0,2.0,0.0,2.0,0.0,16.0,1.0,0.0,4.0,0.0,1.0,0.0,0.0,1.0,0.0,0.0,35.5,0.0,4.0,0.0,0.0,17.0,0.0,5.0,0.0,0.0,0.0,2.0,0.0,0.0,27.0,0.0,7.0,0.0,12.0,0.0,0.0,7.0,0.0,0.0,2.0,0.0
2025-11-14,Youngers,0,0,0,0,0,0.0,0.0,0.0,0.0,0.0,0.0,3.0,0.0,4.0,0.0,0.0,3.0,0.0,12.0,0.0,0.0,0.0,1.0,0.0,0.0,20.0,4.0,0.0,1.0,0.0,8.0,0.0,0.0,2.0,0.0,4.0,0.0,0.0,0.0,0.0,0.0,21.0,0.0,3.0,0.0,0.0,22.0,0.0,3.0,0.0,0.0,0.0,7.0,0.0,0.0,23.0,0.0,4.0,0.0,22.0,0.0,0.0,8.0,0.0,0.0,8.0,0.0
2025-11-15,Elders,0,0,0,0,0,1.0,0.0,0.0,0.0,0.5,0.0,0.0,0.0,4.0,2.0,0.0,0.0,0.0,3.0,0.0,3.0,0.0,0.0,0.0,0.0,3.0,1.0,0.0,3.0,0.0,3.0,0.0,0.0,5.0,0.0,0.0,0.0,0.0,1.0,0.0,0.0,16.0,0.0,10.0,0.0,0.0,10.0,0.0,0.0,0.0,0.0,0.0,0.0,0.0,0.0,3.0,0.0,7.0,0.0,16.0,0.0,0.0,2.0,0.0,0.0,0.0,0.0
2025-11-15,School Children,0,0,0,0,0,0.0,0.0,0.0,0.0,0.0,0.0,0.0,0.0,0.0,0.0,0.0,0.0,0.0,0.0,0.0,0.0,0.0,0.0,0.0,0.0,4.0,1.0,0.0,0.0,0.0,0.0,0.0,0.0,0.0,0.0,0.0,0.0,0.0,0.0,0.0,0.0,1.0,0.0,3.0,0.0,0.0,5.0,0.0,0.0,0.0,0.0,0.0,1.0,0.0,0.0,0.0,0.0,1.0,0.0,3.0,0.0,0.0,0.0,0.0,0.0,0.0,0.0
2025-11-15,Younger Adults,0,0,0,0,0,4.0,0.0,0.0,0.0,0.5,0.0,2.0,0.0,5.0,0.0,0.0,0.0,0.0,11.0,0.0,0.0,0.0,2.0,0.0,0.0,15.0,3.0,0.0,6.0,0.0,13.0,4.0,0.0,7.0,1.0,0.0,0.0,0.0,2.0,0.0,0.0,29.5,0.0,7.0,0.0,0.0,12.0,0.0,0.0,0.0,0.0,0.0,1.0,0.0,0.0,9.0,0.0,14.0,0.0,13.0,0.0,0.0,3.0,0.0,0.0,1.0,0.0
2025-11-15,Youngers,0,0,0,0,0,1.0,0.0,0.0,0.0,0.0,0.0,1.0,0.0,2.0,0.0,0.0,6.0,0.0,11.0,0.0,0.0,0.0,1.0,0.0,0.0,20.0,6.0,0.0,4.0,0.0,7.0,0.0,0.0,4.0,2.0,2.0,0.0,0.0,2.0,0.0,0.0,17.5,0.0,5.0,0.0,0.0,17.0,0.0,0.0,0.0,0.0,0.0,3.0,0.0,0.0,8.0,0.0,8.0,0.0,25.0,0.0,0.0,3.0,0.0,0.0,2.0,0.0
2025-11-16,Elders,0,0,0,0,0,1.0,0.0,0.0,0.0,0.5,0.0,0.0,0.0,1.0,0.0,0.0,0.0,0.0,4.0,0.0,0.0,0.0,1.0,0.0,0.0,3.0,1.0,0.0,3.0,0.0,3.0,0.0,0.0,6.0,0.0,0.0,0.0,0.0,1.0,0.0,0.0,15.0,0.0,6.0,0.0,0.0,19.0,0.0,1.0,0.0,0.0,0.0,2.0,0.0,0.0,3.0,0.0,4.0,0.0,17.0,0.0,0.0,2.0,0.0,0.0,0.0,1.0
2025-11-16,School Children,0,0,0,0,0,0.0,0.0,0.0,0.0,0.0,0.0,0.0,0.0,0.0,0.0,0.0,0.0,0.0,0.0,0.0,0.0,0.0,0.0,0.0,0.0,4.0,1.0,0.0,0.0,0.0,0.0,0.0,0.0,0.0,0.0,0.0,0.0,0.0,0.0,0.0,0.0,1.0,0.0,2.0,0.0,0.0,9.0,0.0,0.0,0.0,0.0,0.0,5.0,0.0,0.0,0.0,0.0,1.0,0.0,3.0,0.0,0.0,1.0,0.0,0.0,0.0,0.0
2025-11-16,Younger Adults,0,0,0,0,0,7.0,0.0,0.0,0.0,1.5,0.0,0.0,0.0,2.0,0.0,0.0,0.0,0.0,18.0,1.0,0.0,0.0,2.0,0.0,0.0,15.0,3.0,1.0,4.0,0.0,13.0,0.0,0.0,7.0,0.0,0.0,0.0,0.0,2.0,0.0,0.0,28.0,0.0,4.0,0.0,0.0,23.0,0.0,3.0,0.0,0.0,1.0,4.0,0.0,0.0,7.0,0.0,7.0,0.0,14.0,0.0,0.0,4.0,0.0,0.0,2.0,0.0
2025-11-16,Youngers,0,0,0,0,0,2.0,0.0,0.0,0.0,0.0,0.0,0.0,0.0,1.0,0.0,0.0,1.0,0.0,18.0,0.0,0.0,0.0,1.0,0.0,0.0,20.0,5.0,1.0,3.0,0.0,6.0,0.0,0.0,4.0,0.0,0.0,0.0,0.0,1.0,0.0,0.0,16.5,0.0,3.0,0.0,0.0,31.0,0.0,2.0,1.0,0.0,1.0,14.0,0.0,0.0,6.0,0.0,4.0,0.0,26.0,0.0,0.0,4.0,0.0,0.0,8.0,0.0
2025-11-17,Elders,0,0,0,0,0,0.0,0.0,0.0,0.0,0.0,0.0,0.0,0.0,0.0,0.0,0.0,0.0,0.0,3.0,0.0,0.0,0.0,0.0,0.0,0.0,0.0,0.0,0.0,0.0,0.0,0.0,0.0,0.0,0.0,0.0,0.0,0.0,0.0,0.0,0.0,0.0,0.0,0.0,0.0,0.0,0.0,7.0,0.0,0.0,0.0,0.0,0.0,0.0,0.0,0.0,8.0,0.0,0.0,0.0,0.0,0.0,0.0,0.0,0.0,0.0,0.0,1.0
2025-11-17,School Children,0,0,0,0,0,0.0,0.0,0.0,0.0,0.0,0.0,0.0,0.0,0.0,0.0,0.0,0.0,0.0,0.0,0.0,0.0,0.0,0.0,0.0,0.0,0.0,0.0,0.0,0.0,0.0,0.0,0.0,0.0,0.0,0.0,0.0,0.0,0.0,0.0,0.0,0.0,0.0,0.0,0.0,0.0,0.0,3.0,0.0,0.0,0.0,0.0,0.0,0.0,0.0,0.0,0.0,0.0,0.0,0.0,0.0,0.0,0.0,0.0,0.0,0.0,0.0,0.0
2025-11-17,Younger Adults,0,0,0,0,0,0.0,0.0,0.0,0.0,0.0,0.0,0.0,0.0,0.0,0.0,0.0,0.0,0.0,11.0,0.0,0.0,0.0,0.0,0.0,0.0,0.0,0.0,0.0,0.0,0.0,0.0,0.0,0.0,0.0,0.0,0.0,0.0,0.0,0.0,0.0,0.0,0.0,0.0,0.0,0.0,0.0,9.0,0.0,0.0,0.0,0.0,0.0,0.0,1.0,0.0,20.0,0.0,0.0,0.0,0.0,0.0,0.0,0.0,0.0,0.0,0.0,0.0
2025-11-17,Youngers,0,0,0,0,0,0.0,0.0,0.0,0.0,0.0,0.0,0.0,0.0,0.0,0.0,0.0,0.0,0.0,12.0,0.0,0.0,0.0,0.0,0.0,0.0,0.0,0.0,0.0,0.0,0.0,0.0,0.0,0.0,0.0,0.0,0.0,0.0,0.0,0.0,0.0,0.0,0.0,0.0,0.0,0.0,0.0,12.0,0.0,0.0,0.0,0.0,0.0,0.0,0.0,0.0,17.0,0.0,0.0,0.0,0.0,0.0,0.0,0.0,0.0,0.0,2.0,0.0
2025-11-18,Elders,0,0,0,0,0,0.0,0.0,0.0,0.0,1.0,0.0,0.0,0.0,3.0,0.0,0.0,0.0,0.0,3.0,0.0,3.0,0.0,1.0,0.0,0.0,4.0,2.0,0.0,3.0,0.0,2.0,0.0,0.0,9.0,0.0,0.0,0.0,0.0,0.0,0.0,0.0,19.5,0.0,8.0,0.0,0.0,8.0,0.0,1.0,0.0,0.0,0.0,3.0,0.0,0.0,19.0,0.0,3.0,0.0,17.0,0.0,0.0,5.0,0.0,0.0,0.0,1.0
2025-11-18,School Children,0,0,0,0,0,0.0,0.0,0.0,0.0,0.0,0.0,0.0,0.0,0.0,0.0,0.0,0.0,0.0,0.0,0.0,0.0,0.0,0.0,0.0,0.0,6.0,1.0,0.0,0.0,0.0,0.0,0.0,0.0,0.0,0.0,0.0,0.0,0.0,0.0,0.0,0.0,1.5,0.0,2.0,0.0,0.0,4.0,0.0,0.0,0.0,0.0,0.0,5.0,0.0,0.0,1.0,0.0,0.0,0.0,3.0,0.0,0.0,2.0,0.0,0.0,0.0,0.0
2025-11-18,Younger Adults,0,0,0,0,0,2.0,0.0,0.0,0.0,2.0,0.0,9.0,0.0,4.0,0.0,0.0,0.0,0.0,11.0,1.0,0.0,0.0,6.0,0.0,0.0,20.0,3.0,0.0,5.0,0.0,7.0,4.0,0.0,11.0,0.0,0.0,0.0,1.0,0.0,0.0,0.0,37.0,0.0,5.0,0.0,0.0,9.0,0.0,4.0,0.0,0.0,0.0,4.0,0.0,0.0,53.0,0.0,7.0,0.0,14.0,0.0,0.0,8.0,0.0,0.0,0.0,0.0
2025-11-18,Youngers,0,0,0,0,0,1.0,0.0,0.0,0.0,0.0,0.0,3.0,0.0,2.0,0.0,0.0,5.0,0.0,12.0,0.0,0.0,0.0,2.0,0.0,0.0,28.0,7.0,1.0,3.0,0.0,3.0,0.0,0.0,7.0,0.0,2.0,0.0,1.0,0.0,0.0,0.0,22.0,0.0,3.0,0.0,0.0,13.0,0.0,2.0,0.0,0.0,0.0,16.0,0.0,0.0,44.0,0.0,4.0,0.0,26.0,0.0,0.0,9.0,0.0,0.0,2.0,0.0
2025-11-19,Elders,0,0,0,0,0,0.0,0.0,0.0,0.0,1.0,0.0,0.0,0.0,17.0,2.0,0.0,0.0,0.0,7.0,0.0,1.0,0.0,1.0,1.0,0.0,4.0,1.0,0.0,1.0,0.0,8.0,0.0,0.0,0.0,0.0,0.0,1.0,0.0,0.0,0.0,0.0,27.5,0.0,5.0,0.0,0.0,11.0,0.0,2.0,2.0,0.0,1.0,2.0,0.0,0.0,10.0,0.0,4.0,0.0,11.0,0.0,0.0,5.0,1.0,0.0,0.0,1.0
2025-11-19,School Children,0,0,0,0,0,0.0,0.0,0.0,0.0,0.0,0.0,0.0,0.0,0.0,0.0,0.0,0.0,0.0,0.0,0.0,0.0,0.0,0.0,0.0,0.0,6.0,1.0,0.0,0.0,0.0,0.0,0.0,0.0,0.0,0.0,1.0,0.0,0.0,0.0,0.0,0.0,2.0,0.0,1.0,0.0,0.0,6.0,0.0,1.0,0.0,0.0,1.0,4.0,0.0,0.0,0.0,0.0,1.0,0.0,2.0,0.0,0.0,2.0,0.0,0.0,0.0,0.0
2025-11-19,Younger Adults,0,0,0,0,0,2.0,0.0,0.0,0.0,3.0,0.0,9.0,0.0,25.0,0.0,0.0,0.0,0.0,32.0,0.0,0.0,0.0,5.0,2.0,0.0,20.0,2.0,0.0,2.0,0.0,31.0,0.0,0.0,1.0,1.0,1.0,7.0,0.0,0.0,1.0,0.0,51.0,0.0,4.0,0.0,0.0,14.0,0.0,7.0,2.0,0.0,1.0,3.0,0.0,0.0,28.0,0.0,8.0,0.0,9.0,0.0,0.0,8.0,0.0,0.0,1.0,0.0
2025-11-19,Youngers,0,0,0,0,0,1.0,0.0,0.0,0.0,0.0,0.0,4.0,0.0,10.0,0.0,0.0,0.0,0.0,33.0,0.0,0.0,0.0,1.0,2.0,0.0,27.0,4.0,0.0,2.0,0.0,16.0,0.0,0.0,0.0,2.0,4.0,4.0,1.0,0.0,0.0,0.0,30.5,0.0,3.0,0.0,0.0,18.0,0.0,5.0,4.0,0.0,2.0,12.0,0.0,0.0,23.0,0.0,5.0,0.0,16.0,0.0,0.0,9.0,0.0,0.0,5.0,0.0
2025-11-20,Elders,0,0,0,0,0,1.0,0.0,0.0,0.0,0.5,0.0,0.0,0.0,4.0,1.0,0.0,0.0,0.0,2.0,0.0,1.0,0.0,1.0,0.0,0.0,3.0,1.0,0.0,2.0,0.0,4.0,0.0,0.0,5.0,0.0,1.0,0.0,0.0,0.0,0.0,0.0,18.5,0.0,7.0,0.0,0.0,9.0,0.0,1.0,0.0,0.0,0.0,2.0,0.0,0.0,19.0,0.0,4.0,0.0,11.0,0.0,0.0,2.0,0.0,0.0,0.0,1.0
2025-11-20,School Children,0,0,0,0,0,0.0,0.0,0.0,0.0,0.0,0.0,0.0,0.0,0.0,0.0,0.0,0.0,0.0,0.0,0.0,0.0,0.0,0.0,0.0,0.0,5.0,0.0,0.0,0.0,0.0,0.0,0.0,0.0,0.0,0.0,1.0,0.0,0.0,0.0,0.0,0.0,1.5,0.0,2.0,0.0,0.0,4.0,0.0,0.0,0.0,0.0,0.0,4.0,0.0,0.0,1.0,0.0,1.0,0.0,2.0,0.0,0.0,1.0,0.0,0.0,0.0,0.0
2025-11-20,Younger Adults,0,0,0,0,0,9.0,0.0,1.0,0.0,1.0,0.0,7.0,0.0,5.0,0.0,0.0,0.0,0.0,11.0,0.0,0.0,0.0,6.0,0.0,0.0,16.0,1.0,0.0,4.0,0.0,15.0,2.0,0.0,6.0,1.0,2.0,0.0,1.0,0.0,1.0,0.0,34.0,0.0,5.0,0.0,0.0,10.0,0.0,2.0,0.0,0.0,1.0,4.0,0.0,0.0,52.0,0.0,9.0,0.0,9.0,0.0,0.0,3.0,0.0,0.0,3.0,0.0
2025-11-20,Youngers,0,0,0,0,0,2.0,0.0,0.0,0.0,0.0,0.0,3.0,0.0,2.0,0.0,0.0,5.0,0.0,11.0,0.0,0.0,0.0,2.0,0.0,0.0,21.0,2.0,0.0,2.0,0.0,8.0,0.0,0.0,3.0,3.0,7.0,0.0,1.0,0.0,0.0,0.0,20.0,0.0,3.0,0.0,0.0,14.0,0.0,2.0,0.0,0.0,1.0,13.0,0.0,0.0,43.0,0.0,5.0,0.0,17.0,0.0,0.0,3.0,0.0,0.0,9.0,0.0
2025-11-21,Elders,0,0,0,0,0,2.0,0.0,0.0,0.0,0.5,0.0,0.0,0.0,7.0,1.0,0.0,0.0,0.0,6.0,0.0,0.0,0.0,1.0,0.0,0.0,4.0,1.0,0.0,2.0,0.0,5.0,0.0,0.0,9.0,0.0,1.0,0.0,1.0,3.0,0.0,0.0,25.5,0.0,9.0,0.0,0.0,16.0,0.0,1.0,0.0,0.0,1.0,4.0,0.0,0.0,11.0,0.0,4.0,0.0,11.0,0.0,0.0,6.0,0.0,0.0,0.0,0.0
2025-11-21,School Children,0,0,0,0,0,0.0,0.0,0.0,0.0,0.0,0.0,0.0,0.0,0.0,0.0,0.0,0.0,0.0,0.0,0.0,0.0,0.0,0.0,0.0,0.0,5.0,1.0,0.0,0.0,0.0,0.0,0.0,0.0,0.0,0.0,1.0,0.0,1.0,1.0,0.0,0.0,2.0,0.0,3.0,0.0,0.0,9.0,0.0,1.0,0.0,0.0,2.0,9.0,0.0,0.0,1.0,0.0,1.0,0.0,2.0,0.0,0.0,2.0,0.0,0.0,0.0,0.0
2025-11-21,Younger Adults,0,0,0,0,0,16.0,0.0,1.0,0.0,0.5,0.0,9.0,0.0,11.0,0.0,0.0,0.0,0.0,27.0,1.0,0.0,0.0,2.0,0.0,0.0,19.0,1.0,0.0,4.0,0.0,21.0,0.0,0.0,12.0,1.0,2.0,0.0,1.0,4.0,0.0,0.0,48.0,0.0,6.0,0.0,0.0,20.0,0.0,5.0,1.0,0.0,2.0,8.0,1.0,0.0,30.0,0.0,8.0,0.0,9.0,0.0,0.0,9.0,0.0,0.0,1.0,0.0
2025-11-21,Youngers,0,0,0,0,0,4.0,0.0,0.0,0.0,0.0,0.0,3.0,0.0,4.0,0.0,0.0,0.0,0.0,28.0,0.0,0.0,0.0,1.0,0.0,0.0,25.0,3.0,1.0,3.0,0.0,11.0,0.0,0.0,7.0,3.0,7.0,0.0,1.0,4.0,0.0,0.0,28.5,0.0,4.0,0.0,0.0,27.0,0.0,3.0,1.0,0.0,2.0,28.0,0.0,0.0,25.0,0.0,5.0,0.0,17.0,0.0,0.0,11.0,0.0,0.0,4.0,0.0
2025-11-22,Elders,0,0,0,0,0,2.0,0.0,0.0,0.0,0.5,0.0,0.0,0.0,10.0,0.0,0.0,0.0,0.0,6.0,0.0,1.0,0.0,1.0,0.0,0.0,4.0,3.0,0.0,4.0,0.0,6.0,0.0,0.0,6.0,0.0,1.0,0.0,0.0,0.0,0.0,0.0,26.0,0.0,8.0,0.0,0.0,14.0,0.0,2.0,0.0,0.0,0.0,2.0,0.0,0.0,6.0,0.0,6.0,0.0,20.0,0.0,0.0,3.0,0.0,0.0,0.0,0.0
2025-11-22,School Children,0,0,0,0,0,0.0,0.0,0.0,0.0,0.0,0.0,0.0,0.0,0.0,0.0,0.0,0.0,0.0,0.0,0.0,0.0,0.0,0.0,0.0,0.0,6.0,3.0,0.0,0.0,0.0,0.0,0.0,0.0,0.0,0.0,1.0,0.0,0.0,0.0,0.0,0.0,2.0,0.0,2.0,0.0,0.0,7.0,0.0,1.0,0.0,0.0,0.0,5.0,0.0,0.0,0.0,0.0,1.0,0.0,3.0,0.0,0.0,1.0,0.0,0.0,0.0,0.0
2025-11-22,Younger Adults,0,0,0,0,0,16.0,0.0,1.0,0.0,2.0,0.0,8.0,0.0,16.0,0.0,0.0,0.0,0.0,25.0,0.0,0.0,0.0,5.0,0.0,0.0,19.0,6.0,0.0,7.0,0.0,23.0,1.0,0.0,8.0,1.0,1.0,0.0,0.0,1.0,1.0,0.0,48.0,0.0,6.0,0.0,0.0,17.0,0.0,10.0,1.0,0.0,1.0,4.0,1.0,0.0,15.0,0.0,13.0,0.0,17.0,0.0,0.0,6.0,0.0,0.0,1.0,0.0
2025-11-22,Youngers,0,0,0,0,0,4.0,0.0,1.0,0.0,0.0,0.0,3.0,0.0,6.0,0.0,0.0,1.0,0.0,27.0,0.0,0.0,0.0,2.0,0.0,0.0,25.0,11.0,0.0,5.0,0.0,12.0,0.0,0.0,5.0,2.0,6.0,0.0,0.0,1.0,1.0,0.0,28.5,0.0,4.0,0.0,0.0,24.0,0.0,6.0,1.0,0.0,1.0,14.0,1.0,0.0,12.0,0.0,8.0,0.0,31.0,0.0,0.0,7.0,0.0,0.0,2.0,0.0
2025-11-23,Elders,0,0,0,0,0,1.0,0.0,0.0,0.0,0.5,0.0,0.0,0.0,1.0,0.0,0.0,0.0,0.0,4.0,0.0,0.0,0.0,1.0,0.0,0.0,4.0,1.0,0.0,3.0,0.0,3.0,0.0,0.0,5.0,0.0,0.0,0.0,0.0,1.0,0.0,0.0,13.5,0.0,6.0,0.0,0.0,15.0,0.0,1.0,0.0,0.0,0.0,2.0,0.0,0.0,3.0,0.0,4.0,0.0,14.0,0.0,0.0,2.0,0.0,0.0,0.0,1.0
2025-11-23,School Children,0,0,0,0,0,0.0,0.0,0.0,0.0,0.0,0.0,0.0,0.0,0.0,0.0,0.0,0.0,0.0,0.0,0.0,0.0,0.0,0.0,0.0,0.0,5.0,1.0,0.0,0.0,0.0,0.0,0.0,0.0,0.0,0.0,0.0,0.0,0.0,0.0,0.0,0.0,1.0,0.0,1.0,0.0,0.0,8.0,0.0,0.0,0.0,0.0,0.0,5.0,0.0,0.0,0.0,0.0,1.0,0.0,3.0,0.0,0.0,1.0,0.0,0.0,0.0,0.0
2025-11-23,Younger Adults,0,0,0,0,0,7.0,0.0,0.0,0.0,1.5,0.0,0.0,0.0,2.0,0.0,0.0,0.0,0.0,16.0,0.0,0.0,0.0,2.0,0.0,0.0,17.0,2.0,1.0,6.0,0.0,12.0,0.0,0.0,6.0,0.0,0.0,0.0,0.0,2.0,0.0,0.0,25.0,0.0,4.0,0.0,0.0,19.0,0.0,4.0,0.0,0.0,1.0,4.0,0.0,0.0,8.0,0.0,8.0,0.0,12.0,0.0,0.0,4.0,0.0,0.0,2.0,0.0
2025-11-23,Youngers,0,0,0,0,0,2.0,0.0,0.0,0.0,0.0,0.0,0.0,0.0,1.0,0.0,0.0,2.0,0.0,17.0,0.0,0.0,0.0,1.0,0.0,0.0,23.0,5.0,1.0,3.0,0.0,6.0,0.0,0.0,3.0,0.0,0.0,0.0,0.0,1.0,0.0,0.0,14.5,0.0,3.0,0.0,0.0,25.0,0.0,2.0,0.0,0.0,1.0,15.0,0.0,0.0,7.0,0.0,5.0,0.0,22.0,0.0,0.0,4.0,0.0,0.0,5.0,0.0
2025-11-24,Elders,0,0,0,0,0,0.0,0.0,0.0,0.0,0.5,0.0,0.0,0.0,0.0,0.0,0.0,0.0,0.0,0.0,0.0,0.0,0.0,0.0,0.0,0.0,0.0,1.0,0.0,0.0,0.0,0.0,0.0,0.0,7.0,0.0,0.0,0.0,0.0,0.0,0.0,0.0,14.0,0.0,0.0,0.0,0.0,0.0,0.0,0.0,0.0,0.0,0.0,2.0,0.0,0.0,0.0,0.0,2.0,0.0,0.0,0.0,0.0,0.0,0.0,0.0,0.0,0.0
2025-11-24,School Children,0,0,0,0,0,0.0,0.0,0.0,0.0,0.0,0.0,0.0,0.0,0.0,0.0,0.0,0.0,0.0,0.0,0.0,0.0,0.0,0.0,0.0,0.0,0.0,1.0,0.0,0.0,0.0,0.0,0.0,0.0,0.0,0.0,1.0,0.0,0.0,0.0,0.0,0.0,1.0,0.0,0.0,0.0,0.0,0.0,0.0,0.0,0.0,0.0,0.0,4.0,0.0,0.0,0.0,0.0,0.0,0.0,0.0,0.0,0.0,0.0,0.0,0.0,0.0,0.0
2025-11-24,Younger Adults,0,0,0,0,0,0.0,0.0,0.0,0.0,0.5,0.0,0.0,0.0,0.0,0.0,0.0,0.0,0.0,0.0,0.0,0.0,0.0,0.0,0.0,0.0,0.0,2.0,0.0,0.0,0.0,0.0,0.0,0.0,8.0,0.0,1.0,0.0,1.0,0.0,0.0,0.0,26.5,0.0,0.0,0.0,0.0,0.0,0.0,0.0,0.0,0.0,0.0,4.0,0.0,0.0,0.0,0.0,5.0,0.0,0.0,0.0,0.0,0.0,0.0,0.0,0.0,0.0
2025-11-24,Youngers,0,0,0,0,0,0.0,0.0,0.0,0.0,0.0,0.0,0.0,0.0,0.0,0.0,0.0,0.0,0.0,0.0,0.0,0.0,0.0,0.0,0.0,0.0,0.0,4.0,0.0,0.0,0.0,0.0,0.0,0.0,5.0,0.0,5.0,0.0,1.0,0.0,0.0,0.0,15.5,0.0,0.0,0.0,0.0,0.0,0.0,0.0,0.0,0.0,0.0,13.0,0.0,0.0,0.0,0.0,3.0,0.0,0.0,0.0,0.0,0.0,0.0,0.0,0.0,0.0
2025-11-25,Elders,0,0,0,0,0,0.0,0.0,0.0,0.0,1.0,0.0,0.0,0.0,3.0,0.0,0.0,0.0,0.0,3.0,0.0,3.0,0.0,2.0,0.0,0.0,4.0,2.0,0.0,3.0,0.0,2.0,0.0,0.0,8.0,0.0,0.0,0.0,0.0,0.0,0.0,0.0,26.0,0.0,8.0,0.0,0.0,8.0,0.0,1.0,0.0,0.0,0.0,2.0,0.0,0.0,21.0,0.0,3.0,0.0,15.0,0.0,0.0,4.0,0.0,0.0,0.0,1.0
2025-11-25,School Children,0,0,0,0,0,0.0,0.0,0.0,0.0,0.0,0.0,0.0,0.0,0.0,0.0,0.0,0.0,0.0,0.0,0.0,0.0,0.0,0.0,0.0,0.0,7.0,2.0,0.0,0.0,0.0,0.0,0.0,0.0,0.0,0.0,0.0,0.0,0.0,0.0,0.0,0.0,2.0,0.0,2.0,0.0,0.0,4.0,0.0,0.0,0.0,0.0,0.0,5.0,0.0,0.0,1.0,0.0,1.0,0.0,3.0,0.0,0.0,1.0,0.0,0.0,0.0,0.0
2025-11-25,Younger Adults,0,0,0,0,0,2.0,0.0,0.0,0.0,2.0,0.0,9.0,0.0,4.0,0.0,0.0,0.0,0.0,12.0,0.0,0.0,0.0,6.0,0.0,0.0,22.0,4.0,0.0,5.0,0.0,7.0,5.0,0.0,10.0,1.0,0.0,0.0,1.0,1.0,0.0,0.0,48.5,0.0,5.0,0.0,0.0,10.0,0.0,4.0,0.0,0.0,0.0,4.0,0.0,0.0,56.0,0.0,7.0,0.0,13.0,0.0,0.0,7.0,0.0,0.0,0.0,0.0
2025-11-25,Youngers,0,0,0,0,0,1.0,0.0,0.0,0.0,0.0,0.0,3.0,0.0,2.0,0.0,0.0,4.0,0.0,13.0,0.0,0.0,0.0,2.0,1.0,0.0,30.0,8.0,1.0,3.0,0.0,4.0,0.0,0.0,6.0,1.0,2.0,0.0,1.0,1.0,0.0,0.0,28.5,0.0,4.0,0.0,0.0,14.0,0.0,2.0,1.0,0.0,0.0,15.0,0.0,0.0,46.0,0.0,4.0,0.0,24.0,0.0,0.0,8.0,0.0,0.0,2.0,0.0
2025-11-26,Elders,0,0,0,0,0,1.0,0.0,0.0,0.0,0.5,0.0,0.0,0.0,2.0,1.0,0.0,0.0,0.0,3.0,0.0,0.0,0.0,1.0,0.0,0.0,3.0,2.0,0.0,2.0,0.0,3.0,0.0,0.0,8.0,0.0,1.0,0.0,0.0,0.0,0.0,0.0,12.5,0.0,7.0,0.0,0.0,16.0,0.0,2.0,0.0,0.0,0.0,3.0,0.0,0.0,26.0,0.0,4.0,0.0,9.0,0.0,0.0,4.0,0.0,0.0,0.0,2.0
2025-11-26,School Children,0,0,0,0,0,0.0,0.0,0.0,0.0,0.0,0.0,0.0,0.0,0.0,0.0,0.0,0.0,0.0,0.0,0.0,0.0,0.0,0.0,0.0,0.0,5.0,2.0,0.0,0.0,0.0,0.0,0.0,0.0,0.0,0.0,1.0,0.0,0.0,0.0,0.0,0.0,1.0,0.0,2.0,0.0,0.0,9.0,0.0,1.0,0.0,0.0,0.0,5.0,0.0,0.0,1.0,0.0,1.0,0.0,2.0,0.0,0.0,1.0,0.0,0.0,0.0,0.0
2025-11-26,Younger Adults,0,0,0,0,0,11.0,0.0,0.0,0.0,1.5,0.0,10.0,0.0,3.0,0.0,0.0,0.0,0.0,14.0,0.0,0.0,0.0,6.0,0.0,0.0,15.0,3.0,0.0,4.0,0.0,11.0,2.0,0.0,10.0,0.0,2.0,0.0,0.0,0.0,0.0,0.0,23.0,0.0,4.0,0.0,0.0,20.0,0.0,8.0,0.0,0.0,0.0,5.0,0.0,0.0,70.0,0.0,8.0,0.0,7.0,0.0,0.0,7.0,0.0,0.0,1.0,0.0
2025-11-26,Youngers,0,0,0,0,0,3.0,0.0,0.0,0.0,0.0,0.0,4.0,0.0,1.0,0.0,0.0,3.0,0.0,14.0,0.0,0.0,0.0,2.0,0.0,0.0,21.0,7.0,1.0,2.0,0.0,6.0,0.0,0.0,6.0,0.0,9.0,0.0,0.0,0.0,0.0,0.0,14.0,0.0,3.0,0.0,0.0,27.0,0.0,5.0,1.0,0.0,0.0,17.0,0.0,0.0,58.0,0.0,5.0,0.0,13.0,0.0,0.0,8.0,0.0,0.0,4.0,0.0
2025-11-27,Elders,0,0,0,0,0,1.0,0.0,0.0,0.0,1.5,0.0,0.0,0.0,9.0,0.0,0.0,0.0,0.0,8.0,0.0,0.0,0.0,1.0,0.0,0.0,5.0,3.0,0.0,2.0,0.0,10.0,0.0,0.0,10.0,0.0,1.0,0.0,0.0,0.0,0.0,0.0,27.0,0.0,8.0,0.0,0.0,11.0,0.0,2.0,0.0,0.0,0.0,3.0,0.0,0.0,11.0,0.0,5.0,0.0,26.0,0.0,0.0,3.0,0.0,0.0,0.0,0.0
2025-11-27,School Children,0,0,0,0,0,0.0,0.0,0.0,0.0,0.0,0.0,0.0,0.0,0.0,0.0,0.0,0.0,0.0,0.0,0.0,0.0,0.0,0.0,0.0,0.0,7.0,2.0,0.0,0.0,0.0,0.0,0.0,0.0,0.0,0.0,1.0,0.0,0.0,0.0,0.0,0.0,2.0,0.0,2.0,0.0,0.0,6.0,0.0,1.0,0.0,0.0,1.0,6.0,0.0,0.0,0.0,0.0,0.0,0.0,4.0,0.0,0.0,1.0,0.0,0.0,0.0,0.0
2025-11-27,Younger Adults,0,0,0,0,0,13.0,0.0,0.0,0.0,4.5,0.0,9.0,0.0,13.0,0.0,0.0,0.0,0.0,34.0,1.0,0.0,0.0,2.0,0.0,0.0,25.0,5.0,0.0,4.0,0.0,37.0,1.0,0.0,12.0,1.0,2.0,0.0,0.0,0.0,0.0,0.0,50.5,0.0,5.0,0.0,0.0,13.0,0.0,8.0,1.0,0.0,1.0,6.0,0.0,0.0,30.0,0.0,10.0,0.0,22.0,0.0,0.0,5.0,0.0,0.0,1.0,0.0
2025-11-27,Youngers,0,0,0,0,0,4.0,1.0,0.0,0.0,0.5,0.0,4.0,0.0,5.0,0.0,0.0,2.0,0.0,36.0,0.0,0.0,0.0,1.0,0.0,0.0,33.0,11.0,1.0,2.0,0.0,19.0,0.0,0.0,8.0,2.0,7.0,0.0,0.0,0.0,0.0,0.0,30.0,0.0,4.0,0.0,0.0,18.0,0.0,5.0,2.0,0.0,1.0,19.0,0.0,0.0,25.0,0.0,6.0,0.0,39.0,0.0,0.0,6.0,0.0,0.0,4.0,0.0
2025-11-28,Elders,0,0,0,0,0,0.0,0.0,0.0,0.0,1.0,0.0,0.0,0.0,3.0,0.0,0.0,0.0,0.0,1.0,0.0,0.0,0.0,1.0,0.0,0.0,2.0,0.0,0.0,1.0,0.0,5.0,0.0,0.0,2.0,0.0,1.0,0.0,0.0,0.0,0.0,0.0,6.5,0.0,0.0,0.0,0.0,4.0,0.0,0.0,0.0,0.0,0.0,1.0,0.0,0.0,8.0,0.0,1.0,0.0,3.0,0.0,0.0,2.0,0.0,0.0,0.0,0.0
2025-11-28,School Children,0,0,0,0,0,0.0,0.0,0.0,0.0,0.0,0.0,0.0,0.0,0.0,0.0,0.0,0.0,0.0,0.0,0.0,0.0,0.0,0.0,0.0,0.0,2.0,0.0,0.0,0.0,0.0,0.0,0.0,0.0,0.0,0.0,1.0,0.0,0.0,0.0,0.0,0.0,0.5,0.0,0.0,0.0,0.0,2.0,0.0,0.0,0.0,0.0,0.0,2.0,0.0,0.0,1.0,0.0,0.0,0.0,1.0,0.0,0.0,0.0,0.0,0.0,0.0,0.0
2025-11-28,Younger Adults,0,0,0,0,0,3.0,0.0,0.0,0.0,2.0,0.0,6.0,0.0,4.0,0.0,0.0,0.0,0.0,3.0,1.0,0.0,0.0,5.0,0.0,0.0,8.0,1.0,1.0,1.0,0.0,16.0,0.0,0.0,3.0,1.0,1.0,0.0,0.0,0.0,0.0,0.0,12.0,0.0,0.0,0.0,0.0,4.0,0.0,2.0,0.0,0.0,0.0,1.0,0.0,0.0,22.0,0.0,3.0,0.0,3.0,0.0,0.0,3.0,0.0,0.0,0.0,0.0
2025-11-28,Youngers,0,0,0,0,0,1.0,0.0,0.0,0.0,0.0,0.0,2.0,0.0,2.0,0.0,0.0,1.0,0.0,4.0,0.0,0.0,0.0,1.0,0.0,0.0,10.0,1.0,1.0,1.0,0.0,8.0,0.0,0.0,2.0,2.0,5.0,0.0,0.0,0.0,0.0,0.0,7.5,0.0,0.0,0.0,0.0,6.0,0.0,1.0,0.0,0.0,1.0,5.0,0.0,0.0,18.0,0.0,2.0,0.0,5.0,0.0,0.0,3.0,0.0,0.0,1.0,0.0
2025-11-29,Elders,0,0,0,0,0,2.0,0.0,0.0,0.0,0.5,0.0,0.0,0.0,10.0,0.0,0.0,0.0,0.0,6.0,0.0,1.0,0.0,1.0,0.0,0.0,4.0,3.0,0.0,5.0,0.0,7.0,0.0,0.0,9.0,0.0,1.0,0.0,0.0,0.0,0.0,0.0,25.5,0.0,10.0,0.0,0.0,16.0,0.0,2.0,0.0,0.0,0.0,3.0,0.0,0.0,6.0,0.0,5.0,0.0,21.0,0.0,0.0,4.0,0.0,0.0,0.0,0.0
2025-11-29,School Children,0,0,0,0,0,0.0,0.0,0.0,0.0,0.0,0.0,0.0,0.0,0.0,0.0,0.0,0.0,0.0,0.0,0.0,0.0,0.0,0.0,0.0,0.0,6.0,3.0,0.0,0.0,0.0,0.0,0.0,0.0,0.0,0.0,1.0,0.0,0.0,0.0,0.0,0.0,2.0,0.0,2.0,0.0,0.0,8.0,0.0,1.0,0.0,0.0,0.0,5.0,0.0,0.0,0.0,0.0,1.0,0.0,4.0,0.0,0.0,1.0,0.0,0.0,0.0,0.0
2025-11-29,Younger Adults,0,0,0,0,0,16.0,0.0,1.0,0.0,2.0,0.0,8.0,0.0,15.0,0.0,0.0,0.0,0.0,26.0,0.0,0.0,0.0,5.0,0.0,0.0,22.0,7.0,0.0,9.0,0.0,24.0,1.0,0.0,12.0,1.0,1.0,0.0,0.0,1.0,1.0,0.0,48.0,0.0,7.0,0.0,0.0,20.0,0.0,10.0,1.0,0.0,1.0,5.0,1.0,0.0,18.0,0.0,11.0,0.0,17.0,0.0,0.0,6.0,0.0,0.0,1.0,0.0
2025-11-29,Youngers,0,0,0,0,0,4.0,0.0,1.0,0.0,0.0,0.0,3.0,0.0,6.0,0.0,0.0,1.0,0.0,27.0,0.0,0.0,0.0,2.0,0.0,0.0,29.0,14.0,0.0,5.0,0.0,12.0,0.0,0.0,7.0,2.0,7.0,0.0,0.0,1.0,1.0,0.0,28.5,0.0,4.0,0.0,0.0,27.0,0.0,6.0,1.0,0.0,1.0,16.0,1.0,0.0,15.0,0.0,7.0,0.0,32.0,0.0,0.0,7.0,0.0,0.0,2.0,0.0
2025-11-30,Elders,0,0,0,0,0,1.0,0.0,0.0,0.0,0.5,0.0,0.0,0.0,1.0,0.0,0.0,0.0,0.0,3.0,0.0,0.0,0.0,1.0,0.0,0.0,4.0,1.0,0.0,3.0,0.0,4.0,0.0,0.0,5.0,0.0,0.0,0.0,0.0,1.0,0.0,0.0,15.0,0.0,6.0,0.0,0.0,20.0,0.0,1.0,0.0,0.0,0.0,3.0,0.0,0.0,3.0,0.0,3.0,0.0,18.0,0.0,0.0,2.0,0.0,0.0,0.0,1.0
2025-11-30,School Children,0,0,0,0,0,0.0,0.0,0.0,0.0,0.0,0.0,0.0,0.0,0.0,0.0,0.0,0.0,0.0,0.0,0.0,0.0,0.0,0.0,0.0,0.0,5.0,1.0,0.0,0.0,0.0,0.0,0.0,0.0,0.0,0.0,1.0,0.0,0.0,0.0,0.0,0.0,1.0,0.0,1.0,0.0,0.0,11.0,0.0,0.0,0.0,0.0,0.0,6.0,0.0,0.0,0.0,0.0,1.0,0.0,3.0,0.0,0.0,1.0,0.0,0.0,0.0,0.0
2025-11-30,Younger Adults,0,0,0,0,0,8.0,0.0,0.0,0.0,1.5,0.0,0.0,0.0,2.0,0.0,0.0,0.0,0.0,14.0,0.0,0.0,0.0,2.0,0.0,0.0,19.0,2.0,1.0,6.0,0.0,13.0,0.0,0.0,6.0,0.0,1.0,0.0,1.0,2.0,0.0,0.0,28.0,0.0,4.0,0.0,0.0,25.0,0.0,4.0,0.0,0.0,1.0,5.0,0.0,0.0,9.0,0.0,7.0,0.0,15.0,0.0,0.0,4.0,0.0,0.0,2.0,0.0
2025-11-30,Youngers,0,0,0,0,0,2.0,0.0,0.0,0.0,0.0,0.0,0.0,0.0,1.0,0.0,0.0,2.0,0.0,14.0,0.0,0.0,0.0,1.0,0.0,0.0,25.0,5.0,1.0,4.0,0.0,7.0,0.0,0.0,4.0,0.0,5.0,0.0,1.0,2.0,0.0,0.0,17.0,0.0,3.0,0.0,0.0,34.0,0.0,2.0,0.0,0.0,1.0,17.0,0.0,0.0,7.0,0.0,4.0,0.0,28.0,0.0,0.0,5.0,0.0,0.0,7.0,0.0
2025-12-01,Elders,0,0,0,0,0,0.0,0.0,0.0,0.0,0.0,0.0,0.0,0.0,6.0,1.0,0.0,0.0,0.0,4.0,0.0,5.0,0.0,0.0,0.0,0.0,3.0,1.0,0.0,2.0,0.0,6.0,0.0,0.0,7.0,0.0,0.0,0.0,0.0,2.0,0.0,0.0,18.5,0.0,5.0,0.0,0.0,12.0,0.0,1.0,0.0,0.0,0.0,3.0,0.0,0.0,18.0,0.0,4.0,0.0,18.0,0.0,0.0,5.0,0.0,0.0,0.0,1.0
2025-12-01,School Children,0,0,0,0,0,0.0,0.0,0.0,0.0,0.0,0.0,0.0,0.0,0.0,0.0,0.0,0.0,0.0,0.0,0.0,0.0,0.0,0.0,0.0,0.0,4.0,1.0,0.0,0.0,0.0,0.0,0.0,0.0,0.0,0.0,0.0,0.0,0.0,0.0,0.0,0.0,1.5,0.0,1.0,0.0,0.0,6.0,0.0,0.0,0.0,0.0,0.0,7.0,0.0,0.0,1.0,0.0,1.0,0.0,3.0,0.0,0.0,2.0,0.0,0.0,0.0,0.0
2025-12-01,Younger Adults,0,0,0,0,0,2.0,0.0,1.0,0.0,0.5,0.0,7.0,0.0,10.0,0.0,0.0,0.0,0.0,16.0,0.0,0.0,0.0,2.0,0.0,0.0,14.0,3.0,1.0,3.0,0.0,20.0,0.0,0.0,9.0,1.0,0.0,0.0,0.0,2.0,0.0,0.0,34.5,0.0,4.0,0.0,0.0,14.0,0.0,6.0,0.0,0.0,0.0,6.0,1.0,0.0,47.0,0.0,9.0,0.0,15.0,0.0,0.0,8.0,0.0,0.0,1.0,0.0
2025-12-01,Youngers,0,0,0,0,0,1.0,0.0,0.0,0.0,0.0,0.0,3.0,0.0,4.0,0.0,0.0,2.0,0.0,17.0,0.0,0.0,0.0,1.0,0.0,0.0,19.0,6.0,1.0,2.0,0.0,10.0,0.0,0.0,5.0,2.0,1.0,0.0,0.0,2.0,0.0,0.0,20.5,0.0,3.0,0.0,0.0,20.0,0.0,4.0,0.0,0.0,0.0,20.0,0.0,0.0,39.0,0.0,5.0,0.0,27.0,0.0,0.0,10.0,0.0,0.0,4.0,0.0
2025-12-02,Elders,0,0,0,0,0,0.0,0.0,0.0,0.0,1.0,0.0,0.0,0.0,3.0,1.0,0.0,0.0,0.0,3.0,0.0,5.0,0.0,2.0,0.0,0.0,5.0,2.0,0.0,3.0,0.0,2.0,0.0,0.0,9.0,0.0,0.0,0.0,0.0,0.0,0.0,0.0,23.5,0.0,8.0,0.0,0.0,11.0,0.0,1.0,0.0,0.0,0.0,3.0,0.0,0.0,21.0,0.0,3.0,0.0,17.0,0.0,0.0,5.0,0.0,0.0,0.0,1.0
2025-12-02,School Children,0,0,0,0,0,0.0,0.0,0.0,0.0,0.0,0.0,0.0,0.0,0.0,0.0,0.0,0.0,0.0,0.0,0.0,0.0,0.0,0.0,0.0,0.0,8.0,2.0,0.0,0.0,0.0,0.0,0.0,0.0,0.0,0.0,0.0,0.0,0.0,0.0,0.0,0.0,1.5,0.0,2.0,0.0,0.0,6.0,0.0,0.0,0.0,0.0,0.0,6.0,0.0,0.0,1.0,0.0,0.0,0.0,3.0,0.0,0.0,2.0,0.0,0.0,0.0,0.0
2025-12-02,Younger Adults,0,0,0,0,0,2.0,0.0,0.0,0.0,3.0,0.0,9.0,0.0,4.0,0.0,0.0,0.0,0.0,14.0,0.0,0.0,0.0,9.0,0.0,0.0,25.0,4.0,0.0,5.0,0.0,8.0,6.0,0.0,11.0,0.0,0.0,0.0,1.0,0.0,0.0,0.0,44.0,0.0,6.0,0.0,0.0,13.0,0.0,4.0,0.0,0.0,0.0,6.0,0.0,0.0,56.0,0.0,7.0,0.0,15.0,0.0,0.0,8.0,0.0,0.0,1.0,0.0
2025-12-02,Youngers,0,0,0,0,0,1.0,0.0,0.0,0.0,0.0,0.0,3.0,0.0,2.0,0.0,0.0,5.0,0.0,14.0,0.0,0.0,0.0,2.0,0.0,0.0,34.0,9.0,1.0,3.0,0.0,4.0,0.0,0.0,7.0,0.0,2.0,0.0,1.0,0.0,0.0,0.0,26.0,0.0,4.0,0.0,0.0,18.0,0.0,2.0,0.0,0.0,1.0,19.0,0.0,0.0,47.0,0.0,4.0,0.0,27.0,0.0,0.0,9.0,0.0,0.0,2.0,0.0
2025-12-03,Elders,0,0,0,0,0,0.0,0.0,0.0,0.0,1.0,0.0,0.0,0.0,5.0,0.0,0.0,0.0,0.0,2.0,0.0,0.0,0.0,1.0,0.0,0.0,3.0,3.0,1.0,1.0,0.0,4.0,0.0,0.0,6.0,0.0,0.0,0.0,0.0,0.0,0.0,0.0,21.5,0.0,7.0,0.0,0.0,18.0,0.0,1.0,1.0,0.0,0.0,3.0,0.0,0.0,12.0,0.0,6.0,0.0,24.0,0.0,0.0,5.0,0.0,0.0,0.0,1.0
2025-12-03,School Children,0,0,0,0,0,0.0,0.0,0.0,0.0,0.0,0.0,0.0,0.0,0.0,0.0,0.0,0.0,0.0,0.0,0.0,0.0,0.0,0.0,0.0,0.0,5.0,2.0,1.0,0.0,0.0,0.0,0.0,0.0,0.0,0.0,0.0,0.0,0.0,0.0,0.0,0.0,1.5,0.0,2.0,0.0,0.0,9.0,0.0,0.0,0.0,0.0,0.0,7.0,0.0,0.0,0.0,0.0,1.0,0.0,4.0,0.0,0.0,1.0,0.0,0.0,0.0,0.0
2025-12-03,Younger Adults,0,0,0,0,0,3.0,0.0,1.0,0.0,2.5,0.0,9.0,0.0,8.0,0.0,0.0,0.0,0.0,11.0,0.0,0.0,0.0,5.0,0.0,0.0,17.0,5.0,3.0,1.0,0.0,15.0,1.0,0.0,7.0,1.0,1.0,0.0,0.0,1.0,0.0,0.0,40.0,0.0,4.0,0.0,0.0,22.0,0.0,3.0,1.0,0.0,0.0,6.0,0.0,0.0,32.0,0.0,13.0,0.0,20.0,0.0,0.0,8.0,0.0,0.0,1.0,0.0
2025-12-03,Youngers,0,0,0,0,0,1.0,0.0,0.0,0.0,0.0,0.0,3.0,0.0,3.0,0.0,0.0,4.0,0.0,11.0,0.0,0.0,0.0,1.0,0.0,0.0,23.0,10.0,3.0,1.0,0.0,7.0,0.0,0.0,4.0,3.0,4.0,0.0,0.0,0.0,0.0,0.0,23.5,0.0,3.0,0.0,0.0,29.0,0.0,2.0,2.0,0.0,1.0,21.0,0.0,0.0,27.0,0.0,8.0,0.0,36.0,0.0,0.0,9.0,0.0,0.0,4.0,0.0
2025-12-04,Elders,0,0,0,0,0,1.0,0.0,0.0,0.0,1.5,0.0,0.0,0.0,7.0,0.0,0.0,0.0,0.0,6.0,0.0,1.0,0.0,1.0,0.0,0.0,4.0,3.0,0.0,2.0,0.0,8.0,0.0,0.0,10.0,0.0,1.0,0.0,0.0,0.0,0.0,0.0,27.5,0.0,8.0,0.0,0.0,10.0,0.0,2.0,0.0,0.0,0.0,3.0,0.0,0.0,8.0,0.0,5.0,0.0,23.0,0.0,0.0,3.0,0.0,0.0,0.0,0.0
2025-12-04,School Children,0,0,0,0,0,0.0,0.0,0.0,0.0,0.0,0.0,0.0,0.0,0.0,0.0,0.0,0.0,0.0,0.0,0.0,0.0,0.0,0.0,0.0,0.0,5.0,3.0,0.0,0.0,0.0,0.0,0.0,0.0,0.0,0.0,1.0,0.0,0.0,0.0,0.0,0.0,2.0,0.0,2.0,0.0,0.0,5.0,0.0,1.0,0.0,0.0,0.0,6.0,0.0,0.0,0.0,0.0,0.0,0.0,4.0,0.0,0.0,1.0,0.0,0.0,0.0,0.0
2025-12-04,Younger Adults,0,0,0,0,0,14.0,0.0,0.0,0.0,4.5,0.0,9.0,0.0,11.0,0.0,0.0,0.0,0.0,25.0,0.0,0.0,0.0,3.0,0.0,0.0,18.0,6.0,0.0,3.0,0.0,30.0,1.0,0.0,12.0,1.0,1.0,0.0,0.0,0.0,0.0,0.0,51.5,0.0,5.0,0.0,0.0,13.0,0.0,7.0,1.0,0.0,1.0,6.0,0.0,0.0,23.0,0.0,10.0,0.0,20.0,0.0,0.0,5.0,0.0,0.0,1.0,0.0
2025-12-04,Youngers,0,0,0,0,0,4.0,1.0,0.0,0.0,0.5,0.0,4.0,0.0,4.0,0.0,0.0,3.0,0.0,27.0,0.0,0.0,0.0,1.0,0.0,0.0,25.0,13.0,0.0,2.0,0.0,15.0,0.0,0.0,7.0,2.0,6.0,0.0,0.0,0.0,0.0,0.0,30.5,0.0,3.0,0.0,0.0,18.0,0.0,5.0,2.0,0.0,1.0,20.0,0.0,0.0,19.0,0.0,6.0,0.0,36.0,0.0,0.0,5.0,0.0,0.0,3.0,0.0
2025-12-05,Elders,0,0,0,0,0,1.0,0.0,0.0,0.0,0.5,0.0,0.0,0.0,6.0,0.0,0.0,0.0,0.0,5.0,0.0,2.0,0.0,1.0,0.0,0.0,3.0,2.0,1.0,2.0,0.0,5.0,0.0,0.0,7.0,0.0,1.0,0.0,0.0,2.0,0.0,0.0,22.0,0.0,11.0,0.0,0.0,13.0,0.0,3.0,0.0,0.0,0.0,4.0,1.0,0.0,12.0,0.0,6.0,0.0,28.0,0.0,0.0,6.0,0.0,0.0,0.0,0.0
2025-12-05,School Children,0,0,0,0,0,0.0,0.0,0.0,0.0,0.0,0.0,0.0,0.0,0.0,0.0,0.0,0.0,0.0,0.0,0.0,0.0,0.0,0.0,0.0,0.0,5.0,2.0,1.0,0.0,0.0,0.0,0.0,0.0,0.0,0.0,1.0,0.0,0.0,0.0,0.0,0.0,1.5,0.0,3.0,0.0,0.0,7.0,0.0,1.0,0.0,0.0,0.0,8.0,0.0,0.0,1.0,0.0,1.0,0.0,5.0,0.0,0.0,2.0,0.0,0.0,0.0,0.0
2025-12-05,Younger Adults,0,0,0,0,0,6.0,0.0,1.0,0.0,1.5,0.0,11.0,0.0,8.0,0.0,0.0,0.0,0.0,22.0,1.0,0.0,0.0,4.0,0.0,0.0,16.0,5.0,1.0,3.0,0.0,21.0,3.0,0.0,9.0,5.0,2.0,0.0,0.0,3.0,0.0,0.0,41.5,0.0,7.0,0.0,0.0,17.0,0.0,13.0,0.0,0.0,0.0,6.0,3.0,0.0,33.0,0.0,11.0,0.0,23.0,0.0,0.0,11.0,0.0,0.0,0.0,0.0
2025-12-05,Youngers,0,0,0,0,0,2.0,0.0,0.0,0.0,0.0,0.0,5.0,0.0,3.0,0.0,0.0,1.0,0.0,23.0,0.0,0.0,0.0,1.0,0.0,0.0,21.0,10.0,1.0,2.0,0.0,11.0,0.0,0.0,6.0,9.0,8.0,0.0,0.0,2.0,0.0,0.0,24.5,0.0,5.0,0.0,0.0,23.0,0.0,9.0,0.0,0.0,0.0,23.0,3.0,0.0,27.0,0.0,7.0,0.0,42.0,0.0,0.0,13.0,0.0,0.0,1.0,0.0
2025-12-06,Elders,0,0,0,0,0,2.0,0.0,0.0,0.0,0.5,0.0,0.0,0.0,11.0,0.0,0.0,0.0,0.0,5.0,0.0,1.0,0.0,1.0,0.0,0.0,5.0,3.0,0.0,5.0,0.0,7.0,0.0,0.0,8.0,0.0,1.0,0.0,0.0,1.0,0.0,0.0,22.5,0.0,9.0,0.0,0.0,16.0,0.0,3.0,0.0,0.0,0.0,3.0,0.0,0.0,8.0,0.0,5.0,0.0,25.0,0.0,0.0,4.0,0.0,0.0,0.0,0.0
2025-12-06,School Children,0,0,0,0,0,0.0,0.0,0.0,0.0,0.0,0.0,0.0,0.0,0.0,0.0,0.0,0.0,0.0,0.0,0.0,0.0,0.0,0.0,0.0,0.0,7.0,3.0,0.0,0.0,0.0,0.0,0.0,0.0,0.0,0.0,1.0,0.0,0.0,0.0,0.0,0.0,1.5,0.0,3.0,0.0,0.0,8.0,0.0,1.0,0.0,0.0,0.0,6.0,0.0,0.0,0.0,0.0,0.0,0.0,4.0,0.0,0.0,2.0,0.0,0.0,0.0,0.0
2025-12-06,Younger Adults,0,0,0,0,0,16.0,0.0,1.0,0.0,2.0,0.0,8.0,0.0,17.0,0.0,0.0,0.0,0.0,24.0,0.0,0.0,0.0,6.0,0.0,0.0,22.0,6.0,0.0,9.0,0.0,26.0,1.0,0.0,11.0,1.0,1.0,0.0,0.0,1.0,1.0,0.0,42.0,0.0,6.0,0.0,0.0,20.0,0.0,10.0,1.0,0.0,1.0,5.0,1.0,0.0,20.0,0.0,10.0,0.0,21.0,0.0,0.0,7.0,0.0,0.0,1.0,0.0
2025-12-06,Youngers,0,0,0,0,0,5.0,0.0,1.0,0.0,0.0,0.0,3.0,0.0,6.0,0.0,0.0,1.0,0.0,25.0,0.0,0.0,0.0,2.0,0.0,0.0,30.0,13.0,1.0,5.0,0.0,13.0,0.0,0.0,7.0,2.0,5.0,0.0,0.0,1.0,1.0,0.0,25.0,0.0,4.0,0.0,0.0,27.0,0.0,7.0,1.0,0.0,1.0,17.0,1.0,0.0,17.0,0.0,6.0,0.0,38.0,0.0,0.0,8.0,0.0,0.0,2.0,0.0
2025-12-07,Elders,0,0,0,0,0,0.0,0.0,0.0,0.0,0.5,0.0,0.0,0.0,7.0,0.0,0.0,0.0,0.0,3.0,0.0,0.0,0.0,1.0,0.0,0.0,3.0,1.0,0.0,0.0,0.0,2.0,0.0,0.0,4.0,0.0,1.0,0.0,0.0,0.0,0.0,0.0,13.5,0.0,7.0,0.0,0.0,13.0,0.0,1.0,0.0,0.0,0.0,3.0,0.0,0.0,9.0,0.0,4.0,0.0,17.0,0.0,0.0,3.0,0.0,0.0,0.0,1.0
2025-12-07,School Children,0,0,0,0,0,0.0,0.0,0.0,0.0,0.0,0.0,0.0,0.0,0.0,0.0,0.0,0.0,0.0,0.0,0.0,0.0,0.0,0.0,0.0,0.0,4.0,0.0,0.0,0.0,0.0,0.0,0.0,0.0,0.0,0.0,1.0,0.0,0.0,0.0,0.0,0.0,1.0,0.0,2.0,0.0,0.0,7.0,0.0,0.0,0.0,0.0,0.0,5.0,0.0,0.0,0.0,0.0,0.0,0.0,3.0,0.0,0.0,1.0,0.0,0.0,0.0,0.0
2025-12-07,Younger Adults,0,0,0,0,0,2.0,0.0,1.0,0.0,1.0,0.0,9.0,0.0,12.0,0.0,0.0,0.0,0.0,15.0,1.0,0.0,0.0,3.0,0.0,0.0,13.0,1.0,0.0,1.0,0.0,7.0,0.0,0.0,5.0,0.0,1.0,0.0,0.0,1.0,0.0,0.0,26.0,0.0,5.0,0.0,0.0,17.0,0.0,6.0,0.0,0.0,0.0,5.0,0.0,0.0,24.0,0.0,8.0,0.0,14.0,0.0,0.0,6.0,0.0,0.0,1.0,0.0
2025-12-07,Youngers,0,0,0,0,0,1.0,0.0,0.0,0.0,0.0,0.0,4.0,0.0,5.0,0.0,0.0,0.0,0.0,16.0,0.0,0.0,0.0,1.0,1.0,0.0,17.0,2.0,1.0,1.0,0.0,3.0,0.0,0.0,3.0,0.0,7.0,0.0,1.0,1.0,0.0,0.0,15.5,0.0,3.0,0.0,0.0,22.0,0.0,4.0,0.0,0.0,0.0,17.0,0.0,0.0,20.0,0.0,5.0,0.0,25.0,0.0,0.0,6.0,0.0,0.0,2.0,0.0
2025-12-08,Elders,0,0,0,0,0,0.0,0.0,0.0,0.0,0.5,0.0,0.0,0.0,6.0,1.0,0.0,0.0,0.0,3.0,0.0,5.0,0.0,1.0,0.0,0.0,3.0,2.0,0.0,2.0,0.0,5.0,0.0,0.0,8.0,0.0,0.0,0.0,0.0,2.0,0.0,0.0,16.5,0.0,5.0,0.0,0.0,9.0,0.0,1.0,0.0,0.0,0.0,3.0,0.0,0.0,12.0,0.0,4.0,0.0,15.0,0.0,0.0,4.0,0.0,0.0,0.0,1.0
2025-12-08,School Children,0,0,0,0,0,0.0,0.0,0.0,0.0,0.0,0.0,0.0,0.0,0.0,0.0,0.0,0.0,0.0,0.0,0.0,0.0,0.0,0.0,0.0,0.0,5.0,1.0,0.0,0.0,0.0,0.0,0.0,0.0,0.0,0.0,0.0,0.0,0.0,0.0,0.0,0.0,1.5,0.0,1.0,0.0,0.0,5.0,0.0,1.0,0.0,0.0,0.0,6.0,0.0,0.0,0.0,0.0,1.0,0.0,2.0,0.0,0.0,2.0,0.0,0.0,0.0,0.0
2025-12-08,Younger Adults,0,0,0,0,0,2.0,0.0,1.0,0.0,0.5,0.0,6.0,0.0,9.0,0.0,0.0,0.0,0.0,15.0,0.0,0.0,0.0,2.0,0.0,0.0,15.0,3.0,1.0,3.0,0.0,19.0,0.0,0.0,9.0,1.0,0.0,0.0,0.0,3.0,1.0,0.0,31.0,0.0,4.0,0.0,0.0,11.0,0.0,5.0,0.0,0.0,0.0,5.0,1.0,0.0,34.0,0.0,8.0,0.0,12.0,0.0,0.0,7.0,0.0,0.0,1.0,0.0
2025-12-08,Youngers,0,0,0,0,0,1.0,0.0,0.0,0.0,0.0,0.0,3.0,0.0,4.0,0.0,0.0,2.0,0.0,15.0,0.0,0.0,0.0,1.0,0.0,0.0,21.0,6.0,1.0,2.0,0.0,9.0,0.0,0.0,6.0,2.0,1.0,0.0,0.0,2.0,0.0,0.0,18.5,0.0,2.0,0.0,0.0,15.0,0.0,3.0,0.0,0.0,0.0,19.0,0.0,0.0,28.0,0.0,5.0,0.0,23.0,0.0,0.0,8.0,0.0,0.0,4.0,0.0
2025-12-09,Elders,0,0,0,0,0,1.0,0.0,0.0,0.0,0.5,0.0,0.0,0.0,2.0,3.0,0.0,0.0,0.0,5.0,0.0,3.0,0.0,1.0,0.0,0.0,4.0,1.0,0.0,1.0,0.0,5.0,0.0,0.0,11.0,0.0,0.0,0.0,0.0,0.0,0.0,0.0,18.5,0.0,4.0,0.0,0.0,19.0,0.0,0.0,0.0,0.0,1.0,4.0,0.0,0.0,14.0,0.0,7.0,0.0,18.0,0.0,0.0,4.0,0.0,0.0,0.0,2.0
2025-12-09,School Children,0,0,0,0,0,0.0,0.0,0.0,0.0,0.0,0.0,0.0,0.0,0.0,0.0,0.0,0.0,0.0,0.0,0.0,0.0,0.0,0.0,0.0,0.0,6.0,1.0,0.0,0.0,0.0,0.0,0.0,0.0,0.0,0.0,0.0,0.0,0.0,0.0,0.0,0.0,1.5,0.0,1.0,0.0,0.0,10.0,0.0,0.0,0.0,0.0,2.0,8.0,0.0,0.0,1.0,0.0,1.0,0.0,3.0,0.0,0.0,2.0,0.0,0.0,0.0,0.0
2025-12-09,Younger Adults,0,0,0,0,0,4.0,0.0,0.0,0.0,1.0,0.0,9.0,0.0,2.0,0.0,0.0,0.0,0.0,22.0,0.0,0.0,0.0,4.0,0.0,0.0,20.0,1.0,0.0,2.0,0.0,18.0,1.0,0.0,14.0,0.0,0.0,0.0,0.0,0.0,0.0,0.0,34.0,0.0,3.0,0.0,0.0,24.0,0.0,2.0,0.0,0.0,2.0,7.0,1.0,0.0,38.0,0.0,13.0,0.0,16.0,0.0,0.0,7.0,0.0,0.0,2.0,0.0
2025-12-09,Youngers,0,0,0,0,0,1.0,0.0,0.0,0.0,0.0,0.0,4.0,0.0,1.0,0.0,0.0,2.0,0.0,24.0,0.0,0.0,0.0,1.0,0.0,0.0,27.0,2.0,0.0,2.0,0.0,9.0,0.0,0.0,8.0,0.0,2.0,0.0,1.0,0.0,0.0,0.0,20.0,0.0,2.0,0.0,0.0,33.0,0.0,1.0,1.0,0.0,2.0,24.0,1.0,0.0,32.0,0.0,8.0,0.0,29.0,0.0,0.0,8.0,0.0,0.0,6.0,0.0
2025-12-10,Elders,0,0,0,0,0,0.0,0.0,0.0,0.0,1.0,0.0,0.0,0.0,5.0,0.0,0.0,0.0,0.0,3.0,0.0,0.0,0.0,1.0,0.0,0.0,3.0,2.0,1.0,1.0,0.0,4.0,0.0,0.0,5.0,0.0,0.0,0.0,0.0,0.0,0.0,0.0,18.0,0.0,8.0,0.0,0.0,15.0,0.0,1.0,1.0,0.0,0.0,3.0,0.0,0.0,9.0,0.0,6.0,0.0,25.0,0.0,0.0,3.0,0.0,0.0,0.0,1.0
2025-12-10,School Children,0,0,0,0,0,0.0,0.0,0.0,0.0,0.0,0.0,0.0,0.0,0.0,0.0,0.0,0.0,0.0,0.0,0.0,0.0,0.0,0.0,0.0,0.0,5.0,2.0,1.0,0.0,0.0,0.0,0.0,0.0,0.0,0.0,0.0,0.0,0.0,0.0,0.0,0.0,1.5,0.0,2.0,0.0,0.0,7.0,0.0,0.0,0.0,0.0,0.0,7.0,0.0,0.0,0.0,0.0,1.0,0.0,4.0,0.0,0.0,1.0,0.0,0.0,0.0,0.0
2025-12-10,Younger Adults,0,0,0,0,0,2.0,0.0,1.0,0.0,2.0,0.0,9.0,0.0,8.0,0.0,0.0,0.0,0.0,14.0,1.0,0.0,0.0,4.0,0.0,0.0,16.0,4.0,3.0,1.0,0.0,14.0,1.0,0.0,6.0,1.0,1.0,0.0,0.0,0.0,0.0,0.0,33.0,0.0,5.0,0.0,0.0,18.0,0.0,2.0,1.0,0.0,0.0,6.0,0.0,0.0,24.0,0.0,12.0,0.0,21.0,0.0,0.0,6.0,0.0,0.0,1.0,0.0
2025-12-10,Youngers,0,0,0,0,0,1.0,0.0,0.0,0.0,0.0,0.0,3.0,0.0,3.0,0.0,0.0,5.0,0.0,14.0,0.0,0.0,0.0,1.0,0.0,0.0,21.0,9.0,3.0,1.0,0.0,7.0,0.0,0.0,3.0,3.0,4.0,0.0,0.0,0.0,0.0,0.0,19.5,0.0,4.0,0.0,0.0,25.0,0.0,2.0,2.0,0.0,1.0,21.0,0.0,0.0,20.0,0.0,7.0,0.0,38.0,0.0,0.0,7.0,0.0,0.0,3.0,0.0
2025-12-11,Elders,0,0,0,0,0,1.0,0.0,0.0,0.0,0.5,0.0,0.0,0.0,4.0,0.0,0.0,0.0,0.0,2.0,0.0,1.0,0.0,1.0,0.0,0.0,2.0,1.0,0.0,1.0,0.0,4.0,0.0,0.0,4.0,0.0,1.0,0.0,0.0,0.0,0.0,0.0,15.5,0.0,9.0,0.0,0.0,11.0,0.0,1.0,0.0,0.0,0.0,2.0,0.0,0.0,22.0,0.0,4.0,0.0,11.0,0.0,0.0,3.0,0.0,0.0,0.0,1.0
2025-12-11,School Children,0,0,0,0,0,0.0,0.0,0.0,0.0,0.0,0.0,0.0,0.0,0.0,0.0,0.0,0.0,0.0,0.0,0.0,0.0,0.0,0.0,0.0,0.0,4.0,0.0,0.0,0.0,0.0,0.0,0.0,0.0,0.0,0.0,1.0,0.0,0.0,0.0,0.0,0.0,1.0,0.0,2.0,0.0,0.0,5.0,0.0,0.0,0.0,0.0,0.0,4.0,0.0,0.0,1.0,0.0,1.0,0.0,2.0,0.0,0.0,1.0,0.0,0.0,0.0,0.0
2025-12-11,Younger Adults,0,0,0,0,0,7.0,0.0,1.0,0.0,1.0,0.0,6.0,0.0,6.0,0.0,0.0,0.0,0.0,11.0,1.0,0.0,0.0,6.0,0.0,0.0,12.0,1.0,0.0,3.0,0.0,16.0,2.0,0.0,6.0,1.0,1.0,0.0,1.0,0.0,1.0,0.0,29.0,0.0,6.0,0.0,0.0,13.0,0.0,2.0,0.0,0.0,1.0,4.0,0.0,0.0,59.0,0.0,9.0,0.0,9.0,0.0,0.0,4.0,0.0,0.0,3.0,0.0
2025-12-11,Youngers,0,0,0,0,0,2.0,0.0,0.0,0.0,0.0,0.0,3.0,0.0,2.0,0.0,0.0,4.0,0.0,11.0,0.0,0.0,0.0,2.0,0.0,0.0,16.0,2.0,0.0,2.0,0.0,8.0,0.0,0.0,3.0,2.0,6.0,0.0,1.0,0.0,0.0,0.0,17.5,0.0,4.0,1.0,0.0,18.0,0.0,2.0,0.0,0.0,1.0,14.0,0.0,0.0,48.0,0.0,6.0,0.0,17.0,0.0,0.0,5.0,0.0,0.0,8.0,0.0
2025-12-12,Elders,0,0,0,0,0,1.0,0.0,0.0,0.0,0.5,0.0,0.0,0.0,6.0,1.0,0.0,0.0,0.0,6.0,0.0,1.0,0.0,1.0,0.0,0.0,3.0,1.0,0.0,3.0,0.0,7.0,0.0,0.0,10.0,0.0,1.0,0.0,0.0,3.0,0.0,0.0,24.5,0.0,8.0,0.0,0.0,17.0,0.0,1.0,0.0,0.0,1.0,6.0,0.0,0.0,11.0,0.0,5.0,0.0,9.0,0.0,0.0,6.0,0.0,0.0,0.0,0.0
2025-12-12,School Children,0,0,0,0,0,0.0,0.0,0.0,0.0,0.0,0.0,0.0,0.0,0.0,0.0,0.0,0.0,0.0,0.0,0.0,0.0,0.0,0.0,0.0,0.0,5.0,1.0,0.0,0.0,0.0,0.0,0.0,0.0,0.0,0.0,1.0,0.0,1.0,1.0,0.0,0.0,2.0,0.0,2.0,0.0,0.0,8.0,0.0,1.0,0.0,0.0,2.0,11.0,0.0,0.0,1.0,0.0,1.0,0.0,2.0,0.0,0.0,2.0,0.0,0.0,0.0,0.0
2025-12-12,Younger Adults,0,0,0,0,0,14.0,0.0,1.0,0.0,0.5,0.0,9.0,0.0,10.0,0.0,0.0,0.0,0.0,24.0,0.0,0.0,0.0,3.0,0.0,0.0,17.0,1.0,0.0,4.0,0.0,27.0,0.0,0.0,13.0,2.0,1.0,0.0,1.0,3.0,0.0,0.0,46.5,0.0,6.0,0.0,0.0,21.0,0.0,5.0,1.0,0.0,2.0,10.0,1.0,0.0,31.0,0.0,10.0,0.0,8.0,0.0,0.0,9.0,0.0,0.0,1.0,0.0
2025-12-12,Youngers,0,0,0,0,0,4.0,0.0,0.0,0.0,0.0,0.0,3.0,0.0,4.0,0.0,0.0,1.0,0.0,26.0,0.0,0.0,0.0,1.0,0.0,0.0,22.0,2.0,0.0,3.0,0.0,14.0,0.0,0.0,8.0,3.0,7.0,0.0,1.0,3.0,0.0,0.0,27.5,0.0,4.0,0.0,0.0,28.0,0.0,3.0,1.0,0.0,2.0,34.0,0.0,0.0,25.0,0.0,6.0,0.0,14.0,0.0,0.0,11.0,0.0,0.0,4.0,0.0
2025-12-13,Elders,0,0,0,0,0,2.0,0.0,0.0,0.0,1.0,0.0,0.0,0.0,12.0,0.0,0.0,0.0,0.0,6.0,0.0,1.0,0.0,1.0,0.0,0.0,4.0,3.0,0.0,4.0,0.0,8.0,0.0,0.0,7.0,0.0,1.0,0.0,0.0,0.0,0.0,0.0,23.0,0.0,11.0,0.0,0.0,17.0,0.0,2.0,0.0,0.0,0.0,3.0,0.0,0.0,7.0,0.0,6.0,0.0,25.0,0.0,0.0,4.0,0.0,0.0,0.0,0.0
2025-12-13,School Children,0,0,0,0,0,0.0,0.0,0.0,0.0,0.0,0.0,0.0,0.0,0.0,0.0,0.0,0.0,0.0,0.0,0.0,0.0,0.0,0.0,0.0,0.0,6.0,2.0,0.0,0.0,0.0,0.0,0.0,0.0,0.0,0.0,1.0,0.0,0.0,0.0,0.0,0.0,1.5,0.0,3.0,0.0,0.0,9.0,0.0,1.0,0.0,0.0,0.0,5.0,0.0,0.0,0.0,0.0,1.0,0.0,4.0,0.0,0.0,1.0,0.0,0.0,0.0,0.0
2025-12-13,Younger Adults,0,0,0,0,0,17.0,0.0,1.0,0.0,2.0,0.0,8.0,0.0,19.0,0.0,0.0,0.0,0.0,28.0,0.0,0.0,0.0,6.0,0.0,0.0,22.0,5.0,0.0,7.0,0.0,28.0,1.0,0.0,8.0,1.0,2.0,0.0,0.0,1.0,1.0,0.0,43.0,0.0,8.0,0.0,0.0,22.0,0.0,10.0,1.0,0.0,1.0,4.0,1.0,0.0,19.0,0.0,13.0,0.0,21.0,0.0,0.0,7.0,0.0,0.0,1.0,0.0
2025-12-13,Youngers,0,0,0,0,0,5.0,0.0,1.0,0.0,0.0,0.0,3.0,0.0,8.0,0.0,0.0,1.0,0.0,29.0,0.0,0.0,0.0,2.0,0.0,0.0,29.0,10.0,0.0,5.0,0.0,14.0,0.0,0.0,5.0,2.0,8.0,0.0,0.0,1.0,1.0,0.0,25.5,0.0,5.0,0.0,0.0,29.0,0.0,6.0,1.0,0.0,1.0,16.0,1.0,0.0,15.0,0.0,8.0,0.0,39.0,0.0,0.0,8.0,0.0,0.0,2.0,0.0
2025-12-14,Elders,0,0,0,0,0,1.0,0.0,0.0,0.0,0.5,0.0,0.0,0.0,1.0,0.0,0.0,0.0,0.0,4.0,0.0,0.0,0.0,0.0,0.0,0.0,4.0,2.0,0.0,3.0,0.0,3.0,0.0,0.0,6.0,0.0,0.0,0.0,0.0,1.0,0.0,0.0,14.5,0.0,7.0,0.0,0.0,16.0,0.0,1.0,0.0,0.0,0.0,2.0,0.0,0.0,3.0,0.0,4.0,0.0,18.0,0.0,0.0,2.0,0.0,0.0,0.0,1.0
2025-12-14,School Children,0,0,0,0,0,0.0,0.0,0.0,0.0,0.0,0.0,0.0,0.0,0.0,0.0,0.0,0.0,0.0,0.0,0.0,0.0,0.0,0.0,0.0,0.0,5.0,1.0,0.0,0.0,0.0,0.0,0.0,0.0,0.0,0.0,0.0,0.0,0.0,0.0,0.0,0.0,1.0,0.0,2.0,0.0,0.0,8.0,0.0,0.0,0.0,0.0,0.0,4.0,0.0,0.0,0.0,0.0,1.0,0.0,3.0,0.0,0.0,1.0,0.0,0.0,0.0,0.0
2025-12-14,Younger Adults,0,0,0,0,0,7.0,0.0,0.0,0.0,1.5,0.0,0.0,0.0,2.0,0.0,0.0,0.0,0.0,17.0,0.0,0.0,0.0,2.0,0.0,0.0,18.0,3.0,1.0,5.0,0.0,11.0,0.0,0.0,7.0,0.0,0.0,0.0,1.0,2.0,0.0,0.0,26.5,0.0,4.0,0.0,0.0,20.0,0.0,3.0,0.0,0.0,1.0,4.0,0.0,0.0,7.0,0.0,8.0,0.0,15.0,0.0,0.0,4.0,0.0,0.0,2.0,0.0
2025-12-14,Youngers,0,0,0,0,0,2.0,0.0,0.0,0.0,0.0,0.0,0.0,0.0,1.0,0.0,0.0,2.0,0.0,18.0,0.0,0.0,0.0,1.0,0.0,0.0,25.0,6.0,1.0,3.0,0.0,6.0,0.0,0.0,4.0,0.0,0.0,0.0,1.0,1.0,0.0,0.0,16.0,0.0,3.0,0.0,0.0,27.0,0.0,2.0,0.0,0.0,1.0,14.0,0.0,0.0,6.0,0.0,5.0,0.0,28.0,0.0,0.0,5.0,0.0,0.0,6.0,0.0
2025-12-15,Elders,0,0,0,0,0,0.0,0.0,0.0,0.0,0.0,0.0,0.0,0.0,6.0,0.0,0.0,0.0,0.0,3.0,0.0,0.0,0.0,1.0,0.0,0.0,3.0,1.0,0.0,1.0,0.0,1.0,0.0,0.0,8.0,0.0,1.0,0.0,5.0,1.0,0.0,0.0,14.0,0.0,5.0,0.0,0.0,10.0,0.0,1.0,0.0,0.0,0.0,2.0,0.0,0.0,22.0,0.0,3.0,0.0,18.0,0.0,0.0,3.0,0.0,0.0,0.0,0.0
2025-12-15,School Children,0,0,0,0,0,0.0,0.0,0.0,0.0,0.0,0.0,0.0,0.0,0.0,0.0,0.0,0.0,0.0,0.0,0.0,0.0,0.0,0.0,0.0,0.0,4.0,1.0,0.0,0.0,0.0,0.0,0.0,0.0,0.0,0.0,1.0,0.0,5.0,0.0,0.0,0.0,1.0,0.0,1.0,0.0,0.0,5.0,0.0,0.0,0.0,0.0,0.0,4.0,0.0,0.0,1.0,0.0,0.0,0.0,3.0,0.0,0.0,1.0,0.0,0.0,0.0,0.0
2025-12-15,Younger Adults,0,0,0,0,0,0.0,0.0,0.0,0.0,0.5,0.0,6.0,0.0,8.0,0.0,0.0,0.0,0.0,12.0,1.0,0.0,0.0,5.0,0.0,0.0,14.0,3.0,0.0,3.0,0.0,6.0,1.0,0.0,11.0,1.0,1.0,0.0,8.0,2.0,1.0,0.0,25.5,0.0,4.0,0.0,0.0,12.0,0.0,4.0,0.0,0.0,0.0,3.0,1.0,0.0,59.0,0.0,7.0,0.0,16.0,0.0,0.0,4.0,0.0,0.0,1.0,0.0
2025-12-15,Youngers,0,0,0,0,0,0.0,0.0,0.0,0.0,0.0,0.0,3.0,0.0,3.0,0.0,0.0,2.0,0.0,12.0,1.0,0.0,0.0,1.0,0.0,0.0,18.0,5.0,0.0,2.0,0.0,3.0,0.0,0.0,7.0,3.0,5.0,0.0,10.0,2.0,0.0,0.0,15.0,0.0,3.0,0.0,0.0,17.0,0.0,3.0,0.0,0.0,0.0,12.0,0.0,0.0,48.0,0.0,4.0,0.0,29.0,0.0,0.0,5.0,0.0,0.0,4.0,0.0
2025-12-16,Elders,0,0,0,0,0,0.0,0.0,0.0,0.0,1.0,0.0,0.0,0.0,2.0,0.0,0.0,0.0,0.0,3.0,0.0,4.0,0.0,1.0,0.0,0.0,4.0,2.0,0.0,3.0,0.0,2.0,0.0,0.0,10.0,0.0,0.0,0.0,0.0,0.0,0.0,0.0,22.0,0.0,10.0,0.0,0.0,9.0,0.0,1.0,0.0,0.0,0.0,3.0,0.0,0.0,20.0,0.0,3.0,0.0,15.0,0.0,0.0,6.0,0.0,0.0,0.0,1.0
2025-12-16,School Children,0,0,0,0,0,0.0,0.0,0.0,0.0,0.0,0.0,0.0,0.0,0.0,0.0,0.0,0.0,0.0,0.0,0.0,0.0,0.0,0.0,0.0,0.0,6.0,2.0,0.0,0.0,0.0,0.0,0.0,0.0,0.0,0.0,0.0,0.0,0.0,0.0,0.0,0.0,1.5,0.0,2.0,0.0,0.0,4.0,0.0,0.0,0.0,0.0,0.0,5.0,0.0,0.0,1.0,0.0,0.0,0.0,3.0,0.0,0.0,2.0,0.0,0.0,0.0,0.0
2025-12-16,Younger Adults,0,0,0,0,0,2.0,0.0,1.0,0.0,3.0,0.0,8.0,0.0,4.0,0.0,0.0,0.0,0.0,15.0,0.0,0.0,0.0,5.0,0.0,0.0,21.0,4.0,0.0,6.0,0.0,7.0,5.0,0.0,12.0,0.0,0.0,0.0,1.0,0.0,0.0,0.0,41.5,0.0,7.0,0.0,0.0,11.0,0.0,4.0,0.0,0.0,0.0,4.0,0.0,0.0,54.0,0.0,7.0,0.0,13.0,0.0,0.0,11.0,0.0,0.0,0.0,0.0
2025-12-16,Youngers,0,0,0,0,0,1.0,0.0,0.0,0.0,0.0,0.0,3.0,0.0,2.0,0.0,0.0,4.0,0.0,16.0,0.0,0.0,0.0,2.0,0.0,0.0,28.0,8.0,1.0,3.0,0.0,4.0,0.0,0.0,8.0,0.0,2.0,0.0,1.0,0.0,0.0,0.0,24.5,0.0,5.0,0.0,0.0,15.0,0.0,2.0,0.0,0.0,0.0,16.0,0.0,0.0,44.0,0.0,4.0,0.0,24.0,0.0,0.0,12.0,0.0,0.0,2.0,0.0
2025-12-17,Elders,0,0,0,0,0,1.0,0.0,0.0,0.0,0.5,0.0,0.0,0.0,2.0,0.0,0.0,0.0,0.0,3.0,0.0,0.0,0.0,1.0,0.0,0.0,3.0,1.0,0.0,2.0,0.0,2.0,0.0,0.0,8.0,0.0,1.0,0.0,0.0,0.0,0.0,0.0,14.0,0.0,5.0,0.0,0.0,14.0,0.0,2.0,0.0,0.0,0.0,3.0,0.0,0.0,25.0,0.0,4.0,0.0,8.0,0.0,0.0,3.0,0.0,0.0,0.0,2.0
2025-12-17,School Children,0,0,0,0,0,0.0,0.0,0.0,0.0,0.0,0.0,0.0,0.0,0.0,0.0,0.0,0.0,0.0,0.0,0.0,0.0,0.0,0.0,0.0,0.0,4.0,1.0,0.0,0.0,0.0,0.0,0.0,0.0,0.0,0.0,1.0,0.0,0.0,0.0,0.0,0.0,1.0,0.0,1.0,0.0,0.0,7.0,0.0,1.0,0.0,0.0,0.0,5.0,0.0,0.0,1.0,0.0,1.0,0.0,1.0,0.0,0.0,1.0,0.0,0.0,0.0,0.0
2025-12-17,Younger Adults,0,0,0,0,0,9.0,0.0,0.0,0.0,1.5,0.0,10.0,0.0,3.0,0.0,0.0,0.0,0.0,15.0,0.0,0.0,0.0,5.0,0.0,0.0,13.0,3.0,0.0,3.0,0.0,9.0,2.0,0.0,10.0,0.0,2.0,0.0,0.0,0.0,0.0,0.0,26.0,0.0,4.0,0.0,0.0,17.0,0.0,8.0,0.0,0.0,0.0,5.0,0.0,0.0,68.0,0.0,8.0,0.0,6.0,0.0,0.0,6.0,0.0,0.0,1.0,0.0
2025-12-17,Youngers,0,0,0,0,0,2.0,0.0,0.0,0.0,0.0,0.0,4.0,0.0,1.0,0.0,0.0,3.0,0.0,16.0,0.0,0.0,0.0,2.0,0.0,0.0,17.0,6.0,1.0,2.0,0.0,5.0,0.0,0.0,7.0,0.0,9.0,0.0,0.0,0.0,0.0,0.0,15.5,0.0,3.0,0.0,0.0,23.0,0.0,6.0,1.0,0.0,0.0,17.0,0.0,0.0,56.0,0.0,5.0,0.0,11.0,0.0,0.0,6.0,0.0,0.0,5.0,0.0
2025-12-18,Elders,0,0,0,0,0,1.0,0.0,0.0,0.0,1.5,0.0,0.0,0.0,8.0,0.0,0.0,0.0,0.0,6.0,0.0,0.0,0.0,1.0,0.0,0.0,5.0,2.0,0.0,1.0,0.0,9.0,0.0,0.0,8.0,0.0,1.0,0.0,0.0,0.0,0.0,0.0,23.5,0.0,8.0,0.0,0.0,9.0,0.0,2.0,0.0,0.0,0.0,3.0,0.0,0.0,10.0,0.0,5.0,0.0,24.0,0.0,0.0,3.0,0.0,0.0,0.0,1.0
2025-12-18,School Children,0,0,0,0,0,0.0,0.0,0.0,0.0,0.0,0.0,0.0,0.0,0.0,0.0,0.0,0.0,0.0,0.0,0.0,0.0,0.0,0.0,0.0,0.0,7.0,2.0,0.0,0.0,0.0,0.0,0.0,0.0,0.0,0.0,1.0,0.0,0.0,0.0,0.0,0.0,2.0,0.0,2.0,0.0,0.0,5.0,0.0,0.0,0.0,0.0,0.0,6.0,0.0,0.0,0.0,0.0,1.0,0.0,4.0,0.0,0.0,1.0,0.0,0.0,0.0,0.0
2025-12-18,Younger Adults,0,0,0,0,0,9.0,0.0,0.0,0.0,3.5,0.0,7.0,0.0,13.0,0.0,0.0,0.0,0.0,27.0,0.0,0.0,0.0,3.0,0.0,0.0,23.0,5.0,0.0,2.0,0.0,31.0,1.0,0.0,11.0,1.0,1.0,0.0,0.0,0.0,0.0,0.0,44.0,0.0,5.0,0.0,0.0,12.0,0.0,7.0,1.0,0.0,1.0,6.0,0.0,0.0,26.0,0.0,10.0,0.0,20.0,0.0,0.0,5.0,0.0,0.0,1.0,0.0
2025-12-18,Youngers,0,0,0,0,0,3.0,1.0,0.0,0.0,0.0,0.0,3.0,0.0,5.0,0.0,0.0,2.0,0.0,29.0,0.0,0.0,0.0,1.0,0.0,0.0,32.0,9.0,0.0,2.0,0.0,16.0,0.0,0.0,7.0,2.0,7.0,0.0,0.0,0.0,0.0,0.0,26.0,0.0,4.0,0.0,0.0,16.0,0.0,5.0,2.0,0.0,1.0,20.0,0.0,0.0,22.0,0.0,6.0,0.0,37.0,0.0,0.0,6.0,0.0,0.0,3.0,0.0
2025-12-19,Elders,0,0,0,0,0,2.0,0.0,0.0,0.0,0.5,0.0,0.0,0.0,7.0,1.0,0.0,0.0,0.0,6.0,0.0,0.0,0.0,1.0,0.0,0.0,4.0,1.0,0.0,2.0,0.0,7.0,0.0,0.0,10.0,0.0,1.0,0.0,0.0,3.0,0.0,0.0,27.5,0.0,9.0,0.0,0.0,16.0,0.0,1.0,0.0,0.0,1.0,4.0,0.0,0.0,11.0,0.0,6.0,0.0,10.0,0.0,0.0,5.0,0.0,0.0,0.0,0.0
2025-12-19,School Children,0,0,0,0,0,0.0,0.0,0.0,0.0,0.0,0.0,0.0,0.0,0.0,0.0,0.0,0.0,0.0,0.0,0.0,0.0,0.0,0.0,0.0,0.0,6.0,1.0,0.0,0.0,0.0,0.0,0.0,0.0,0.0,0.0,1.0,0.0,1.0,1.0,0.0,0.0,2.0,0.0,3.0,0.0,0.0,8.0,0.0,0.0,0.0,0.0,2.0,8.0,0.0,0.0,1.0,0.0,1.0,0.0,2.0,0.0,0.0,1.0,0.0,0.0,0.0,0.0
2025-12-19,Younger Adults,0,0,0,0,0,16.0,0.0,1.0,0.0,0.5,0.0,10.0,0.0,10.0,0.0,0.0,0.0,0.0,26.0,0.0,0.0,0.0,3.0,0.0,0.0,19.0,2.0,0.0,4.0,0.0,26.0,0.0,0.0,12.0,2.0,1.0,0.0,1.0,3.0,0.0,0.0,52.0,0.0,6.0,0.0,0.0,19.0,0.0,5.0,1.0,0.0,2.0,7.0,1.0,0.0,30.0,0.0,12.0,0.0,8.0,0.0,0.0,8.0,0.0,0.0,1.0,0.0
2025-12-19,Youngers,0,0,0,0,0,4.0,0.0,0.0,0.0,0.0,0.0,4.0,0.0,4.0,0.0,0.0,0.0,0.0,28.0,0.0,0.0,0.0,1.0,0.0,0.0,25.0,3.0,1.0,3.0,0.0,13.0,0.0,0.0,8.0,3.0,6.0,0.0,1.0,3.0,0.0,0.0,30.5,0.0,4.0,0.0,0.0,26.0,0.0,3.0,1.0,0.0,3.0,25.0,0.0,0.0,25.0,0.0,7.0,0.0,16.0,0.0,0.0,9.0,0.0,0.0,5.0,0.0
2025-12-20,Elders,0,0,0,0,0,1.0,0.0,0.0,0.0,0.5,0.0,0.0,0.0,9.0,0.0,0.0,0.0,0.0,5.0,0.0,1.0,0.0,1.0,0.0,0.0,6.0,1.0,0.0,1.0,0.0,6.0,0.0,0.0,5.0,0.0,1.0,0.0,0.0,0.0,0.0,0.0,21.0,0.0,4.0,0.0,0.0,14.0,0.0,3.0,0.0,0.0,0.0,2.0,1.0,0.0,8.0,0.0,6.0,0.0,16.0,0.0,0.0,4.0,0.0,0.0,0.0,2.0
2025-12-20,School Children,0,0,0,0,0,0.0,0.0,0.0,0.0,0.0,0.0,0.0,0.0,0.0,0.0,0.0,0.0,0.0,0.0,0.0,0.0,0.0,0.0,0.0,0.0,8.0,1.0,0.0,0.0,0.0,0.0,0.0,0.0,0.0,0.0,2.0,0.0,0.0,0.0,0.0,0.0,1.5,0.0,1.0,0.0,0.0,7.0,0.0,1.0,0.0,0.0,0.0,5.0,0.0,0.0,1.0,0.0,1.0,0.0,3.0,0.0,0.0,2.0,0.0,0.0,0.0,0.0
2025-12-20,Younger Adults,0,0,0,0,0,11.0,0.0,1.0,0.0,0.5,0.0,12.0,0.0,14.0,0.0,0.0,0.0,0.0,23.0,1.0,0.0,0.0,3.0,0.0,0.0,28.0,3.0,0.0,1.0,0.0,22.0,1.0,0.0,7.0,1.0,3.0,0.0,0.0,0.0,1.0,0.0,39.0,0.0,2.0,0.0,0.0,18.0,0.0,10.0,0.0,0.0,1.0,4.0,2.0,0.0,22.0,0.0,13.0,0.0,13.0,0.0,0.0,7.0,0.0,0.0,1.0,0.0
2025-12-20,Youngers,0,0,0,0,0,3.0,0.0,0.0,0.0,0.0,0.0,5.0,0.0,5.0,0.0,0.0,2.0,0.0,24.0,0.0,0.0,0.0,1.0,0.0,0.0,38.0,5.0,0.0,1.0,0.0,12.0,0.0,0.0,4.0,3.0,13.0,0.0,0.0,0.0,0.0,0.0,23.5,0.0,2.0,0.0,0.0,24.0,0.0,7.0,1.0,0.0,1.0,15.0,1.0,0.0,18.0,0.0,8.0,0.0,24.0,0.0,0.0,8.0,0.0,0.0,2.0,0.0
2025-12-21,Elders,0,0,0,0,0,1.0,0.0,0.0,0.0,0.5,0.0,0.0,0.0,1.0,0.0,0.0,0.0,0.0,4.0,0.0,0.0,0.0,1.0,0.0,0.0,4.0,1.0,0.0,3.0,0.0,3.0,0.0,0.0,5.0,0.0,0.0,0.0,0.0,1.0,0.0,0.0,17.0,0.0,5.0,0.0,0.0,15.0,0.0,1.0,0.0,0.0,0.0,3.0,0.0,0.0,3.0,0.0,4.0,0.0,17.0,0.0,0.0,2.0,0.0,0.0,0.0,1.0
2025-12-21,School Children,0,0,0,0,0,0.0,0.0,0.0,0.0,0.0,0.0,0.0,0.0,0.0,0.0,0.0,0.0,0.0,0.0,0.0,0.0,0.0,0.0,0.0,0.0,6.0,1.0,0.0,0.0,0.0,0.0,0.0,0.0,0.0,0.0,0.0,0.0,0.0,0.0,0.0,0.0,1.5,0.0,1.0,0.0,0.0,8.0,0.0,0.0,0.0,0.0,0.0,5.0,0.0,0.0,0.0,0.0,1.0,0.0,3.0,0.0,0.0,1.0,0.0,0.0,0.0,0.0
2025-12-21,Younger Adults,0,0,0,0,0,8.0,0.0,1.0,0.0,1.5,0.0,0.0,0.0,1.0,0.0,0.0,0.0,0.0,16.0,0.0,0.0,0.0,2.0,0.0,0.0,19.0,2.0,1.0,4.0,0.0,13.0,2.0,0.0,7.0,0.0,0.0,0.0,0.0,2.0,0.0,0.0,31.5,0.0,4.0,0.0,0.0,19.0,0.0,4.0,0.0,0.0,1.0,5.0,0.0,0.0,8.0,0.0,8.0,0.0,15.0,0.0,0.0,4.0,0.0,0.0,2.0,0.0
2025-12-21,Youngers,0,0,0,0,0,2.0,0.0,0.0,0.0,0.0,0.0,0.0,0.0,1.0,0.0,0.0,2.0,0.0,17.0,0.0,0.0,0.0,1.0,0.0,0.0,25.0,4.0,1.0,3.0,0.0,6.0,0.0,0.0,4.0,0.0,0.0,0.0,0.0,1.0,0.0,0.0,18.5,0.0,3.0,0.0,0.0,25.0,0.0,2.0,0.0,0.0,1.0,17.0,0.0,0.0,7.0,0.0,5.0,0.0,27.0,0.0,0.0,5.0,0.0,0.0,6.0,0.0
2025-12-22,Elders,0,0,0,0,0,0.0,0.0,0.0,0.0,0.5,0.0,0.0,0.0,6.0,1.0,0.0,0.0,0.0,3.0,0.0,3.0,0.0,1.0,0.0,0.0,3.0,2.0,0.0,1.0,0.0,3.0,0.0,0.0,8.0,0.0,0.0,0.0,2.0,2.0,0.0,0.0,15.5,0.0,6.0,0.0,0.0,10.0,0.0,1.0,0.0,0.0,0.0,3.0,0.0,0.0,18.0,0.0,4.0,0.0,17.0,0.0,0.0,3.0,0.0,0.0,0.0,1.0
2025-12-22,School Children,0,0,0,0,0,0.0,0.0,0.0,0.0,0.0,0.0,0.0,0.0,0.0,0.0,0.0,0.0,0.0,0.0,0.0,0.0,0.0,0.0,0.0,0.0,4.0,1.0,0.0,0.0,0.0,0.0,0.0,0.0,0.0,0.0,0.0,0.0,2.0,0.0,0.0,0.0,1.0,0.0,1.0,0.0,0.0,5.0,0.0,1.0,0.0,0.0,0.0,6.0,0.0,0.0,1.0,0.0,0.0,0.0,3.0,0.0,0.0,1.0,0.0,0.0,0.0,0.0
2025-12-22,Younger Adults,0,0,0,0,0,2.0,0.0,1.0,0.0,0.5,0.0,6.0,0.0,9.0,0.0,0.0,0.0,0.0,13.0,1.0,0.0,0.0,4.0,0.0,0.0,15.0,3.0,0.0,3.0,0.0,13.0,1.0,0.0,9.0,1.0,1.0,0.0,4.0,2.0,0.0,0.0,29.5,0.0,4.0,0.0,0.0,13.0,0.0,5.0,0.0,0.0,0.0,5.0,1.0,0.0,47.0,0.0,8.0,0.0,14.0,0.0,0.0,6.0,0.0,0.0,1.0,0.0
2025-12-22,Youngers,0,0,0,0,0,0.0,0.0,0.0,0.0,0.0,0.0,3.0,0.0,3.0,0.0,0.0,1.0,0.0,13.0,0.0,0.0,0.0,1.0,0.0,0.0,20.0,6.0,1.0,2.0,0.0,6.0,0.0,0.0,6.0,3.0,4.0,0.0,5.0,2.0,0.0,0.0,17.5,0.0,3.0,1.0,0.0,18.0,0.0,3.0,0.0,0.0,0.0,17.0,0.0,0.0,39.0,0.0,5.0,0.0,27.0,0.0,0.0,7.0,0.0,0.0,5.0,0.0
2025-12-23,Elders,0,0,0,0,0,0.0,0.0,0.0,0.0,1.0,0.0,0.0,0.0,3.0,0.0,0.0,0.0,0.0,3.0,0.0,5.0,0.0,2.0,0.0,0.0,4.0,2.0,0.0,3.0,0.0,2.0,0.0,0.0,9.0,0.0,0.0,0.0,0.0,0.0,0.0,0.0,20.5,0.0,9.0,0.0,0.0,10.0,0.0,1.0,0.0,0.0,0.0,3.0,0.0,0.0,24.0,0.0,3.0,0.0,18.0,0.0,0.0,5.0,0.0,0.0,0.0,1.0
2025-12-23,School Children,0,0,0,0,0,0.0,0.0,0.0,0.0,0.0,0.0,0.0,0.0,0.0,0.0,0.0,0.0,0.0,0.0,0.0,0.0,0.0,0.0,0.0,0.0,5.0,2.0,0.0,0.0,0.0,0.0,0.0,0.0,0.0,0.0,0.0,0.0,0.0,0.0,0.0,0.0,1.5,0.0,2.0,0.0,0.0,5.0,0.0,0.0,0.0,0.0,0.0,6.0,0.0,0.0,1.0,0.0,0.0,0.0,3.0,0.0,0.0,2.0,0.0,0.0,0.0,0.0
2025-12-23,Younger Adults,0,0,0,0,0,2.0,0.0,0.0,0.0,2.5,0.0,7.0,0.0,5.0,0.0,0.0,0.0,0.0,15.0,0.0,0.0,0.0,6.0,0.0,0.0,19.0,4.0,0.0,4.0,0.0,9.0,6.0,0.0,12.0,1.0,0.0,0.0,1.0,0.0,0.0,0.0,39.0,0.0,6.0,0.0,0.0,12.0,0.0,4.0,0.0,0.0,0.0,5.0,0.0,0.0,66.0,0.0,6.0,0.0,16.0,0.0,0.0,9.0,0.0,0.0,0.0,0.0
2025-12-23,Youngers,0,0,0,0,0,1.0,0.0,0.0,0.0,0.0,0.0,3.0,0.0,2.0,0.0,0.0,4.0,0.0,16.0,0.0,0.0,0.0,2.0,0.0,0.0,25.0,8.0,1.0,3.0,0.0,4.0,0.0,0.0,7.0,2.0,2.0,0.0,1.0,0.0,0.0,0.0,23.0,0.0,4.0,0.0,0.0,16.0,0.0,3.0,0.0,0.0,0.0,19.0,0.0,0.0,55.0,0.0,4.0,0.0,29.0,0.0,0.0,11.0,0.0,0.0,2.0,0.0
2025-12-24,Elders,0,0,0,0,0,1.0,0.0,0.0,0.0,0.5,0.0,0.0,0.0,2.0,1.0,0.0,0.0,0.0,3.0,0.0,2.0,0.0,2.0,0.0,0.0,2.0,2.0,0.0,1.0,0.0,2.0,0.0,0.0,8.0,0.0,1.0,0.0,0.0,0.0,0.0,0.0,13.5,0.0,6.0,0.0,0.0,16.0,0.0,2.0,0.0,0.0,0.0,2.0,0.0,0.0,24.0,0.0,4.0,0.0,9.0,0.0,0.0,4.0,0.0,0.0,0.0,2.0
2025-12-24,School Children,0,0,0,0,0,0.0,0.0,0.0,0.0,0.0,0.0,0.0,0.0,0.0,0.0,0.0,0.0,0.0,0.0,0.0,0.0,0.0,0.0,0.0,0.0,4.0,1.0,0.0,0.0,0.0,0.0,0.0,0.0,0.0,0.0,1.0,0.0,0.0,0.0,0.0,0.0,1.0,0.0,2.0,0.0,0.0,8.0,0.0,1.0,0.0,0.0,0.0,4.0,0.0,0.0,1.0,0.0,1.0,0.0,1.0,0.0,0.0,1.0,0.0,0.0,0.0,0.0
2025-12-24,Younger Adults,0,0,0,0,0,8.0,0.0,0.0,0.0,1.5,0.0,8.0,0.0,3.0,0.0,0.0,0.0,0.0,12.0,1.0,0.0,0.0,6.0,0.0,0.0,12.0,3.0,0.0,3.0,0.0,9.0,2.0,0.0,10.0,1.0,2.0,0.0,1.0,0.0,0.0,0.0,26.0,0.0,4.0,0.0,0.0,20.0,0.0,10.0,0.0,0.0,0.0,4.0,0.0,0.0,64.0,0.0,7.0,0.0,8.0,0.0,0.0,6.0,0.0,0.0,1.0,0.0
2025-12-24,Youngers,0,0,0,0,0,2.0,0.0,0.0,0.0,0.0,0.0,3.0,0.0,1.0,0.0,0.0,3.0,0.0,13.0,0.0,0.0,0.0,2.0,0.0,0.0,16.0,6.0,1.0,2.0,0.0,5.0,0.0,0.0,7.0,2.0,7.0,0.0,1.0,0.0,0.0,0.0,15.5,0.0,3.0,0.0,0.0,26.0,0.0,6.0,1.0,0.0,0.0,13.0,0.0,0.0,53.0,0.0,4.0,0.0,14.0,0.0,0.0,8.0,0.0,0.0,3.0,0.0
2025-12-25,Elders,0,0,0,0,0,1.0,0.0,0.0,0.0,0.5,0.0,0.0,0.0,8.0,0.0,0.0,0.0,0.0,4.0,1.0,0.0,0.0,2.0,0.0,0.0,4.0,1.0,1.0,2.0,0.0,2.0,0.0,0.0,12.0,0.0,1.0,0.0,0.0,0.0,0.0,0.0,22.0,0.0,14.0,0.0,0.0,11.0,0.0,2.0,0.0,0.0,0.0,3.0,0.0,0.0,27.0,0.0,5.0,0.0,27.0,0.0,0.0,6.0,0.0,0.0,0.0,2.0
2025-12-25,School Children,0,0,0,0,0,0.0,0.0,0.0,0.0,0.0,0.0,0.0,0.0,0.0,0.0,0.0,0.0,0.0,0.0,0.0,0.0,0.0,0.0,0.0,0.0,6.0,1.0,0.0,0.0,0.0,0.0,0.0,0.0,0.0,0.0,1.0,0.0,0.0,0.0,0.0,0.0,1.5,0.0,4.0,0.0,0.0,6.0,0.0,1.0,0.0,0.0,0.0,6.0,0.0,0.0,1.0,0.0,1.0,0.0,4.0,0.0,0.0,2.0,0.0,0.0,0.0,0.0
2025-12-25,Younger Adults,0,0,0,0,0,9.0,0.0,1.0,0.0,2.0,0.0,15.0,0.0,12.0,0.0,0.0,0.0,0.0,16.0,1.0,0.0,0.0,7.0,0.0,0.0,19.0,2.0,2.0,3.0,0.0,8.0,1.0,0.0,16.0,0.0,3.0,0.0,1.0,1.0,0.0,0.0,41.5,0.0,9.0,0.0,0.0,13.0,0.0,8.0,0.0,0.0,0.0,6.0,0.0,0.0,72.0,0.0,10.0,0.0,22.0,0.0,0.0,11.0,0.0,0.0,1.0,0.0
2025-12-25,Youngers,0,0,0,0,0,2.0,1.0,0.0,0.0,0.0,0.0,6.0,0.0,5.0,0.0,0.0,4.0,0.0,17.0,1.0,0.0,0.0,2.0,0.0,0.0,26.0,5.0,2.0,2.0,0.0,4.0,0.0,0.0,10.0,0.0,11.0,0.0,1.0,1.0,0.0,0.0,24.5,0.0,6.0,0.0,0.0,18.0,0.0,5.0,0.0,0.0,0.0,19.0,0.0,0.0,59.0,0.0,6.0,0.0,41.0,0.0,0.0,13.0,0.0,0.0,5.0,0.0
2025-12-26,Elders,0,0,0,0,0,0.0,0.0,0.0,0.0,0.5,0.0,0.0,0.0,3.0,0.0,0.0,0.0,0.0,1.0,0.0,0.0,0.0,1.0,0.0,0.0,2.0,0.0,0.0,1.0,0.0,4.0,0.0,0.0,2.0,0.0,0.0,0.0,0.0,0.0,0.0,0.0,5.5,0.0,0.0,0.0,0.0,4.0,0.0,1.0,0.0,0.0,0.0,1.0,0.0,0.0,8.0,0.0,1.0,0.0,4.0,0.0,0.0,1.0,0.0,0.0,0.0,0.0
2025-12-26,School Children,0,0,0,0,0,0.0,0.0,0.0,0.0,0.0,0.0,0.0,0.0,0.0,0.0,0.0,0.0,0.0,0.0,0.0,0.0,0.0,0.0,0.0,0.0,2.0,0.0,0.0,0.0,0.0,0.0,0.0,0.0,0.0,0.0,0.0,0.0,0.0,0.0,0.0,0.0,0.5,0.0,0.0,0.0,0.0,2.0,0.0,0.0,0.0,0.0,0.0,2.0,0.0,0.0,0.0,0.0,0.0,0.0,1.0,0.0,0.0,1.0,0.0,0.0,0.0,0.0
2025-12-26,Younger Adults,0,0,0,0,0,4.0,0.0,1.0,0.0,2.0,0.0,6.0,0.0,5.0,0.0,0.0,0.0,0.0,4.0,1.0,0.0,0.0,5.0,0.0,0.0,7.0,1.0,0.0,1.0,0.0,16.0,0.0,0.0,3.0,1.0,0.0,0.0,0.0,0.0,0.0,0.0,10.0,0.0,0.0,0.0,0.0,5.0,0.0,2.0,0.0,0.0,0.0,1.0,1.0,0.0,23.0,0.0,3.0,0.0,3.0,0.0,0.0,2.0,0.0,0.0,0.0,0.0
2025-12-26,Youngers,0,0,0,0,0,1.0,0.0,0.0,0.0,0.0,0.0,3.0,0.0,2.0,0.0,0.0,1.0,0.0,5.0,0.0,0.0,0.0,1.0,0.0,0.0,10.0,1.0,0.0,1.0,0.0,8.0,0.0,0.0,2.0,3.0,0.0,0.0,0.0,0.0,0.0,0.0,6.0,0.0,0.0,0.0,0.0,6.0,0.0,1.0,0.0,0.0,0.0,6.0,0.0,0.0,19.0,0.0,2.0,0.0,6.0,0.0,0.0,2.0,0.0,0.0,1.0,0.0
2025-12-27,Elders,0,0,0,0,0,0.0,0.0,0.0,0.0,0.5,0.0,0.0,0.0,8.0,0.0,0.0,0.0,0.0,4.0,0.0,2.0,0.0,1.0,0.0,0.0,4.0,2.0,0.0,3.0,0.0,6.0,0.0,0.0,7.0,0.0,0.0,0.0,0.0,1.0,0.0,0.0,24.0,0.0,8.0,0.0,0.0,12.0,0.0,1.0,0.0,0.0,0.0,1.0,0.0,0.0,16.0,0.0,4.0,0.0,18.0,0.0,0.0,3.0,0.0,0.0,0.0,1.0
2025-12-27,School Children,0,0,0,0,0,0.0,0.0,0.0,0.0,0.0,0.0,0.0,0.0,0.0,0.0,0.0,0.0,0.0,0.0,0.0,0.0,0.0,0.0,0.0,0.0,5.0,2.0,0.0,0.0,0.0,0.0,0.0,0.0,0.0,0.0,1.0,0.0,0.0,0.0,0.0,0.0,2.0,0.0,2.0,0.0,0.0,6.0,0.0,0.0,0.0,0.0,0.0,2.0,0.0,0.0,1.0,0.0,1.0,0.0,3.0,0.0,0.0,1.0,0.0,0.0,0.0,0.0
2025-12-27,Younger Adults,0,0,0,0,0,4.0,0.0,0.0,0.0,1.5,0.0,12.0,0.0,13.0,0.0,0.0,0.0,0.0,15.0,0.0,0.0,0.0,5.0,0.0,0.0,17.0,4.0,0.0,4.0,0.0,24.0,0.0,0.0,9.0,2.0,1.0,0.0,0.0,2.0,0.0,0.0,45.0,0.0,5.0,0.0,0.0,14.0,0.0,5.0,0.0,0.0,0.0,2.0,1.0,0.0,43.0,0.0,9.0,0.0,15.0,0.0,0.0,5.0,0.0,0.0,0.0,0.0
2025-12-27,Youngers,0,0,0,0,0,1.0,0.0,0.0,0.0,0.0,0.0,5.0,0.0,5.0,0.0,0.0,7.0,0.0,16.0,0.0,0.0,0.0,2.0,0.0,0.0,23.0,8.0,1.0,3.0,0.0,12.0,0.0,0.0,5.0,3.0,5.0,0.0,0.0,2.0,0.0,0.0,27.0,0.0,3.0,0.0,0.0,19.0,0.0,3.0,0.0,0.0,1.0,6.0,0.0,0.0,36.0,0.0,5.0,0.0,28.0,0.0,0.0,5.0,0.0,0.0,2.0,0.0
2025-12-28,Elders,0,0,0,0,0,1.0,0.0,0.0,0.0,0.5,0.0,0.0,0.0,1.0,0.0,0.0,0.0,0.0,4.0,0.0,1.0,0.0,1.0,0.0,0.0,3.0,1.0,0.0,3.0,0.0,3.0,0.0,0.0,5.0,0.0,0.0,0.0,0.0,1.0,0.0,0.0,19.5,0.0,8.0,0.0,0.0,16.0,0.0,1.0,0.0,0.0,0.0,3.0,0.0,0.0,4.0,0.0,3.0,0.0,18.0,0.0,0.0,3.0,0.0,0.0,0.0,1.0
2025-12-28,School Children,0,0,0,0,0,0.0,0.0,0.0,0.0,0.0,0.0,0.0,0.0,0.0,0.0,0.0,0.0,0.0,0.0,0.0,0.0,0.0,0.0,0.0,0.0,5.0,1.0,0.0,0.0,0.0,0.0,0.0,0.0,0.0,0.0,0.0,0.0,0.0,0.0,0.0,0.0,1.5,0.0,2.0,0.0,0.0,8.0,0.0,0.0,0.0,0.0,0.0,6.0,0.0,0.0,0.0,0.0,0.0,0.0,3.0,0.0,0.0,1.0,0.0,0.0,0.0,0.0
2025-12-28,Younger Adults,0,0,0,0,0,6.0,0.0,0.0,0.0,1.5,0.0,6.0,0.0,2.0,0.0,0.0,0.0,0.0,17.0,1.0,0.0,0.0,2.0,0.0,0.0,16.0,2.0,1.0,6.0,0.0,13.0,1.0,0.0,7.0,0.0,0.0,0.0,0.0,2.0,0.0,0.0,36.5,0.0,5.0,0.0,0.0,20.0,0.0,3.0,0.0,0.0,1.0,5.0,1.0,0.0,10.0,0.0,7.0,0.0,16.0,0.0,0.0,4.0,0.0,0.0,2.0,0.0
2025-12-28,Youngers,0,0,0,0,0,2.0,0.0,0.0,0.0,0.0,0.0,2.0,0.0,1.0,0.0,0.0,2.0,0.0,17.0,0.0,0.0,0.0,1.0,0.0,0.0,22.0,5.0,1.0,4.0,0.0,7.0,0.0,0.0,4.0,0.0,0.0,0.0,0.0,1.0,0.0,0.0,21.5,0.0,3.0,0.0,0.0,26.0,0.0,2.0,0.0,0.0,1.0,17.0,0.0,0.0,8.0,0.0,4.0,0.0,28.0,0.0,0.0,5.0,0.0,0.0,8.0,0.0
2025-12-29,Elders,0,0,0,0,0,0.0,0.0,0.0,0.0,0.0,0.0,0.0,0.0,6.0,1.0,0.0,0.0,0.0,4.0,0.0,6.0,0.0,1.0,0.0,0.0,3.0,2.0,0.0,1.0,0.0,6.0,0.0,0.0,8.0,0.0,0.0,0.0,0.0,2.0,0.0,0.0,16.0,0.0,6.0,0.0,0.0,11.0,0.0,2.0,0.0,0.0,0.0,4.0,0.0,0.0,15.0,0.0,4.0,0.0,18.0,0.0,0.0,5.0,0.0,0.0,0.0,1.0
2025-12-29,School Children,0,0,0,0,0,0.0,0.0,0.0,0.0,0.0,0.0,0.0,0.0,0.0,0.0,0.0,0.0,0.0,0.0,0.0,0.0,0.0,0.0,0.0,0.0,5.0,2.0,0.0,0.0,0.0,0.0,0.0,0.0,0.0,0.0,0.0,0.0,0.0,0.0,0.0,0.0,1.0,0.0,2.0,0.0,0.0,6.0,0.0,0.0,0.0,0.0,0.0,7.0,0.0,0.0,1.0,0.0,1.0,0.0,3.0,0.0,0.0,2.0,0.0,0.0,0.0,0.0
2025-12-29,Younger Adults,0,0,0,0,0,3.0,0.0,1.0,0.0,0.5,0.0,6.0,0.0,9.0,0.0,0.0,0.0,0.0,20.0,0.0,0.0,0.0,2.0,0.0,0.0,16.0,3.0,1.0,3.0,0.0,20.0,0.0,0.0,11.0,1.0,0.0,0.0,0.0,3.0,0.0,0.0,30.0,0.0,4.0,0.0,0.0,13.0,0.0,7.0,0.0,0.0,1.0,6.0,1.0,0.0,39.0,0.0,8.0,0.0,15.0,0.0,0.0,8.0,0.0,0.0,1.0,0.0
2025-12-29,Youngers,0,0,0,0,0,1.0,0.0,0.0,0.0,0.0,0.0,3.0,0.0,3.0,0.0,0.0,2.0,0.0,21.0,0.0,0.0,0.0,1.0,0.0,0.0,22.0,7.0,1.0,2.0,0.0,10.0,0.0,0.0,7.0,3.0,1.0,0.0,0.0,2.0,0.0,0.0,17.5,0.0,3.0,0.0,0.0,18.0,0.0,4.0,0.0,0.0,1.0,23.0,0.0,0.0,32.0,0.0,5.0,0.0,27.0,0.0,0.0,10.0,0.0,0.0,4.0,0.0
2025-12-30,Elders,0,0,0,0,0,0.0,0.0,0.0,0.0,1.0,0.0,0.0,0.0,3.0,1.0,0.0,0.0,0.0,4.0,0.0,4.0,0.0,2.0,0.0,0.0,5.0,2.0,0.0,3.0,0.0,2.0,0.0,0.0,9.0,0.0,0.0,0.0,0.0,0.0,0.0,0.0,23.0,0.0,10.0,0.0,0.0,12.0,0.0,1.0,0.0,0.0,0.0,3.0,0.0,0.0,21.0,0.0,3.0,0.0,16.0,0.0,0.0,5.0,0.0,0.0,0.0,1.0
2025-12-30,School Children,0,0,0,0,0,0.0,0.0,0.0,0.0,0.0,0.0,0.0,0.0,0.0,0.0,0.0,0.0,0.0,0.0,0.0,0.0,0.0,0.0,0.0,0.0,8.0,2.0,0.0,0.0,0.0,0.0,0.0,0.0,0.0,0.0,0.0,0.0,0.0,0.0,0.0,0.0,2.0,0.0,2.0,0.0,0.0,6.0,0.0,0.0,0.0,0.0,0.0,5.0,0.0,0.0,1.0,0.0,0.0,0.0,3.0,0.0,0.0,2.0,0.0,0.0,0.0,0.0
2025-12-30,Younger Adults,0,0,0,0,0,3.0,0.0,0.0,0.0,3.0,0.0,8.0,0.0,4.0,0.0,0.0,0.0,0.0,16.0,0.0,0.0,0.0,7.0,0.0,0.0,25.0,3.0,0.0,5.0,0.0,7.0,5.0,0.0,12.0,0.0,0.0,0.0,1.0,0.0,1.0,0.0,43.5,0.0,7.0,0.0,0.0,15.0,0.0,4.0,0.0,0.0,0.0,4.0,0.0,0.0,56.0,0.0,7.0,0.0,14.0,0.0,0.0,8.0,0.0,0.0,0.0,0.0
2025-12-30,Youngers,0,0,0,0,0,1.0,0.0,0.0,0.0,0.0,0.0,3.0,0.0,2.0,0.0,0.0,5.0,0.0,17.0,0.0,0.0,0.0,2.0,1.0,0.0,34.0,7.0,1.0,3.0,0.0,4.0,0.0,0.0,7.0,0.0,2.0,0.0,1.0,0.0,0.0,0.0,25.5,0.0,5.0,0.0,0.0,21.0,0.0,3.0,0.0,0.0,0.0,16.0,0.0,0.0,47.0,0.0,4.0,0.0,25.0,0.0,0.0,9.0,0.0,0.0,2.0,0.0
2025-12-31,Elders,0,0,0,0,0,2.0,0.0,0.0,0.0,0.5,0.0,0.0,0.0,4.0,0.0,0.0,0.0,0.0,4.0,0.0,0.0,0.0,1.0,1.0,0.0,4.0,3.0,1.0,1.0,0.0,4.0,0.0,0.0,9.0,0.0,1.0,0.0,0.0,0.0,0.0,0.0,24.0,0.0,10.0,0.0,0.0,11.0,0.0,2.0,0.0,0.0,0.0,4.0,0.0,0.0,19.0,0.0,4.0,0.0,15.0,0.0,0.0,5.0,0.0,0.0,0.0,1.0
2025-12-31,School Children,0,0,0,0,0,0.0,0.0,0.0,0.0,0.0,0.0,0.0,0.0,0.0,0.0,0.0,0.0,0.0,0.0,0.0,0.0,0.0,0.0,0.0,0.0,6.0,3.0,0.0,0.0,0.0,0.0,0.0,0.0,0.0,0.0,1.0,0.0,0.0,0.0,0.0,0.0,2.0,0.0,2.0,0.0,0.0,6.0,0.0,1.0,0.0,0.0,0.0,9.0,0.0,0.0,1.0,0.0,0.0,0.0,3.0,0.0,0.0,1.0,0.0,0.0,0.0,0.0
2025-12-31,Younger Adults,0,0,0,0,0,17.0,0.0,1.0,0.0,1.0,0.0,7.0,0.0,7.0,0.0,0.0,0.0,0.0,17.0,0.0,0.0,0.0,5.0,2.0,0.0,19.0,6.0,1.0,3.0,0.0,14.0,4.0,0.0,12.0,1.0,2.0,0.0,0.0,0.0,0.0,0.0,44.5,0.0,7.0,0.0,0.0,14.0,0.0,10.0,0.0,0.0,0.0,7.0,1.0,0.0,52.0,0.0,8.0,0.0,13.0,0.0,0.0,8.0,0.0,0.0,2.0,0.0
2025-12-31,Youngers,0,0,0,0,0,5.0,0.0,0.0,0.0,0.0,0.0,3.0,0.0,3.0,0.0,0.0,3.0,0.0,18.0,0.0,0.0,0.0,1.0,2.0,0.0,25.0,11.0,1.0,2.0,0.0,7.0,0.0,0.0,7.0,3.0,8.0,0.0,0.0,0.0,0.0,0.0,26.5,0.0,4.0,0.0,0.0,19.0,0.0,6.0,0.0,0.0,1.0,25.0,0.0,0.0,42.0,0.0,5.0,0.0,24.0,0.0,0.0,9.0,0.0,0.0,8.0,0.0
2026-01-01,Elders,0,0,0,0,0,0.0,0.0,0.0,0.0,0.5,0.0,0.0,0.0,5.0,0.0,0.0,0.0,0.0,4.0,1.0,3.0,0.0,2.0,0.0,0.0,3.0,3.0,1.0,1.0,0.0,2.0,0.0,0.0,12.0,0.0,0.0,0.0,0.0,0.0,0.0,0.0,22.5,0.0,9.0,0.0,0.0,11.0,0.0,1.0,1.0,0.0,0.0,2.0,0.0,0.0,21.0,0.0,4.0,0.0,23.0,0.0,0.0,5.0,0.0,0.0,0.0,0.0
2026-01-01,School Children,0,0,0,0,0,0.0,0.0,0.0,0.0,0.0,0.0,0.0,0.0,0.0,0.0,0.0,0.0,0.0,0.0,0.0,0.0,0.0,0.0,0.0,0.0,4.0,3.0,0.0,0.0,0.0,0.0,0.0,0.0,0.0,0.0,1.0,0.0,0.0,0.0,0.0,0.0,1.5,0.0,2.0,0.0,0.0,6.0,0.0,0.0,0.0,0.0,0.0,4.0,0.0,0.0,1.0,0.0,1.0,0.0,4.0,0.0,0.0,2.0,0.0,0.0,0.0,0.0
2026-01-01,Younger Adults,0,0,0,0,0,2.0,0.0,0.0,0.0,2.0,0.0,11.0,0.0,8.0,0.0,0.0,0.0,0.0,15.0,1.0,0.0,0.0,8.0,0.0,0.0,14.0,7.0,2.0,3.0,0.0,7.0,1.0,0.0,15.0,1.0,1.0,0.0,0.0,1.0,0.0,0.0,42.0,0.0,6.0,0.0,0.0,13.0,0.0,2.0,1.0,0.0,0.0,4.0,1.0,0.0,58.0,0.0,9.0,0.0,19.0,0.0,0.0,8.0,0.0,0.0,0.0,0.0
2026-01-01,Youngers,0,0,0,0,0,1.0,0.0,0.0,0.0,0.0,0.0,5.0,0.0,3.0,0.0,0.0,7.0,0.0,16.0,1.0,0.0,0.0,2.0,0.0,0.0,20.0,13.0,2.0,2.0,0.0,3.0,0.0,0.0,9.0,3.0,4.0,0.0,0.0,1.0,0.0,0.0,24.5,0.0,4.0,0.0,0.0,18.0,0.0,2.0,2.0,0.0,0.0,12.0,0.0,0.0,47.0,0.0,5.0,0.0,36.0,0.0,0.0,9.0,0.0,0.0,1.0,0.0
2026-01-02,Elders,0,0,0,0,0,1.0,0.0,0.0,0.0,0.5,0.0,0.0,0.0,5.0,0.0,0.0,0.0,0.0,5.0,0.0,0.0,0.0,1.0,0.0,0.0,4.0,2.0,1.0,2.0,0.0,4.0,0.0,0.0,9.0,0.0,1.0,0.0,0.0,2.0,0.0,0.0,26.5,0.0,13.0,0.0,0.0,15.0,0.0,3.0,0.0,0.0,0.0,3.0,1.0,0.0,11.0,0.0,5.0,0.0,24.0,0.0,0.0,7.0,0.0,0.0,0.0,1.0
2026-01-02,School Children,0,0,0,0,0,0.0,0.0,0.0,0.0,0.0,0.0,0.0,0.0,0.0,0.0,0.0,0.0,0.0,0.0,0.0,0.0,0.0,0.0,0.0,0.0,7.0,2.0,1.0,0.0,0.0,0.0,0.0,0.0,0.0,0.0,1.0,0.0,0.0,0.0,0.0,0.0,2.0,0.0,3.0,0.0,0.0,7.0,0.0,1.0,0.0,0.0,0.0,6.0,0.0,0.0,1.0,0.0,1.0,0.0,4.0,0.0,0.0,2.0,0.0,0.0,0.0,0.0
2026-01-02,Younger Adults,0,0,0,0,0,6.0,0.0,0.0,0.0,1.5,0.0,12.0,0.0,7.0,0.0,0.0,0.0,0.0,22.0,1.0,0.0,0.0,4.0,0.0,0.0,22.0,4.0,1.0,3.0,0.0,16.0,4.0,0.0,12.0,4.0,2.0,0.0,0.0,3.0,0.0,0.0,49.5,0.0,9.0,0.0,0.0,18.0,0.0,12.0,0.0,0.0,0.0,6.0,3.0,0.0,31.0,0.0,11.0,0.0,20.0,0.0,0.0,11.0,0.0,0.0,0.0,0.0
2026-01-02,Youngers,0,0,0,0,0,1.0,0.0,0.0,0.0,0.0,0.0,5.0,0.0,3.0,0.0,0.0,1.0,0.0,23.0,0.0,0.0,0.0,1.0,0.0,0.0,29.0,8.0,1.0,2.0,0.0,8.0,0.0,0.0,7.0,8.0,11.0,0.0,0.0,2.0,0.0,0.0,29.5,0.0,6.0,0.0,0.0,24.0,0.0,8.0,0.0,0.0,1.0,20.0,2.0,0.0,25.0,0.0,7.0,0.0,37.0,0.0,0.0,14.0,0.0,0.0,1.0,0.0
2026-01-03,Elders,0,0,0,0,0,1.0,0.0,0.0,0.0,0.5,0.0,0.0,0.0,9.0,0.0,0.0,0.0,0.0,6.0,0.0,0.0,0.0,1.0,0.0,0.0,6.0,1.0,0.0,1.0,0.0,7.0,0.0,0.0,4.0,0.0,1.0,0.0,0.0,0.0,0.0,0.0,21.0,0.0,4.0,0.0,0.0,16.0,0.0,3.0,0.0,0.0,0.0,3.0,1.0,0.0,9.0,0.0,7.0,0.0,17.0,0.0,0.0,4.0,0.0,0.0,0.0,2.0
2026-01-03,School Children,0,0,0,0,0,0.0,0.0,0.0,0.0,0.0,0.0,0.0,0.0,0.0,0.0,0.0,0.0,0.0,0.0,0.0,0.0,0.0,0.0,0.0,0.0,9.0,1.0,0.0,0.0,0.0,0.0,0.0,0.0,0.0,0.0,2.0,0.0,0.0,0.0,0.0,0.0,1.5,0.0,1.0,0.0,0.0,8.0,0.0,1.0,0.0,0.0,0.0,6.0,0.0,0.0,0.0,0.0,1.0,0.0,3.0,0.0,0.0,2.0,0.0,0.0,0.0,0.0
2026-01-03,Younger Adults,0,0,0,0,0,13.0,0.0,0.0,0.0,0.5,0.0,13.0,0.0,13.0,0.0,0.0,0.0,0.0,25.0,1.0,0.0,0.0,4.0,0.0,0.0,31.0,3.0,0.0,2.0,0.0,26.0,1.0,0.0,6.0,2.0,3.0,0.0,0.0,0.0,1.0,0.0,39.5,0.0,2.0,0.0,0.0,20.0,0.0,12.0,0.0,0.0,1.0,5.0,2.0,0.0,25.0,0.0,13.0,0.0,14.0,0.0,0.0,7.0,0.0,0.0,1.0,0.0
2026-01-03,Youngers,0,0,0,0,0,4.0,0.0,0.0,0.0,0.0,0.0,5.0,0.0,5.0,0.0,0.0,2.0,0.0,26.0,0.0,0.0,0.0,1.0,0.0,0.0,41.0,5.0,0.0,1.0,0.0,14.0,0.0,0.0,3.0,5.0,13.0,0.0,0.0,0.0,0.0,0.0,23.5,0.0,2.0,0.0,0.0,26.0,0.0,8.0,0.0,0.0,1.0,18.0,1.0,0.0,21.0,0.0,8.0,0.0,27.0,0.0,0.0,8.0,0.0,0.0,3.0,0.0
2026-01-04,Elders,0,0,0,0,0,0.0,0.0,0.0,0.0,0.5,0.0,0.0,0.0,6.0,0.0,0.0,0.0,0.0,3.0,0.0,2.0,0.0,1.0,0.0,0.0,3.0,2.0,0.0,0.0,0.0,5.0,0.0,0.0,8.0,1.0,1.0,0.0,1.0,0.0,0.0,0.0,19.5,0.0,5.0,0.0,0.0,23.0,0.0,2.0,0.0,0.0,0.0,4.0,0.0,0.0,15.0,0.0,7.0,0.0,18.0,0.0,0.0,5.0,0.0,0.0,0.0,0.0
2026-01-04,School Children,0,0,0,0,0,0.0,0.0,0.0,0.0,0.0,0.0,0.0,0.0,0.0,0.0,0.0,0.0,0.0,0.0,0.0,0.0,0.0,0.0,0.0,0.0,5.0,2.0,0.0,0.0,0.0,0.0,0.0,0.0,0.0,0.0,1.0,0.0,1.0,0.0,0.0,0.0,1.5,0.0,1.0,0.0,0.0,11.0,0.0,0.0,0.0,0.0,1.0,7.0,0.0,0.0,1.0,0.0,1.0,0.0,3.0,0.0,0.0,1.0,0.0,0.0,0.0,0.0
2026-01-04,Younger Adults,0,0,0,0,0,2.0,0.0,0.0,0.0,2.0,0.0,11.0,0.0,9.0,0.0,0.0,0.0,0.0,15.0,1.0,0.0,0.0,6.0,0.0,0.0,15.0,4.0,0.0,1.0,0.0,20.0,0.0,0.0,11.0,5.0,1.0,0.0,1.0,0.0,0.0,0.0,36.0,0.0,4.0,0.0,0.0,28.0,0.0,7.0,1.0,0.0,1.0,6.0,1.0,0.0,42.0,0.0,13.0,0.0,16.0,0.0,0.0,8.0,0.0,0.0,1.0,0.0
2026-01-04,Youngers,0,0,0,0,0,0.0,0.0,0.0,0.0,0.0,0.0,4.0,0.0,4.0,0.0,0.0,4.0,0.0,15.0,0.0,0.0,0.0,2.0,0.0,0.0,21.0,7.0,1.0,0.0,0.0,10.0,0.0,0.0,7.0,10.0,5.0,0.0,2.0,0.0,0.0,0.0,21.5,0.0,3.0,0.0,0.0,38.0,0.0,5.0,1.0,0.0,1.0,22.0,1.0,0.0,35.0,0.0,8.0,0.0,28.0,0.0,0.0,9.0,0.0,0.0,4.0,0.0
2026-01-05,Elders,0,0,0,0,0,0.0,0.0,0.0,0.0,0.5,0.0,0.0,0.0,6.0,0.0,0.0,0.0,0.0,2.0,0.0,0.0,0.0,0.0,0.0,0.0,2.0,0.0,0.0,1.0,0.0,0.0,0.0,0.0,7.0,0.0,0.0,0.0,0.0,0.0,0.0,0.0,9.0,0.0,0.0,0.0,0.0,0.0,0.0,0.0,0.0,0.0,0.0,0.0,0.0,0.0,0.0,0.0,2.0,0.0,0.0,0.0,0.0,0.0,0.0,0.0,0.0,0.0
2026-01-05,School Children,0,0,0,0,0,0.0,0.0,0.0,0.0,0.0,0.0,0.0,0.0,0.0,0.0,0.0,0.0,0.0,0.0,0.0,0.0,0.0,0.0,0.0,0.0,3.0,0.0,0.0,0.0,0.0,0.0,0.0,0.0,0.0,0.0,0.0,0.0,0.0,0.0,0.0,0.0,1.0,0.0,0.0,0.0,0.0,0.0,0.0,0.0,0.0,0.0,0.0,0.0,0.0,0.0,0.0,0.0,0.0,0.0,0.0,0.0,0.0,0.0,0.0,0.0,0.0,0.0
2026-01-05,Younger Adults,0,0,0,0,0,0.0,0.0,0.0,0.0,0.5,0.0,0.0,0.0,9.0,0.0,0.0,0.0,0.0,8.0,0.0,0.0,0.0,0.0,0.0,0.0,9.0,0.0,0.0,2.0,0.0,0.0,0.0,0.0,8.0,1.0,1.0,0.0,0.0,0.0,0.0,0.0,17.0,0.0,0.0,0.0,0.0,0.0,0.0,0.0,0.0,0.0,0.0,0.0,0.0,0.0,0.0,0.0,4.0,0.0,0.0,0.0,0.0,0.0,0.0,0.0,0.0,0.0
2026-01-05,Youngers,0,0,0,0,0,0.0,0.0,0.0,0.0,0.0,0.0,0.0,0.0,4.0,0.0,0.0,0.0,0.0,9.0,0.0,0.0,0.0,0.0,1.0,0.0,12.0,0.0,0.0,2.0,0.0,0.0,0.0,0.0,5.0,2.0,4.0,0.0,0.0,0.0,0.0,0.0,10.0,0.0,0.0,0.0,0.0,0.0,0.0,0.0,0.0,0.0,0.0,0.0,0.0,0.0,0.0,0.0,3.0,0.0,0.0,0.0,0.0,0.0,0.0,0.0,0.0,0.0
2026-01-06,Elders,0,0,0,0,0,1.0,0.0,0.0,0.0,0.5,0.0,0.0,0.0,6.0,0.0,0.0,0.0,0.0,3.0,0.0,1.0,0.0,1.0,0.0,0.0,2.0,1.0,0.0,0.0,0.0,4.0,0.0,0.0,8.0,0.0,1.0,0.0,0.0,0.0,0.0,0.0,16.0,0.0,8.0,0.0,0.0,7.0,0.0,2.0,0.0,0.0,0.0,2.0,0.0,0.0,11.0,0.0,3.0,0.0,13.0,0.0,0.0,1.0,0.0,0.0,0.0,0.0
2026-01-06,School Children,0,0,0,0,0,0.0,0.0,0.0,0.0,0.0,0.0,0.0,0.0,0.0,0.0,0.0,0.0,0.0,0.0,0.0,0.0,0.0,0.0,0.0,0.0,3.0,1.0,0.0,0.0,0.0,0.0,0.0,0.0,0.0,0.0,1.0,0.0,0.0,0.0,0.0,0.0,1.0,0.0,2.0,0.0,0.0,4.0,0.0,0.0,0.0,0.0,0.0,5.0,0.0,0.0,0.0,0.0,1.0,0.0,2.0,0.0,0.0,1.0,0.0,0.0,0.0,0.0
2026-01-06,Younger Adults,0,0,0,0,0,8.0,0.0,0.0,0.0,0.5,0.0,8.0,0.0,9.0,0.0,0.0,0.0,0.0,15.0,1.0,0.0,0.0,5.0,0.0,0.0,12.0,3.0,0.0,1.0,0.0,15.0,3.0,0.0,10.0,3.0,1.0,0.0,1.0,0.0,1.0,0.0,29.5,0.0,5.0,0.0,0.0,9.0,0.0,7.0,0.0,0.0,0.0,4.0,0.0,0.0,29.0,0.0,7.0,0.0,11.0,0.0,0.0,2.0,0.0,0.0,1.0,0.0
2026-01-06,Youngers,0,0,0,0,0,2.0,0.0,0.0,0.0,0.0,0.0,3.0,0.0,3.0,0.0,0.0,0.0,0.0,16.0,1.0,0.0,0.0,1.0,0.0,0.0,16.0,5.0,1.0,0.0,0.0,7.0,0.0,0.0,6.0,5.0,5.0,0.0,1.0,0.0,0.0,0.0,17.5,0.0,3.0,0.0,0.0,12.0,0.0,5.0,0.0,0.0,0.0,14.0,0.0,0.0,24.0,0.0,4.0,0.0,21.0,0.0,0.0,3.0,0.0,0.0,3.0,0.0
2026-01-07,Elders,0,0,0,0,0,2.0,0.0,0.0,0.0,0.5,0.0,0.0,0.0,5.0,0.0,0.0,0.0,0.0,4.0,0.0,1.0,0.0,1.0,1.0,0.0,4.0,3.0,1.0,1.0,0.0,5.0,0.0,0.0,10.0,0.0,1.0,0.0,0.0,0.0,0.0,0.0,23.5,0.0,9.0,0.0,0.0,11.0,0.0,3.0,0.0,0.0,0.0,4.0,0.0,0.0,22.0,0.0,3.0,0.0,13.0,0.0,0.0,5.0,0.0,0.0,0.0,1.0
2026-01-07,School Children,0,0,0,0,0,0.0,0.0,0.0,0.0,0.0,0.0,0.0,0.0,0.0,0.0,0.0,0.0,0.0,0.0,0.0,0.0,0.0,0.0,0.0,0.0,5.0,3.0,0.0,0.0,0.0,0.0,0.0,0.0,0.0,0.0,1.0,0.0,0.0,0.0,0.0,0.0,2.0,0.0,2.0,0.0,0.0,6.0,0.0,1.0,0.0,0.0,0.0,7.0,0.0,0.0,1.0,0.0,1.0,0.0,2.0,0.0,0.0,1.0,0.0,0.0,0.0,0.0
2026-01-07,Younger Adults,0,0,0,0,0,17.0,0.0,0.0,0.0,1.0,0.0,8.0,0.0,7.0,0.0,0.0,0.0,0.0,15.0,0.0,0.0,0.0,5.0,2.0,0.0,18.0,5.0,1.0,3.0,0.0,16.0,5.0,0.0,12.0,1.0,1.0,0.0,0.0,0.0,0.0,0.0,44.5,0.0,6.0,0.0,0.0,14.0,0.0,10.0,0.0,0.0,0.0,6.0,1.0,0.0,60.0,0.0,7.0,0.0,11.0,0.0,0.0,7.0,0.0,0.0,2.0,0.0
2026-01-07,Youngers,0,0,0,0,0,5.0,0.0,0.0,0.0,0.0,0.0,3.0,0.0,3.0,0.0,0.0,3.0,0.0,16.0,0.0,0.0,0.0,1.0,3.0,0.0,25.0,11.0,1.0,2.0,0.0,8.0,0.0,0.0,7.0,3.0,6.0,0.0,0.0,0.0,0.0,0.0,26.0,0.0,4.0,0.0,0.0,19.0,0.0,7.0,1.0,0.0,1.0,23.0,0.0,0.0,49.0,0.0,4.0,0.0,21.0,0.0,0.0,9.0,0.0,0.0,7.0,0.0
2026-01-08,Elders,0,0,0,0,0,1.0,0.0,0.0,0.0,0.5,0.0,0.0,0.0,7.0,2.0,0.0,0.0,0.0,4.0,0.0,2.0,0.0,1.0,0.0,0.0,3.0,2.0,0.0,2.0,0.0,6.0,0.0,0.0,8.0,0.0,0.0,0.0,0.0,0.0,0.0,0.0,18.0,0.0,5.0,0.0,0.0,15.0,0.0,2.0,0.0,0.0,0.0,4.0,0.0,0.0,18.0,0.0,6.0,0.0,20.0,0.0,0.0,4.0,0.0,0.0,0.0,1.0
2026-01-08,School Children,0,0,0,0,0,0.0,0.0,0.0,0.0,0.0,0.0,0.0,0.0,0.0,0.0,0.0,0.0,0.0,0.0,0.0,0.0,0.0,0.0,0.0,0.0,4.0,2.0,0.0,0.0,0.0,0.0,0.0,0.0,0.0,0.0,0.0,0.0,0.0,0.0,0.0,0.0,1.5,0.0,1.0,0.0,0.0,7.0,0.0,1.0,0.0,0.0,1.0,9.0,0.0,0.0,1.0,0.0,1.0,0.0,3.0,0.0,0.0,1.0,0.0,0.0,0.0,0.0
2026-01-08,Younger Adults,0,0,0,0,0,6.0,0.0,0.0,0.0,0.5,0.0,7.0,0.0,10.0,0.0,0.0,0.0,0.0,16.0,0.0,0.0,0.0,4.0,0.0,0.0,14.0,4.0,1.0,3.0,0.0,22.0,2.0,0.0,9.0,1.0,1.0,0.0,0.0,0.0,1.0,0.0,33.5,0.0,4.0,0.0,0.0,18.0,0.0,8.0,1.0,0.0,1.0,7.0,0.0,0.0,48.0,0.0,12.0,0.0,17.0,0.0,0.0,6.0,0.0,0.0,1.0,0.0
2026-01-08,Youngers,0,0,0,0,0,2.0,0.0,0.0,0.0,0.0,0.0,3.0,0.0,4.0,0.0,0.0,8.0,0.0,16.0,0.0,0.0,0.0,1.0,0.0,0.0,18.0,7.0,1.0,2.0,0.0,12.0,0.0,0.0,6.0,1.0,3.0,0.0,1.0,0.0,0.0,0.0,19.5,0.0,3.0,1.0,0.0,24.0,0.0,6.0,2.0,0.0,1.0,26.0,0.0,0.0,39.0,0.0,8.0,0.0,31.0,0.0,0.0,7.0,0.0,0.0,3.0,0.0
2026-01-09,Elders,0,0,0,0,0,1.0,0.0,0.0,0.0,0.5,0.0,0.0,0.0,4.0,0.0,0.0,0.0,0.0,5.0,0.0,0.0,0.0,1.0,0.0,0.0,4.0,2.0,1.0,1.0,0.0,5.0,0.0,0.0,10.0,0.0,1.0,0.0,0.0,1.0,0.0,0.0,23.0,0.0,10.0,0.0,0.0,14.0,0.0,3.0,0.0,0.0,0.0,4.0,1.0,0.0,9.0,0.0,5.0,0.0,21.0,0.0,0.0,7.0,0.0,0.0,0.0,0.0
2026-01-09,School Children,0,0,0,0,0,0.0,0.0,0.0,0.0,0.0,0.0,0.0,0.0,0.0,0.0,0.0,0.0,0.0,0.0,0.0,0.0,0.0,0.0,0.0,0.0,6.0,2.0,0.0,0.0,0.0,0.0,0.0,0.0,0.0,0.0,1.0,0.0,0.0,0.0,0.0,0.0,2.0,0.0,2.0,0.0,0.0,7.0,0.0,1.0,0.0,0.0,0.0,7.0,0.0,0.0,0.0,0.0,1.0,0.0,4.0,0.0,0.0,2.0,0.0,0.0,0.0,0.0
2026-01-09,Younger Adults,0,0,0,0,0,6.0,0.0,0.0,0.0,1.5,0.0,11.0,0.0,7.0,0.0,0.0,0.0,0.0,21.0,1.0,0.0,0.0,5.0,0.0,0.0,20.0,4.0,1.0,3.0,0.0,17.0,3.0,0.0,13.0,4.0,3.0,0.0,0.0,2.0,0.0,0.0,43.0,0.0,7.0,0.0,0.0,17.0,0.0,12.0,0.0,0.0,0.0,6.0,3.0,0.0,25.0,0.0,11.0,0.0,18.0,0.0,0.0,11.0,0.0,0.0,0.0,0.0
2026-01-09,Youngers,0,0,0,0,0,1.0,0.0,0.0,0.0,0.0,0.0,5.0,0.0,3.0,0.0,0.0,1.0,0.0,23.0,0.0,0.0,0.0,1.0,0.0,0.0,27.0,8.0,1.0,2.0,0.0,9.0,0.0,0.0,8.0,6.0,11.0,0.0,0.0,2.0,0.0,0.0,25.5,0.0,5.0,0.0,0.0,23.0,0.0,7.0,0.0,0.0,0.0,23.0,3.0,0.0,20.0,0.0,6.0,0.0,33.0,0.0,0.0,14.0,0.0,0.0,1.0,0.0
2026-01-10,Elders,0,0,0,0,0,0.0,0.0,0.0,0.0,0.5,0.0,0.0,0.0,9.0,0.0,0.0,0.0,0.0,4.0,0.0,2.0,0.0,1.0,0.0,0.0,4.0,1.0,0.0,3.0,0.0,5.0,0.0,0.0,8.0,0.0,0.0,0.0,0.0,1.0,0.0,0.0,18.0,0.0,10.0,0.0,0.0,8.0,0.0,1.0,0.0,0.0,0.0,1.0,0.0,0.0,19.0,0.0,4.0,0.0,10.0,0.0,0.0,3.0,0.0,0.0,0.0,1.0
2026-01-10,School Children,0,0,0,0,0,0.0,0.0,0.0,0.0,0.0,0.0,0.0,0.0,0.0,0.0,0.0,0.0,0.0,0.0,0.0,0.0,0.0,0.0,0.0,0.0,5.0,1.0,0.0,0.0,0.0,0.0,0.0,0.0,0.0,0.0,1.0,0.0,0.0,0.0,0.0,0.0,1.5,0.0,2.0,0.0,0.0,4.0,0.0,1.0,0.0,0.0,0.0,3.0,0.0,0.0,1.0,0.0,1.0,0.0,2.0,0.0,0.0,1.0,0.0,0.0,0.0,0.0
2026-01-10,Younger Adults,0,0,0,0,0,0.0,0.0,0.0,0.0,2.0,0.0,13.0,0.0,14.0,0.0,0.0,0.0,0.0,15.0,1.0,0.0,0.0,5.0,0.0,0.0,17.0,3.0,0.0,4.0,0.0,18.0,0.0,0.0,10.0,2.0,1.0,0.0,0.0,2.0,0.0,0.0,33.5,0.0,7.0,0.0,0.0,10.0,0.0,5.0,0.0,0.0,0.0,2.0,1.0,0.0,52.0,0.0,9.0,0.0,9.0,0.0,0.0,4.0,0.0,0.0,1.0,0.0
2026-01-10,Youngers,0,0,0,0,0,0.0,0.0,0.0,0.0,0.0,0.0,5.0,0.0,6.0,0.0,0.0,6.0,0.0,16.0,0.0,0.0,0.0,2.0,0.0,0.0,24.0,6.0,1.0,3.0,0.0,9.0,0.0,0.0,6.0,4.0,5.0,0.0,0.0,1.0,0.0,0.0,19.5,0.0,4.0,0.0,0.0,13.0,0.0,3.0,0.0,0.0,1.0,7.0,0.0,0.0,43.0,0.0,5.0,0.0,16.0,0.0,0.0,5.0,0.0,0.0,2.0,0.0
2026-01-11,Elders,0,0,0,0,0,0.0,0.0,0.0,0.0,0.5,0.0,0.0,0.0,6.0,0.0,0.0,0.0,0.0,3.0,0.0,2.0,0.0,1.0,0.0,0.0,4.0,2.0,0.0,0.0,0.0,4.0,0.0,0.0,6.0,0.0,1.0,0.0,1.0,0.0,0.0,0.0,17.0,0.0,5.0,0.0,0.0,17.0,0.0,2.0,0.0,0.0,0.0,3.0,0.0,0.0,14.0,0.0,6.0,0.0,13.0,0.0,0.0,5.0,0.0,0.0,0.0,0.0
2026-01-11,School Children,0,0,0,0,0,0.0,0.0,0.0,0.0,0.0,0.0,0.0,0.0,0.0,0.0,0.0,0.0,0.0,0.0,0.0,0.0,0.0,0.0,0.0,0.0,5.0,2.0,0.0,0.0,0.0,0.0,0.0,0.0,0.0,0.0,1.0,0.0,1.0,0.0,0.0,0.0,1.5,0.0,1.0,0.0,0.0,8.0,0.0,0.0,0.0,0.0,0.0,6.0,0.0,0.0,1.0,0.0,1.0,0.0,2.0,0.0,0.0,2.0,0.0,0.0,0.0,0.0
2026-01-11,Younger Adults,0,0,0,0,0,2.0,0.0,0.0,0.0,1.5,0.0,11.0,0.0,9.0,0.0,0.0,0.0,0.0,13.0,0.0,0.0,0.0,5.0,0.0,0.0,17.0,4.0,0.0,1.0,0.0,17.0,0.0,0.0,8.0,5.0,2.0,0.0,1.0,0.0,0.0,0.0,32.0,0.0,4.0,0.0,0.0,20.0,0.0,7.0,1.0,0.0,1.0,5.0,1.0,0.0,38.0,0.0,12.0,0.0,11.0,0.0,0.0,8.0,0.0,0.0,1.0,0.0
2026-01-11,Youngers,0,0,0,0,0,0.0,0.0,0.0,0.0,0.0,0.0,4.0,0.0,4.0,0.0,0.0,3.0,0.0,13.0,0.0,0.0,0.0,1.0,0.0,0.0,24.0,8.0,1.0,0.0,0.0,9.0,0.0,0.0,5.0,8.0,8.0,0.0,2.0,0.0,0.0,0.0,19.0,0.0,2.0,0.0,0.0,28.0,0.0,4.0,1.0,0.0,1.0,18.0,1.0,0.0,31.0,0.0,8.0,0.0,20.0,0.0,0.0,9.0,0.0,0.0,4.0,0.0
2026-01-12,Elders,0,0,0,0,0,0.0,0.0,0.0,0.0,0.0,0.0,0.0,0.0,6.0,0.0,0.0,0.0,0.0,2.0,0.0,0.0,0.0,1.0,0.0,0.0,2.0,2.0,0.0,2.0,0.0,2.0,0.0,0.0,10.0,0.0,1.0,0.0,5.0,1.0,0.0,0.0,17.0,0.0,5.0,0.0,0.0,9.0,0.0,1.0,0.0,0.0,0.0,2.0,0.0,0.0,23.0,0.0,4.0,0.0,18.0,0.0,0.0,3.0,0.0,0.0,0.0,1.0
2026-01-12,School Children,0,0,0,0,0,0.0,0.0,0.0,0.0,0.0,0.0,0.0,0.0,0.0,0.0,0.0,0.0,0.0,0.0,0.0,0.0,0.0,0.0,0.0,0.0,4.0,1.0,0.0,0.0,0.0,0.0,0.0,0.0,0.0,0.0,1.0,0.0,5.0,0.0,0.0,0.0,1.5,0.0,1.0,0.0,0.0,4.0,0.0,0.0,0.0,0.0,0.0,5.0,0.0,0.0,1.0,0.0,1.0,0.0,3.0,0.0,0.0,1.0,0.0,0.0,0.0,0.0
2026-01-12,Younger Adults,0,0,0,0,0,0.0,0.0,0.0,0.0,0.5,0.0,8.0,0.0,10.0,0.0,0.0,0.0,0.0,10.0,1.0,0.0,0.0,5.0,0.0,0.0,12.0,3.0,0.0,3.0,0.0,7.0,1.0,0.0,13.0,2.0,1.0,0.0,9.0,2.0,0.0,0.0,32.0,0.0,4.0,0.0,0.0,10.0,0.0,4.0,0.0,0.0,0.0,4.0,1.0,0.0,62.0,0.0,7.0,0.0,16.0,0.0,0.0,5.0,0.0,0.0,1.0,0.0
2026-01-12,Youngers,0,0,0,0,0,0.0,0.0,0.0,0.0,0.0,0.0,3.0,0.0,4.0,0.0,0.0,0.0,0.0,10.0,1.0,0.0,0.0,2.0,0.0,0.0,17.0,7.0,0.0,2.0,0.0,4.0,0.0,0.0,8.0,3.0,7.0,0.0,10.0,2.0,0.0,0.0,19.0,0.0,3.0,0.0,0.0,14.0,0.0,3.0,0.0,0.0,0.0,14.0,0.0,0.0,51.0,0.0,4.0,0.0,28.0,0.0,0.0,5.0,0.0,0.0,5.0,0.0
2026-01-13,Elders,0,0,0,0,0,1.0,0.0,0.0,0.0,0.5,0.0,0.0,0.0,4.0,0.0,0.0,0.0,0.0,3.0,0.0,1.0,0.0,1.0,0.0,0.0,3.0,2.0,1.0,3.0,0.0,7.0,0.0,0.0,8.0,0.0,1.0,0.0,0.0,0.0,0.0,0.0,19.0,0.0,9.0,0.0,0.0,11.0,0.0,0.0,0.0,0.0,0.0,3.0,0.0,0.0,15.0,0.0,6.0,0.0,13.0,0.0,0.0,2.0,0.0,0.0,0.0,1.0
2026-01-13,School Children,0,0,0,0,0,0.0,0.0,0.0,0.0,0.0,0.0,0.0,0.0,0.0,0.0,0.0,0.0,0.0,0.0,0.0,0.0,0.0,0.0,0.0,0.0,5.0,2.0,1.0,0.0,0.0,0.0,0.0,0.0,0.0,0.0,1.0,0.0,0.0,0.0,0.0,0.0,1.5,0.0,3.0,0.0,0.0,5.0,0.0,0.0,0.0,0.0,0.0,6.0,0.0,0.0,0.0,0.0,1.0,0.0,2.0,0.0,0.0,1.0,0.0,0.0,0.0,0.0
2026-01-13,Younger Adults,0,0,0,0,0,5.0,0.0,0.0,0.0,2.0,0.0,9.0,0.0,7.0,0.0,0.0,0.0,0.0,13.0,0.0,0.0,0.0,6.0,0.0,0.0,16.0,4.0,1.0,4.0,0.0,25.0,2.0,0.0,9.0,1.0,2.0,0.0,0.0,1.0,1.0,0.0,35.0,0.0,6.0,0.0,0.0,13.0,0.0,2.0,0.0,0.0,0.0,5.0,1.0,0.0,40.0,0.0,11.0,0.0,11.0,0.0,0.0,4.0,0.0,0.0,0.0,0.0
2026-01-13,Youngers,0,0,0,0,0,1.0,0.0,0.0,0.0,0.0,0.0,4.0,0.0,3.0,0.0,0.0,6.0,0.0,14.0,0.0,0.0,0.0,2.0,0.0,0.0,21.0,8.0,1.0,3.0,0.0,13.0,0.0,0.0,6.0,2.0,9.0,0.0,1.0,1.0,1.0,0.0,21.0,0.0,4.0,0.0,0.0,18.0,0.0,1.0,1.0,0.0,1.0,17.0,0.0,0.0,33.0,0.0,7.0,0.0,20.0,0.0,0.0,5.0,0.0,0.0,0.0,0.0
2026-01-14,Elders,0,0,0,0,0,0.0,0.0,0.0,0.0,1.0,0.0,0.0,0.0,4.0,0.0,0.0,0.0,0.0,3.0,0.0,3.0,0.0,1.0,0.0,0.0,4.0,2.0,1.0,2.0,0.0,2.0,0.0,0.0,8.0,0.0,0.0,0.0,1.0,0.0,0.0,0.0,21.0,0.0,7.0,0.0,0.0,12.0,0.0,1.0,0.0,0.0,0.0,2.0,0.0,0.0,9.0,0.0,4.0,0.0,8.0,0.0,0.0,4.0,0.0,0.0,0.0,0.0
2026-01-14,School Children,0,0,0,0,0,0.0,0.0,0.0,0.0,0.0,0.0,0.0,0.0,0.0,0.0,0.0,0.0,0.0,0.0,0.0,0.0,0.0,0.0,0.0,0.0,5.0,2.0,1.0,0.0,0.0,0.0,0.0,0.0,0.0,0.0,0.0,0.0,1.0,0.0,0.0,0.0,1.5,0.0,2.0,0.0,0.0,6.0,0.0,0.0,0.0,0.0,0.0,3.0,0.0,0.0,0.0,0.0,1.0,0.0,1.0,0.0,0.0,1.0,0.0,0.0,0.0,0.0
2026-01-14,Younger Adults,0,0,0,0,0,2.0,0.0,0.0,0.0,2.0,0.0,8.0,0.0,6.0,0.0,0.0,0.0,0.0,15.0,0.0,0.0,0.0,5.0,0.0,0.0,17.0,5.0,1.0,3.0,0.0,9.0,1.0,0.0,10.0,1.0,1.0,0.0,1.0,0.0,0.0,0.0,39.0,0.0,5.0,0.0,0.0,14.0,0.0,3.0,0.0,0.0,1.0,3.0,0.0,0.0,24.0,0.0,9.0,0.0,7.0,0.0,0.0,6.0,0.0,0.0,2.0,0.0
2026-01-14,Youngers,0,0,0,0,0,0.0,0.0,0.0,0.0,0.0,0.0,3.0,0.0,2.0,0.0,0.0,2.0,0.0,16.0,0.0,0.0,0.0,1.0,0.0,0.0,24.0,10.0,1.0,2.0,0.0,4.0,0.0,0.0,7.0,2.0,2.0,0.0,2.0,0.0,0.0,0.0,23.5,0.0,3.0,0.0,0.0,20.0,0.0,2.0,0.0,0.0,1.0,11.0,0.0,0.0,19.0,0.0,5.0,0.0,12.0,0.0,0.0,8.0,0.0,0.0,5.0,0.0
2026-01-15,Elders,0,0,0,0,0,1.0,0.0,0.0,0.0,0.5,0.0,0.0,0.0,4.0,0.0,0.0,0.0,0.0,3.0,0.0,1.0,0.0,2.0,0.0,0.0,3.0,1.0,0.0,2.0,0.0,4.0,0.0,0.0,5.0,0.0,1.0,0.0,0.0,0.0,0.0,0.0,16.5,0.0,9.0,0.0,0.0,11.0,0.0,1.0,0.0,0.0,0.0,2.0,0.0,0.0,19.0,0.0,4.0,0.0,15.0,0.0,0.0,3.0,0.0,0.0,0.0,1.0
2026-01-15,School Children,0,0,0,0,0,0.0,0.0,0.0,0.0,0.0,0.0,0.0,0.0,0.0,0.0,0.0,0.0,0.0,0.0,0.0,0.0,0.0,0.0,0.0,0.0,4.0,0.0,0.0,0.0,0.0,0.0,0.0,0.0,0.0,0.0,1.0,0.0,0.0,0.0,0.0,0.0,1.0,0.0,3.0,0.0,0.0,5.0,0.0,0.0,0.0,0.0,0.0,5.0,0.0,0.0,1.0,0.0,1.0,0.0,2.0,0.0,0.0,1.0,0.0,0.0,0.0,0.0
2026-01-15,Younger Adults,0,0,0,0,0,9.0,0.0,1.0,0.0,1.0,0.0,6.0,0.0,7.0,0.0,0.0,0.0,0.0,12.0,0.0,0.0,0.0,6.0,0.0,0.0,14.0,1.0,0.0,4.0,0.0,16.0,2.0,0.0,6.0,1.0,1.0,0.0,1.0,0.0,1.0,0.0,30.5,0.0,6.0,0.0,0.0,13.0,0.0,3.0,0.0,0.0,1.0,4.0,0.0,0.0,53.0,0.0,9.0,0.0,12.0,0.0,0.0,5.0,0.0,0.0,3.0,0.0
2026-01-15,Youngers,0,0,0,0,0,2.0,0.0,0.0,0.0,0.0,0.0,3.0,0.0,3.0,0.0,0.0,5.0,0.0,12.0,0.0,0.0,0.0,2.0,0.0,0.0,18.0,2.0,1.0,2.0,0.0,8.0,0.0,0.0,4.0,2.0,6.0,0.0,1.0,0.0,0.0,0.0,18.0,0.0,4.0,0.0,0.0,18.0,0.0,2.0,0.0,0.0,1.0,15.0,0.0,0.0,43.0,0.0,6.0,0.0,23.0,0.0,0.0,5.0,0.0,0.0,9.0,0.0
2026-01-16,Elders,0,0,0,0,0,0.0,0.0,0.0,0.0,0.5,0.0,0.0,0.0,3.0,1.0,0.0,0.0,0.0,1.0,0.0,0.0,0.0,1.0,0.0,0.0,1.0,0.0,0.0,1.0,0.0,4.0,0.0,0.0,2.0,0.0,0.0,0.0,0.0,0.0,0.0,0.0,6.0,0.0,0.0,0.0,0.0,4.0,0.0,0.0,0.0,0.0,0.0,1.0,0.0,0.0,7.0,0.0,1.0,0.0,4.0,0.0,0.0,1.0,0.0,0.0,0.0,0.0
2026-01-16,School Children,0,0,0,0,0,0.0,0.0,0.0,0.0,0.0,0.0,0.0,0.0,0.0,0.0,0.0,0.0,0.0,0.0,0.0,0.0,0.0,0.0,0.0,0.0,2.0,0.0,0.0,0.0,0.0,0.0,0.0,0.0,0.0,0.0,0.0,0.0,0.0,0.0,0.0,0.0,0.5,0.0,0.0,0.0,0.0,2.0,0.0,0.0,0.0,0.0,0.0,2.0,0.0,0.0,0.0,0.0,0.0,0.0,0.0,0.0,0.0,1.0,0.0,0.0,0.0,0.0
2026-01-16,Younger Adults,0,0,0,0,0,3.0,0.0,0.0,0.0,2.0,0.0,8.0,0.0,4.0,0.0,0.0,0.0,0.0,4.0,1.0,0.0,0.0,5.0,0.0,0.0,7.0,1.0,0.0,1.0,0.0,16.0,0.0,0.0,2.0,1.0,0.0,0.0,0.0,0.0,0.0,0.0,11.5,0.0,0.0,0.0,0.0,5.0,0.0,1.0,0.0,0.0,0.0,1.0,0.0,0.0,18.0,0.0,2.0,0.0,3.0,0.0,0.0,2.0,0.0,0.0,0.0,0.0
2026-01-16,Youngers,0,0,0,0,0,1.0,0.0,0.0,0.0,0.0,0.0,3.0,0.0,2.0,0.0,0.0,1.0,0.0,4.0,0.0,0.0,0.0,1.0,0.0,0.0,9.0,1.0,0.0,1.0,0.0,8.0,0.0,0.0,2.0,3.0,0.0,0.0,0.0,0.0,0.0,0.0,6.5,0.0,0.0,0.0,0.0,7.0,0.0,1.0,0.0,0.0,0.0,6.0,0.0,0.0,15.0,0.0,2.0,0.0,6.0,0.0,0.0,3.0,0.0,0.0,1.0,0.0
2026-01-17,Elders,0,0,0,0,0,1.0,0.0,1.0,0.0,0.5,0.0,0.0,0.0,5.0,0.0,0.0,0.0,0.0,2.0,0.0,2.0,0.0,1.0,0.0,0.0,3.0,2.0,1.0,2.0,0.0,3.0,0.0,0.0,11.0,0.0,1.0,0.0,1.0,0.0,0.0,0.0,16.0,0.0,12.0,0.0,0.0,15.0,0.0,1.0,0.0,0.0,1.0,3.0,0.0,0.0,15.0,0.0,6.0,0.0,22.0,0.0,0.0,4.0,0.0,0.0,0.0,0.0
2026-01-17,School Children,0,0,0,0,0,0.0,0.0,0.0,0.0,0.0,0.0,0.0,0.0,0.0,0.0,0.0,0.0,0.0,0.0,0.0,0.0,0.0,0.0,0.0,0.0,5.0,1.0,0.0,0.0,0.0,0.0,0.0,0.0,0.0,0.0,1.0,0.0,1.0,0.0,0.0,0.0,1.0,0.0,3.0,0.0,0.0,7.0,0.0,0.0,0.0,0.0,1.0,6.0,0.0,0.0,1.0,0.0,1.0,0.0,4.0,0.0,0.0,1.0,0.0,0.0,0.0,0.0
2026-01-17,Younger Adults,0,0,0,0,0,6.0,0.0,1.0,0.0,1.0,0.0,7.0,0.0,7.0,0.0,0.0,0.0,0.0,10.0,0.0,0.0,0.0,5.0,0.0,0.0,16.0,3.0,2.0,3.0,0.0,11.0,3.0,0.0,13.0,2.0,1.0,0.0,1.0,0.0,1.0,0.0,30.0,0.0,8.0,0.0,0.0,18.0,0.0,6.0,1.0,0.0,1.0,6.0,1.0,0.0,42.0,0.0,13.0,0.0,18.0,0.0,0.0,6.0,0.0,0.0,1.0,0.0
2026-01-17,Youngers,0,0,0,0,0,2.0,0.0,1.0,0.0,0.0,0.0,3.0,0.0,3.0,0.0,0.0,3.0,0.0,11.0,0.0,0.0,0.0,1.0,0.0,0.0,22.0,7.0,2.0,2.0,0.0,6.0,0.0,0.0,8.0,4.0,5.0,0.0,1.0,0.0,1.0,0.0,18.0,0.0,5.0,1.0,0.0,24.0,0.0,4.0,1.0,0.0,1.0,20.0,0.0,0.0,34.0,0.0,8.0,0.0,33.0,0.0,0.0,7.0,0.0,0.0,2.0,0.0
2026-01-18,Elders,0,0,0,0,0,1.0,0.0,0.0,0.0,1.5,0.0,0.0,0.0,6.0,6.0,0.0,0.0,0.0,6.0,0.0,10.0,0.0,2.0,0.0,0.0,5.0,3.0,0.0,2.0,0.0,6.0,0.0,0.0,7.0,0.0,2.0,0.0,0.0,0.0,0.0,0.0,21.0,0.0,21.0,0.0,0.0,18.0,0.0,1.0,0.0,0.0,1.0,4.0,0.0,0.0,11.0,0.0,8.0,0.0,29.0,0.0,0.0,6.0,0.0,0.0,0.0,0.0
2026-01-18,School Children,0,0,0,0,0,0.0,0.0,0.0,0.0,0.0,0.0,0.0,0.0,0.0,0.0,0.0,0.0,0.0,0.0,0.0,0.0,0.0,0.0,0.0,0.0,8.0,3.0,0.0,0.0,0.0,0.0,0.0,0.0,0.0,0.0,2.0,0.0,0.0,0.0,0.0,0.0,1.5,0.0,5.0,0.0,0.0,9.0,0.0,0.0,0.0,0.0,1.0,8.0,0.0,0.0,0.0,0.0,1.0,0.0,5.0,0.0,0.0,2.0,0.0,0.0,0.0,0.0
2026-01-18,Younger Adults,0,0,0,0,0,4.0,0.0,1.0,0.0,3.5,0.0,9.0,0.0,10.0,0.0,0.0,0.0,0.0,28.0,0.0,0.0,0.0,9.0,0.0,0.0,26.0,5.0,0.0,4.0,0.0,22.0,5.0,0.0,8.0,1.0,3.0,0.0,1.0,1.0,1.0,0.0,39.0,0.0,15.0,0.0,0.0,22.0,0.0,4.0,0.0,0.0,1.0,7.0,1.0,0.0,29.0,0.0,16.0,0.0,24.0,0.0,0.0,11.0,0.0,0.0,2.0,0.0
2026-01-18,Youngers,0,0,0,0,0,1.0,0.0,0.0,0.0,0.0,0.0,3.0,0.0,4.0,0.0,0.0,1.0,0.0,29.0,0.0,1.0,0.0,3.0,0.0,0.0,35.0,11.0,0.0,3.0,0.0,11.0,0.0,0.0,5.0,3.0,16.0,0.0,1.0,1.0,1.0,0.0,23.5,0.0,10.0,0.0,0.0,29.0,0.0,2.0,0.0,0.0,1.0,23.0,0.0,0.0,23.0,0.0,10.0,0.0,45.0,0.0,0.0,13.0,0.0,0.0,7.0,0.0
2026-01-19,Elders,0,0,0,0,0,1.0,0.0,0.0,0.0,0.0,0.0,0.0,0.0,22.0,1.0,0.0,0.0,0.0,4.0,0.0,2.0,0.0,1.0,0.0,0.0,4.0,1.0,0.0,2.0,0.0,6.0,0.0,0.0,2.0,0.0,0.0,0.0,0.0,0.0,0.0,0.0,16.5,0.0,8.0,0.0,0.0,19.0,0.0,2.0,0.0,0.0,0.0,3.0,0.0,0.0,8.0,0.0,4.0,0.0,28.0,0.0,0.0,2.0,0.0,0.0,0.0,2.0
2026-01-19,School Children,0,0,0,0,0,0.0,0.0,0.0,0.0,0.0,0.0,0.0,0.0,0.0,0.0,0.0,0.0,0.0,0.0,0.0,0.0,0.0,0.0,0.0,0.0,5.0,1.0,0.0,0.0,0.0,0.0,0.0,0.0,0.0,0.0,1.0,0.0,0.0,0.0,0.0,0.0,1.5,0.0,2.0,0.0,0.0,10.0,0.0,1.0,0.0,0.0,0.0,6.0,0.0,0.0,0.0,0.0,0.0,0.0,5.0,0.0,0.0,1.0,0.0,0.0,0.0,0.0
2026-01-19,Younger Adults,0,0,0,0,0,6.0,0.0,0.0,0.0,0.5,0.0,3.0,0.0,33.0,0.0,0.0,0.0,0.0,19.0,0.0,0.0,0.0,3.0,0.0,0.0,17.0,3.0,0.0,4.0,0.0,22.0,3.0,0.0,3.0,1.0,1.0,0.0,0.0,1.0,0.0,0.0,30.5,0.0,5.0,0.0,0.0,23.0,0.0,7.0,0.0,0.0,0.0,5.0,0.0,0.0,23.0,0.0,8.0,0.0,23.0,0.0,0.0,4.0,0.0,0.0,2.0,0.0
2026-01-19,Youngers,0,0,0,0,0,1.0,0.0,0.0,0.0,0.0,0.0,1.0,0.0,13.0,0.0,0.0,2.0,0.0,20.0,0.0,0.0,0.0,1.0,0.0,0.0,23.0,5.0,0.0,2.0,0.0,11.0,0.0,0.0,2.0,1.0,5.0,0.0,0.0,0.0,0.0,0.0,18.0,0.0,3.0,0.0,0.0,31.0,0.0,5.0,0.0,0.0,0.0,17.0,0.0,0.0,19.0,0.0,5.0,0.0,43.0,0.0,0.0,4.0,0.0,0.0,5.0,0.0
2026-01-20,Elders,0,0,0,0,0,1.0,0.0,0.0,0.0,0.5,0.0,0.0,0.0,4.0,0.0,0.0,0.0,0.0,4.0,0.0,1.0,0.0,1.0,0.0,0.0,3.0,2.0,1.0,2.0,0.0,7.0,0.0,0.0,7.0,0.0,1.0,0.0,0.0,0.0,0.0,0.0,18.0,0.0,10.0,0.0,0.0,12.0,0.0,1.0,0.0,0.0,0.0,3.0,0.0,0.0,15.0,0.0,7.0,0.0,12.0,0.0,0.0,3.0,0.0,0.0,0.0,1.0
2026-01-20,School Children,0,0,0,0,0,0.0,0.0,0.0,0.0,0.0,0.0,0.0,0.0,0.0,0.0,0.0,0.0,0.0,0.0,0.0,0.0,0.0,0.0,0.0,0.0,5.0,2.0,1.0,0.0,0.0,0.0,0.0,0.0,0.0,0.0,1.0,0.0,0.0,0.0,0.0,0.0,1.5,0.0,2.0,0.0,0.0,6.0,0.0,0.0,0.0,0.0,0.0,6.0,0.0,0.0,0.0,0.0,1.0,0.0,2.0,0.0,0.0,1.0,0.0,0.0,0.0,0.0
2026-01-20,Younger Adults,0,0,0,0,0,4.0,0.0,0.0,0.0,1.5,0.0,10.0,0.0,6.0,0.0,0.0,0.0,0.0,16.0,0.0,0.0,0.0,6.0,0.0,0.0,17.0,5.0,1.0,4.0,0.0,25.0,2.0,0.0,9.0,1.0,2.0,0.0,0.0,1.0,1.0,0.0,33.5,0.0,7.0,0.0,0.0,14.0,0.0,2.0,0.0,0.0,0.0,5.0,0.0,0.0,40.0,0.0,13.0,0.0,10.0,0.0,0.0,5.0,0.0,0.0,1.0,0.0
2026-01-20,Youngers,0,0,0,0,0,1.0,1.0,0.0,0.0,0.0,0.0,4.0,0.0,2.0,0.0,0.0,5.0,0.0,17.0,0.0,0.0,0.0,2.0,0.0,0.0,22.0,10.0,1.0,3.0,0.0,12.0,0.0,0.0,6.0,2.0,9.0,0.0,1.0,0.0,1.0,0.0,19.5,0.0,4.0,0.0,0.0,20.0,0.0,1.0,0.0,0.0,1.0,19.0,0.0,0.0,33.0,0.0,8.0,0.0,19.0,0.0,0.0,6.0,0.0,0.0,4.0,0.0
2026-01-21,Elders,0,0,0,0,0,0.0,0.0,0.0,0.0,1.5,0.0,0.0,0.0,17.0,2.0,0.0,0.0,0.0,7.0,0.0,1.0,0.0,1.0,1.0,0.0,5.0,1.0,0.0,1.0,0.0,9.0,0.0,0.0,0.0,0.0,0.0,1.0,0.0,0.0,0.0,0.0,33.5,0.0,6.0,0.0,0.0,11.0,0.0,2.0,1.0,0.0,1.0,2.0,0.0,0.0,14.0,0.0,4.0,0.0,13.0,0.0,0.0,3.0,1.0,0.0,0.0,1.0
2026-01-21,School Children,0,0,0,0,0,0.0,0.0,0.0,0.0,0.0,0.0,0.0,0.0,0.0,0.0,0.0,0.0,0.0,0.0,0.0,0.0,0.0,0.0,0.0,0.0,7.0,1.0,0.0,0.0,0.0,0.0,0.0,0.0,0.0,0.0,1.0,0.0,0.0,0.0,0.0,0.0,2.5,0.0,1.0,0.0,0.0,6.0,0.0,1.0,0.0,0.0,1.0,5.0,0.0,0.0,0.0,0.0,1.0,0.0,2.0,0.0,0.0,1.0,0.0,0.0,0.0,0.0
2026-01-21,Younger Adults,0,0,0,0,0,2.0,0.0,0.0,0.0,3.0,0.0,11.0,0.0,26.0,0.0,0.0,0.0,0.0,32.0,0.0,0.0,0.0,5.0,2.0,0.0,25.0,2.0,0.0,2.0,0.0,31.0,1.0,0.0,1.0,1.0,1.0,7.0,0.0,1.0,0.0,0.0,62.5,0.0,4.0,0.0,0.0,14.0,0.0,8.0,1.0,0.0,2.0,4.0,0.0,0.0,38.0,0.0,7.0,0.0,11.0,0.0,0.0,6.0,0.0,0.0,1.0,0.0
2026-01-21,Youngers,0,0,0,0,0,1.0,1.0,0.0,0.0,0.0,0.0,4.0,0.0,11.0,0.0,0.0,0.0,0.0,34.0,0.0,0.0,0.0,2.0,3.0,0.0,33.0,3.0,0.0,2.0,0.0,16.0,0.0,0.0,0.0,2.0,5.0,4.0,0.0,0.0,0.0,0.0,37.0,0.0,3.0,1.0,0.0,18.0,0.0,5.0,4.0,0.0,2.0,14.0,0.0,0.0,31.0,0.0,4.0,0.0,20.0,0.0,0.0,6.0,0.0,0.0,4.0,0.0
2026-01-22,Elders,0,0,0,0,0,1.0,0.0,0.0,0.0,0.5,0.0,0.0,0.0,6.0,0.0,0.0,0.0,0.0,4.0,0.0,0.0,0.0,1.0,0.0,0.0,4.0,1.0,1.0,2.0,0.0,2.0,0.0,0.0,11.0,0.0,1.0,0.0,0.0,0.0,0.0,0.0,21.5,0.0,10.0,0.0,0.0,9.0,0.0,2.0,0.0,0.0,0.0,4.0,0.0,0.0,27.0,0.0,5.0,0.0,26.0,0.0,0.0,7.0,0.0,0.0,0.0,2.0
2026-01-22,School Children,0,0,0,0,0,0.0,0.0,0.0,0.0,0.0,0.0,0.0,0.0,0.0,0.0,0.0,0.0,0.0,0.0,0.0,0.0,0.0,0.0,0.0,0.0,5.0,1.0,1.0,0.0,0.0,0.0,0.0,0.0,0.0,0.0,1.0,0.0,0.0,0.0,0.0,0.0,1.5,0.0,2.0,0.0,0.0,5.0,0.0,1.0,0.0,0.0,0.0,7.0,0.0,0.0,1.0,0.0,1.0,0.0,4.0,0.0,0.0,2.0,0.0,0.0,0.0,0.0
2026-01-22,Younger Adults,0,0,0,0,0,8.0,0.0,1.0,0.0,1.5,0.0,12.0,0.0,10.0,0.0,0.0,0.0,0.0,15.0,1.0,0.0,0.0,6.0,0.0,0.0,19.0,2.0,1.0,4.0,0.0,8.0,1.0,0.0,14.0,0.0,3.0,0.0,0.0,0.0,0.0,0.0,40.5,0.0,7.0,0.0,0.0,11.0,0.0,8.0,0.0,0.0,0.0,6.0,1.0,0.0,72.0,0.0,10.0,0.0,21.0,0.0,0.0,11.0,0.0,0.0,1.0,0.0
2026-01-22,Youngers,0,0,0,0,0,2.0,0.0,0.0,0.0,0.0,0.0,5.0,0.0,4.0,0.0,0.0,3.0,0.0,16.0,1.0,0.0,0.0,2.0,0.0,0.0,25.0,5.0,1.0,2.0,0.0,4.0,0.0,0.0,9.0,0.0,12.0,0.0,1.0,0.0,0.0,0.0,24.0,0.0,5.0,0.0,0.0,16.0,0.0,5.0,0.0,0.0,0.0,23.0,0.0,0.0,60.0,0.0,6.0,0.0,39.0,0.0,0.0,13.0,0.0,0.0,5.0,0.0
2026-01-23,Elders,0,0,0,0,0,2.0,0.0,0.0,0.0,0.5,0.0,0.0,0.0,6.0,1.0,0.0,0.0,0.0,6.0,0.0,0.0,0.0,1.0,0.0,0.0,4.0,1.0,0.0,3.0,0.0,7.0,0.0,0.0,11.0,0.0,1.0,0.0,0.0,2.0,0.0,0.0,24.0,0.0,12.0,0.0,0.0,15.0,0.0,1.0,0.0,0.0,1.0,4.0,0.0,0.0,10.0,0.0,4.0,0.0,10.0,0.0,0.0,7.0,0.0,0.0,0.0,0.0
2026-01-23,School Children,0,0,0,0,0,0.0,0.0,0.0,0.0,0.0,0.0,0.0,0.0,0.0,0.0,0.0,0.0,0.0,0.0,0.0,0.0,0.0,0.0,0.0,0.0,6.0,1.0,0.0,0.0,0.0,0.0,0.0,0.0,0.0,0.0,1.0,0.0,1.0,1.0,0.0,0.0,2.0,0.0,3.0,0.0,0.0,8.0,0.0,0.0,0.0,0.0,2.0,8.0,0.0,0.0,0.0,0.0,1.0,0.0,2.0,0.0,0.0,2.0,0.0,0.0,0.0,0.0
2026-01-23,Younger Adults,0,0,0,0,0,16.0,0.0,1.0,0.0,0.5,0.0,8.0,0.0,9.0,0.0,0.0,0.0,0.0,27.0,0.0,0.0,0.0,4.0,0.0,0.0,21.0,2.0,0.0,4.0,0.0,26.0,0.0,0.0,13.0,2.0,1.0,0.0,1.0,3.0,0.0,0.0,45.0,0.0,8.0,0.0,0.0,19.0,0.0,6.0,1.0,0.0,2.0,6.0,1.0,0.0,27.0,0.0,9.0,0.0,8.0,0.0,0.0,11.0,0.0,0.0,1.0,0.0
2026-01-23,Youngers,0,0,0,0,0,4.0,0.0,0.0,0.0,0.0,0.0,3.0,0.0,4.0,0.0,0.0,0.0,0.0,28.0,0.0,0.0,0.0,1.0,0.0,0.0,28.0,3.0,0.0,3.0,0.0,14.0,0.0,0.0,8.0,3.0,6.0,0.0,1.0,3.0,0.0,0.0,26.5,0.0,5.0,0.0,0.0,26.0,0.0,4.0,1.0,0.0,3.0,23.0,0.0,0.0,23.0,0.0,6.0,0.0,16.0,0.0,0.0,13.0,0.0,0.0,4.0,0.0
2026-01-24,Elders,0,0,0,0,0,1.0,0.0,1.0,0.0,0.5,0.0,0.0,0.0,6.0,0.0,0.0,0.0,0.0,3.0,0.0,1.0,0.0,1.0,0.0,0.0,4.0,2.0,1.0,2.0,0.0,3.0,0.0,0.0,10.0,0.0,1.0,0.0,0.0,0.0,0.0,0.0,14.0,0.0,11.0,0.0,0.0,16.0,0.0,2.0,0.0,0.0,1.0,3.0,0.0,0.0,12.0,0.0,5.0,0.0,19.0,0.0,0.0,4.0,0.0,0.0,0.0,0.0
2026-01-24,School Children,0,0,0,0,0,0.0,0.0,0.0,0.0,0.0,0.0,0.0,0.0,0.0,0.0,0.0,0.0,0.0,0.0,0.0,0.0,0.0,0.0,0.0,0.0,5.0,2.0,0.0,0.0,0.0,0.0,0.0,0.0,0.0,0.0,1.0,0.0,1.0,0.0,0.0,0.0,1.0,0.0,3.0,0.0,0.0,8.0,0.0,0.0,0.0,0.0,1.0,7.0,0.0,0.0,1.0,0.0,1.0,0.0,3.0,0.0,0.0,1.0,0.0,0.0,0.0,0.0
2026-01-24,Younger Adults,0,0,0,0,0,8.0,0.0,1.0,0.0,1.5,0.0,8.0,0.0,10.0,0.0,0.0,0.0,0.0,12.0,1.0,0.0,0.0,5.0,0.0,0.0,18.0,4.0,2.0,3.0,0.0,13.0,3.0,0.0,13.0,2.0,2.0,0.0,1.0,0.0,1.0,0.0,26.5,0.0,7.0,0.0,0.0,20.0,0.0,6.0,1.0,0.0,1.0,6.0,1.0,0.0,33.0,0.0,11.0,0.0,16.0,0.0,0.0,6.0,0.0,0.0,1.0,0.0
2026-01-24,Youngers,0,0,0,0,0,2.0,0.0,1.0,0.0,0.0,0.0,3.0,0.0,4.0,0.0,0.0,3.0,0.0,12.0,0.0,0.0,0.0,1.0,0.0,0.0,25.0,7.0,2.0,2.0,0.0,7.0,0.0,0.0,8.0,3.0,7.0,0.0,1.0,0.0,1.0,0.0,16.0,0.0,5.0,0.0,0.0,26.0,0.0,4.0,1.0,0.0,2.0,20.0,0.0,0.0,27.0,0.0,6.0,0.0,29.0,0.0,0.0,7.0,0.0,0.0,3.0,0.0
2026-01-25,Elders,0,0,0,0,0,0.0,0.0,0.0,0.0,0.5,0.0,0.0,0.0,5.0,0.0,0.0,0.0,0.0,3.0,0.0,2.0,0.0,1.0,0.0,0.0,3.0,1.0,0.0,0.0,0.0,5.0,0.0,0.0,8.0,1.0,1.0,0.0,1.0,0.0,0.0,0.0,17.0,0.0,5.0,0.0,0.0,17.0,0.0,2.0,0.0,0.0,0.0,2.0,0.0,0.0,11.0,0.0,6.0,0.0,15.0,0.0,0.0,5.0,0.0,0.0,0.0,0.0
2026-01-25,School Children,0,0,0,0,0,0.0,0.0,0.0,0.0,0.0,0.0,0.0,0.0,0.0,0.0,0.0,0.0,0.0,0.0,0.0,0.0,0.0,0.0,0.0,0.0,5.0,1.0,0.0,0.0,0.0,0.0,0.0,0.0,0.0,0.0,1.0,0.0,1.0,0.0,0.0,0.0,1.5,0.0,1.0,0.0,0.0,8.0,0.0,0.0,0.0,0.0,1.0,4.0,0.0,0.0,0.0,0.0,1.0,0.0,2.0,0.0,0.0,1.0,0.0,0.0,0.0,0.0
2026-01-25,Younger Adults,0,0,0,0,0,2.0,0.0,1.0,0.0,1.5,0.0,9.0,0.0,8.0,0.0,0.0,0.0,0.0,14.0,0.0,0.0,0.0,5.0,0.0,0.0,16.0,3.0,0.0,1.0,0.0,20.0,2.0,0.0,9.0,5.0,1.0,0.0,1.0,0.0,0.0,0.0,32.0,0.0,4.0,0.0,0.0,21.0,0.0,7.0,1.0,0.0,1.0,4.0,1.0,0.0,30.0,0.0,12.0,0.0,13.0,0.0,0.0,8.0,0.0,0.0,1.0,0.0
2026-01-25,Youngers,0,0,0,0,0,0.0,0.0,0.0,0.0,0.0,0.0,4.0,0.0,3.0,0.0,0.0,4.0,0.0,15.0,0.0,0.0,0.0,1.0,0.0,0.0,21.0,6.0,1.0,0.0,0.0,10.0,0.0,0.0,6.0,9.0,7.0,0.0,1.0,0.0,0.0,0.0,19.0,0.0,2.0,0.0,0.0,28.0,0.0,5.0,1.0,0.0,1.0,14.0,1.0,0.0,24.0,0.0,7.0,0.0,23.0,0.0,0.0,9.0,0.0,0.0,4.0,0.0
2026-01-26,Elders,0,0,0,0,0,0.0,0.0,0.0,0.0,0.5,0.0,0.0,0.0,6.0,1.0,0.0,0.0,0.0,4.0,0.0,6.0,0.0,1.0,0.0,0.0,4.0,2.0,0.0,1.0,0.0,6.0,0.0,0.0,8.0,0.0,0.0,0.0,0.0,2.0,0.0,0.0,16.5,0.0,6.0,0.0,0.0,13.0,0.0,1.0,0.0,0.0,0.0,3.0,0.0,0.0,16.0,0.0,5.0,0.0,18.0,0.0,0.0,5.0,0.0,0.0,0.0,1.0
2026-01-26,School Children,0,0,0,0,0,0.0,0.0,0.0,0.0,0.0,0.0,0.0,0.0,0.0,0.0,0.0,0.0,0.0,0.0,0.0,0.0,0.0,0.0,0.0,0.0,5.0,2.0,0.0,0.0,0.0,0.0,0.0,0.0,0.0,0.0,0.0,0.0,0.0,1.0,0.0,0.0,1.5,0.0,2.0,0.0,0.0,6.0,0.0,0.0,0.0,0.0,0.0,6.0,0.0,0.0,1.0,0.0,1.0,0.0,3.0,0.0,0.0,1.0,0.0,0.0,0.0,0.0
2026-01-26,Younger Adults,0,0,0,0,0,3.0,0.0,1.0,0.0,0.5,0.0,8.0,0.0,9.0,0.0,0.0,0.0,0.0,17.0,0.0,0.0,0.0,3.0,0.0,0.0,18.0,5.0,1.0,3.0,0.0,20.0,0.0,0.0,9.0,1.0,0.0,0.0,0.0,3.0,0.0,0.0,30.5,0.0,4.0,0.0,0.0,16.0,0.0,6.0,0.0,0.0,0.0,5.0,1.0,0.0,45.0,0.0,11.0,0.0,16.0,0.0,0.0,7.0,0.0,0.0,1.0,0.0
2026-01-26,Youngers,0,0,0,0,0,1.0,0.0,0.0,0.0,0.0,0.0,3.0,0.0,3.0,0.0,0.0,2.0,0.0,18.0,0.0,0.0,0.0,1.0,0.0,0.0,25.0,9.0,1.0,2.0,0.0,10.0,0.0,0.0,6.0,2.0,1.0,0.0,0.0,2.0,0.0,0.0,18.0,0.0,3.0,0.0,0.0,22.0,0.0,4.0,0.0,0.0,0.0,19.0,0.0,0.0,37.0,0.0,6.0,0.0,28.0,0.0,0.0,9.0,0.0,0.0,4.0,0.0
2026-01-27,Elders,0,0,0,0,0,1.0,0.0,0.0,0.0,0.5,0.0,0.0,0.0,2.0,3.0,0.0,0.0,0.0,6.0,0.0,4.0,0.0,1.0,0.0,0.0,4.0,1.0,0.0,2.0,0.0,7.0,0.0,0.0,12.0,0.0,0.0,0.0,0.0,0.0,0.0,0.0,22.5,0.0,5.0,0.0,0.0,20.0,0.0,0.0,0.0,0.0,1.0,5.0,0.0,0.0,17.0,0.0,8.0,0.0,18.0,0.0,0.0,6.0,0.0,0.0,0.0,2.0
2026-01-27,School Children,0,0,0,0,0,0.0,0.0,0.0,0.0,0.0,0.0,0.0,0.0,0.0,0.0,0.0,0.0,0.0,0.0,0.0,0.0,0.0,0.0,0.0,0.0,6.0,1.0,0.0,0.0,0.0,0.0,0.0,0.0,0.0,0.0,0.0,0.0,0.0,0.0,0.0,0.0,1.5,0.0,1.0,0.0,0.0,10.0,0.0,0.0,0.0,0.0,2.0,11.0,0.0,0.0,1.0,0.0,1.0,0.0,3.0,0.0,0.0,2.0,0.0,0.0,0.0,0.0
2026-01-27,Younger Adults,0,0,0,0,0,5.0,0.0,0.0,0.0,1.0,0.0,8.0,0.0,4.0,0.0,0.0,0.0,0.0,24.0,0.0,0.0,0.0,5.0,0.0,0.0,21.0,2.0,0.0,3.0,0.0,25.0,1.0,0.0,15.0,0.0,0.0,0.0,0.0,0.0,0.0,0.0,42.0,0.0,4.0,0.0,0.0,24.0,0.0,2.0,0.0,0.0,2.0,9.0,1.0,0.0,45.0,0.0,16.0,0.0,15.0,0.0,0.0,10.0,0.0,0.0,2.0,0.0
2026-01-27,Youngers,0,0,0,0,0,1.0,0.0,0.0,0.0,0.0,0.0,3.0,0.0,2.0,0.0,0.0,2.0,0.0,26.0,0.0,0.0,0.0,1.0,0.0,0.0,28.0,4.0,0.0,2.0,0.0,12.0,0.0,0.0,9.0,0.0,2.0,0.0,1.0,0.0,0.0,0.0,25.0,0.0,3.0,0.0,0.0,33.0,0.0,1.0,0.0,0.0,3.0,32.0,1.0,0.0,37.0,0.0,9.0,0.0,28.0,0.0,0.0,12.0,0.0,0.0,7.0,0.0
2026-01-28,Elders,0,0,0,0,0,0.0,0.0,0.0,0.0,1.0,0.0,0.0,0.0,6.0,0.0,0.0,0.0,0.0,3.0,0.0,0.0,0.0,1.0,0.0,0.0,4.0,3.0,2.0,1.0,0.0,3.0,0.0,0.0,7.0,0.0,0.0,0.0,0.0,0.0,0.0,0.0,20.5,0.0,10.0,0.0,0.0,18.0,0.0,1.0,1.0,0.0,0.0,4.0,0.0,0.0,11.0,0.0,7.0,0.0,24.0,0.0,0.0,4.0,0.0,0.0,0.0,1.0
2026-01-28,School Children,0,0,0,0,0,0.0,0.0,0.0,0.0,0.0,0.0,0.0,0.0,0.0,0.0,0.0,0.0,0.0,0.0,0.0,0.0,0.0,0.0,0.0,0.0,6.0,3.0,1.0,0.0,0.0,0.0,0.0,0.0,0.0,0.0,1.0,0.0,0.0,0.0,0.0,0.0,1.5,0.0,2.0,0.0,0.0,9.0,0.0,0.0,0.0,0.0,0.0,7.0,0.0,0.0,0.0,0.0,1.0,0.0,4.0,0.0,0.0,1.0,0.0,0.0,0.0,0.0
2026-01-28,Younger Adults,0,0,0,0,0,3.0,0.0,1.0,0.0,2.0,0.0,9.0,0.0,9.0,0.0,0.0,0.0,0.0,13.0,0.0,0.0,0.0,5.0,0.0,0.0,20.0,6.0,3.0,2.0,0.0,13.0,1.0,0.0,8.0,1.0,1.0,0.0,0.0,0.0,0.0,0.0,38.0,0.0,7.0,0.0,0.0,23.0,0.0,3.0,1.0,0.0,0.0,6.0,0.0,0.0,29.0,0.0,14.0,0.0,21.0,0.0,0.0,6.0,0.0,0.0,1.0,0.0
2026-01-28,Youngers,0,0,0,0,0,1.0,0.0,0.0,0.0,0.0,0.0,4.0,0.0,3.0,0.0,0.0,6.0,0.0,13.0,0.0,0.0,0.0,1.0,0.0,0.0,27.0,11.0,3.0,1.0,0.0,6.0,0.0,0.0,5.0,3.0,4.0,0.0,0.0,0.0,0.0,0.0,22.5,0.0,4.0,0.0,0.0,31.0,0.0,2.0,2.0,0.0,1.0,21.0,0.0,0.0,24.0,0.0,8.0,0.0,38.0,0.0,0.0,8.0,0.0,0.0,4.0,0.0
2026-01-29,Elders,0,0,0,0,0,1.0,0.0,0.0,0.0,0.5,0.0,1.0,0.0,11.0,1.0,0.0,0.0,0.0,5.0,0.0,0.0,0.0,2.0,0.0,0.0,5.0,1.0,1.0,2.0,0.0,2.0,0.0,0.0,13.0,0.0,1.0,0.0,0.0,0.0,0.0,0.0,24.0,0.0,11.0,0.0,0.0,12.0,0.0,2.0,0.0,0.0,0.0,4.0,0.0,0.0,29.0,0.0,6.0,0.0,32.0,0.0,0.0,7.0,0.0,0.0,0.0,2.0
2026-01-29,School Children,0,0,0,0,0,0.0,0.0,0.0,0.0,0.0,0.0,0.0,0.0,0.0,0.0,0.0,0.0,0.0,0.0,0.0,0.0,0.0,0.0,0.0,0.0,7.0,1.0,1.0,0.0,0.0,0.0,0.0,0.0,0.0,0.0,1.0,0.0,0.0,0.0,0.0,0.0,2.0,0.0,3.0,0.0,0.0,6.0,0.0,1.0,0.0,0.0,0.0,7.0,0.0,0.0,1.0,0.0,1.0,0.0,5.0,0.0,0.0,2.0,0.0,0.0,0.0,0.0
2026-01-29,Younger Adults,0,0,0,0,0,8.0,0.0,1.0,0.0,2.0,0.0,13.0,0.0,18.0,0.0,0.0,0.0,0.0,21.0,1.0,0.0,0.0,7.0,0.0,0.0,23.0,3.0,2.0,4.0,0.0,9.0,1.0,0.0,16.0,0.0,3.0,0.0,1.0,0.0,0.0,0.0,45.0,0.0,8.0,0.0,0.0,14.0,0.0,8.0,0.0,0.0,0.0,6.0,0.0,0.0,78.0,0.0,13.0,0.0,26.0,0.0,0.0,11.0,0.0,0.0,1.0,0.0
2026-01-29,Youngers,0,0,0,0,0,2.0,0.0,0.0,0.0,0.0,0.0,5.0,0.0,7.0,0.0,0.0,4.0,0.0,23.0,1.0,0.0,0.0,2.0,0.0,0.0,32.0,6.0,2.0,2.0,0.0,4.0,0.0,0.0,10.0,0.0,12.0,0.0,1.0,0.0,0.0,0.0,27.0,0.0,5.0,0.0,0.0,19.0,0.0,6.0,0.0,0.0,0.0,23.0,0.0,0.0,64.0,0.0,8.0,0.0,49.0,0.0,0.0,14.0,0.0,0.0,5.0,0.0
2026-01-30,Elders,0,0,0,0,0,1.0,0.0,0.0,0.0,1.0,0.0,0.0,0.0,4.0,2.0,0.0,0.0,0.0,3.0,0.0,2.0,0.0,2.0,0.0,0.0,4.0,2.0,0.0,3.0,0.0,3.0,0.0,0.0,9.0,0.0,0.0,0.0,0.0,4.0,0.0,0.0,19.0,0.0,8.0,0.0,0.0,15.0,0.0,1.0,1.0,0.0,0.0,4.0,0.0,0.0,11.0,0.0,5.0,0.0,16.0,0.0,0.0,6.0,0.0,0.0,0.0,4.0
2026-01-30,School Children,0,0,0,0,0,0.0,0.0,0.0,0.0,0.0,0.0,0.0,0.0,0.0,0.0,0.0,0.0,0.0,0.0,0.0,0.0,0.0,0.0,0.0,0.0,6.0,2.0,0.0,0.0,0.0,0.0,0.0,0.0,0.0,0.0,0.0,0.0,0.0,1.0,0.0,0.0,1.5,0.0,2.0,0.0,0.0,8.0,0.0,1.0,0.0,0.0,0.0,8.0,0.0,0.0,1.0,0.0,1.0,0.0,3.0,0.0,0.0,2.0,0.0,0.0,0.0,0.0
2026-01-30,Younger Adults,0,0,0,0,0,10.0,0.0,0.0,0.0,3.0,0.0,6.0,0.0,6.0,0.0,0.0,0.0,0.0,12.0,0.0,0.0,0.0,7.0,0.0,0.0,21.0,3.0,0.0,6.0,0.0,10.0,5.0,0.0,12.0,2.0,0.0,0.0,0.0,5.0,0.0,0.0,35.5,0.0,5.0,0.0,0.0,19.0,0.0,5.0,1.0,0.0,0.0,7.0,1.0,0.0,30.0,0.0,10.0,0.0,13.0,0.0,0.0,10.0,0.0,0.0,1.0,0.0
2026-01-30,Youngers,0,0,0,0,0,3.0,0.0,0.0,0.0,0.0,0.0,3.0,0.0,3.0,0.0,0.0,3.0,0.0,13.0,0.0,0.0,0.0,2.0,0.0,0.0,29.0,7.0,0.0,4.0,0.0,5.0,0.0,0.0,7.0,3.0,0.0,0.0,1.0,5.0,0.0,0.0,21.0,0.0,4.0,1.0,0.0,26.0,0.0,3.0,2.0,0.0,1.0,24.0,0.0,0.0,25.0,0.0,6.0,0.0,25.0,0.0,0.0,11.0,0.0,0.0,3.0,0.0
2026-01-31,Elders,0,0,0,0,0,1.0,0.0,0.0,0.0,0.5,0.0,0.0,0.0,8.0,0.0,0.0,0.0,0.0,3.0,0.0,2.0,0.0,1.0,0.0,0.0,4.0,2.0,0.0,3.0,0.0,6.0,0.0,0.0,7.0,0.0,0.0,0.0,0.0,1.0,0.0,0.0,24.0,0.0,8.0,0.0,0.0,14.0,0.0,1.0,0.0,0.0,0.0,1.0,0.0,0.0,19.0,0.0,5.0,0.0,14.0,0.0,0.0,2.0,0.0,0.0,0.0,1.0
2026-01-31,School Children,0,0,0,0,0,0.0,0.0,0.0,0.0,0.0,0.0,0.0,0.0,0.0,0.0,0.0,0.0,0.0,0.0,0.0,0.0,0.0,0.0,0.0,0.0,5.0,2.0,0.0,0.0,0.0,0.0,0.0,0.0,0.0,0.0,1.0,0.0,0.0,0.0,0.0,0.0,2.0,0.0,2.0,0.0,0.0,7.0,0.0,0.0,0.0,0.0,0.0,3.0,0.0,0.0,1.0,0.0,0.0,0.0,3.0,0.0,0.0,1.0,0.0,0.0,0.0,0.0
2026-01-31,Younger Adults,0,0,0,0,0,5.0,0.0,0.0,0.0,2.0,0.0,11.0,0.0,13.0,0.0,0.0,0.0,0.0,14.0,0.0,0.0,0.0,5.0,0.0,0.0,17.0,3.0,0.0,5.0,0.0,20.0,0.0,0.0,9.0,2.0,1.0,0.0,0.0,2.0,0.0,0.0,45.5,0.0,6.0,0.0,0.0,17.0,0.0,5.0,0.0,0.0,0.0,2.0,1.0,0.0,51.0,0.0,10.0,0.0,12.0,0.0,0.0,3.0,0.0,0.0,0.0,0.0
2026-01-31,Youngers,0,0,0,0,0,1.0,0.0,0.0,0.0,0.0,0.0,5.0,0.0,5.0,0.0,0.0,6.0,0.0,14.0,0.0,0.0,0.0,2.0,0.0,0.0,23.0,7.0,1.0,3.0,0.0,10.0,0.0,0.0,5.0,3.0,4.0,0.0,0.0,1.0,0.0,0.0,27.0,0.0,4.0,0.0,0.0,24.0,0.0,3.0,0.0,0.0,1.0,7.0,0.0,0.0,42.0,0.0,6.0,0.0,22.0,0.0,0.0,4.0,0.0,0.0,2.0,0.0
2026-02-01,Elders,0,0,0,0,0,0.0,0.0,0.0,0.0,0.5,0.0,0.0,0.0,6.0,0.0,0.0,0.0,0.0,4.0,0.0,2.0,0.0,2.0,0.0,0.0,4.0,2.0,0.0,0.0,0.0,5.0,0.0,0.0,6.0,1.0,1.0,0.0,1.0,0.0,0.0,0.0,20.0,0.0,7.0,0.0,0.0,17.0,0.0,2.0,0.0,0.0,0.0,4.0,0.0,0.0,14.0,0.0,6.0,0.0,18.0,0.0,0.0,5.0,0.0,0.0,0.0,0.0
2026-02-01,School Children,0,0,0,0,0,0.0,0.0,0.0,0.0,0.0,0.0,0.0,0.0,0.0,0.0,0.0,0.0,0.0,0.0,0.0,0.0,0.0,0.0,0.0,0.0,6.0,2.0,0.0,0.0,0.0,0.0,0.0,0.0,0.0,0.0,1.0,0.0,1.0,0.0,0.0,0.0,1.5,0.0,2.0,0.0,0.0,9.0,0.0,1.0,0.0,0.0,0.0,9.0,0.0,0.0,1.0,0.0,1.0,0.0,3.0,0.0,0.0,2.0,0.0,0.0,0.0,0.0
2026-02-01,Younger Adults,0,0,0,0,0,2.0,0.0,0.0,0.0,2.0,0.0,12.0,0.0,8.0,0.0,0.0,0.0,0.0,15.0,1.0,0.0,0.0,6.0,0.0,0.0,19.0,4.0,0.0,1.0,0.0,19.0,0.0,0.0,8.0,5.0,1.0,0.0,1.0,0.0,0.0,0.0,37.0,0.0,4.0,0.0,0.0,22.0,0.0,8.0,1.0,0.0,1.0,8.0,1.0,0.0,39.0,0.0,13.0,0.0,15.0,0.0,0.0,8.0,0.0,0.0,1.0,0.0
2026-02-01,Youngers,0,0,0,0,0,0.0,0.0,0.0,0.0,0.0,0.0,5.0,0.0,3.0,0.0,0.0,4.0,0.0,16.0,0.0,0.0,0.0,2.0,0.0,0.0,26.0,7.0,1.0,0.0,0.0,9.0,0.0,0.0,5.0,9.0,7.0,0.0,1.0,0.0,0.0,0.0,22.0,0.0,3.0,0.0,0.0,29.0,0.0,5.0,2.0,0.0,1.0,28.0,1.0,0.0,32.0,0.0,8.0,0.0,27.0,0.0,0.0,9.0,0.0,0.0,4.0,0.0
2026-02-02,Elders,0,0,0,0,0,0.0,0.0,0.0,0.0,0.5,0.0,0.0,0.0,22.0,1.0,0.0,0.0,0.0,4.0,0.0,2.0,0.0,0.0,0.0,0.0,4.0,1.0,0.0,2.0,0.0,6.0,0.0,0.0,4.0,0.0,0.0,0.0,0.0,0.0,0.0,0.0,16.5,0.0,8.0,0.0,0.0,19.0,0.0,2.0,0.0,0.0,0.0,3.0,0.0,0.0,8.0,0.0,4.0,0.0,28.0,0.0,0.0,2.0,0.0,0.0,0.0,2.0
2026-02-02,School Children,0,0,0,0,0,0.0,0.0,0.0,0.0,0.0,0.0,0.0,0.0,0.0,0.0,0.0,0.0,0.0,0.0,0.0,0.0,0.0,0.0,0.0,0.0,5.0,1.0,0.0,0.0,0.0,0.0,0.0,0.0,0.0,0.0,1.0,0.0,0.0,0.0,0.0,0.0,1.5,0.0,2.0,0.0,0.0,10.0,0.0,1.0,0.0,0.0,0.0,6.0,0.0,0.0,0.0,0.0,0.0,0.0,5.0,0.0,0.0,1.0,0.0,0.0,0.0,0.0
2026-02-02,Younger Adults,0,0,0,0,0,2.0,0.0,0.0,0.0,1.0,0.0,3.0,0.0,33.0,0.0,0.0,0.0,0.0,19.0,0.0,0.0,0.0,1.0,0.0,0.0,17.0,3.0,0.0,4.0,0.0,22.0,3.0,0.0,6.0,1.0,1.0,0.0,0.0,1.0,0.0,0.0,30.5,0.0,5.0,0.0,0.0,23.0,0.0,7.0,0.0,0.0,0.0,5.0,0.0,0.0,23.0,0.0,8.0,0.0,23.0,0.0,0.0,4.0,0.0,0.0,2.0,0.0
2026-02-02,Youngers,0,0,0,0,0,1.0,0.0,0.0,0.0,0.0,0.0,1.0,0.0,13.0,0.0,0.0,1.0,0.0,20.0,0.0,0.0,0.0,0.0,0.0,0.0,23.0,5.0,1.0,2.0,0.0,11.0,0.0,0.0,3.0,2.0,5.0,0.0,1.0,0.0,0.0,0.0,18.0,0.0,3.0,0.0,0.0,31.0,0.0,5.0,1.0,0.0,1.0,17.0,0.0,0.0,19.0,0.0,5.0,0.0,43.0,0.0,0.0,4.0,0.0,0.0,5.0,0.0
2026-02-03,Elders,0,0,0,0,0,1.0,0.0,0.0,0.0,0.5,0.0,0.0,0.0,2.0,4.0,0.0,0.0,0.0,6.0,0.0,3.0,0.0,1.0,0.0,0.0,5.0,1.0,0.0,1.0,0.0,6.0,0.0,0.0,9.0,0.0,0.0,0.0,0.0,0.0,0.0,0.0,23.0,0.0,3.0,0.0,0.0,19.0,0.0,1.0,0.0,0.0,1.0,6.0,1.0,0.0,15.0,0.0,9.0,0.0,19.0,0.0,0.0,5.0,0.0,0.0,0.0,3.0
2026-02-03,School Children,0,0,0,0,0,0.0,0.0,0.0,0.0,0.0,0.0,0.0,0.0,0.0,0.0,0.0,0.0,0.0,0.0,0.0,0.0,0.0,0.0,0.0,0.0,8.0,1.0,0.0,0.0,0.0,0.0,0.0,0.0,0.0,0.0,0.0,0.0,0.0,0.0,0.0,0.0,1.5,0.0,1.0,0.0,0.0,10.0,0.0,0.0,0.0,0.0,2.0,11.0,0.0,0.0,0.0,0.0,1.0,0.0,3.0,0.0,0.0,2.0,0.0,0.0,0.0,0.0
2026-02-03,Younger Adults,0,0,0,0,0,6.0,0.0,0.0,0.0,1.5,0.0,10.0,0.0,4.0,0.0,0.0,0.0,0.0,24.0,0.0,0.0,0.0,5.0,0.0,0.0,26.0,2.0,0.0,3.0,0.0,23.0,1.0,0.0,12.0,0.0,1.0,0.0,0.0,1.0,0.0,0.0,42.5,0.0,2.0,0.0,0.0,23.0,0.0,2.0,0.0,0.0,2.0,10.0,1.0,0.0,40.0,0.0,17.0,0.0,16.0,0.0,0.0,9.0,0.0,0.0,2.0,0.0
2026-02-03,Youngers,0,0,0,0,0,1.0,0.0,0.0,0.0,0.0,0.0,4.0,0.0,2.0,0.0,0.0,3.0,0.0,25.0,0.0,0.0,0.0,1.0,0.0,0.0,35.0,4.0,0.0,2.0,0.0,12.0,0.0,0.0,7.0,0.0,2.0,0.0,1.0,0.0,0.0,0.0,25.5,0.0,2.0,0.0,0.0,32.0,0.0,1.0,0.0,0.0,3.0,34.0,1.0,0.0,33.0,0.0,11.0,0.0,29.0,0.0,0.0,11.0,0.0,0.0,6.0,0.0
2026-02-04,Elders,0,0,0,0,0,0.0,0.0,0.0,0.0,1.5,0.0,0.0,0.0,22.0,3.0,0.0,0.0,0.0,9.0,0.0,1.0,0.0,2.0,1.0,0.0,6.0,1.0,0.0,2.0,0.0,11.0,0.0,0.0,0.0,0.0,1.0,2.0,0.0,0.0,0.0,0.0,37.0,0.0,8.0,0.0,0.0,15.0,0.0,2.0,2.0,0.0,1.0,3.0,0.0,0.0,16.0,0.0,5.0,0.0,17.0,0.0,0.0,6.0,1.0,0.0,0.0,1.0
2026-02-04,School Children,0,0,0,0,0,0.0,0.0,0.0,0.0,0.0,0.0,0.0,0.0,0.0,0.0,0.0,0.0,0.0,0.0,0.0,0.0,0.0,0.0,0.0,0.0,8.0,1.0,0.0,0.0,0.0,0.0,0.0,0.0,0.0,0.0,1.0,0.0,0.0,0.0,0.0,0.0,3.0,0.0,2.0,0.0,0.0,7.0,0.0,1.0,0.0,0.0,2.0,7.0,0.0,0.0,1.0,0.0,1.0,0.0,3.0,0.0,0.0,2.0,0.0,0.0,0.0,0.0
2026-02-04,Younger Adults,0,0,0,0,0,3.0,0.0,0.0,0.0,4.0,0.0,11.0,0.0,33.0,0.0,0.0,0.0,0.0,36.0,0.0,0.0,0.0,7.0,2.0,0.0,28.0,3.0,0.0,3.0,0.0,41.0,0.0,0.0,1.0,1.0,1.0,7.0,0.0,0.0,0.0,0.0,69.5,0.0,5.0,0.0,0.0,18.0,0.0,9.0,2.0,0.0,2.0,6.0,1.0,0.0,43.0,0.0,11.0,0.0,14.0,0.0,0.0,9.0,0.0,0.0,2.0,0.0
2026-02-04,Youngers,0,0,0,0,0,1.0,0.0,0.0,0.0,0.0,0.0,5.0,0.0,13.0,0.0,0.0,0.0,0.0,38.0,0.0,0.0,0.0,2.0,3.0,0.0,38.0,5.0,0.0,2.0,0.0,21.0,0.0,0.0,0.0,3.0,6.0,4.0,0.0,0.0,0.0,0.0,41.0,0.0,3.0,0.0,0.0,25.0,0.0,6.0,5.0,0.0,2.0,21.0,0.0,0.0,36.0,0.0,6.0,0.0,26.0,0.0,0.0,11.0,0.0,0.0,7.0,0.0
2026-02-05,Elders,0,0,0,0,0,1.0,0.0,0.0,0.0,0.5,0.0,0.0,0.0,6.0,0.0,0.0,0.0,0.0,2.0,0.0,1.0,0.0,2.0,0.0,0.0,3.0,1.0,0.0,2.0,0.0,3.0,0.0,0.0,5.0,0.0,1.0,0.0,0.0,0.0,0.0,0.0,19.5,0.0,9.0,0.0,0.0,12.0,0.0,1.0,0.0,0.0,0.0,3.0,0.0,0.0,25.0,0.0,5.0,0.0,15.0,0.0,0.0,2.0,0.0,0.0,0.0,1.0
2026-02-05,School Children,0,0,0,0,0,0.0,0.0,0.0,0.0,0.0,0.0,0.0,0.0,0.0,0.0,0.0,0.0,0.0,0.0,0.0,0.0,0.0,0.0,0.0,0.0,5.0,0.0,0.0,0.0,0.0,0.0,0.0,0.0,0.0,0.0,1.0,0.0,0.0,0.0,0.0,0.0,1.5,0.0,3.0,0.0,0.0,6.0,0.0,0.0,0.0,0.0,1.0,6.0,0.0,0.0,1.0,0.0,1.0,0.0,2.0,0.0,0.0,1.0,0.0,0.0,0.0,0.0
2026-02-05,Younger Adults,0,0,0,0,0,8.0,0.0,1.0,0.0,1.5,0.0,7.0,0.0,8.0,0.0,0.0,0.0,0.0,10.0,0.0,0.0,0.0,6.0,0.0,0.0,16.0,1.0,0.0,3.0,0.0,13.0,2.0,0.0,6.0,1.0,2.0,0.0,1.0,0.0,1.0,0.0,36.5,0.0,6.0,0.0,0.0,14.0,0.0,4.0,0.0,0.0,1.0,6.0,0.0,0.0,68.0,0.0,11.0,0.0,13.0,0.0,0.0,4.0,0.0,0.0,3.0,0.0
2026-02-05,Youngers,0,0,0,0,0,2.0,0.0,0.0,0.0,0.0,0.0,3.0,0.0,3.0,0.0,0.0,4.0,0.0,10.0,0.0,0.0,0.0,2.0,0.0,0.0,22.0,2.0,0.0,2.0,0.0,7.0,0.0,0.0,3.0,3.0,7.0,0.0,1.0,0.0,0.0,0.0,21.5,0.0,4.0,0.0,0.0,19.0,0.0,2.0,0.0,0.0,1.0,20.0,0.0,0.0,56.0,0.0,6.0,0.0,23.0,0.0,0.0,5.0,0.0,0.0,11.0,0.0
2026-02-06,Elders,0,0,0,0,0,2.0,0.0,0.0,0.0,0.5,0.0,0.0,0.0,7.0,1.0,0.0,0.0,0.0,7.0,0.0,0.0,0.0,1.0,0.0,0.0,4.0,1.0,0.0,3.0,0.0,8.0,0.0,0.0,11.0,0.0,1.0,0.0,1.0,3.0,0.0,0.0,21.0,0.0,10.0,0.0,0.0,19.0,0.0,1.0,0.0,0.0,1.0,3.0,0.0,0.0,11.0,0.0,4.0,0.0,9.0,0.0,0.0,5.0,0.0,0.0,0.0,0.0
2026-02-06,School Children,0,0,0,0,0,0.0,0.0,0.0,0.0,0.0,0.0,0.0,0.0,0.0,0.0,0.0,0.0,0.0,0.0,0.0,0.0,0.0,0.0,0.0,0.0,5.0,1.0,0.0,0.0,0.0,0.0,0.0,0.0,0.0,0.0,1.0,0.0,1.0,1.0,0.0,0.0,1.5,0.0,2.0,0.0,0.0,9.0,0.0,0.0,0.0,0.0,2.0,7.0,0.0,0.0,0.0,0.0,1.0,0.0,2.0,0.0,0.0,2.0,0.0,0.0,0.0,0.0
2026-02-06,Younger Adults,0,0,0,0,0,16.0,0.0,1.0,0.0,0.5,0.0,9.0,0.0,10.0,0.0,0.0,0.0,0.0,30.0,0.0,0.0,0.0,3.0,0.0,0.0,17.0,2.0,0.0,4.0,0.0,28.0,0.0,0.0,13.0,2.0,1.0,0.0,1.0,4.0,0.0,0.0,39.5,0.0,7.0,0.0,0.0,23.0,0.0,6.0,1.0,0.0,2.0,6.0,1.0,0.0,29.0,0.0,9.0,0.0,8.0,0.0,0.0,9.0,0.0,0.0,1.0,0.0
2026-02-06,Youngers,0,0,0,0,0,4.0,0.0,0.0,0.0,0.0,0.0,4.0,0.0,4.0,0.0,0.0,0.0,0.0,32.0,0.0,0.0,0.0,1.0,0.0,0.0,24.0,3.0,0.0,3.0,0.0,15.0,0.0,0.0,8.0,3.0,7.0,0.0,1.0,4.0,0.0,0.0,23.5,0.0,4.0,0.0,0.0,31.0,0.0,4.0,1.0,0.0,2.0,21.0,0.0,0.0,24.0,0.0,5.0,0.0,14.0,0.0,0.0,11.0,0.0,0.0,5.0,0.0
2026-02-07,Elders,0,0,0,0,0,1.0,0.0,0.0,0.0,0.5,0.0,1.0,0.0,11.0,0.0,0.0,0.0,0.0,5.0,0.0,0.0,0.0,1.0,0.0,0.0,5.0,1.0,0.0,1.0,0.0,7.0,0.0,0.0,4.0,0.0,1.0,0.0,0.0,0.0,0.0,0.0,16.5,0.0,3.0,0.0,0.0,17.0,0.0,3.0,0.0,0.0,0.0,2.0,1.0,0.0,10.0,0.0,6.0,0.0,14.0,0.0,0.0,4.0,0.0,0.0,0.0,2.0
2026-02-07,School Children,0,0,0,0,0,0.0,0.0,0.0,0.0,0.0,0.0,0.0,0.0,0.0,0.0,0.0,0.0,0.0,0.0,0.0,0.0,0.0,0.0,0.0,0.0,8.0,1.0,0.0,0.0,0.0,0.0,0.0,0.0,0.0,0.0,1.0,0.0,0.0,0.0,0.0,0.0,1.5,0.0,1.0,0.0,0.0,9.0,0.0,1.0,0.0,0.0,0.0,5.0,0.0,0.0,0.0,0.0,1.0,0.0,2.0,0.0,0.0,1.0,0.0,0.0,0.0,0.0
2026-02-07,Younger Adults,0,0,0,0,0,9.0,0.0,0.0,0.0,0.5,0.0,13.0,0.0,17.0,0.0,0.0,0.0,0.0,21.0,1.0,0.0,0.0,3.0,0.0,0.0,26.0,2.0,0.0,1.0,0.0,25.0,1.0,0.0,6.0,1.0,2.0,0.0,0.0,0.0,1.0,0.0,31.5,0.0,2.0,0.0,0.0,21.0,0.0,12.0,0.0,0.0,1.0,4.0,2.0,0.0,25.0,0.0,12.0,0.0,12.0,0.0,0.0,7.0,0.0,0.0,1.0,0.0
2026-02-07,Youngers,0,0,0,0,0,3.0,0.0,0.0,0.0,0.0,0.0,5.0,0.0,7.0,0.0,0.0,2.0,0.0,23.0,0.0,0.0,0.0,1.0,0.0,0.0,34.0,4.0,0.0,1.0,0.0,12.0,0.0,0.0,3.0,3.0,11.0,0.0,0.0,0.0,0.0,0.0,18.5,0.0,1.0,0.0,0.0,29.0,0.0,7.0,0.0,0.0,1.0,14.0,2.0,0.0,21.0,0.0,7.0,0.0,22.0,0.0,0.0,8.0,0.0,0.0,2.0,0.0
2026-02-08,Elders,0,0,0,0,0,1.0,0.0,0.0,0.0,0.5,0.0,0.0,0.0,1.0,0.0,0.0,0.0,0.0,4.0,0.0,0.0,0.0,1.0,0.0,0.0,4.0,1.0,0.0,3.0,0.0,3.0,0.0,0.0,5.0,0.0,0.0,0.0,0.0,1.0,0.0,0.0,15.0,0.0,8.0,0.0,0.0,23.0,0.0,1.0,0.0,0.0,0.0,3.0,0.0,0.0,4.0,0.0,4.0,0.0,19.0,0.0,0.0,3.0,0.0,0.0,0.0,1.0
2026-02-08,School Children,0,0,0,0,0,0.0,0.0,0.0,0.0,0.0,0.0,0.0,0.0,0.0,0.0,0.0,0.0,0.0,0.0,0.0,0.0,0.0,0.0,0.0,0.0,5.0,1.0,0.0,0.0,0.0,0.0,0.0,0.0,0.0,0.0,0.0,0.0,0.0,0.0,0.0,0.0,1.0,0.0,2.0,0.0,0.0,12.0,0.0,0.0,0.0,0.0,1.0,5.0,0.0,0.0,0.0,0.0,1.0,0.0,3.0,0.0,0.0,1.0,0.0,0.0,0.0,0.0
2026-02-08,Younger Adults,0,0,0,0,0,8.0,0.0,0.0,0.0,2.0,0.0,0.0,0.0,2.0,0.0,0.0,0.0,0.0,17.0,0.0,0.0,0.0,3.0,0.0,0.0,19.0,3.0,1.0,5.0,0.0,12.0,0.0,0.0,7.0,0.0,0.0,0.0,0.0,2.0,1.0,0.0,28.0,0.0,5.0,0.0,0.0,28.0,0.0,4.0,0.0,0.0,1.0,5.0,0.0,0.0,11.0,0.0,9.0,0.0,16.0,0.0,0.0,4.0,0.0,0.0,2.0,0.0
2026-02-08,Youngers,0,0,0,0,0,2.0,0.0,0.0,0.0,0.0,0.0,0.0,0.0,1.0,0.0,0.0,2.0,0.0,18.0,0.0,0.0,0.0,1.0,0.0,0.0,25.0,5.0,1.0,3.0,0.0,6.0,0.0,0.0,4.0,0.0,0.0,0.0,0.0,2.0,0.0,0.0,16.5,0.0,4.0,0.0,0.0,39.0,0.0,3.0,0.0,0.0,1.0,17.0,0.0,0.0,9.0,0.0,5.0,0.0,30.0,0.0,0.0,5.0,0.0,0.0,8.0,0.0
2026-02-09,Elders,0,0,0,0,0,1.0,0.0,0.0,0.0,0.0,0.0,0.0,0.0,6.0,0.0,0.0,0.0,0.0,2.0,0.0,0.0,0.0,1.0,0.0,0.0,4.0,2.0,0.0,2.0,0.0,2.0,0.0,0.0,11.0,0.0,1.0,0.0,4.0,1.0,0.0,0.0,14.0,0.0,6.0,0.0,0.0,9.0,0.0,1.0,0.0,0.0,0.0,2.0,0.0,0.0,21.0,0.0,4.0,0.0,19.0,0.0,0.0,3.0,0.0,0.0,0.0,0.0
2026-02-09,School Children,0,0,0,0,0,0.0,0.0,0.0,0.0,0.0,0.0,0.0,0.0,0.0,0.0,0.0,0.0,0.0,0.0,0.0,0.0,0.0,0.0,0.0,0.0,5.0,1.0,0.0,0.0,0.0,0.0,0.0,0.0,0.0,0.0,1.0,0.0,4.0,0.0,0.0,0.0,1.0,0.0,1.0,0.0,0.0,4.0,0.0,0.0,0.0,0.0,0.0,4.0,0.0,0.0,1.0,0.0,0.0,0.0,3.0,0.0,0.0,1.0,0.0,0.0,0.0,0.0
2026-02-09,Younger Adults,0,0,0,0,0,4.0,0.0,0.0,0.0,0.5,0.0,8.0,0.0,10.0,0.0,0.0,0.0,0.0,11.0,1.0,0.0,0.0,5.0,0.0,0.0,18.0,3.0,0.0,3.0,0.0,8.0,1.0,0.0,14.0,2.0,2.0,1.0,7.0,2.0,0.0,0.0,26.0,0.0,4.0,0.0,0.0,10.0,0.0,5.0,0.0,0.0,0.0,4.0,1.0,0.0,58.0,0.0,8.0,0.0,16.0,0.0,0.0,5.0,0.0,0.0,2.0,0.0
2026-02-09,Youngers,0,0,0,0,0,1.0,1.0,0.0,0.0,0.0,0.0,3.0,0.0,4.0,0.0,0.0,3.0,0.0,11.0,1.0,0.0,0.0,1.0,0.0,0.0,24.0,6.0,0.0,2.0,0.0,4.0,0.0,0.0,8.0,3.0,7.0,0.0,9.0,2.0,0.0,0.0,15.5,0.0,3.0,0.0,0.0,14.0,0.0,3.0,0.0,0.0,0.0,12.0,0.0,0.0,47.0,0.0,5.0,0.0,29.0,0.0,0.0,5.0,0.0,0.0,5.0,0.0
2026-02-10,Elders,0,0,0,0,0,1.0,0.0,0.0,0.0,0.5,0.0,0.0,0.0,5.0,1.0,0.0,0.0,0.0,4.0,0.0,1.0,0.0,1.0,0.0,0.0,2.0,1.0,0.0,0.0,0.0,4.0,0.0,0.0,10.0,0.0,0.0,0.0,0.0,0.0,0.0,0.0,18.0,0.0,6.0,0.0,0.0,8.0,0.0,2.0,0.0,0.0,0.0,3.0,0.0,0.0,12.0,0.0,3.0,0.0,11.0,0.0,0.0,2.0,0.0,0.0,0.0,1.0
2026-02-10,School Children,0,0,0,0,0,0.0,0.0,0.0,0.0,0.0,0.0,0.0,0.0,0.0,0.0,0.0,0.0,0.0,0.0,0.0,0.0,0.0,0.0,0.0,0.0,3.0,1.0,0.0,0.0,0.0,0.0,0.0,0.0,0.0,0.0,1.0,0.0,0.0,0.0,0.0,0.0,1.5,0.0,2.0,0.0,0.0,4.0,0.0,0.0,0.0,0.0,0.0,5.0,0.0,0.0,0.0,0.0,0.0,0.0,2.0,0.0,0.0,0.0,0.0,0.0,0.0,0.0
2026-02-10,Younger Adults,0,0,0,0,0,8.0,0.0,0.0,0.0,0.5,0.0,7.0,0.0,8.0,0.0,0.0,0.0,0.0,16.0,1.0,0.0,0.0,5.0,0.0,0.0,11.0,3.0,0.0,1.0,0.0,13.0,3.0,0.0,12.0,3.0,1.0,0.0,1.0,0.0,1.0,0.0,33.5,0.0,4.0,0.0,0.0,10.0,0.0,7.0,0.0,0.0,1.0,5.0,0.0,0.0,33.0,0.0,7.0,0.0,10.0,0.0,0.0,3.0,0.0,0.0,1.0,0.0
2026-02-10,Youngers,0,0,0,0,0,2.0,0.0,0.0,0.0,0.0,0.0,3.0,0.0,3.0,0.0,0.0,0.0,0.0,16.0,1.0,0.0,0.0,2.0,0.0,0.0,14.0,6.0,0.0,0.0,0.0,7.0,0.0,0.0,8.0,6.0,5.0,0.0,1.0,0.0,0.0,0.0,20.0,0.0,3.0,0.0,0.0,13.0,0.0,4.0,0.0,0.0,1.0,17.0,0.0,0.0,27.0,0.0,4.0,0.0,18.0,0.0,0.0,3.0,0.0,0.0,4.0,0.0
2026-02-11,Elders,0,0,0,0,0,1.0,0.0,0.0,0.0,0.5,0.0,0.0,0.0,2.0,0.0,0.0,0.0,0.0,4.0,0.0,0.0,0.0,1.0,0.0,0.0,3.0,2.0,0.0,2.0,0.0,3.0,0.0,0.0,9.0,0.0,1.0,0.0,0.0,0.0,0.0,0.0,15.0,0.0,7.0,0.0,0.0,18.0,0.0,2.0,0.0,0.0,0.0,3.0,0.0,0.0,28.0,0.0,4.0,0.0,8.0,0.0,0.0,5.0,0.0,0.0,0.0,2.0
2026-02-11,School Children,0,0,0,0,0,0.0,0.0,0.0,0.0,0.0,0.0,0.0,0.0,0.0,0.0,0.0,0.0,0.0,0.0,0.0,0.0,0.0,0.0,0.0,0.0,5.0,1.0,0.0,0.0,0.0,0.0,0.0,0.0,0.0,0.0,1.0,0.0,0.0,0.0,0.0,0.0,1.0,0.0,2.0,0.0,0.0,9.0,0.0,1.0,0.0,0.0,0.0,5.0,0.0,0.0,1.0,0.0,1.0,0.0,1.0,0.0,0.0,1.0,0.0,0.0,0.0,0.0
2026-02-11,Younger Adults,0,0,0,0,0,10.0,0.0,0.0,0.0,2.0,0.0,11.0,0.0,4.0,0.0,0.0,0.0,0.0,16.0,1.0,0.0,0.0,5.0,0.0,0.0,17.0,3.0,0.0,4.0,0.0,13.0,2.0,0.0,11.0,1.0,2.0,1.0,0.0,0.0,0.0,0.0,27.5,0.0,4.0,0.0,0.0,23.0,0.0,8.0,0.0,0.0,0.0,5.0,0.0,0.0,77.0,0.0,9.0,0.0,7.0,0.0,0.0,7.0,0.0,0.0,1.0,0.0
2026-02-11,Youngers,0,0,0,0,0,3.0,0.0,0.0,0.0,0.0,0.0,4.0,0.0,1.0,0.0,0.0,3.0,0.0,17.0,0.0,0.0,0.0,2.0,0.0,0.0,23.0,7.0,1.0,2.0,0.0,7.0,0.0,0.0,7.0,3.0,9.0,0.0,1.0,0.0,0.0,0.0,16.5,0.0,3.0,0.0,0.0,31.0,0.0,5.0,1.0,0.0,1.0,17.0,0.0,0.0,63.0,0.0,6.0,0.0,12.0,0.0,0.0,9.0,0.0,0.0,4.0,0.0
2026-02-12,Elders,0,0,0,0,0,0.0,0.0,0.0,0.0,0.5,0.0,0.0,0.0,4.0,0.0,0.0,0.0,0.0,3.0,0.0,2.0,0.0,1.0,0.0,0.0,2.0,3.0,1.0,1.0,0.0,1.0,0.0,0.0,10.0,0.0,0.0,0.0,0.0,0.0,0.0,0.0,22.0,0.0,8.0,0.0,0.0,10.0,0.0,1.0,0.0,0.0,0.0,2.0,0.0,0.0,18.0,0.0,4.0,0.0,20.0,0.0,0.0,4.0,0.0,0.0,0.0,1.0
2026-02-12,School Children,0,0,0,0,0,0.0,0.0,0.0,0.0,0.0,0.0,0.0,0.0,0.0,0.0,0.0,0.0,0.0,0.0,0.0,0.0,0.0,0.0,0.0,0.0,3.0,2.0,1.0,0.0,0.0,0.0,0.0,0.0,0.0,0.0,0.0,0.0,0.0,0.0,0.0,0.0,1.5,0.0,2.0,0.0,0.0,5.0,0.0,0.0,0.0,0.0,0.0,4.0,0.0,0.0,1.0,0.0,1.0,0.0,3.0,0.0,0.0,1.0,0.0,0.0,0.0,0.0
2026-02-12,Younger Adults,0,0,0,0,0,2.0,0.0,0.0,0.0,1.5,0.0,8.0,0.0,6.0,0.0,0.0,0.0,0.0,13.0,1.0,0.0,0.0,6.0,0.0,0.0,9.0,5.0,1.0,2.0,0.0,6.0,1.0,0.0,12.0,0.0,1.0,1.0,0.0,0.0,0.0,0.0,40.5,0.0,5.0,0.0,0.0,13.0,0.0,2.0,1.0,0.0,0.0,3.0,1.0,0.0,48.0,0.0,7.0,0.0,17.0,0.0,0.0,6.0,0.0,0.0,0.0,0.0
2026-02-12,Youngers,0,0,0,0,0,0.0,0.0,0.0,0.0,0.0,0.0,3.0,0.0,2.0,0.0,0.0,6.0,0.0,13.0,1.0,0.0,0.0,2.0,0.0,0.0,12.0,11.0,1.0,2.0,0.0,3.0,0.0,0.0,7.0,0.0,3.0,0.0,1.0,0.0,0.0,0.0,24.0,0.0,3.0,0.0,0.0,17.0,0.0,2.0,2.0,0.0,0.0,12.0,0.0,0.0,39.0,0.0,4.0,0.0,31.0,0.0,0.0,8.0,0.0,0.0,1.0,0.0
2026-02-13,Elders,0,0,0,0,0,2.0,0.0,0.0,0.0,0.5,0.0,0.0,0.0,6.0,1.0,0.0,0.0,0.0,6.0,0.0,0.0,0.0,1.0,0.0,0.0,4.0,1.0,0.0,2.0,0.0,9.0,0.0,0.0,11.0,0.0,1.0,0.0,1.0,2.0,0.0,0.0,23.5,0.0,11.0,0.0,0.0,19.0,0.0,1.0,0.0,0.0,1.0,4.0,0.0,0.0,12.0,0.0,6.0,0.0,11.0,0.0,0.0,7.0,0.0,0.0,0.0,0.0
2026-02-13,School Children,0,0,0,0,0,0.0,0.0,0.0,0.0,0.0,0.0,0.0,0.0,0.0,0.0,0.0,0.0,0.0,0.0,0.0,0.0,0.0,0.0,0.0,0.0,5.0,1.0,0.0,0.0,0.0,0.0,0.0,0.0,0.0,0.0,1.0,0.0,1.0,1.0,0.0,0.0,1.5,0.0,3.0,0.0,0.0,10.0,0.0,1.0,0.0,0.0,1.0,8.0,0.0,0.0,0.0,0.0,1.0,0.0,2.0,0.0,0.0,2.0,0.0,0.0,0.0,0.0
2026-02-13,Younger Adults,0,0,0,0,0,14.0,0.0,1.0,0.0,1.0,0.0,9.0,0.0,9.0,0.0,0.0,0.0,0.0,26.0,0.0,0.0,0.0,3.0,0.0,0.0,18.0,2.0,0.0,4.0,0.0,32.0,0.0,0.0,13.0,1.0,2.0,0.0,1.0,3.0,0.0,0.0,43.5,0.0,8.0,0.0,0.0,23.0,0.0,5.0,1.0,0.0,2.0,7.0,1.0,0.0,34.0,0.0,12.0,0.0,10.0,0.0,0.0,11.0,0.0,0.0,1.0,0.0
2026-02-13,Youngers,0,0,0,0,0,4.0,0.0,0.0,0.0,0.0,0.0,4.0,0.0,4.0,0.0,0.0,0.0,0.0,28.0,0.0,0.0,0.0,1.0,0.0,0.0,25.0,3.0,1.0,3.0,0.0,17.0,0.0,0.0,8.0,3.0,8.0,0.0,1.0,3.0,0.0,0.0,26.0,0.0,5.0,0.0,0.0,31.0,0.0,3.0,1.0,0.0,2.0,25.0,0.0,0.0,28.0,0.0,7.0,0.0,18.0,0.0,0.0,14.0,0.0,0.0,4.0,0.0
2026-02-14,Elders,0,0,0,0,0,2.0,0.0,0.0,0.0,0.5,0.0,0.0,0.0,9.0,0.0,0.0,0.0,0.0,7.0,0.0,1.0,0.0,1.0,0.0,0.0,4.0,4.0,0.0,4.0,0.0,7.0,0.0,0.0,8.0,0.0,1.0,0.0,0.0,0.0,0.0,0.0,23.5,0.0,10.0,0.0,0.0,18.0,0.0,3.0,0.0,0.0,0.0,3.0,0.0,0.0,6.0,0.0,5.0,0.0,22.0,0.0,0.0,5.0,0.0,0.0,0.0,0.0
2026-02-14,School Children,0,0,0,0,0,0.0,0.0,0.0,0.0,0.0,0.0,0.0,0.0,0.0,0.0,0.0,0.0,0.0,0.0,0.0,0.0,0.0,0.0,0.0,0.0,6.0,3.0,0.0,0.0,0.0,0.0,0.0,0.0,0.0,0.0,1.0,0.0,0.0,0.0,0.0,0.0,2.0,0.0,3.0,0.0,0.0,9.0,0.0,1.0,0.0,0.0,0.0,5.0,0.0,0.0,0.0,0.0,1.0,0.0,4.0,0.0,0.0,1.0,0.0,0.0,0.0,0.0
2026-02-14,Younger Adults,0,0,0,0,0,16.0,0.0,1.0,0.0,2.0,0.0,8.0,0.0,15.0,0.0,0.0,0.0,0.0,29.0,0.0,0.0,0.0,5.0,0.0,0.0,20.0,7.0,0.0,7.0,0.0,25.0,1.0,0.0,9.0,1.0,2.0,0.0,0.0,1.0,1.0,0.0,44.5,0.0,7.0,0.0,0.0,23.0,0.0,10.0,1.0,0.0,1.0,4.0,1.0,0.0,15.0,0.0,11.0,0.0,19.0,0.0,0.0,7.0,0.0,0.0,1.0,0.0
2026-02-14,Youngers,0,0,0,0,0,5.0,0.0,1.0,0.0,0.0,0.0,3.0,0.0,6.0,0.0,0.0,1.0,0.0,31.0,0.0,0.0,0.0,2.0,0.0,0.0,28.0,15.0,1.0,4.0,0.0,13.0,0.0,0.0,6.0,2.0,7.0,0.0,0.0,1.0,1.0,0.0,26.5,0.0,5.0,0.0,0.0,30.0,0.0,7.0,1.0,0.0,1.0,16.0,1.0,0.0,13.0,0.0,7.0,0.0,34.0,0.0,0.0,9.0,0.0,0.0,2.0,0.0
2026-02-15,Elders,0,0,0,0,0,1.0,0.0,0.0,0.0,1.0,0.0,0.0,0.0,7.0,7.0,0.0,0.0,0.0,6.0,0.0,9.0,0.0,1.0,0.0,0.0,6.0,2.0,0.0,2.0,0.0,6.0,0.0,0.0,6.0,0.0,2.0,0.0,0.0,0.0,0.0,0.0,17.0,0.0,21.0,0.0,0.0,19.0,0.0,1.0,0.0,0.0,1.0,3.0,0.0,0.0,9.0,0.0,8.0,0.0,29.0,0.0,0.0,6.0,0.0,0.0,0.0,0.0
2026-02-15,School Children,0,0,0,0,0,0.0,0.0,0.0,0.0,0.0,0.0,0.0,0.0,0.0,0.0,0.0,0.0,0.0,0.0,0.0,0.0,0.0,0.0,0.0,0.0,9.0,2.0,0.0,0.0,0.0,0.0,0.0,0.0,0.0,0.0,2.0,0.0,0.0,0.0,0.0,0.0,1.0,0.0,5.0,0.0,0.0,10.0,0.0,0.0,0.0,0.0,1.0,7.0,0.0,0.0,0.0,0.0,1.0,0.0,5.0,0.0,0.0,2.0,0.0,0.0,0.0,0.0
2026-02-15,Younger Adults,0,0,0,0,0,4.0,0.0,1.0,0.0,3.0,0.0,10.0,0.0,11.0,0.0,0.0,0.0,0.0,27.0,0.0,0.0,0.0,6.0,0.0,0.0,29.0,4.0,0.0,4.0,0.0,22.0,4.0,0.0,7.0,2.0,3.0,0.0,1.0,1.0,1.0,0.0,32.0,0.0,14.0,0.0,0.0,24.0,0.0,4.0,0.0,0.0,1.0,6.0,0.0,0.0,24.0,0.0,16.0,0.0,25.0,0.0,0.0,10.0,0.0,0.0,2.0,0.0
2026-02-15,Youngers,0,0,0,0,0,1.0,0.0,0.0,0.0,0.0,0.0,4.0,0.0,5.0,1.0,0.0,0.0,0.0,28.0,0.0,1.0,0.0,2.0,0.0,0.0,40.0,9.0,0.0,3.0,0.0,11.0,0.0,0.0,4.0,3.0,15.0,0.0,1.0,1.0,1.0,0.0,19.0,0.0,9.0,0.0,0.0,32.0,0.0,2.0,1.0,0.0,2.0,21.0,0.0,0.0,19.0,0.0,9.0,0.0,45.0,0.0,0.0,12.0,0.0,0.0,8.0,0.0
2026-02-16,Elders,0,0,0,0,0,0.0,0.0,0.0,0.0,0.0,0.0,0.0,0.0,0.0,1.0,0.0,0.0,0.0,0.0,0.0,0.0,0.0,0.0,0.0,0.0,4.0,0.0,0.0,0.0,0.0,0.0,0.0,0.0,0.0,0.0,0.0,0.0,0.0,0.0,0.0,0.0,0.0,0.0,0.0,0.0,0.0,0.0,0.0,0.0,0.0,0.0,0.0,1.0,0.0,0.0,12.0,0.0,0.0,0.0,0.0,0.0,0.0,2.0,0.0,0.0,0.0,0.0
2026-02-16,School Children,0,0,0,0,0,0.0,0.0,0.0,0.0,0.0,0.0,0.0,0.0,0.0,0.0,0.0,0.0,0.0,0.0,0.0,0.0,0.0,0.0,0.0,0.0,5.0,0.0,0.0,0.0,0.0,0.0,0.0,0.0,0.0,0.0,0.0,0.0,0.0,0.0,0.0,0.0,0.0,0.0,0.0,0.0,0.0,0.0,0.0,0.0,0.0,0.0,0.0,3.0,0.0,0.0,0.0,0.0,0.0,0.0,0.0,0.0,0.0,1.0,0.0,0.0,0.0,0.0
2026-02-16,Younger Adults,0,0,0,0,0,0.0,0.0,0.0,0.0,0.0,0.0,0.0,0.0,0.0,0.0,0.0,0.0,0.0,0.0,0.0,0.0,0.0,0.0,0.0,0.0,18.0,0.0,0.0,0.0,0.0,0.0,0.0,0.0,0.0,1.0,1.0,0.0,0.0,0.0,0.0,0.0,0.0,0.0,0.0,0.0,0.0,0.0,0.0,0.0,0.0,0.0,0.0,2.0,0.0,0.0,31.0,0.0,0.0,0.0,0.0,0.0,0.0,4.0,0.0,0.0,0.0,0.0
2026-02-16,Youngers,0,0,0,0,0,0.0,0.0,0.0,0.0,0.0,0.0,0.0,0.0,0.0,0.0,0.0,0.0,0.0,0.0,0.0,0.0,0.0,0.0,0.0,0.0,24.0,0.0,1.0,0.0,0.0,0.0,0.0,0.0,0.0,3.0,3.0,0.0,0.0,0.0,0.0,0.0,0.0,0.0,0.0,0.0,0.0,0.0,0.0,0.0,0.0,0.0,0.0,8.0,0.0,0.0,26.0,0.0,0.0,0.0,0.0,0.0,0.0,5.0,0.0,0.0,0.0,0.0
2026-02-17,Elders,0,0,0,0,0,1.0,0.0,0.0,0.0,0.5,0.0,0.0,0.0,4.0,0.0,0.0,0.0,0.0,4.0,0.0,0.0,0.0,1.0,0.0,0.0,3.0,2.0,1.0,2.0,0.0,6.0,0.0,0.0,8.0,0.0,1.0,0.0,0.0,0.0,0.0,0.0,15.5,0.0,8.0,0.0,0.0,12.0,0.0,1.0,0.0,0.0,0.0,3.0,0.0,0.0,13.0,0.0,4.0,0.0,13.0,0.0,0.0,3.0,0.0,0.0,0.0,1.0
2026-02-17,School Children,0,0,0,0,0,0.0,0.0,0.0,0.0,0.0,0.0,0.0,0.0,0.0,0.0,0.0,0.0,0.0,0.0,0.0,0.0,0.0,0.0,0.0,0.0,4.0,2.0,0.0,0.0,0.0,0.0,0.0,0.0,0.0,0.0,1.0,0.0,0.0,0.0,0.0,0.0,1.0,0.0,2.0,0.0,0.0,6.0,0.0,0.0,0.0,0.0,0.0,5.0,0.0,0.0,1.0,0.0,1.0,0.0,2.0,0.0,0.0,1.0,0.0,0.0,0.0,0.0
2026-02-17,Younger Adults,0,0,0,0,0,4.0,0.0,0.0,0.0,1.5,0.0,9.0,0.0,7.0,0.0,0.0,0.0,0.0,17.0,0.0,0.0,0.0,6.0,0.0,0.0,15.0,4.0,1.0,4.0,0.0,23.0,2.0,0.0,10.0,1.0,2.0,0.0,0.0,0.0,1.0,0.0,28.5,0.0,6.0,0.0,0.0,14.0,0.0,2.0,0.0,0.0,0.0,4.0,0.0,0.0,36.0,0.0,9.0,0.0,11.0,0.0,0.0,5.0,0.0,0.0,0.0,0.0
2026-02-17,Youngers,0,0,0,0,0,1.0,0.0,0.0,0.0,0.0,0.0,4.0,0.0,3.0,0.0,0.0,5.0,0.0,18.0,0.0,0.0,0.0,2.0,0.0,0.0,20.0,8.0,1.0,3.0,0.0,12.0,0.0,0.0,6.0,2.0,9.0,0.0,1.0,0.0,1.0,0.0,17.0,0.0,4.0,1.0,0.0,19.0,0.0,1.0,1.0,0.0,1.0,16.0,0.0,0.0,30.0,0.0,6.0,0.0,21.0,0.0,0.0,5.0,0.0,0.0,0.0,0.0
2026-02-18,Elders,0,0,0,0,0,2.0,0.0,0.0,0.0,0.5,0.0,0.0,0.0,6.0,0.0,0.0,0.0,0.0,5.0,0.0,0.0,0.0,1.0,1.0,0.0,4.0,2.0,1.0,2.0,0.0,4.0,0.0,0.0,11.0,0.0,1.0,0.0,0.0,0.0,0.0,0.0,25.0,0.0,9.0,0.0,0.0,13.0,0.0,3.0,0.0,0.0,0.0,5.0,0.0,0.0,21.0,0.0,5.0,0.0,17.0,0.0,0.0,6.0,0.0,0.0,0.0,1.0
2026-02-18,School Children,0,0,0,0,0,0.0,0.0,0.0,0.0,0.0,0.0,0.0,0.0,0.0,0.0,0.0,0.0,0.0,0.0,0.0,0.0,0.0,0.0,0.0,0.0,5.0,2.0,0.0,0.0,0.0,0.0,0.0,0.0,0.0,0.0,1.0,0.0,0.0,0.0,0.0,0.0,2.0,0.0,3.0,0.0,0.0,6.0,0.0,1.0,0.0,0.0,0.0,9.0,0.0,0.0,1.0,0.0,1.0,0.0,3.0,0.0,0.0,2.0,0.0,0.0,0.0,0.0
2026-02-18,Younger Adults,0,0,0,0,0,19.0,0.0,0.0,0.0,1.5,0.0,8.0,0.0,9.0,0.0,0.0,0.0,0.0,20.0,0.0,0.0,0.0,5.0,2.0,0.0,18.0,5.0,1.0,3.0,0.0,16.0,4.0,0.0,14.0,2.0,2.0,0.0,0.0,0.0,0.0,0.0,47.5,0.0,6.0,0.0,0.0,16.0,0.0,12.0,0.0,0.0,0.0,8.0,1.0,0.0,56.0,0.0,10.0,0.0,14.0,0.0,0.0,9.0,0.0,0.0,2.0,0.0
2026-02-18,Youngers,0,0,0,0,0,5.0,0.0,0.0,0.0,0.0,0.0,3.0,0.0,3.0,0.0,0.0,4.0,0.0,21.0,0.0,0.0,0.0,1.0,3.0,0.0,25.0,10.0,1.0,2.0,0.0,8.0,0.0,0.0,8.0,3.0,9.0,0.0,0.0,0.0,0.0,0.0,28.0,0.0,4.0,0.0,0.0,21.0,0.0,8.0,0.0,0.0,1.0,28.0,0.0,0.0,47.0,0.0,6.0,0.0,27.0,0.0,0.0,11.0,0.0,0.0,8.0,0.0
2026-02-19,Elders,0,0,0,0,0,1.0,0.0,0.0,0.0,0.5,0.0,0.0,0.0,9.0,0.0,0.0,0.0,0.0,4.0,0.0,0.0,0.0,2.0,0.0,0.0,4.0,1.0,1.0,2.0,0.0,1.0,0.0,0.0,10.0,0.0,1.0,0.0,0.0,0.0,0.0,0.0,26.0,0.0,9.0,0.0,0.0,9.0,0.0,2.0,0.0,0.0,0.0,3.0,0.0,0.0,29.0,0.0,6.0,0.0,27.0,0.0,0.0,8.0,0.0,0.0,0.0,2.0
2026-02-19,School Children,0,0,0,0,0,0.0,0.0,0.0,0.0,0.0,0.0,0.0,0.0,0.0,0.0,0.0,0.0,0.0,0.0,0.0,0.0,0.0,0.0,0.0,0.0,6.0,1.0,1.0,0.0,0.0,0.0,0.0,0.0,0.0,0.0,1.0,0.0,0.0,0.0,0.0,0.0,2.0,0.0,3.0,0.0,0.0,5.0,0.0,1.0,0.0,0.0,0.0,7.0,0.0,0.0,1.0,0.0,1.0,0.0,4.0,0.0,0.0,2.0,0.0,0.0,0.0,0.0
2026-02-19,Younger Adults,0,0,0,0,0,8.0,0.0,1.0,0.0,2.0,0.0,11.0,0.0,15.0,0.0,0.0,0.0,0.0,19.0,1.0,0.0,0.0,6.0,0.0,0.0,20.0,3.0,1.0,4.0,0.0,6.0,1.0,0.0,13.0,0.0,2.0,0.0,0.0,0.0,0.0,0.0,49.0,0.0,6.0,0.0,0.0,11.0,0.0,8.0,0.0,0.0,0.0,6.0,1.0,0.0,79.0,0.0,11.0,0.0,22.0,0.0,0.0,12.0,0.0,0.0,1.0,0.0
2026-02-19,Youngers,0,0,0,0,0,2.0,0.0,0.0,0.0,0.0,0.0,5.0,0.0,6.0,0.0,0.0,3.0,0.0,19.0,1.0,0.0,0.0,2.0,0.0,0.0,27.0,6.0,1.0,2.0,0.0,3.0,0.0,0.0,8.0,0.0,10.0,0.0,0.0,0.0,0.0,0.0,29.0,0.0,4.0,0.0,0.0,15.0,0.0,6.0,1.0,0.0,0.0,21.0,0.0,0.0,65.0,0.0,7.0,0.0,41.0,0.0,0.0,14.0,0.0,0.0,5.0,0.0
2026-02-20,Elders,0,0,0,0,0,1.0,0.0,0.0,0.0,1.5,0.0,0.0,0.0,6.0,2.0,0.0,0.0,0.0,3.0,0.0,2.0,0.0,2.0,0.0,0.0,4.0,1.0,0.0,2.0,0.0,3.0,0.0,0.0,9.0,0.0,0.0,0.0,0.0,4.0,0.0,0.0,19.0,0.0,8.0,0.0,0.0,15.0,0.0,1.0,0.0,0.0,0.0,4.0,0.0,0.0,11.0,0.0,5.0,0.0,18.0,0.0,0.0,6.0,0.0,0.0,0.0,4.0
2026-02-20,School Children,0,0,0,0,0,0.0,0.0,0.0,0.0,0.0,0.0,0.0,0.0,0.0,0.0,0.0,0.0,0.0,0.0,0.0,0.0,0.0,0.0,0.0,0.0,6.0,1.0,0.0,0.0,0.0,0.0,0.0,0.0,0.0,0.0,0.0,0.0,0.0,1.0,0.0,0.0,1.5,0.0,2.0,0.0,0.0,8.0,0.0,0.0,0.0,0.0,0.0,9.0,0.0,0.0,0.0,0.0,0.0,0.0,3.0,0.0,0.0,2.0,0.0,0.0,0.0,0.0
2026-02-20,Younger Adults,0,0,0,0,0,9.0,0.0,0.0,0.0,3.0,0.0,6.0,0.0,8.0,0.0,0.0,0.0,0.0,12.0,0.0,0.0,0.0,6.0,0.0,0.0,22.0,3.0,0.0,4.0,0.0,13.0,5.0,0.0,11.0,1.0,0.0,0.0,0.0,5.0,0.0,0.0,36.0,0.0,5.0,0.0,0.0,18.0,0.0,4.0,1.0,0.0,0.0,7.0,1.0,0.0,29.0,0.0,10.0,0.0,16.0,0.0,0.0,10.0,0.0,0.0,1.0,0.0
2026-02-20,Youngers,0,0,0,0,0,2.0,0.0,0.0,0.0,0.0,0.0,3.0,0.0,3.0,0.0,0.0,4.0,0.0,13.0,0.0,0.0,0.0,2.0,0.0,0.0,29.0,6.0,0.0,3.0,0.0,7.0,0.0,0.0,7.0,3.0,0.0,0.0,0.0,5.0,0.0,0.0,21.5,0.0,3.0,1.0,0.0,25.0,0.0,3.0,2.0,0.0,1.0,26.0,0.0,0.0,23.0,0.0,6.0,0.0,29.0,0.0,0.0,12.0,0.0,0.0,4.0,0.0
2026-02-21,Elders,0,0,0,0,0,0.0,0.0,0.0,0.0,0.5,0.0,0.0,0.0,7.0,0.0,0.0,0.0,0.0,3.0,0.0,2.0,0.0,1.0,0.0,0.0,3.0,2.0,0.0,3.0,0.0,6.0,0.0,0.0,8.0,0.0,0.0,0.0,0.0,1.0,0.0,0.0,20.5,0.0,9.0,0.0,0.0,11.0,0.0,1.0,0.0,0.0,0.0,1.0,0.0,0.0,19.0,0.0,4.0,0.0,14.0,0.0,0.0,3.0,0.0,0.0,0.0,1.0
2026-02-21,School Children,0,0,0,0,0,0.0,0.0,0.0,0.0,0.0,0.0,0.0,0.0,0.0,0.0,0.0,0.0,0.0,0.0,0.0,0.0,0.0,0.0,0.0,0.0,5.0,1.0,0.0,0.0,0.0,0.0,0.0,0.0,0.0,0.0,0.0,0.0,0.0,0.0,0.0,0.0,1.5,0.0,2.0,0.0,0.0,6.0,0.0,0.0,0.0,0.0,0.0,2.0,0.0,0.0,1.0,0.0,1.0,0.0,3.0,0.0,0.0,1.0,0.0,0.0,0.0,0.0
2026-02-21,Younger Adults,0,0,0,0,0,3.0,0.0,1.0,0.0,1.5,0.0,11.0,0.0,11.0,0.0,0.0,0.0,0.0,15.0,0.0,0.0,0.0,5.0,0.0,0.0,15.0,3.0,0.0,4.0,0.0,21.0,0.0,0.0,10.0,2.0,1.0,0.0,0.0,2.0,0.0,0.0,39.0,0.0,6.0,0.0,0.0,13.0,0.0,4.0,0.0,0.0,0.0,2.0,1.0,0.0,52.0,0.0,9.0,0.0,12.0,0.0,0.0,5.0,0.0,0.0,0.0,0.0
2026-02-21,Youngers,0,0,0,0,0,1.0,0.0,0.0,0.0,0.0,0.0,5.0,0.0,5.0,0.0,0.0,6.0,0.0,16.0,0.0,0.0,0.0,1.0,0.0,0.0,20.0,6.0,1.0,3.0,0.0,11.0,0.0,0.0,7.0,3.0,4.0,0.0,0.0,2.0,0.0,0.0,23.0,0.0,4.0,0.0,0.0,18.0,0.0,3.0,0.0,0.0,1.0,6.0,0.0,0.0,42.0,0.0,5.0,0.0,22.0,0.0,0.0,5.0,0.0,0.0,2.0,0.0
2026-02-22,Elders,0,0,0,0,0,0.0,0.0,0.0,0.0,0.5,0.0,0.0,0.0,6.0,0.0,0.0,0.0,0.0,3.0,0.0,3.0,0.0,1.0,0.0,0.0,4.0,1.0,0.0,0.0,0.0,5.0,0.0,0.0,7.0,0.0,1.0,0.0,1.0,0.0,0.0,0.0,16.5,0.0,6.0,0.0,0.0,18.0,0.0,2.0,0.0,0.0,0.0,4.0,0.0,0.0,14.0,0.0,6.0,0.0,18.0,0.0,0.0,4.0,0.0,0.0,0.0,0.0
2026-02-22,School Children,0,0,0,0,0,0.0,0.0,0.0,0.0,0.0,0.0,0.0,0.0,0.0,0.0,0.0,0.0,0.0,0.0,0.0,0.0,0.0,0.0,0.0,0.0,5.0,1.0,0.0,0.0,0.0,0.0,0.0,0.0,0.0,0.0,1.0,0.0,1.0,0.0,0.0,0.0,1.5,0.0,1.0,0.0,0.0,9.0,0.0,0.0,0.0,0.0,0.0,7.0,0.0,0.0,0.0,0.0,1.0,0.0,3.0,0.0,0.0,1.0,0.0,0.0,0.0,0.0
2026-02-22,Younger Adults,0,0,0,0,0,2.0,0.0,0.0,0.0,2.0,0.0,10.0,0.0,8.0,0.0,0.0,0.0,0.0,14.0,0.0,0.0,0.0,5.0,0.0,0.0,18.0,3.0,0.0,1.0,0.0,20.0,0.0,0.0,8.0,5.0,1.0,0.0,1.0,0.0,0.0,0.0,31.5,0.0,4.0,0.0,0.0,22.0,0.0,7.0,1.0,0.0,1.0,6.0,1.0,0.0,37.0,0.0,12.0,0.0,15.0,0.0,0.0,7.0,0.0,0.0,1.0,0.0
2026-02-22,Youngers,0,0,0,0,0,0.0,0.0,0.0,0.0,0.0,0.0,4.0,0.0,3.0,0.0,0.0,4.0,0.0,14.0,0.0,0.0,0.0,2.0,0.0,0.0,25.0,6.0,1.0,0.0,0.0,10.0,0.0,0.0,5.0,8.0,7.0,0.0,2.0,0.0,0.0,0.0,18.5,0.0,3.0,0.0,0.0,30.0,0.0,4.0,1.0,0.0,1.0,21.0,1.0,0.0,31.0,0.0,7.0,0.0,27.0,0.0,0.0,8.0,0.0,0.0,3.0,0.0
2026-02-23,Elders,0,0,0,0,0,0.0,0.0,0.0,0.0,0.0,0.0,0.0,0.0,22.0,1.0,0.0,0.0,0.0,4.0,0.0,2.0,0.0,0.0,0.0,0.0,4.0,1.0,0.0,2.0,0.0,6.0,0.0,0.0,2.0,0.0,0.0,0.0,0.0,0.0,0.0,0.0,16.5,0.0,8.0,0.0,0.0,19.0,0.0,2.0,0.0,0.0,0.0,3.0,0.0,0.0,8.0,0.0,4.0,0.0,28.0,0.0,0.0,4.0,0.0,0.0,0.0,2.0
2026-02-23,School Children,0,0,0,0,0,0.0,0.0,0.0,0.0,0.0,0.0,0.0,0.0,0.0,0.0,0.0,0.0,0.0,0.0,0.0,0.0,0.0,0.0,0.0,0.0,5.0,1.0,0.0,0.0,0.0,0.0,0.0,0.0,0.0,0.0,1.0,0.0,0.0,0.0,0.0,0.0,1.5,0.0,2.0,0.0,0.0,10.0,0.0,1.0,0.0,0.0,0.0,6.0,0.0,0.0,0.0,0.0,0.0,0.0,5.0,0.0,0.0,1.0,0.0,0.0,0.0,0.0
2026-02-23,Younger Adults,0,0,0,0,0,2.0,0.0,0.0,0.0,0.5,0.0,3.0,0.0,33.0,0.0,0.0,0.0,0.0,19.0,0.0,0.0,0.0,1.0,0.0,0.0,17.0,3.0,0.0,4.0,0.0,22.0,3.0,0.0,3.0,1.0,1.0,0.0,0.0,1.0,0.0,0.0,30.5,0.0,5.0,0.0,0.0,23.0,0.0,7.0,0.0,0.0,0.0,5.0,0.0,0.0,23.0,0.0,8.0,0.0,23.0,0.0,0.0,6.0,0.0,0.0,2.0,0.0
2026-02-23,Youngers,0,0,0,0,0,1.0,0.0,0.0,0.0,0.0,0.0,1.0,0.0,13.0,0.0,0.0,2.0,0.0,20.0,0.0,0.0,0.0,0.0,0.0,0.0,23.0,5.0,0.0,2.0,0.0,11.0,0.0,0.0,2.0,1.0,5.0,0.0,0.0,0.0,0.0,0.0,18.0,0.0,3.0,0.0,0.0,31.0,0.0,5.0,0.0,0.0,1.0,17.0,0.0,0.0,19.0,0.0,5.0,0.0,43.0,0.0,0.0,7.0,0.0,0.0,5.0,0.0
2026-02-24,Elders,0,0,0,0,0,1.0,0.0,0.0,0.0,0.5,0.0,0.0,0.0,5.0,1.0,0.0,0.0,0.0,3.0,0.0,1.0,0.0,1.0,0.0,0.0,2.0,1.0,0.0,0.0,0.0,4.0,0.0,0.0,11.0,0.0,1.0,0.0,0.0,0.0,0.0,0.0,17.0,0.0,8.0,0.0,0.0,7.0,0.0,1.0,0.0,0.0,0.0,3.0,0.0,0.0,10.0,0.0,4.0,0.0,12.0,0.0,0.0,2.0,0.0,0.0,0.0,0.0
2026-02-24,School Children,0,0,0,0,0,0.0,0.0,0.0,0.0,0.0,0.0,0.0,0.0,0.0,0.0,0.0,0.0,0.0,0.0,0.0,0.0,0.0,0.0,0.0,0.0,3.0,1.0,0.0,0.0,0.0,0.0,0.0,0.0,0.0,0.0,1.0,0.0,0.0,0.0,0.0,0.0,1.5,0.0,2.0,0.0,0.0,4.0,0.0,1.0,0.0,0.0,0.0,5.0,0.0,0.0,0.0,0.0,1.0,0.0,2.0,0.0,0.0,0.0,0.0,0.0,0.0,0.0
2026-02-24,Younger Adults,0,0,0,0,0,7.0,0.0,1.0,0.0,0.5,0.0,6.0,0.0,8.0,0.0,0.0,0.0,0.0,13.0,1.0,0.0,0.0,4.0,0.0,0.0,11.0,2.0,0.0,1.0,0.0,14.0,3.0,0.0,13.0,3.0,1.0,1.0,1.0,0.0,1.0,0.0,32.5,0.0,5.0,0.0,0.0,9.0,0.0,5.0,0.0,0.0,0.0,4.0,0.0,0.0,27.0,0.0,7.0,0.0,10.0,0.0,0.0,3.0,0.0,0.0,1.0,0.0
2026-02-24,Youngers,0,0,0,0,0,2.0,0.0,0.0,0.0,0.0,0.0,3.0,0.0,3.0,0.0,0.0,0.0,0.0,13.0,1.0,0.0,0.0,1.0,0.0,0.0,14.0,5.0,0.0,0.0,0.0,7.0,0.0,0.0,8.0,6.0,6.0,0.0,1.0,0.0,0.0,0.0,19.0,0.0,3.0,0.0,0.0,12.0,0.0,3.0,0.0,0.0,0.0,15.0,0.0,0.0,23.0,0.0,4.0,0.0,18.0,0.0,0.0,3.0,0.0,0.0,4.0,0.0
2026-02-25,Elders,0,0,0,0,0,0.0,0.0,0.0,0.0,1.5,0.0,0.0,0.0,22.0,2.0,0.0,0.0,0.0,8.0,0.0,1.0,0.0,2.0,1.0,0.0,4.0,1.0,0.0,1.0,0.0,8.0,0.0,0.0,0.0,0.0,0.0,1.0,0.0,0.0,0.0,0.0,35.5,0.0,5.0,0.0,0.0,9.0,0.0,2.0,1.0,0.0,1.0,3.0,0.0,0.0,12.0,0.0,4.0,0.0,14.0,0.0,0.0,4.0,1.0,0.0,0.0,1.0
2026-02-25,School Children,0,0,0,0,0,0.0,0.0,0.0,0.0,0.0,0.0,0.0,0.0,0.0,0.0,0.0,0.0,0.0,0.0,0.0,0.0,0.0,0.0,0.0,0.0,6.0,1.0,0.0,0.0,0.0,0.0,0.0,0.0,0.0,0.0,1.0,0.0,0.0,0.0,0.0,0.0,2.5,0.0,1.0,0.0,0.0,5.0,0.0,1.0,0.0,0.0,1.0,5.0,0.0,0.0,0.0,0.0,0.0,0.0,2.0,0.0,0.0,1.0,0.0,0.0,0.0,0.0
2026-02-25,Younger Adults,0,0,0,0,0,3.0,0.0,0.0,0.0,3.5,0.0,11.0,0.0,33.0,0.0,0.0,0.0,0.0,34.0,0.0,0.0,0.0,6.0,2.0,0.0,20.0,2.0,0.0,3.0,0.0,28.0,0.0,0.0,1.0,1.0,1.0,5.0,0.0,0.0,0.0,0.0,66.0,0.0,4.0,0.0,0.0,12.0,0.0,10.0,2.0,0.0,2.0,4.0,1.0,0.0,32.0,0.0,8.0,0.0,11.0,0.0,0.0,7.0,0.0,0.0,2.0,0.0
2026-02-25,Youngers,0,0,0,0,0,1.0,0.0,0.0,0.0,0.0,0.0,5.0,0.0,13.0,0.0,0.0,0.0,0.0,35.0,0.0,0.0,0.0,2.0,2.0,0.0,26.0,4.0,1.0,2.0,0.0,14.0,0.0,0.0,0.0,2.0,4.0,3.0,0.0,0.0,0.0,0.0,39.0,0.0,2.0,0.0,0.0,16.0,0.0,6.0,4.0,0.0,2.0,15.0,0.0,0.0,26.0,0.0,5.0,0.0,21.0,0.0,0.0,8.0,0.0,0.0,5.0,0.0
2026-02-26,Elders,0,0,0,0,0,1.0,0.0,0.0,0.0,0.5,0.0,0.0,0.0,6.0,3.0,0.0,0.0,0.0,5.0,0.0,2.0,0.0,1.0,0.0,0.0,4.0,2.0,1.0,1.0,0.0,6.0,0.0,0.0,10.0,0.0,0.0,0.0,0.0,0.0,0.0,0.0,21.5,0.0,6.0,0.0,0.0,16.0,0.0,2.0,1.0,0.0,1.0,4.0,0.0,0.0,18.0,0.0,7.0,0.0,20.0,0.0,0.0,4.0,0.0,0.0,0.0,1.0
2026-02-26,School Children,0,0,0,0,0,0.0,0.0,0.0,0.0,0.0,0.0,0.0,0.0,0.0,0.0,0.0,0.0,0.0,0.0,0.0,0.0,0.0,0.0,0.0,0.0,6.0,2.0,0.0,0.0,0.0,0.0,0.0,0.0,0.0,0.0,0.0,0.0,0.0,0.0,0.0,0.0,1.5,0.0,1.0,0.0,0.0,9.0,0.0,1.0,0.0,0.0,1.0,8.0,0.0,0.0,1.0,0.0,1.0,0.0,4.0,0.0,0.0,2.0,0.0,0.0,0.0,0.0
2026-02-26,Younger Adults,0,0,0,0,0,7.0,0.0,0.0,0.0,0.5,0.0,8.0,0.0,9.0,0.0,0.0,0.0,0.0,20.0,0.0,0.0,0.0,4.0,0.0,0.0,20.0,3.0,1.0,3.0,0.0,21.0,2.0,0.0,12.0,1.0,1.0,0.0,0.0,0.0,1.0,0.0,39.5,0.0,4.0,0.0,0.0,20.0,0.0,8.0,1.0,0.0,1.0,6.0,0.0,0.0,49.0,0.0,14.0,0.0,17.0,0.0,0.0,7.0,0.0,0.0,1.0,0.0
2026-02-26,Youngers,0,0,0,0,0,2.0,0.0,0.0,0.0,0.0,0.0,3.0,0.0,4.0,0.0,0.0,8.0,0.0,22.0,0.0,0.0,0.0,1.0,0.0,0.0,26.0,7.0,1.0,2.0,0.0,11.0,0.0,0.0,8.0,1.0,4.0,0.0,1.0,0.0,0.0,0.0,23.5,0.0,3.0,1.0,0.0,27.0,0.0,6.0,2.0,0.0,1.0,23.0,0.0,0.0,40.0,0.0,9.0,0.0,31.0,0.0,0.0,8.0,0.0,0.0,5.0,0.0
2026-02-27,Elders,0,0,0,0,0,0.0,0.0,0.0,0.0,0.5,0.0,0.0,0.0,6.0,0.0,0.0,0.0,0.0,3.0,0.0,4.0,0.0,8.0,0.0,0.0,4.0,2.0,0.0,3.0,0.0,1.0,0.0,0.0,11.0,0.0,1.0,0.0,0.0,2.0,0.0,0.0,16.0,0.0,6.0,0.0,0.0,16.0,0.0,1.0,1.0,0.0,0.0,2.0,1.0,0.0,4.0,0.0,4.0,0.0,18.0,0.0,0.0,2.0,0.0,0.0,0.0,0.0
2026-02-27,School Children,0,0,0,0,0,0.0,0.0,0.0,0.0,0.0,0.0,0.0,0.0,0.0,0.0,0.0,0.0,0.0,0.0,0.0,0.0,0.0,0.0,0.0,0.0,6.0,2.0,0.0,0.0,0.0,0.0,0.0,0.0,0.0,0.0,1.0,0.0,1.0,0.0,0.0,0.0,1.0,0.0,1.0,0.0,0.0,8.0,0.0,0.0,0.0,0.0,0.0,4.0,0.0,0.0,0.0,0.0,1.0,0.0,3.0,0.0,0.0,1.0,0.0,0.0,0.0,0.0
2026-02-27,Younger Adults,0,0,0,0,0,3.0,0.0,1.0,0.0,2.0,0.0,8.0,0.0,9.0,0.0,0.0,0.0,0.0,12.0,1.0,0.0,0.0,32.0,0.0,0.0,20.0,3.0,0.0,6.0,0.0,5.0,2.0,0.0,13.0,2.0,2.0,0.0,1.0,3.0,1.0,0.0,30.0,0.0,4.0,0.0,0.0,19.0,0.0,6.0,2.0,0.0,0.0,4.0,2.0,0.0,10.0,0.0,9.0,0.0,15.0,0.0,0.0,4.0,0.0,0.0,0.0,0.0
2026-02-27,Youngers,0,0,0,0,0,1.0,0.0,0.0,0.0,0.0,0.0,3.0,0.0,4.0,0.0,0.0,4.0,0.0,13.0,1.0,0.0,0.0,9.0,0.0,0.0,26.0,7.0,0.0,4.0,0.0,3.0,0.0,0.0,8.0,4.0,9.0,0.0,1.0,2.0,0.0,0.0,18.0,0.0,3.0,0.0,0.0,26.0,0.0,4.0,4.0,0.0,0.0,14.0,2.0,0.0,9.0,0.0,5.0,0.0,27.0,0.0,0.0,5.0,0.0,0.0,1.0,0.0
2026-02-28,Elders,0,0,0,0,0,1.0,0.0,0.0,0.0,0.5,0.0,0.0,0.0,9.0,0.0,0.0,0.0,0.0,5.0,0.0,0.0,0.0,1.0,0.0,0.0,6.0,1.0,0.0,1.0,0.0,7.0,0.0,0.0,5.0,0.0,1.0,0.0,0.0,0.0,0.0,0.0,21.0,0.0,4.0,0.0,0.0,18.0,0.0,3.0,0.0,0.0,0.0,3.0,1.0,0.0,12.0,0.0,6.0,0.0,20.0,0.0,0.0,4.0,0.0,0.0,0.0,2.0
2026-02-28,School Children,0,0,0,0,0,0.0,0.0,0.0,0.0,0.0,0.0,0.0,0.0,0.0,0.0,0.0,0.0,0.0,0.0,0.0,0.0,0.0,0.0,0.0,0.0,9.0,1.0,0.0,0.0,0.0,0.0,0.0,0.0,0.0,0.0,2.0,0.0,0.0,0.0,0.0,0.0,1.5,0.0,1.0,0.0,0.0,9.0,0.0,1.0,0.0,0.0,0.0,5.0,0.0,0.0,0.0,0.0,1.0,0.0,3.0,0.0,0.0,1.0,0.0,0.0,0.0,0.0
2026-02-28,Younger Adults,0,0,0,0,0,12.0,0.0,0.0,0.0,0.5,0.0,14.0,0.0,14.0,0.0,0.0,0.0,0.0,21.0,1.0,0.0,0.0,4.0,0.0,0.0,29.0,2.0,0.0,1.0,0.0,25.0,1.0,0.0,7.0,2.0,3.0,0.0,0.0,1.0,1.0,0.0,39.0,0.0,2.0,0.0,0.0,23.0,0.0,12.0,0.0,0.0,1.0,4.0,2.0,0.0,34.0,0.0,12.0,0.0,16.0,0.0,0.0,6.0,0.0,0.0,1.0,0.0
2026-02-28,Youngers,0,0,0,0,0,3.0,0.0,0.0,0.0,0.0,0.0,6.0,0.0,5.0,0.0,0.0,2.0,0.0,23.0,0.0,0.0,0.0,1.0,0.0,0.0,40.0,5.0,0.0,1.0,0.0,12.0,0.0,0.0,4.0,5.0,13.0,0.0,0.0,1.0,0.0,0.0,23.0,0.0,2.0,0.0,0.0,30.0,0.0,7.0,0.0,0.0,1.0,16.0,2.0,0.0,28.0,0.0,8.0,0.0,30.0,0.0,0.0,8.0,0.0,0.0,2.0,0.0
2026-03-01,Elders,0,0,0,0,0,0.0,0.0,0.0,0.0,0.5,0.0,0.0,0.0,7.0,0.0,0.0,0.0,0.0,4.0,0.0,1.0,0.0,1.0,0.0,0.0,3.0,1.0,0.0,1.0,0.0,2.0,0.0,0.0,6.0,0.0,1.0,0.0,0.0,0.0,0.0,0.0,16.0,0.0,7.0,0.0,0.0,15.0,0.0,2.0,0.0,0.0,0.0,3.0,0.0,0.0,12.0,0.0,5.0,0.0,17.0,0.0,0.0,4.0,0.0,0.0,0.0,0.0
2026-03-01,School Children,0,0,0,0,0,0.0,0.0,0.0,0.0,0.0,0.0,0.0,0.0,0.0,0.0,0.0,0.0,0.0,0.0,0.0,0.0,0.0,0.0,0.0,0.0,5.0,0.0,0.0,0.0,0.0,0.0,0.0,0.0,0.0,0.0,1.0,0.0,0.0,0.0,0.0,0.0,1.0,0.0,2.0,0.0,0.0,8.0,0.0,0.0,0.0,0.0,0.0,6.0,0.0,0.0,0.0,0.0,1.0,0.0,3.0,0.0,0.0,1.0,0.0,0.0,0.0,0.0
2026-03-01,Younger Adults,0,0,0,0,0,3.0,0.0,1.0,0.0,1.0,0.0,11.0,0.0,11.0,0.0,0.0,0.0,0.0,18.0,0.0,0.0,0.0,6.0,0.0,0.0,16.0,1.0,0.0,1.0,0.0,9.0,0.0,0.0,7.0,0.0,2.0,0.0,0.0,1.0,0.0,0.0,30.0,0.0,5.0,0.0,0.0,19.0,0.0,7.0,0.0,0.0,0.0,6.0,0.0,0.0,32.0,0.0,11.0,0.0,14.0,0.0,0.0,6.0,0.0,0.0,1.0,0.0
2026-03-01,Youngers,0,0,0,0,0,1.0,0.0,0.0,0.0,0.0,0.0,4.0,0.0,4.0,0.0,0.0,0.0,0.0,19.0,0.0,0.0,0.0,2.0,0.0,0.0,21.0,2.0,1.0,1.0,0.0,4.0,0.0,0.0,4.0,0.0,9.0,0.0,1.0,1.0,0.0,0.0,18.0,0.0,3.0,0.0,0.0,26.0,0.0,5.0,0.0,0.0,1.0,19.0,0.0,0.0,26.0,0.0,7.0,0.0,26.0,0.0,0.0,7.0,0.0,0.0,2.0,0.0
2026-03-02,Elders,0,0,0,0,0,0.0,0.0,0.0,0.0,0.0,0.0,0.0,0.0,4.0,0.0,0.0,0.0,0.0,4.0,0.0,0.0,0.0,1.0,0.0,0.0,0.0,0.0,0.0,0.0,0.0,0.0,0.0,0.0,7.0,0.0,0.0,0.0,0.0,0.0,0.0,0.0,0.0,0.0,0.0,0.0,0.0,0.0,0.0,0.0,0.0,0.0,0.0,0.0,0.0,0.0,10.0,0.0,0.0,0.0,0.0,0.0,0.0,0.0,0.0,0.0,0.0,0.0
2026-03-02,School Children,0,0,0,0,0,0.0,0.0,0.0,0.0,0.0,0.0,0.0,0.0,0.0,0.0,0.0,0.0,0.0,0.0,0.0,0.0,0.0,0.0,0.0,0.0,0.0,0.0,0.0,0.0,0.0,0.0,0.0,0.0,0.0,0.0,1.0,0.0,0.0,0.0,0.0,0.0,0.0,0.0,0.0,0.0,0.0,0.0,0.0,0.0,0.0,0.0,0.0,0.0,0.0,0.0,1.0,0.0,0.0,0.0,0.0,0.0,0.0,0.0,0.0,0.0,0.0,0.0
2026-03-02,Younger Adults,0,0,0,0,0,0.0,0.0,0.0,0.0,0.0,0.0,6.0,0.0,6.0,0.0,0.0,0.0,0.0,17.0,0.0,0.0,0.0,4.0,0.0,0.0,0.0,0.0,0.0,0.0,0.0,0.0,0.0,0.0,9.0,0.0,1.0,0.0,0.0,1.0,0.0,0.0,0.0,0.0,0.0,0.0,0.0,0.0,0.0,0.0,0.0,0.0,0.0,0.0,0.0,0.0,28.0,0.0,0.0,0.0,0.0,0.0,0.0,0.0,0.0,0.0,0.0,0.0
2026-03-02,Youngers,0,0,0,0,0,0.0,0.0,0.0,0.0,0.0,0.0,2.0,0.0,2.0,0.0,0.0,0.0,0.0,18.0,0.0,0.0,0.0,1.0,0.0,0.0,0.0,0.0,0.0,0.0,0.0,0.0,0.0,0.0,6.0,0.0,5.0,0.0,0.0,0.0,0.0,0.0,0.0,0.0,0.0,0.0,0.0,0.0,0.0,0.0,1.0,0.0,0.0,0.0,0.0,0.0,23.0,0.0,0.0,0.0,0.0,0.0,0.0,0.0,0.0,0.0,0.0,0.0
2026-03-03,Elders,0,0,0,0,0,1.0,0.0,0.0,0.0,0.5,0.0,0.0,0.0,7.0,0.0,0.0,0.0,0.0,4.0,1.0,1.0,0.0,1.0,0.0,0.0,2.0,2.0,0.0,0.0,0.0,4.0,0.0,0.0,10.0,0.0,1.0,0.0,0.0,0.0,0.0,0.0,22.0,0.0,10.0,0.0,0.0,9.0,0.0,2.0,0.0,0.0,0.0,3.0,0.0,0.0,13.0,0.0,3.0,0.0,13.0,0.0,0.0,2.0,0.0,0.0,0.0,0.0
2026-03-03,School Children,0,0,0,0,0,0.0,0.0,0.0,0.0,0.0,0.0,0.0,0.0,0.0,0.0,0.0,0.0,0.0,0.0,0.0,0.0,0.0,0.0,0.0,0.0,4.0,1.0,0.0,0.0,0.0,0.0,0.0,0.0,0.0,0.0,1.0,0.0,1.0,0.0,0.0,0.0,1.5,0.0,2.0,0.0,0.0,5.0,0.0,1.0,0.0,0.0,0.0,5.0,0.0,0.0,1.0,0.0,1.0,0.0,2.0,0.0,0.0,1.0,0.0,0.0,0.0,0.0
2026-03-03,Younger Adults,0,0,0,0,0,7.0,0.0,0.0,0.0,1.0,0.0,8.0,0.0,11.0,0.0,0.0,0.0,0.0,18.0,1.0,0.0,0.0,6.0,0.0,0.0,11.0,3.0,0.0,1.0,0.0,14.0,4.0,0.0,12.0,3.0,1.0,0.0,1.0,0.0,1.0,0.0,40.5,0.0,7.0,0.0,0.0,11.0,0.0,7.0,0.0,0.0,0.0,5.0,1.0,0.0,34.0,0.0,7.0,0.0,11.0,0.0,0.0,3.0,0.0,0.0,1.0,0.0
2026-03-03,Youngers,0,0,0,0,0,2.0,0.0,0.0,0.0,0.0,0.0,3.0,0.0,5.0,0.0,0.0,0.0,0.0,19.0,1.0,0.0,0.0,2.0,0.0,0.0,15.0,6.0,0.0,0.0,0.0,7.0,0.0,0.0,7.0,6.0,5.0,0.0,1.0,0.0,0.0,0.0,24.0,0.0,5.0,0.0,0.0,15.0,0.0,5.0,0.0,0.0,0.0,16.0,0.0,0.0,28.0,0.0,4.0,0.0,19.0,0.0,0.0,3.0,0.0,0.0,4.0,0.0
2026-03-04,Elders,0,0,0,0,0,0.0,0.0,0.0,0.0,1.0,0.0,0.0,0.0,4.0,0.0,0.0,0.0,0.0,4.0,0.0,3.0,0.0,2.0,0.0,0.0,4.0,2.0,1.0,2.0,0.0,3.0,0.0,0.0,8.0,0.0,0.0,0.0,1.0,0.0,0.0,0.0,21.0,0.0,8.0,0.0,0.0,11.0,0.0,1.0,0.0,0.0,0.0,3.0,0.0,0.0,12.0,0.0,5.0,0.0,12.0,0.0,0.0,3.0,0.0,0.0,0.0,1.0
2026-03-04,School Children,0,0,0,0,0,0.0,0.0,0.0,0.0,0.0,0.0,0.0,0.0,0.0,0.0,0.0,0.0,0.0,0.0,0.0,0.0,0.0,0.0,0.0,0.0,6.0,2.0,1.0,0.0,0.0,0.0,0.0,0.0,0.0,0.0,0.0,0.0,1.0,0.0,0.0,0.0,1.5,0.0,2.0,0.0,0.0,6.0,0.0,0.0,0.0,0.0,0.0,5.0,0.0,0.0,0.0,0.0,1.0,0.0,2.0,0.0,0.0,1.0,0.0,0.0,0.0,0.0
2026-03-04,Younger Adults,0,0,0,0,0,2.0,0.0,0.0,0.0,2.5,0.0,8.0,0.0,7.0,0.0,0.0,0.0,0.0,17.0,0.0,0.0,0.0,8.0,0.0,0.0,20.0,5.0,1.0,4.0,0.0,10.0,1.0,0.0,9.0,1.0,1.0,0.0,2.0,0.0,0.0,0.0,39.0,0.0,6.0,0.0,0.0,14.0,0.0,4.0,0.0,0.0,1.0,4.0,0.0,0.0,32.0,0.0,10.0,0.0,11.0,0.0,0.0,6.0,0.0,0.0,2.0,0.0
2026-03-04,Youngers,0,0,0,0,0,1.0,0.0,0.0,0.0,0.0,0.0,3.0,0.0,3.0,0.0,0.0,2.0,0.0,18.0,0.0,0.0,0.0,2.0,0.0,0.0,27.0,10.0,1.0,2.0,0.0,5.0,0.0,0.0,6.0,3.0,4.0,0.0,2.0,0.0,0.0,0.0,23.0,0.0,4.0,0.0,0.0,19.0,0.0,3.0,0.0,0.0,1.0,15.0,0.0,0.0,26.0,0.0,6.0,0.0,19.0,0.0,0.0,6.0,0.0,0.0,7.0,0.0
2026-03-05,Elders,0,0,0,0,0,1.0,0.0,0.0,0.0,0.5,0.0,0.0,0.0,8.0,2.0,0.0,0.0,0.0,5.0,0.0,2.0,0.0,1.0,0.0,0.0,4.0,2.0,1.0,1.0,0.0,6.0,0.0,0.0,10.0,0.0,0.0,0.0,0.0,0.0,0.0,0.0,19.5,0.0,7.0,0.0,0.0,18.0,0.0,2.0,0.0,0.0,1.0,4.0,0.0,0.0,16.0,0.0,8.0,0.0,27.0,0.0,0.0,4.0,0.0,0.0,0.0,1.0
2026-03-05,School Children,0,0,0,0,0,0.0,0.0,0.0,0.0,0.0,0.0,0.0,0.0,0.0,0.0,0.0,0.0,0.0,0.0,0.0,0.0,0.0,0.0,0.0,0.0,6.0,2.0,0.0,0.0,0.0,0.0,0.0,0.0,0.0,0.0,1.0,0.0,0.0,0.0,0.0,0.0,1.5,0.0,2.0,0.0,0.0,9.0,0.0,1.0,0.0,0.0,1.0,8.0,0.0,0.0,1.0,0.0,1.0,0.0,4.0,0.0,0.0,2.0,0.0,0.0,0.0,0.0
2026-03-05,Younger Adults,0,0,0,0,0,7.0,0.0,0.0,0.0,1.0,0.0,9.0,0.0,12.0,0.0,0.0,0.0,0.0,22.0,0.0,0.0,0.0,4.0,0.0,0.0,21.0,4.0,1.0,3.0,0.0,22.0,3.0,0.0,12.0,1.0,1.0,0.0,0.0,0.0,1.0,0.0,36.0,0.0,4.0,0.0,0.0,22.0,0.0,9.0,1.0,0.0,1.0,7.0,0.0,0.0,42.0,0.0,17.0,0.0,23.0,0.0,0.0,7.0,0.0,0.0,1.0,0.0
2026-03-05,Youngers,0,0,0,0,0,2.0,0.0,0.0,0.0,0.0,0.0,4.0,0.0,5.0,0.0,0.0,7.0,0.0,23.0,0.0,0.0,0.0,1.0,0.0,0.0,29.0,8.0,1.0,2.0,0.0,12.0,0.0,0.0,7.0,1.0,5.0,0.0,1.0,0.0,0.0,0.0,21.5,0.0,3.0,1.0,0.0,30.0,0.0,6.0,2.0,0.0,1.0,23.0,0.0,0.0,35.0,0.0,10.0,0.0,42.0,0.0,0.0,8.0,0.0,0.0,5.0,0.0
2026-03-06,Elders,0,0,0,0,0,1.0,0.0,0.0,0.0,0.5,0.0,0.0,0.0,4.0,0.0,0.0,0.0,0.0,4.0,0.0,0.0,0.0,1.0,0.0,0.0,4.0,2.0,1.0,1.0,0.0,5.0,0.0,0.0,10.0,0.0,1.0,0.0,0.0,2.0,0.0,0.0,26.5,0.0,13.0,0.0,0.0,15.0,0.0,3.0,0.0,0.0,0.0,4.0,1.0,0.0,11.0,0.0,5.0,0.0,18.0,0.0,0.0,8.0,0.0,0.0,0.0,0.0
2026-03-06,School Children,0,0,0,0,0,0.0,0.0,0.0,0.0,0.0,0.0,0.0,0.0,0.0,0.0,0.0,0.0,0.0,0.0,0.0,0.0,0.0,0.0,0.0,0.0,6.0,2.0,1.0,0.0,0.0,0.0,0.0,0.0,0.0,0.0,1.0,0.0,0.0,0.0,0.0,0.0,2.0,0.0,3.0,0.0,0.0,8.0,0.0,1.0,0.0,0.0,0.0,9.0,0.0,0.0,1.0,0.0,1.0,0.0,3.0,0.0,0.0,2.0,0.0,0.0,0.0,0.0
2026-03-06,Younger Adults,0,0,0,0,0,6.0,0.0,0.0,0.0,1.0,0.0,10.0,0.0,7.0,0.0,0.0,0.0,0.0,16.0,1.0,0.0,0.0,5.0,0.0,0.0,20.0,4.0,1.0,3.0,0.0,18.0,3.0,0.0,12.0,4.0,2.0,0.0,0.0,2.0,0.0,0.0,49.5,0.0,8.0,0.0,0.0,18.0,0.0,11.0,0.0,0.0,0.0,7.0,3.0,0.0,30.0,0.0,11.0,0.0,16.0,0.0,0.0,13.0,0.0,0.0,0.0,0.0
2026-03-06,Youngers,0,0,0,0,0,2.0,0.0,0.0,0.0,0.0,0.0,4.0,0.0,3.0,0.0,0.0,1.0,0.0,17.0,0.0,0.0,0.0,1.0,0.0,0.0,27.0,9.0,1.0,2.0,0.0,9.0,0.0,0.0,8.0,6.0,10.0,0.0,0.0,2.0,0.0,0.0,29.0,0.0,6.0,0.0,0.0,25.0,0.0,7.0,1.0,0.0,1.0,25.0,3.0,0.0,25.0,0.0,6.0,0.0,28.0,0.0,0.0,15.0,0.0,0.0,1.0,0.0
2026-03-07,Elders,0,0,0,0,0,1.0,0.0,0.0,0.0,0.5,0.0,0.0,0.0,6.0,0.0,0.0,0.0,0.0,3.0,0.0,2.0,0.0,1.0,0.0,0.0,3.0,2.0,0.0,2.0,0.0,5.0,0.0,0.0,7.0,0.0,0.0,0.0,0.0,1.0,0.0,0.0,20.5,0.0,10.0,0.0,0.0,11.0,0.0,1.0,0.0,0.0,0.0,1.0,0.0,0.0,17.0,0.0,4.0,0.0,13.0,0.0,0.0,2.0,0.0,0.0,0.0,1.0
2026-03-07,School Children,0,0,0,0,0,0.0,0.0,0.0,0.0,0.0,0.0,0.0,0.0,0.0,0.0,0.0,0.0,0.0,0.0,0.0,0.0,0.0,0.0,0.0,0.0,4.0,1.0,0.0,0.0,0.0,0.0,0.0,0.0,0.0,0.0,1.0,0.0,0.0,0.0,0.0,0.0,1.5,0.0,2.0,0.0,0.0,5.0,0.0,0.0,0.0,0.0,0.0,2.0,0.0,0.0,0.0,0.0,0.0,0.0,2.0,0.0,0.0,1.0,0.0,0.0,0.0,0.0
2026-03-07,Younger Adults,0,0,0,0,0,6.0,0.0,0.0,0.0,1.5,0.0,12.0,0.0,10.0,0.0,0.0,0.0,0.0,14.0,0.0,0.0,0.0,4.0,0.0,0.0,13.0,3.0,0.0,4.0,0.0,19.0,0.0,0.0,9.0,2.0,1.0,0.0,0.0,1.0,0.0,0.0,39.0,0.0,7.0,0.0,0.0,13.0,0.0,5.0,0.0,0.0,0.0,1.0,1.0,0.0,46.0,0.0,8.0,0.0,11.0,0.0,0.0,4.0,0.0,0.0,0.0,0.0
2026-03-07,Youngers,0,0,0,0,0,1.0,0.0,0.0,0.0,0.0,0.0,5.0,0.0,4.0,0.0,0.0,7.0,0.0,15.0,0.0,0.0,0.0,1.0,0.0,0.0,18.0,6.0,1.0,3.0,0.0,10.0,0.0,0.0,5.0,3.0,4.0,0.0,0.0,1.0,0.0,0.0,23.0,0.0,4.0,0.0,0.0,18.0,0.0,3.0,0.0,0.0,1.0,6.0,0.0,0.0,38.0,0.0,5.0,0.0,20.0,0.0,0.0,5.0,0.0,0.0,2.0,0.0
2026-03-08,Elders,0,0,0,0,0,1.0,0.0,0.0,0.0,1.0,0.0,0.0,0.0,7.0,7.0,0.0,0.0,0.0,9.0,0.0,11.0,0.0,2.0,0.0,0.0,6.0,3.0,0.0,2.0,0.0,6.0,0.0,0.0,7.0,0.0,2.0,0.0,0.0,0.0,0.0,0.0,17.0,0.0,18.0,0.0,0.0,22.0,0.0,1.0,0.0,0.0,1.0,4.0,0.0,0.0,9.0,0.0,9.0,0.0,29.0,0.0,0.0,5.0,0.0,0.0,0.0,0.0
2026-03-08,School Children,0,0,0,0,0,0.0,0.0,0.0,0.0,0.0,0.0,0.0,0.0,0.0,0.0,0.0,0.0,0.0,0.0,0.0,0.0,0.0,0.0,0.0,0.0,8.0,3.0,0.0,0.0,0.0,0.0,0.0,0.0,0.0,0.0,2.0,0.0,0.0,0.0,0.0,0.0,1.0,0.0,5.0,0.0,0.0,11.0,0.0,0.0,0.0,0.0,1.0,8.0,0.0,0.0,0.0,0.0,1.0,0.0,5.0,0.0,0.0,2.0,0.0,0.0,0.0,0.0
2026-03-08,Younger Adults,0,0,0,0,0,4.0,0.0,1.0,0.0,3.0,0.0,11.0,0.0,11.0,0.0,0.0,0.0,0.0,36.0,0.0,0.0,0.0,7.0,0.0,0.0,27.0,6.0,0.0,4.0,0.0,23.0,5.0,0.0,9.0,1.0,3.0,0.0,0.0,1.0,1.0,0.0,32.0,0.0,12.0,0.0,0.0,27.0,0.0,3.0,0.0,0.0,1.0,7.0,1.0,0.0,25.0,0.0,18.0,0.0,24.0,0.0,0.0,9.0,0.0,0.0,3.0,0.0
2026-03-08,Youngers,0,0,0,0,0,1.0,0.0,0.0,0.0,0.0,0.0,4.0,0.0,4.0,1.0,0.0,0.0,0.0,38.0,0.0,1.0,0.0,2.0,0.0,0.0,37.0,11.0,0.0,2.0,0.0,12.0,0.0,0.0,5.0,3.0,15.0,0.0,0.0,1.0,1.0,0.0,19.0,0.0,8.0,0.0,0.0,36.0,0.0,2.0,0.0,0.0,2.0,23.0,0.0,0.0,21.0,0.0,11.0,0.0,45.0,0.0,0.0,11.0,0.0,0.0,8.0,0.0
2026-03-09,Elders,0,0,0,0,0,0.0,0.0,0.0,0.0,0.0,0.0,0.0,0.0,0.0,1.0,0.0,0.0,0.0,0.0,0.0,1.0,0.0,0.0,0.0,0.0,0.0,0.0,0.0,0.0,0.0,0.0,0.0,0.0,0.0,0.0,0.0,0.0,0.0,0.0,0.0,0.0,0.0,0.0,0.0,0.0,0.0,13.0,0.0,0.0,0.0,0.0,0.0,0.0,0.0,0.0,11.0,0.0,0.0,0.0,0.0,0.0,0.0,2.0,0.0,0.0,0.0,0.0
2026-03-09,School Children,0,0,0,0,0,0.0,0.0,0.0,0.0,0.0,0.0,0.0,0.0,0.0,0.0,0.0,0.0,0.0,0.0,0.0,0.0,0.0,0.0,0.0,0.0,0.0,0.0,0.0,0.0,0.0,0.0,0.0,0.0,0.0,0.0,0.0,0.0,0.0,0.0,0.0,0.0,0.0,0.0,0.0,0.0,0.0,6.0,0.0,0.0,0.0,0.0,0.0,0.0,0.0,0.0,0.0,0.0,0.0,0.0,0.0,0.0,0.0,1.0,0.0,0.0,0.0,0.0
2026-03-09,Younger Adults,0,0,0,0,0,0.0,0.0,0.0,0.0,0.0,0.0,0.0,0.0,0.0,0.0,0.0,0.0,0.0,0.0,0.0,0.0,0.0,0.0,0.0,0.0,0.0,0.0,0.0,0.0,0.0,0.0,0.0,0.0,0.0,1.0,0.0,0.0,0.0,1.0,0.0,0.0,0.0,0.0,0.0,0.0,0.0,16.0,0.0,0.0,0.0,0.0,0.0,0.0,0.0,0.0,30.0,0.0,0.0,0.0,0.0,0.0,0.0,4.0,0.0,0.0,0.0,0.0
2026-03-09,Youngers,0,0,0,0,0,0.0,0.0,0.0,0.0,0.0,0.0,0.0,0.0,0.0,0.0,0.0,0.0,0.0,0.0,0.0,0.0,0.0,0.0,0.0,0.0,0.0,0.0,0.0,0.0,0.0,0.0,0.0,0.0,0.0,2.0,0.0,0.0,1.0,0.0,0.0,0.0,0.0,0.0,0.0,0.0,0.0,21.0,0.0,0.0,0.0,0.0,0.0,0.0,0.0,0.0,25.0,0.0,0.0,0.0,0.0,0.0,0.0,4.0,0.0,0.0,0.0,0.0
2026-03-10,Elders,0,0,0,0,0,1.0,0.0,0.0,0.0,0.5,0.0,0.0,0.0,4.0,0.0,0.0,0.0,0.0,4.0,0.0,1.0,0.0,1.0,0.0,0.0,4.0,2.0,1.0,2.0,0.0,7.0,0.0,0.0,8.0,0.0,1.0,0.0,0.0,0.0,1.0,0.0,19.5,0.0,9.0,0.0,0.0,11.0,0.0,0.0,0.0,0.0,0.0,3.0,0.0,0.0,17.0,0.0,7.0,0.0,16.0,0.0,0.0,3.0,0.0,0.0,0.0,1.0
2026-03-10,School Children,0,0,0,0,0,0.0,0.0,0.0,0.0,0.0,0.0,0.0,0.0,0.0,0.0,0.0,0.0,0.0,0.0,0.0,0.0,0.0,0.0,0.0,0.0,5.0,2.0,0.0,0.0,0.0,0.0,0.0,0.0,0.0,0.0,1.0,0.0,0.0,0.0,0.0,0.0,1.5,0.0,2.0,0.0,0.0,6.0,0.0,0.0,0.0,0.0,0.0,6.0,0.0,0.0,0.0,0.0,1.0,0.0,3.0,0.0,0.0,1.0,0.0,0.0,0.0,0.0
2026-03-10,Younger Adults,0,0,0,0,0,5.0,0.0,0.0,0.0,1.5,0.0,11.0,0.0,7.0,0.0,0.0,0.0,0.0,16.0,0.0,0.0,0.0,5.0,0.0,0.0,19.0,4.0,1.0,4.0,0.0,28.0,2.0,0.0,10.0,1.0,2.0,0.0,0.0,0.0,1.0,0.0,36.5,0.0,6.0,0.0,0.0,14.0,0.0,2.0,0.0,0.0,0.0,5.0,0.0,0.0,46.0,0.0,14.0,0.0,13.0,0.0,0.0,5.0,0.0,0.0,0.0,0.0
2026-03-10,Youngers,0,0,0,0,0,1.0,0.0,0.0,0.0,0.0,0.0,4.0,0.0,3.0,0.0,0.0,5.0,0.0,16.0,0.0,0.0,0.0,2.0,0.0,0.0,25.0,8.0,1.0,3.0,0.0,14.0,0.0,0.0,6.0,3.0,11.0,0.0,1.0,0.0,1.0,0.0,22.0,0.0,4.0,0.0,0.0,19.0,0.0,1.0,0.0,0.0,1.0,17.0,0.0,0.0,38.0,0.0,8.0,0.0,25.0,0.0,0.0,5.0,0.0,0.0,0.0,0.0
2026-03-11,Elders,0,0,0,0,0,1.0,0.0,0.0,0.0,0.5,0.0,0.0,0.0,2.0,0.0,0.0,0.0,0.0,4.0,0.0,0.0,0.0,2.0,0.0,0.0,3.0,2.0,0.0,2.0,0.0,3.0,0.0,0.0,8.0,0.0,1.0,0.0,0.0,0.0,0.0,0.0,15.0,0.0,9.0,0.0,0.0,20.0,0.0,2.0,0.0,0.0,0.0,3.0,0.0,0.0,27.0,0.0,4.0,0.0,10.0,0.0,0.0,4.0,0.0,0.0,0.0,2.0
2026-03-11,School Children,0,0,0,0,0,0.0,0.0,0.0,0.0,0.0,0.0,0.0,0.0,0.0,0.0,0.0,0.0,0.0,0.0,0.0,0.0,0.0,0.0,0.0,0.0,4.0,2.0,0.0,0.0,0.0,0.0,0.0,0.0,0.0,0.0,1.0,0.0,0.0,0.0,0.0,0.0,1.0,0.0,3.0,0.0,0.0,10.0,0.0,0.0,0.0,0.0,0.0,6.0,0.0,0.0,1.0,0.0,1.0,0.0,2.0,0.0,0.0,1.0,0.0,0.0,0.0,0.0
2026-03-11,Younger Adults,0,0,0,0,0,11.0,0.0,0.0,0.0,1.5,0.0,11.0,0.0,4.0,0.0,0.0,0.0,0.0,15.0,0.0,0.0,0.0,6.0,0.0,0.0,14.0,4.0,0.0,4.0,0.0,10.0,2.0,0.0,10.0,0.0,2.0,0.0,0.0,0.0,0.0,0.0,28.0,0.0,6.0,0.0,0.0,24.0,0.0,7.0,0.0,0.0,0.0,6.0,0.0,0.0,72.0,0.0,9.0,0.0,8.0,0.0,0.0,6.0,0.0,0.0,2.0,0.0
2026-03-11,Youngers,0,0,0,0,0,3.0,0.0,0.0,0.0,0.0,0.0,5.0,0.0,1.0,0.0,0.0,3.0,0.0,16.0,0.0,0.0,0.0,2.0,0.0,0.0,20.0,7.0,1.0,2.0,0.0,5.0,0.0,0.0,7.0,0.0,11.0,0.0,0.0,0.0,0.0,0.0,17.0,0.0,4.0,0.0,0.0,33.0,0.0,5.0,1.0,0.0,0.0,19.0,0.0,0.0,60.0,0.0,5.0,0.0,16.0,0.0,0.0,8.0,0.0,0.0,5.0,0.0
2026-03-12,Elders,0,0,0,0,0,1.0,0.0,0.0,0.0,0.5,0.0,0.0,0.0,11.0,0.0,0.0,0.0,0.0,5.0,0.0,1.0,0.0,1.0,0.0,0.0,4.0,2.0,1.0,2.0,0.0,3.0,0.0,0.0,10.0,0.0,1.0,0.0,0.0,0.0,0.0,0.0,26.0,0.0,10.0,0.0,0.0,9.0,0.0,2.0,0.0,0.0,0.0,3.0,0.0,0.0,30.0,0.0,6.0,0.0,27.0,0.0,0.0,8.0,0.0,0.0,0.0,2.0
2026-03-12,School Children,0,0,0,0,0,0.0,0.0,0.0,0.0,0.0,0.0,0.0,0.0,0.0,0.0,0.0,0.0,0.0,0.0,0.0,0.0,0.0,0.0,0.0,0.0,6.0,1.0,1.0,0.0,0.0,0.0,0.0,0.0,0.0,0.0,1.0,0.0,0.0,0.0,0.0,0.0,2.0,0.0,3.0,0.0,0.0,5.0,0.0,1.0,0.0,0.0,0.0,7.0,0.0,0.0,1.0,0.0,1.0,0.0,4.0,0.0,0.0,2.0,0.0,0.0,0.0,0.0
2026-03-12,Younger Adults,0,0,0,0,0,9.0,0.0,1.0,0.0,1.5,0.0,12.0,0.0,16.0,0.0,0.0,0.0,0.0,19.0,1.0,0.0,0.0,6.0,0.0,0.0,21.0,3.0,2.0,3.0,0.0,9.0,1.0,0.0,12.0,0.0,2.0,0.0,0.0,0.0,0.0,0.0,48.5,0.0,7.0,0.0,0.0,11.0,0.0,8.0,0.0,0.0,1.0,6.0,0.0,0.0,81.0,0.0,13.0,0.0,22.0,0.0,0.0,12.0,0.0,0.0,2.0,0.0
2026-03-12,Youngers,0,0,0,0,0,2.0,0.0,0.0,0.0,0.0,0.0,5.0,0.0,6.0,0.0,0.0,4.0,0.0,20.0,1.0,0.0,0.0,2.0,0.0,0.0,28.0,7.0,2.0,2.0,0.0,5.0,0.0,0.0,7.0,0.0,10.0,0.0,0.0,0.0,0.0,0.0,28.5,0.0,5.0,0.0,0.0,15.0,0.0,5.0,0.0,0.0,1.0,20.0,0.0,0.0,67.0,0.0,8.0,0.0,41.0,0.0,0.0,14.0,0.0,0.0,5.0,0.0
2026-03-13,Elders,0,0,0,0,0,0.0,0.0,0.0,0.0,0.5,0.0,0.0,0.0,5.0,0.0,0.0,0.0,0.0,3.0,0.0,5.0,0.0,9.0,0.0,0.0,2.0,2.0,0.0,3.0,0.0,1.0,0.0,0.0,8.0,0.0,1.0,0.0,0.0,1.0,0.0,0.0,17.5,0.0,5.0,0.0,0.0,15.0,0.0,1.0,1.0,0.0,0.0,2.0,1.0,0.0,4.0,0.0,4.0,0.0,23.0,0.0,0.0,3.0,0.0,0.0,0.0,0.0
2026-03-13,School Children,0,0,0,0,0,0.0,0.0,0.0,0.0,0.0,0.0,0.0,0.0,0.0,0.0,0.0,0.0,0.0,0.0,0.0,0.0,0.0,0.0,0.0,0.0,4.0,2.0,0.0,0.0,0.0,0.0,0.0,0.0,0.0,0.0,1.0,0.0,0.0,0.0,0.0,0.0,1.5,0.0,1.0,0.0,0.0,7.0,0.0,0.0,0.0,0.0,0.0,4.0,0.0,0.0,0.0,0.0,1.0,0.0,4.0,0.0,0.0,1.0,0.0,0.0,0.0,0.0
2026-03-13,Younger Adults,0,0,0,0,0,2.0,0.0,0.0,0.0,2.0,0.0,9.0,0.0,8.0,0.0,0.0,0.0,0.0,12.0,1.0,0.0,0.0,34.0,0.0,0.0,12.0,3.0,0.0,5.0,0.0,5.0,2.0,0.0,11.0,2.0,2.0,0.0,1.0,2.0,0.0,0.0,32.5,0.0,4.0,0.0,0.0,18.0,0.0,5.0,1.0,0.0,0.0,4.0,2.0,0.0,10.0,0.0,7.0,0.0,19.0,0.0,0.0,4.0,0.0,0.0,0.0,0.0
2026-03-13,Youngers,0,0,0,0,0,1.0,0.0,0.0,0.0,0.0,0.0,3.0,0.0,3.0,0.0,0.0,3.0,0.0,13.0,1.0,0.0,0.0,9.0,0.0,0.0,17.0,7.0,0.0,3.0,0.0,2.0,0.0,0.0,7.0,3.0,8.0,0.0,1.0,2.0,0.0,0.0,19.5,0.0,2.0,0.0,0.0,25.0,0.0,3.0,4.0,0.0,1.0,12.0,1.0,0.0,9.0,0.0,4.0,0.0,36.0,0.0,0.0,5.0,0.0,0.0,1.0,0.0
2026-03-14,Elders,0,0,0,0,0,0.0,0.0,0.0,0.0,0.5,0.0,0.0,0.0,7.0,0.0,0.0,0.0,0.0,3.0,0.0,2.0,0.0,1.0,0.0,0.0,3.0,1.0,0.0,2.0,0.0,4.0,0.0,0.0,8.0,0.0,0.0,0.0,0.0,1.0,0.0,0.0,23.0,0.0,9.0,0.0,0.0,10.0,0.0,1.0,0.0,0.0,0.0,1.0,0.0,0.0,16.0,0.0,4.0,0.0,12.0,0.0,0.0,2.0,0.0,0.0,0.0,1.0
2026-03-14,School Children,0,0,0,0,0,0.0,0.0,0.0,0.0,0.0,0.0,0.0,0.0,0.0,0.0,0.0,0.0,0.0,0.0,0.0,0.0,0.0,0.0,0.0,0.0,5.0,1.0,0.0,0.0,0.0,0.0,0.0,0.0,0.0,0.0,1.0,0.0,0.0,0.0,0.0,0.0,2.0,0.0,2.0,0.0,0.0,5.0,0.0,0.0,0.0,0.0,0.0,2.0,0.0,0.0,1.0,0.0,1.0,0.0,2.0,0.0,0.0,1.0,0.0,0.0,0.0,0.0
2026-03-14,Younger Adults,0,0,0,0,0,0.0,0.0,0.0,0.0,1.5,0.0,11.0,0.0,10.0,0.0,0.0,0.0,0.0,14.0,0.0,0.0,0.0,5.0,0.0,0.0,17.0,3.0,0.0,4.0,0.0,13.0,0.0,0.0,9.0,2.0,1.0,0.0,0.0,2.0,1.0,0.0,43.5,0.0,6.0,0.0,0.0,13.0,0.0,5.0,0.0,0.0,0.0,2.0,1.0,0.0,44.0,0.0,8.0,0.0,11.0,0.0,0.0,4.0,0.0,0.0,0.0,0.0
2026-03-14,Youngers,0,0,0,0,0,0.0,0.0,0.0,0.0,0.0,0.0,4.0,0.0,4.0,0.0,0.0,6.0,0.0,14.0,0.0,0.0,0.0,1.0,0.0,0.0,22.0,6.0,1.0,3.0,0.0,7.0,0.0,0.0,6.0,4.0,5.0,0.0,0.0,1.0,0.0,0.0,25.5,0.0,4.0,0.0,0.0,18.0,0.0,3.0,0.0,0.0,1.0,7.0,0.0,0.0,37.0,0.0,5.0,0.0,19.0,0.0,0.0,5.0,0.0,0.0,2.0,0.0
2026-03-15,Elders,0,0,0,0,0,0.0,0.0,0.0,0.0,1.0,0.0,0.0,0.0,5.0,7.0,0.0,0.0,0.0,7.0,0.0,8.0,0.0,2.0,0.0,0.0,6.0,3.0,0.0,3.0,0.0,6.0,0.0,0.0,8.0,0.0,2.0,0.0,0.0,0.0,0.0,0.0,17.0,0.0,17.0,0.0,0.0,21.0,0.0,1.0,0.0,0.0,1.0,4.0,0.0,0.0,9.0,0.0,9.0,0.0,22.0,0.0,0.0,6.0,0.0,0.0,0.0,0.0
2026-03-15,School Children,0,0,0,0,0,0.0,0.0,0.0,0.0,0.0,0.0,0.0,0.0,0.0,0.0,0.0,0.0,0.0,0.0,0.0,0.0,0.0,0.0,0.0,0.0,9.0,2.0,0.0,0.0,0.0,0.0,0.0,0.0,0.0,0.0,2.0,0.0,0.0,0.0,0.0,0.0,1.5,0.0,4.0,0.0,0.0,11.0,0.0,0.0,0.0,0.0,1.0,9.0,0.0,0.0,0.0,0.0,1.0,0.0,4.0,0.0,0.0,2.0,0.0,0.0,0.0,0.0
2026-03-15,Younger Adults,0,0,0,0,0,4.0,0.0,1.0,0.0,3.0,0.0,7.0,0.0,8.0,0.0,0.0,0.0,0.0,29.0,1.0,0.0,0.0,9.0,0.0,0.0,29.0,5.0,0.0,4.0,0.0,21.0,4.0,0.0,10.0,1.0,4.0,0.0,0.0,1.0,1.0,0.0,31.5,0.0,11.0,0.0,0.0,25.0,0.0,3.0,0.0,0.0,1.0,7.0,0.0,0.0,25.0,0.0,19.0,0.0,19.0,0.0,0.0,9.0,0.0,0.0,3.0,0.0
2026-03-15,Youngers,0,0,0,0,0,1.0,0.0,0.0,0.0,0.0,0.0,3.0,0.0,3.0,1.0,0.0,0.0,0.0,31.0,0.0,1.0,0.0,2.0,0.0,0.0,40.0,10.0,0.0,3.0,0.0,11.0,0.0,0.0,7.0,3.0,18.0,0.0,0.0,1.0,1.0,0.0,18.5,0.0,8.0,0.0,0.0,34.0,0.0,2.0,0.0,0.0,1.0,26.0,0.0,0.0,21.0,0.0,11.0,0.0,35.0,0.0,0.0,11.0,0.0,0.0,9.0,0.0
2026-03-16,Elders,0,0,0,0,0,0.0,0.0,0.0,0.0,0.0,0.0,0.0,0.0,4.0,0.0,0.0,0.0,0.0,0.0,0.0,0.0,0.0,0.0,0.0,0.0,0.0,1.0,0.0,0.0,0.0,4.0,0.0,0.0,0.0,0.0,0.0,0.0,0.0,0.0,0.0,0.0,0.0,0.0,0.0,0.0,0.0,0.0,0.0,1.0,0.0,0.0,0.0,0.0,0.0,0.0,0.0,0.0,0.0,0.0,17.0,0.0,0.0,0.0,0.0,0.0,0.0,1.0
2026-03-16,School Children,0,0,0,0,0,0.0,0.0,0.0,0.0,0.0,0.0,0.0,0.0,0.0,0.0,0.0,0.0,0.0,0.0,0.0,0.0,0.0,0.0,0.0,0.0,0.0,1.0,0.0,0.0,0.0,0.0,0.0,0.0,0.0,0.0,0.0,0.0,0.0,0.0,0.0,0.0,0.0,0.0,0.0,0.0,0.0,0.0,0.0,0.0,0.0,0.0,0.0,0.0,0.0,0.0,0.0,0.0,0.0,0.0,3.0,0.0,0.0,0.0,0.0,0.0,0.0,0.0
2026-03-16,Younger Adults,0,0,0,0,0,0.0,0.0,1.0,0.0,0.0,0.0,0.0,0.0,5.0,0.0,0.0,0.0,0.0,0.0,0.0,0.0,0.0,0.0,0.0,0.0,0.0,3.0,0.0,0.0,0.0,15.0,0.0,0.0,0.0,0.0,0.0,0.0,1.0,0.0,0.0,0.0,0.0,0.0,0.0,0.0,0.0,0.0,0.0,5.0,0.0,0.0,0.0,0.0,0.0,0.0,0.0,0.0,0.0,0.0,15.0,0.0,0.0,0.0,0.0,0.0,0.0,0.0
2026-03-16,Youngers,0,0,0,0,0,0.0,0.0,0.0,0.0,0.0,0.0,0.0,0.0,2.0,0.0,0.0,0.0,0.0,0.0,0.0,0.0,0.0,0.0,0.0,0.0,0.0,5.0,1.0,0.0,0.0,7.0,0.0,0.0,0.0,0.0,0.0,0.0,1.0,0.0,0.0,0.0,0.0,0.0,0.0,0.0,0.0,0.0,0.0,3.0,0.0,0.0,0.0,0.0,0.0,0.0,0.0,0.0,0.0,0.0,27.0,0.0,0.0,0.0,0.0,0.0,0.0,0.0
2026-03-17,Elders,0,0,0,0,0,1.0,0.0,0.0,0.0,0.5,0.0,0.0,0.0,5.0,0.0,0.0,0.0,0.0,4.0,0.0,0.0,0.0,1.0,0.0,0.0,4.0,2.0,1.0,3.0,0.0,7.0,0.0,0.0,7.0,0.0,1.0,0.0,0.0,0.0,0.0,0.0,15.0,0.0,10.0,0.0,0.0,11.0,0.0,1.0,0.0,0.0,0.0,3.0,0.0,0.0,17.0,0.0,6.0,0.0,14.0,0.0,0.0,3.0,0.0,0.0,0.0,1.0
2026-03-17,School Children,0,0,0,0,0,0.0,0.0,0.0,0.0,0.0,0.0,0.0,0.0,0.0,0.0,0.0,0.0,0.0,0.0,0.0,0.0,0.0,0.0,0.0,0.0,6.0,2.0,0.0,0.0,0.0,0.0,0.0,0.0,0.0,0.0,1.0,0.0,0.0,0.0,0.0,0.0,1.0,0.0,2.0,0.0,0.0,6.0,0.0,0.0,0.0,0.0,0.0,6.0,0.0,0.0,1.0,0.0,1.0,0.0,3.0,0.0,0.0,1.0,0.0,0.0,0.0,0.0
2026-03-17,Younger Adults,0,0,0,0,0,5.0,0.0,0.0,0.0,2.0,0.0,11.0,0.0,7.0,0.0,0.0,0.0,0.0,15.0,0.0,0.0,0.0,5.0,0.0,0.0,19.0,5.0,1.0,4.0,0.0,25.0,2.0,0.0,9.0,1.0,2.0,0.0,0.0,1.0,1.0,0.0,28.0,0.0,7.0,0.0,0.0,14.0,0.0,2.0,0.0,0.0,0.0,5.0,0.0,0.0,47.0,0.0,13.0,0.0,12.0,0.0,0.0,5.0,0.0,0.0,0.0,0.0
2026-03-17,Youngers,0,0,0,0,0,1.0,0.0,0.0,0.0,0.0,0.0,4.0,0.0,3.0,0.0,0.0,5.0,0.0,16.0,0.0,0.0,0.0,2.0,0.0,0.0,26.0,9.0,1.0,3.0,0.0,12.0,0.0,0.0,5.0,3.0,9.0,0.0,1.0,1.0,1.0,0.0,16.5,0.0,5.0,0.0,0.0,19.0,0.0,1.0,0.0,0.0,1.0,19.0,0.0,0.0,38.0,0.0,8.0,0.0,22.0,0.0,0.0,6.0,0.0,0.0,2.0,0.0
2026-03-18,Elders,0,0,0,0,0,0.0,0.0,0.0,0.0,1.0,0.0,0.0,0.0,4.0,0.0,0.0,0.0,0.0,3.0,0.0,3.0,0.0,1.0,0.0,0.0,4.0,2.0,1.0,2.0,0.0,2.0,0.0,0.0,8.0,0.0,0.0,0.0,1.0,0.0,0.0,0.0,18.5,0.0,10.0,0.0,0.0,13.0,0.0,1.0,0.0,0.0,0.0,2.0,0.0,0.0,12.0,0.0,4.0,0.0,10.0,0.0,0.0,4.0,0.0,0.0,0.0,0.0
2026-03-18,School Children,0,0,0,0,0,0.0,0.0,0.0,0.0,0.0,0.0,0.0,0.0,0.0,0.0,0.0,0.0,0.0,0.0,0.0,0.0,0.0,0.0,0.0,0.0,6.0,2.0,0.0,0.0,0.0,0.0,0.0,0.0,0.0,0.0,0.0,0.0,1.0,0.0,0.0,0.0,1.5,0.0,2.0,0.0,0.0,7.0,0.0,0.0,0.0,0.0,1.0,4.0,0.0,0.0,0.0,0.0,1.0,0.0,2.0,0.0,0.0,1.0,0.0,0.0,0.0,0.0
2026-03-18,Younger Adults,0,0,0,0,0,2.0,0.0,0.0,0.0,2.5,0.0,9.0,0.0,7.0,0.0,0.0,0.0,0.0,14.0,0.0,0.0,0.0,5.0,0.0,0.0,19.0,4.0,1.0,3.0,0.0,9.0,1.0,0.0,9.0,1.0,1.0,0.0,1.0,0.0,0.0,0.0,34.5,0.0,7.0,0.0,0.0,17.0,0.0,2.0,0.0,0.0,1.0,4.0,1.0,0.0,32.0,0.0,9.0,0.0,9.0,0.0,0.0,6.0,0.0,0.0,2.0,0.0
2026-03-18,Youngers,0,0,0,0,0,0.0,0.0,0.0,0.0,0.0,0.0,4.0,0.0,3.0,0.0,0.0,2.0,0.0,14.0,0.0,0.0,0.0,2.0,0.0,0.0,26.0,8.0,1.0,2.0,0.0,4.0,0.0,0.0,6.0,3.0,3.0,0.0,2.0,0.0,0.0,0.0,20.5,0.0,4.0,0.0,0.0,23.0,0.0,2.0,0.0,0.0,1.0,12.0,0.0,0.0,26.0,0.0,6.0,0.0,16.0,0.0,0.0,7.0,0.0,0.0,5.0,0.0
2026-03-19,Elders,0,0,0,0,0,1.0,0.0,0.0,0.0,1.5,0.0,0.0,0.0,9.0,0.0,0.0,0.0,0.0,6.0,0.0,0.0,0.0,1.0,0.0,0.0,4.0,2.0,0.0,2.0,0.0,11.0,0.0,0.0,10.0,0.0,1.0,0.0,0.0,0.0,0.0,0.0,27.0,0.0,8.0,0.0,0.0,11.0,0.0,2.0,0.0,0.0,0.0,4.0,0.0,0.0,10.0,0.0,5.0,0.0,27.0,0.0,0.0,3.0,0.0,0.0,0.0,0.0
2026-03-19,School Children,0,0,0,0,0,0.0,0.0,0.0,0.0,0.0,0.0,0.0,0.0,0.0,0.0,0.0,0.0,0.0,0.0,0.0,0.0,0.0,0.0,0.0,0.0,5.0,2.0,0.0,0.0,0.0,0.0,0.0,0.0,0.0,0.0,1.0,0.0,0.0,0.0,0.0,0.0,2.0,0.0,2.0,0.0,0.0,6.0,0.0,0.0,0.0,0.0,1.0,8.0,0.0,0.0,0.0,0.0,1.0,0.0,5.0,0.0,0.0,1.0,0.0,0.0,0.0,0.0
2026-03-19,Younger Adults,0,0,0,0,0,9.0,0.0,0.0,0.0,4.0,0.0,11.0,0.0,14.0,0.0,0.0,0.0,0.0,28.0,0.0,0.0,0.0,2.0,0.0,0.0,19.0,5.0,0.0,4.0,0.0,41.0,1.0,0.0,12.0,1.0,2.0,0.0,0.0,0.0,0.0,0.0,50.5,0.0,5.0,0.0,0.0,13.0,0.0,7.0,1.0,0.0,1.0,7.0,0.0,0.0,28.0,0.0,10.0,0.0,23.0,0.0,0.0,6.0,0.0,0.0,1.0,0.0
2026-03-19,Youngers,0,0,0,0,0,3.0,1.0,0.0,0.0,0.5,0.0,4.0,0.0,6.0,0.0,0.0,2.0,0.0,29.0,0.0,0.0,0.0,1.0,0.0,0.0,25.0,10.0,0.0,2.0,0.0,21.0,0.0,0.0,7.0,3.0,7.0,0.0,0.0,0.0,0.0,0.0,30.0,0.0,4.0,0.0,0.0,18.0,0.0,4.0,2.0,0.0,1.0,24.0,0.0,0.0,23.0,0.0,6.0,0.0,42.0,0.0,0.0,6.0,0.0,0.0,4.0,0.0
2026-03-20,Elders,0,0,0,0,0,2.0,0.0,0.0,0.0,0.5,0.0,0.0,0.0,6.0,1.0,0.0,0.0,0.0,6.0,0.0,0.0,0.0,1.0,0.0,0.0,4.0,1.0,0.0,2.0,0.0,8.0,0.0,0.0,11.0,0.0,1.0,0.0,0.0,3.0,0.0,0.0,27.5,0.0,11.0,0.0,0.0,17.0,0.0,2.0,0.0,0.0,1.0,5.0,0.0,0.0,14.0,0.0,4.0,0.0,9.0,0.0,0.0,6.0,0.0,0.0,0.0,0.0
2026-03-20,School Children,0,0,0,0,0,0.0,0.0,0.0,0.0,0.0,0.0,0.0,0.0,0.0,0.0,0.0,0.0,0.0,0.0,0.0,0.0,0.0,0.0,0.0,0.0,5.0,1.0,0.0,0.0,0.0,0.0,0.0,0.0,0.0,0.0,1.0,0.0,1.0,1.0,0.0,0.0,2.0,0.0,3.0,0.0,0.0,9.0,0.0,0.0,0.0,0.0,1.0,9.0,0.0,0.0,0.0,0.0,1.0,0.0,2.0,0.0,0.0,2.0,0.0,0.0,0.0,0.0
2026-03-20,Younger Adults,0,0,0,0,0,16.0,0.0,1.0,0.0,1.0,0.0,9.0,0.0,9.0,0.0,0.0,0.0,0.0,26.0,0.0,0.0,0.0,3.0,0.0,0.0,17.0,2.0,0.0,4.0,0.0,29.0,0.0,0.0,14.0,2.0,2.0,0.0,1.0,4.0,0.0,0.0,52.0,0.0,8.0,0.0,0.0,21.0,0.0,7.0,1.0,0.0,2.0,8.0,1.0,0.0,38.0,0.0,9.0,0.0,8.0,0.0,0.0,11.0,0.0,0.0,1.0,0.0
2026-03-20,Youngers,0,0,0,0,0,4.0,0.0,0.0,0.0,0.0,0.0,4.0,0.0,4.0,0.0,0.0,0.0,0.0,27.0,0.0,0.0,0.0,1.0,0.0,0.0,23.0,3.0,0.0,2.0,0.0,15.0,0.0,0.0,9.0,3.0,7.0,0.0,1.0,3.0,0.0,0.0,31.0,0.0,5.0,0.0,0.0,29.0,0.0,4.0,1.0,0.0,2.0,28.0,0.0,0.0,31.0,0.0,6.0,0.0,15.0,0.0,0.0,12.0,0.0,0.0,5.0,0.0
2026-03-21,Elders,0,0,0,0,0,1.0,0.0,0.0,0.0,0.5,0.0,0.0,0.0,11.0,0.0,0.0,0.0,0.0,6.0,0.0,1.0,0.0,1.0,0.0,0.0,4.0,3.0,0.0,5.0,0.0,6.0,0.0,0.0,8.0,0.0,1.0,0.0,0.0,0.0,0.0,0.0,22.5,0.0,10.0,0.0,0.0,17.0,0.0,3.0,0.0,0.0,0.0,2.0,0.0,0.0,8.0,0.0,6.0,0.0,21.0,0.0,0.0,4.0,0.0,0.0,0.0,0.0
2026-03-21,School Children,0,0,0,0,0,0.0,0.0,0.0,0.0,0.0,0.0,0.0,0.0,0.0,0.0,0.0,0.0,0.0,0.0,0.0,0.0,0.0,0.0,0.0,0.0,6.0,2.0,0.0,0.0,0.0,0.0,0.0,0.0,0.0,0.0,1.0,0.0,0.0,0.0,0.0,0.0,2.0,0.0,3.0,0.0,0.0,8.0,0.0,1.0,0.0,0.0,0.0,4.0,0.0,0.0,0.0,0.0,1.0,0.0,4.0,0.0,0.0,1.0,0.0,0.0,0.0,0.0
2026-03-21,Younger Adults,0,0,0,0,0,12.0,0.0,1.0,0.0,2.0,0.0,7.0,0.0,16.0,0.0,0.0,0.0,0.0,25.0,0.0,0.0,0.0,5.0,0.0,0.0,19.0,5.0,0.0,9.0,0.0,24.0,1.0,0.0,10.0,1.0,1.0,0.0,0.0,1.0,1.0,0.0,42.0,0.0,7.0,0.0,0.0,20.0,0.0,10.0,1.0,0.0,1.0,4.0,1.0,0.0,20.0,0.0,12.0,0.0,18.0,0.0,0.0,6.0,0.0,0.0,1.0,0.0
2026-03-21,Youngers,0,0,0,0,0,3.0,0.0,1.0,0.0,0.0,0.0,3.0,0.0,6.0,0.0,0.0,1.0,0.0,27.0,0.0,0.0,0.0,1.0,0.0,0.0,26.0,11.0,1.0,6.0,0.0,12.0,0.0,0.0,6.0,2.0,6.0,0.0,0.0,1.0,1.0,0.0,25.0,0.0,5.0,0.0,0.0,28.0,0.0,6.0,1.0,0.0,1.0,14.0,1.0,0.0,17.0,0.0,7.0,0.0,32.0,0.0,0.0,7.0,0.0,0.0,2.0,0.0
2026-03-22,Elders,0,0,0,0,0,0.0,0.0,0.0,0.0,0.5,0.0,0.0,0.0,6.0,0.0,0.0,0.0,0.0,3.0,0.0,2.0,0.0,1.0,0.0,0.0,3.0,2.0,0.0,0.0,0.0,5.0,0.0,0.0,7.0,1.0,1.0,0.0,1.0,0.0,0.0,0.0,19.0,0.0,6.0,0.0,0.0,16.0,0.0,2.0,0.0,0.0,0.0,3.0,0.0,0.0,12.0,0.0,5.0,0.0,18.0,0.0,0.0,5.0,0.0,0.0,0.0,1.0
2026-03-22,School Children,0,0,0,0,0,0.0,0.0,0.0,0.0,0.0,0.0,0.0,0.0,0.0,0.0,0.0,0.0,0.0,0.0,0.0,0.0,0.0,0.0,0.0,0.0,5.0,1.0,0.0,0.0,0.0,0.0,0.0,0.0,0.0,0.0,1.0,0.0,1.0,0.0,0.0,0.0,1.5,0.0,1.0,0.0,0.0,8.0,0.0,1.0,0.0,0.0,0.0,7.0,0.0,0.0,0.0,0.0,0.0,0.0,3.0,0.0,0.0,2.0,0.0,0.0,0.0,0.0
2026-03-22,Younger Adults,0,0,0,0,0,2.0,0.0,0.0,0.0,2.0,0.0,11.0,0.0,9.0,0.0,0.0,0.0,0.0,12.0,1.0,0.0,0.0,5.0,0.0,0.0,17.0,3.0,0.0,1.0,0.0,18.0,0.0,0.0,9.0,5.0,2.0,0.0,1.0,1.0,0.0,0.0,35.0,0.0,4.0,0.0,0.0,20.0,0.0,7.0,1.0,0.0,1.0,6.0,1.0,0.0,34.0,0.0,10.0,0.0,15.0,0.0,0.0,8.0,0.0,0.0,1.0,0.0
2026-03-22,Youngers,0,0,0,0,0,1.0,0.0,0.0,0.0,0.0,0.0,4.0,0.0,4.0,0.0,0.0,3.0,0.0,13.0,0.0,0.0,0.0,1.0,0.0,0.0,22.0,6.0,1.0,0.0,0.0,9.0,0.0,0.0,5.0,10.0,8.0,0.0,2.0,1.0,0.0,0.0,21.0,0.0,3.0,0.0,0.0,27.0,0.0,5.0,2.0,0.0,1.0,21.0,1.0,0.0,28.0,0.0,6.0,0.0,27.0,0.0,0.0,10.0,0.0,0.0,4.0,0.0
2026-03-23,Elders,0,0,0,0,0,0.0,0.0,0.0,0.0,0.0,0.0,0.0,0.0,0.0,0.0,0.0,0.0,0.0,4.0,0.0,0.0,0.0,0.0,0.0,0.0,0.0,0.0,0.0,1.0,0.0,0.0,0.0,0.0,6.0,0.0,0.0,0.0,0.0,0.0,0.0,0.0,17.0,0.0,0.0,0.0,0.0,0.0,0.0,0.0,0.0,0.0,0.0,0.0,0.0,0.0,0.0,0.0,3.0,0.0,0.0,0.0,0.0,3.0,0.0,0.0,0.0,0.0
2026-03-23,School Children,0,0,0,0,0,0.0,0.0,0.0,0.0,0.0,0.0,0.0,0.0,0.0,0.0,0.0,0.0,0.0,0.0,0.0,0.0,0.0,0.0,0.0,0.0,0.0,0.0,0.0,0.0,0.0,0.0,0.0,0.0,0.0,0.0,0.0,0.0,0.0,0.0,0.0,0.0,1.5,0.0,0.0,0.0,0.0,0.0,0.0,0.0,0.0,0.0,0.0,0.0,0.0,0.0,0.0,0.0,0.0,0.0,0.0,0.0,0.0,1.0,0.0,0.0,0.0,0.0
2026-03-23,Younger Adults,0,0,0,0,0,0.0,0.0,0.0,0.0,0.0,0.0,0.0,0.0,0.0,0.0,0.0,0.0,0.0,17.0,0.0,0.0,0.0,0.0,0.0,0.0,0.0,0.0,0.0,2.0,0.0,0.0,0.0,0.0,7.0,0.0,0.0,0.0,0.0,1.0,0.0,0.0,32.5,0.0,0.0,0.0,0.0,0.0,0.0,0.0,0.0,0.0,1.0,0.0,0.0,0.0,0.0,0.0,6.0,0.0,0.0,0.0,0.0,6.0,0.0,0.0,0.0,0.0
2026-03-23,Youngers,0,0,0,0,0,0.0,0.0,0.0,0.0,0.0,0.0,0.0,0.0,0.0,0.0,0.0,0.0,0.0,17.0,0.0,0.0,0.0,0.0,0.0,0.0,0.0,0.0,0.0,2.0,0.0,0.0,0.0,0.0,4.0,0.0,0.0,0.0,0.0,1.0,0.0,0.0,19.0,0.0,0.0,0.0,0.0,0.0,0.0,0.0,0.0,0.0,1.0,0.0,0.0,0.0,0.0,0.0,3.0,0.0,0.0,0.0,0.0,7.0,0.0,0.0,0.0,0.0
2026-03-24,Elders,0,0,0,0,0,1.0,0.0,0.0,0.0,0.5,0.0,0.0,0.0,4.0,0.0,0.0,0.0,0.0,4.0,0.0,0.0,0.0,1.0,0.0,0.0,4.0,2.0,1.0,2.0,0.0,7.0,0.0,0.0,8.0,0.0,1.0,0.0,0.0,0.0,1.0,0.0,16.5,0.0,10.0,0.0,0.0,13.0,0.0,1.0,0.0,0.0,0.0,3.0,0.0,0.0,15.0,0.0,6.0,0.0,12.0,0.0,0.0,2.0,0.0,0.0,0.0,1.0
2026-03-24,School Children,0,0,0,0,0,0.0,0.0,0.0,0.0,0.0,0.0,0.0,0.0,0.0,0.0,0.0,0.0,0.0,0.0,0.0,0.0,0.0,0.0,0.0,0.0,5.0,2.0,1.0,0.0,0.0,0.0,0.0,0.0,0.0,0.0,1.0,0.0,0.0,0.0,0.0,0.0,1.5,0.0,3.0,0.0,0.0,6.0,0.0,0.0,0.0,0.0,0.0,6.0,0.0,0.0,0.0,0.0,1.0,0.0,2.0,0.0,0.0,1.0,0.0,0.0,0.0,0.0
2026-03-24,Younger Adults,0,0,0,0,0,4.0,0.0,0.0,0.0,1.5,0.0,11.0,0.0,7.0,0.0,0.0,0.0,0.0,18.0,0.0,0.0,0.0,5.0,0.0,0.0,19.0,4.0,1.0,4.0,0.0,26.0,3.0,0.0,11.0,1.0,2.0,0.0,0.0,0.0,1.0,0.0,30.5,0.0,7.0,0.0,0.0,15.0,0.0,2.0,0.0,0.0,0.0,5.0,0.0,0.0,40.0,0.0,13.0,0.0,11.0,0.0,0.0,4.0,0.0,0.0,0.0,0.0
2026-03-24,Youngers,0,0,0,0,0,1.0,0.0,0.0,0.0,0.0,0.0,5.0,0.0,3.0,0.0,0.0,6.0,0.0,19.0,0.0,0.0,0.0,2.0,0.0,0.0,25.0,9.0,1.0,3.0,0.0,14.0,0.0,0.0,7.0,3.0,10.0,0.0,1.0,0.0,1.0,0.0,18.0,0.0,5.0,0.0,0.0,21.0,0.0,1.0,0.0,0.0,1.0,17.0,0.0,0.0,33.0,0.0,8.0,0.0,19.0,0.0,0.0,5.0,0.0,0.0,0.0,0.0
2026-03-25,Elders,0,0,0,0,0,0.0,0.0,0.0,0.0,1.5,0.0,0.0,0.0,5.0,0.0,0.0,0.0,0.0,4.0,0.0,3.0,0.0,1.0,0.0,0.0,4.0,2.0,1.0,1.0,0.0,3.0,0.0,0.0,8.0,0.0,0.0,0.0,1.0,0.0,0.0,0.0,20.0,0.0,10.0,0.0,0.0,12.0,0.0,1.0,0.0,0.0,0.0,2.0,0.0,0.0,12.0,0.0,4.0,0.0,9.0,0.0,0.0,3.0,0.0,0.0,0.0,0.0
2026-03-25,School Children,0,0,0,0,0,0.0,0.0,0.0,0.0,0.0,0.0,0.0,0.0,0.0,0.0,0.0,0.0,0.0,0.0,0.0,0.0,0.0,0.0,0.0,0.0,6.0,2.0,1.0,0.0,0.0,0.0,0.0,0.0,0.0,0.0,0.0,0.0,1.0,0.0,0.0,0.0,1.5,0.0,2.0,0.0,0.0,6.0,0.0,0.0,0.0,0.0,0.0,5.0,0.0,0.0,0.0,0.0,1.0,0.0,1.0,0.0,0.0,1.0,0.0,0.0,0.0,0.0
2026-03-25,Younger Adults,0,0,0,0,0,2.0,0.0,0.0,0.0,3.0,0.0,9.0,0.0,7.0,0.0,0.0,0.0,0.0,18.0,0.0,0.0,0.0,6.0,0.0,0.0,20.0,4.0,1.0,3.0,0.0,10.0,1.0,0.0,9.0,1.0,1.0,0.0,1.0,0.0,0.0,0.0,37.5,0.0,7.0,0.0,0.0,14.0,0.0,3.0,0.0,0.0,1.0,4.0,0.0,0.0,32.0,0.0,9.0,0.0,7.0,0.0,0.0,5.0,0.0,0.0,1.0,0.0
2026-03-25,Youngers,0,0,0,0,0,0.0,0.0,0.0,0.0,0.0,0.0,3.0,0.0,3.0,0.0,0.0,2.0,0.0,18.0,0.0,0.0,0.0,2.0,0.0,0.0,28.0,8.0,1.0,2.0,0.0,5.0,0.0,0.0,6.0,2.0,3.0,0.0,2.0,0.0,0.0,0.0,22.0,0.0,5.0,0.0,0.0,19.0,0.0,2.0,1.0,0.0,1.0,14.0,0.0,0.0,26.0,0.0,5.0,0.0,13.0,0.0,0.0,5.0,0.0,0.0,5.0,0.0
2026-03-26,Elders,0,0,0,0,0,0.0,0.0,0.0,0.0,0.5,0.0,0.0,0.0,6.0,0.0,0.0,0.0,0.0,4.0,0.0,2.0,0.0,1.0,0.0,0.0,3.0,3.0,1.0,1.0,0.0,1.0,0.0,0.0,12.0,0.0,0.0,0.0,0.0,0.0,0.0,0.0,22.0,0.0,8.0,0.0,0.0,11.0,0.0,1.0,1.0,0.0,0.0,2.0,0.0,0.0,18.0,0.0,4.0,0.0,21.0,0.0,0.0,4.0,0.0,0.0,0.0,0.0
2026-03-26,School Children,0,0,0,0,0,0.0,0.0,0.0,0.0,0.0,0.0,0.0,0.0,0.0,0.0,0.0,0.0,0.0,0.0,0.0,0.0,0.0,0.0,0.0,0.0,5.0,2.0,1.0,0.0,0.0,0.0,0.0,0.0,0.0,0.0,1.0,0.0,0.0,0.0,0.0,0.0,1.5,0.0,2.0,0.0,0.0,5.0,0.0,0.0,0.0,0.0,0.0,5.0,0.0,0.0,1.0,0.0,1.0,0.0,4.0,0.0,0.0,2.0,0.0,0.0,0.0,0.0
2026-03-26,Younger Adults,0,0,0,0,0,2.0,0.0,0.0,0.0,2.0,0.0,9.0,0.0,9.0,0.0,0.0,0.0,0.0,16.0,1.0,0.0,0.0,6.0,0.0,0.0,16.0,5.0,1.0,2.0,0.0,6.0,1.0,0.0,16.0,0.0,1.0,0.0,0.0,0.0,0.0,0.0,41.0,0.0,5.0,0.0,0.0,13.0,0.0,2.0,1.0,0.0,0.0,4.0,1.0,0.0,49.0,0.0,9.0,0.0,18.0,0.0,0.0,7.0,0.0,0.0,0.0,0.0
2026-03-26,Youngers,0,0,0,0,0,1.0,0.0,0.0,0.0,0.0,0.0,4.0,0.0,3.0,0.0,0.0,6.0,0.0,17.0,1.0,0.0,0.0,2.0,0.0,0.0,21.0,11.0,1.0,2.0,0.0,3.0,0.0,0.0,10.0,0.0,4.0,0.0,0.0,0.0,0.0,0.0,24.5,0.0,3.0,0.0,0.0,18.0,0.0,2.0,2.0,0.0,0.0,15.0,0.0,0.0,40.0,0.0,6.0,0.0,33.0,0.0,0.0,8.0,0.0,0.0,1.0,0.0
2026-03-27,Elders,0,0,0,0,0,1.0,0.0,0.0,0.0,1.0,0.0,0.0,0.0,6.0,2.0,0.0,0.0,0.0,3.0,0.0,2.0,0.0,2.0,0.0,0.0,4.0,2.0,0.0,3.0,0.0,4.0,0.0,0.0,10.0,0.0,0.0,0.0,0.0,4.0,0.0,0.0,21.5,0.0,9.0,0.0,0.0,14.0,0.0,2.0,1.0,0.0,0.0,4.0,0.0,0.0,10.0,0.0,5.0,0.0,17.0,0.0,0.0,5.0,0.0,0.0,0.0,4.0
2026-03-27,School Children,0,0,0,0,0,0.0,0.0,0.0,0.0,0.0,0.0,0.0,0.0,0.0,0.0,0.0,0.0,0.0,0.0,0.0,0.0,0.0,0.0,0.0,0.0,6.0,1.0,0.0,0.0,0.0,0.0,0.0,0.0,0.0,0.0,0.0,0.0,0.0,1.0,0.0,0.0,1.5,0.0,3.0,0.0,0.0,7.0,0.0,0.0,0.0,0.0,0.0,9.0,0.0,0.0,0.0,0.0,1.0,0.0,3.0,0.0,0.0,2.0,0.0,0.0,0.0,0.0
2026-03-27,Younger Adults,0,0,0,0,0,9.0,0.0,0.0,0.0,3.0,0.0,7.0,0.0,9.0,0.0,0.0,0.0,0.0,13.0,0.0,0.0,0.0,8.0,0.0,0.0,19.0,3.0,0.0,5.0,0.0,13.0,6.0,0.0,12.0,2.0,0.0,0.0,0.0,5.0,1.0,0.0,39.5,0.0,6.0,0.0,0.0,18.0,0.0,6.0,1.0,0.0,0.0,8.0,1.0,0.0,27.0,0.0,11.0,0.0,14.0,0.0,0.0,9.0,0.0,0.0,1.0,0.0
2026-03-27,Youngers,0,0,0,0,0,3.0,0.0,0.0,0.0,0.0,0.0,3.0,0.0,3.0,0.0,0.0,4.0,0.0,14.0,0.0,0.0,0.0,2.0,0.0,0.0,26.0,6.0,0.0,3.0,0.0,7.0,0.0,0.0,7.0,3.0,0.0,0.0,0.0,5.0,0.0,0.0,23.5,0.0,4.0,1.0,0.0,24.0,0.0,4.0,2.0,0.0,1.0,27.0,0.0,0.0,23.0,0.0,6.0,0.0,25.0,0.0,0.0,11.0,0.0,0.0,4.0,0.0
2026-03-28,Elders,0,0,0,0,0,1.0,0.0,0.0,0.0,0.5,0.0,0.0,0.0,7.0,0.0,0.0,0.0,0.0,4.0,0.0,2.0,0.0,1.0,0.0,0.0,3.0,2.0,0.0,2.0,0.0,6.0,0.0,0.0,8.0,0.0,0.0,0.0,0.0,1.0,0.0,0.0,28.0,0.0,9.0,0.0,0.0,13.0,0.0,1.0,0.0,0.0,0.0,1.0,0.0,0.0,16.0,0.0,4.0,0.0,13.0,0.0,0.0,2.0,0.0,0.0,0.0,1.0
2026-03-28,School Children,0,0,0,0,0,0.0,0.0,0.0,0.0,0.0,0.0,0.0,0.0,0.0,0.0,0.0,0.0,0.0,0.0,0.0,0.0,0.0,0.0,0.0,0.0,5.0,1.0,0.0,0.0,0.0,0.0,0.0,0.0,0.0,0.0,1.0,0.0,0.0,0.0,0.0,0.0,2.0,0.0,3.0,0.0,0.0,6.0,0.0,0.0,0.0,0.0,0.0,2.0,0.0,0.0,1.0,0.0,1.0,0.0,2.0,0.0,0.0,1.0,0.0,0.0,0.0,0.0
2026-03-28,Younger Adults,0,0,0,0,0,4.0,0.0,0.0,0.0,2.0,0.0,11.0,0.0,12.0,0.0,0.0,0.0,0.0,16.0,0.0,0.0,0.0,5.0,0.0,0.0,17.0,3.0,0.0,4.0,0.0,20.0,0.0,0.0,10.0,2.0,1.0,0.0,0.0,2.0,0.0,0.0,52.5,0.0,6.0,0.0,0.0,16.0,0.0,5.0,0.0,0.0,0.0,2.0,1.0,0.0,43.0,0.0,9.0,0.0,11.0,0.0,0.0,4.0,0.0,0.0,0.0,0.0
2026-03-28,Youngers,0,0,0,0,0,1.0,0.0,0.0,0.0,0.0,0.0,4.0,0.0,5.0,0.0,0.0,6.0,0.0,16.0,0.0,0.0,0.0,2.0,0.0,0.0,23.0,7.0,1.0,2.0,0.0,10.0,0.0,0.0,6.0,3.0,4.0,0.0,0.0,1.0,0.0,0.0,31.0,0.0,4.0,0.0,0.0,22.0,0.0,3.0,0.0,0.0,1.0,7.0,0.0,0.0,36.0,0.0,5.0,0.0,19.0,0.0,0.0,5.0,0.0,0.0,2.0,0.0
2026-03-29,Elders,0,0,0,0,0,1.0,0.0,0.0,0.0,0.5,0.0,0.0,0.0,2.0,0.0,0.0,0.0,0.0,5.0,0.0,0.0,0.0,1.0,0.0,0.0,5.0,1.0,0.0,3.0,0.0,4.0,0.0,0.0,6.0,0.0,0.0,0.0,0.0,1.0,0.0,0.0,17.5,0.0,9.0,0.0,0.0,25.0,0.0,1.0,0.0,0.0,0.0,3.0,0.0,0.0,4.0,0.0,4.0,0.0,22.0,0.0,0.0,3.0,0.0,0.0,0.0,1.0
2026-03-29,School Children,0,0,0,0,0,0.0,0.0,0.0,0.0,0.0,0.0,0.0,0.0,0.0,0.0,0.0,0.0,0.0,0.0,0.0,0.0,0.0,0.0,0.0,0.0,7.0,1.0,0.0,0.0,0.0,0.0,0.0,0.0,0.0,0.0,0.0,0.0,0.0,0.0,0.0,0.0,1.5,0.0,3.0,0.0,0.0,13.0,0.0,0.0,0.0,0.0,1.0,6.0,0.0,0.0,0.0,0.0,1.0,0.0,4.0,0.0,0.0,1.0,0.0,0.0,0.0,0.0
2026-03-29,Younger Adults,0,0,0,0,0,9.0,0.0,0.0,0.0,1.5,0.0,0.0,0.0,2.0,0.0,0.0,0.0,0.0,20.0,0.0,0.0,0.0,4.0,0.0,0.0,22.0,3.0,1.0,6.0,0.0,15.0,1.0,0.0,7.0,0.0,0.0,0.0,0.0,2.0,0.0,0.0,32.5,0.0,6.0,0.0,0.0,30.0,0.0,4.0,0.0,0.0,1.0,6.0,0.0,0.0,11.0,0.0,8.0,0.0,19.0,0.0,0.0,6.0,0.0,0.0,3.0,0.0
2026-03-29,Youngers,0,0,0,0,0,3.0,0.0,0.0,0.0,0.0,0.0,0.0,0.0,1.0,0.0,0.0,3.0,0.0,21.0,0.0,0.0,0.0,1.0,0.0,0.0,30.0,6.0,1.0,4.0,0.0,7.0,0.0,0.0,4.0,0.0,0.0,0.0,0.0,2.0,0.0,0.0,19.0,0.0,4.0,0.0,0.0,41.0,0.0,3.0,0.0,0.0,1.0,20.0,0.0,0.0,10.0,0.0,5.0,0.0,35.0,0.0,0.0,6.0,0.0,0.0,8.0,0.0
2026-03-30,Elders,0,0,0,0,0,0.0,0.0,0.0,0.0,0.0,0.0,0.0,0.0,22.0,1.0,0.0,0.0,0.0,4.0,0.0,2.0,0.0,0.0,0.0,0.0,4.0,1.0,0.0,2.0,0.0,6.0,0.0,0.0,2.0,0.0,0.0,0.0,0.0,0.0,0.0,0.0,16.5,0.0,8.0,0.0,0.0,19.0,0.0,2.0,0.0,0.0,0.0,3.0,0.0,0.0,8.0,0.0,4.0,0.0,28.0,0.0,0.0,2.0,0.0,0.0,0.0,2.0
2026-03-30,School Children,0,0,0,0,0,0.0,0.0,0.0,0.0,0.0,0.0,0.0,0.0,0.0,0.0,0.0,0.0,0.0,0.0,0.0,0.0,0.0,0.0,0.0,0.0,5.0,1.0,0.0,0.0,0.0,0.0,0.0,0.0,0.0,0.0,1.0,0.0,0.0,0.0,0.0,0.0,1.5,0.0,2.0,0.0,0.0,10.0,0.0,1.0,0.0,0.0,0.0,6.0,0.0,0.0,0.0,0.0,0.0,0.0,5.0,0.0,0.0,1.0,0.0,0.0,0.0,0.0
2026-03-30,Younger Adults,0,0,0,0,0,2.0,0.0,1.0,0.0,0.5,0.0,9.0,0.0,33.0,0.0,0.0,0.0,0.0,19.0,0.0,0.0,0.0,1.0,0.0,0.0,17.0,3.0,0.0,4.0,0.0,22.0,3.0,0.0,3.0,1.0,1.0,0.0,0.0,1.0,0.0,0.0,30.5,0.0,5.0,0.0,0.0,23.0,0.0,7.0,0.0,0.0,0.0,5.0,0.0,0.0,23.0,0.0,8.0,0.0,23.0,0.0,0.0,4.0,0.0,0.0,2.0,0.0
2026-03-30,Youngers,0,0,0,0,0,1.0,0.0,0.0,0.0,0.0,0.0,3.0,0.0,13.0,0.0,0.0,1.0,0.0,20.0,0.0,0.0,0.0,0.0,0.0,0.0,23.0,5.0,0.0,2.0,0.0,11.0,0.0,0.0,2.0,1.0,5.0,0.0,0.0,0.0,0.0,0.0,18.0,0.0,3.0,0.0,0.0,31.0,0.0,5.0,0.0,0.0,0.0,17.0,0.0,0.0,19.0,0.0,5.0,0.0,43.0,0.0,0.0,4.0,0.0,0.0,5.0,0.0
2026-03-31,Elders,0,0,0,0,0,0.0,0.0,0.0,0.0,1.5,0.0,0.0,0.0,4.0,0.0,0.0,0.0,0.0,4.0,0.0,4.0,0.0,3.0,0.0,0.0,5.0,3.0,0.0,3.0,0.0,2.0,0.0,0.0,12.0,0.0,0.0,0.0,0.0,0.0,0.0,0.0,24.5,0.0,10.0,0.0,0.0,12.0,0.0,1.0,0.0,0.0,0.0,3.0,0.0,0.0,22.0,0.0,4.0,0.0,19.0,0.0,0.0,5.0,0.0,0.0,0.0,1.0
2026-03-31,School Children,0,0,0,0,0,0.0,0.0,0.0,0.0,0.0,0.0,0.0,0.0,0.0,0.0,0.0,0.0,0.0,0.0,0.0,0.0,0.0,0.0,0.0,0.0,8.0,2.0,0.0,0.0,0.0,0.0,0.0,0.0,0.0,0.0,0.0,0.0,1.0,0.0,0.0,0.0,2.0,0.0,3.0,0.0,0.0,6.0,0.0,0.0,0.0,0.0,0.0,6.0,0.0,0.0,1.0,0.0,1.0,0.0,3.0,0.0,0.0,2.0,0.0,0.0,0.0,0.0
2026-03-31,Younger Adults,0,0,0,0,0,2.0,0.0,0.0,0.0,4.0,0.0,10.0,0.0,5.0,0.0,0.0,0.0,0.0,15.0,0.0,0.0,0.0,11.0,0.0,0.0,26.0,5.0,0.0,6.0,0.0,9.0,6.0,0.0,14.0,0.0,1.0,0.0,1.0,0.0,0.0,0.0,46.0,0.0,7.0,0.0,0.0,14.0,0.0,5.0,0.0,0.0,0.0,5.0,0.0,0.0,60.0,0.0,9.0,0.0,16.0,0.0,0.0,9.0,0.0,0.0,1.0,0.0
2026-03-31,Youngers,0,0,0,0,0,1.0,0.0,0.0,0.0,0.0,0.0,4.0,0.0,2.0,0.0,0.0,6.0,0.0,16.0,0.0,0.0,0.0,3.0,0.0,0.0,35.0,11.0,1.0,4.0,0.0,5.0,0.0,0.0,9.0,0.0,2.0,0.0,1.0,0.0,0.0,0.0,27.5,0.0,5.0,0.0,0.0,19.0,0.0,3.0,0.0,0.0,0.0,18.0,0.0,0.0,50.0,0.0,5.0,0.0,30.0,0.0,0.0,10.0,0.0,0.0,2.0,0.0
2026-04-01,Elders,0,0,0,0,0,0.0,0.0,0.0,0.0,1.0,0.0,0.0,0.0,6.0,1.0,0.0,0.0,0.0,3.0,0.0,0.0,0.0,1.0,0.0,0.0,4.0,2.0,2.0,1.0,0.0,5.0,0.0,0.0,7.0,0.0,0.0,0.0,0.0,0.0,0.0,0.0,20.5,0.0,9.0,0.0,0.0,15.0,0.0,1.0,1.0,0.0,0.0,4.0,0.0,0.0,11.0,0.0,8.0,0.0,30.0,0.0,0.0,4.0,0.0,0.0,0.0,1.0
2026-04-01,School Children,0,0,0,0,0,0.0,0.0,0.0,0.0,0.0,0.0,0.0,0.0,0.0,0.0,0.0,0.0,0.0,0.0,0.0,0.0,0.0,0.0,0.0,0.0,6.0,2.0,1.0,0.0,0.0,0.0,0.0,0.0,0.0,0.0,0.0,0.0,0.0,0.0,0.0,0.0,1.5,0.0,2.0,0.0,0.0,7.0,0.0,0.0,0.0,0.0,0.0,8.0,0.0,0.0,1.0,0.0,1.0,0.0,5.0,0.0,0.0,1.0,0.0,0.0,0.0,0.0
2026-04-01,Younger Adults,0,0,0,0,0,3.0,0.0,1.0,0.0,2.5,0.0,11.0,0.0,8.0,0.0,0.0,0.0,0.0,15.0,0.0,0.0,0.0,5.0,0.0,0.0,21.0,5.0,3.0,2.0,0.0,19.0,1.0,0.0,8.0,1.0,1.0,0.0,0.0,0.0,0.0,0.0,38.5,0.0,6.0,0.0,0.0,18.0,0.0,2.0,1.0,0.0,0.0,7.0,0.0,0.0,30.0,0.0,16.0,0.0,26.0,0.0,0.0,6.0,0.0,0.0,1.0,0.0
2026-04-01,Youngers,0,0,0,0,0,1.0,0.0,0.0,0.0,0.0,0.0,4.0,0.0,3.0,0.0,0.0,6.0,0.0,16.0,0.0,0.0,0.0,2.0,0.0,0.0,29.0,9.0,3.0,1.0,0.0,9.0,0.0,0.0,5.0,3.0,4.0,0.0,0.0,0.0,0.0,0.0,23.0,0.0,4.0,0.0,0.0,24.0,0.0,2.0,3.0,0.0,1.0,24.0,0.0,0.0,25.0,0.0,9.0,0.0,47.0,0.0,0.0,8.0,0.0,0.0,4.0,0.0
2026-04-02,Elders,0,0,0,0,0,1.0,0.0,0.0,0.0,1.5,0.0,0.0,0.0,7.0,1.0,0.0,0.0,0.0,6.0,0.0,0.0,0.0,1.0,0.0,0.0,5.0,2.0,0.0,2.0,0.0,9.0,0.0,0.0,7.0,0.0,1.0,0.0,0.0,0.0,0.0,0.0,29.5,0.0,9.0,0.0,0.0,12.0,0.0,2.0,1.0,0.0,0.0,3.0,0.0,0.0,10.0,0.0,5.0,0.0,23.0,0.0,0.0,3.0,0.0,0.0,0.0,0.0
2026-04-02,School Children,0,0,0,0,0,0.0,0.0,0.0,0.0,0.0,0.0,0.0,0.0,0.0,0.0,0.0,0.0,0.0,0.0,0.0,0.0,0.0,0.0,0.0,0.0,7.0,2.0,0.0,0.0,0.0,0.0,0.0,0.0,0.0,0.0,1.0,0.0,0.0,0.0,0.0,0.0,2.5,0.0,2.0,0.0,0.0,6.0,0.0,1.0,0.0,0.0,1.0,6.0,0.0,0.0,0.0,0.0,0.0,0.0,4.0,0.0,0.0,1.0,0.0,0.0,0.0,0.0
2026-04-02,Younger Adults,0,0,0,0,0,10.0,0.0,0.0,0.0,3.5,0.0,9.0,0.0,11.0,0.0,0.0,0.0,0.0,26.0,0.0,0.0,0.0,3.0,0.0,0.0,25.0,5.0,0.0,3.0,0.0,35.0,1.0,0.0,9.0,1.0,1.0,0.0,0.0,0.0,0.0,0.0,55.5,0.0,6.0,0.0,0.0,14.0,0.0,8.0,1.0,0.0,1.0,6.0,0.0,0.0,26.0,0.0,10.0,0.0,20.0,0.0,0.0,6.0,0.0,0.0,1.0,0.0
2026-04-02,Youngers,0,0,0,0,0,3.0,1.0,0.0,0.0,0.0,0.0,3.0,0.0,5.0,0.0,0.0,2.0,0.0,28.0,0.0,0.0,0.0,1.0,0.0,0.0,33.0,10.0,0.0,2.0,0.0,18.0,0.0,0.0,5.0,3.0,7.0,0.0,0.0,0.0,0.0,0.0,33.0,0.0,4.0,0.0,0.0,19.0,0.0,5.0,2.0,0.0,1.0,20.0,0.0,0.0,21.0,0.0,6.0,0.0,36.0,0.0,0.0,7.0,0.0,0.0,4.0,0.0
2026-04-03,Elders,0,0,0,0,0,0.0,0.0,0.0,0.0,0.5,0.0,0.0,0.0,6.0,0.0,0.0,0.0,0.0,3.0,1.0,4.0,0.0,8.0,0.0,0.0,3.0,2.0,0.0,4.0,0.0,1.0,0.0,0.0,8.0,0.0,1.0,0.0,0.0,1.0,0.0,0.0,17.5,0.0,4.0,0.0,0.0,13.0,0.0,1.0,1.0,0.0,0.0,2.0,1.0,0.0,3.0,0.0,4.0,0.0,17.0,0.0,0.0,2.0,0.0,0.0,0.0,0.0
2026-04-03,School Children,0,0,0,0,0,0.0,0.0,0.0,0.0,0.0,0.0,0.0,0.0,0.0,0.0,0.0,0.0,0.0,0.0,0.0,0.0,0.0,0.0,0.0,0.0,4.0,2.0,0.0,0.0,0.0,0.0,0.0,0.0,0.0,0.0,1.0,0.0,1.0,0.0,0.0,0.0,1.5,0.0,1.0,0.0,0.0,7.0,0.0,0.0,0.0,0.0,0.0,3.0,0.0,0.0,0.0,0.0,0.0,0.0,3.0,0.0,0.0,1.0,0.0,0.0,0.0,0.0
2026-04-03,Younger Adults,0,0,0,0,0,3.0,0.0,0.0,0.0,2.0,0.0,7.0,0.0,10.0,0.0,0.0,0.0,0.0,13.0,1.0,0.0,0.0,32.0,0.0,0.0,14.0,4.0,1.0,6.0,0.0,5.0,2.0,0.0,10.0,1.0,1.0,0.0,1.0,2.0,0.0,0.0,32.5,0.0,3.0,0.0,0.0,17.0,0.0,5.0,1.0,0.0,0.0,3.0,2.0,0.0,8.0,0.0,8.0,0.0,15.0,0.0,0.0,4.0,0.0,0.0,0.0,0.0
2026-04-03,Youngers,0,0,0,0,0,1.0,0.0,0.0,0.0,0.0,0.0,3.0,0.0,4.0,0.0,0.0,3.0,0.0,14.0,1.0,0.0,0.0,9.0,0.0,0.0,19.0,9.0,1.0,4.0,0.0,2.0,0.0,0.0,7.0,3.0,6.0,0.0,1.0,2.0,0.0,0.0,19.0,0.0,2.0,0.0,0.0,22.0,0.0,3.0,4.0,0.0,0.0,11.0,2.0,0.0,7.0,0.0,5.0,0.0,27.0,0.0,0.0,5.0,0.0,0.0,1.0,0.0
2026-04-04,Elders,0,0,0,0,0,0.0,0.0,0.0,0.0,0.5,0.0,0.0,0.0,9.0,0.0,0.0,0.0,0.0,3.0,0.0,2.0,0.0,1.0,0.0,0.0,4.0,2.0,0.0,4.0,0.0,5.0,0.0,0.0,9.0,0.0,0.0,0.0,0.0,1.0,0.0,0.0,23.5,0.0,10.0,0.0,0.0,13.0,0.0,1.0,0.0,0.0,0.0,1.0,0.0,0.0,20.0,0.0,5.0,0.0,14.0,0.0,0.0,3.0,0.0,0.0,0.0,1.0
2026-04-04,School Children,0,0,0,0,0,0.0,0.0,0.0,0.0,0.0,0.0,0.0,0.0,0.0,0.0,0.0,0.0,0.0,0.0,0.0,0.0,0.0,0.0,0.0,0.0,6.0,2.0,0.0,0.0,0.0,0.0,0.0,0.0,0.0,0.0,1.0,0.0,0.0,0.0,0.0,0.0,2.0,0.0,3.0,0.0,0.0,6.0,0.0,0.0,0.0,0.0,0.0,3.0,0.0,0.0,1.0,0.0,0.0,0.0,2.0,0.0,0.0,1.0,0.0,0.0,0.0,0.0
2026-04-04,Younger Adults,0,0,0,0,0,0.0,0.0,0.0,0.0,1.5,0.0,11.0,0.0,14.0,0.0,0.0,0.0,0.0,11.0,0.0,0.0,0.0,5.0,0.0,0.0,20.0,3.0,0.0,6.0,0.0,20.0,0.0,0.0,11.0,2.0,1.0,0.0,0.0,2.0,0.0,0.0,44.0,0.0,7.0,0.0,0.0,16.0,0.0,6.0,0.0,0.0,0.0,2.0,1.0,0.0,56.0,0.0,10.0,0.0,12.0,0.0,0.0,5.0,0.0,0.0,1.0,0.0
2026-04-04,Youngers,0,0,0,0,0,0.0,0.0,0.0,0.0,0.0,0.0,5.0,0.0,5.0,0.0,0.0,8.0,0.0,12.0,0.0,0.0,0.0,1.0,0.0,0.0,27.0,7.0,1.0,4.0,0.0,10.0,0.0,0.0,7.0,3.0,5.0,0.0,0.0,1.0,0.0,0.0,26.0,0.0,5.0,0.0,0.0,22.0,0.0,4.0,0.0,0.0,1.0,8.0,0.0,0.0,46.0,0.0,6.0,0.0,21.0,0.0,0.0,6.0,0.0,0.0,2.0,0.0
2026-04-05,Elders,0,0,0,0,0,0.0,0.0,0.0,0.0,0.5,0.0,0.0,0.0,11.0,0.0,0.0,0.0,0.0,4.0,0.0,0.0,0.0,1.0,0.0,0.0,4.0,1.0,0.0,1.0,0.0,2.0,0.0,0.0,6.0,0.0,1.0,0.0,0.0,0.0,0.0,0.0,18.0,0.0,8.0,0.0,0.0,21.0,0.0,2.0,0.0,0.0,0.0,4.0,0.0,0.0,10.0,0.0,5.0,0.0,20.0,0.0,0.0,4.0,0.0,0.0,0.0,1.0
2026-04-05,School Children,0,0,0,0,0,0.0,0.0,0.0,0.0,0.0,0.0,0.0,0.0,0.0,0.0,0.0,0.0,0.0,0.0,0.0,0.0,0.0,0.0,0.0,0.0,5.0,0.0,0.0,0.0,0.0,0.0,0.0,0.0,0.0,0.0,1.0,0.0,0.0,0.0,0.0,0.0,1.5,0.0,2.0,0.0,0.0,11.0,0.0,1.0,0.0,0.0,0.0,7.0,0.0,0.0,1.0,0.0,0.0,0.0,3.0,0.0,0.0,1.0,0.0,0.0,0.0,0.0
2026-04-05,Younger Adults,0,0,0,0,0,3.0,0.0,1.0,0.0,1.5,0.0,9.0,0.0,17.0,0.0,0.0,0.0,0.0,18.0,1.0,0.0,0.0,5.0,0.0,0.0,18.0,1.0,0.0,1.0,0.0,9.0,0.0,0.0,7.0,0.0,2.0,1.0,0.0,0.0,0.0,0.0,33.5,0.0,5.0,0.0,0.0,26.0,0.0,7.0,0.0,0.0,0.0,6.0,0.0,0.0,28.0,0.0,10.0,0.0,17.0,0.0,0.0,7.0,0.0,0.0,1.0,0.0
2026-04-05,Youngers,0,0,0,0,0,1.0,0.0,0.0,0.0,0.0,0.0,3.0,0.0,6.0,0.0,0.0,2.0,0.0,18.0,0.0,0.0,0.0,2.0,0.0,0.0,24.0,2.0,0.0,1.0,0.0,4.0,0.0,0.0,4.0,0.0,11.0,0.0,1.0,0.0,0.0,0.0,20.0,0.0,4.0,0.0,0.0,36.0,0.0,5.0,1.0,0.0,0.0,21.0,0.0,0.0,23.0,0.0,6.0,0.0,31.0,0.0,0.0,8.0,0.0,0.0,2.0,0.0
2026-04-06,Elders,0,0,0,0,0,0.0,0.0,0.0,0.0,0.0,0.0,0.0,0.0,6.0,1.0,0.0,0.0,0.0,3.0,0.0,2.0,0.0,0.0,0.0,0.0,3.0,2.0,0.0,1.0,0.0,4.0,0.0,0.0,6.0,0.0,0.0,0.0,0.0,1.0,0.0,0.0,16.0,0.0,6.0,0.0,0.0,12.0,0.0,2.0,0.0,0.0,0.0,2.0,0.0,0.0,16.0,0.0,4.0,0.0,19.0,0.0,0.0,3.0,0.0,0.0,0.0,1.0
2026-04-06,School Children,0,0,0,0,0,0.0,0.0,0.0,0.0,0.0,0.0,0.0,0.0,0.0,0.0,0.0,0.0,0.0,0.0,0.0,0.0,0.0,0.0,0.0,0.0,4.0,1.0,0.0,0.0,0.0,0.0,0.0,0.0,0.0,0.0,0.0,0.0,0.0,0.0,0.0,0.0,1.0,0.0,1.0,0.0,0.0,6.0,0.0,0.0,0.0,0.0,0.0,5.0,0.0,0.0,1.0,0.0,0.0,0.0,3.0,0.0,0.0,1.0,0.0,0.0,0.0,0.0
2026-04-06,Younger Adults,0,0,0,0,0,2.0,0.0,0.0,0.0,0.5,0.0,5.0,0.0,9.0,0.0,0.0,0.0,0.0,14.0,1.0,0.0,0.0,2.0,0.0,0.0,15.0,3.0,0.0,3.0,0.0,14.0,2.0,0.0,7.0,1.0,1.0,0.0,0.0,1.0,0.0,0.0,30.0,0.0,4.0,0.0,0.0,15.0,0.0,6.0,0.0,0.0,1.0,4.0,1.0,0.0,43.0,0.0,8.0,0.0,16.0,0.0,0.0,6.0,0.0,0.0,2.0,0.0
2026-04-06,Youngers,0,0,0,0,0,0.0,0.0,0.0,0.0,0.0,0.0,2.0,0.0,4.0,0.0,0.0,1.0,0.0,14.0,0.0,0.0,0.0,1.0,0.0,0.0,20.0,6.0,0.0,2.0,0.0,7.0,0.0,0.0,4.0,2.0,4.0,0.0,1.0,1.0,0.0,0.0,18.0,0.0,3.0,0.0,0.0,21.0,0.0,4.0,0.0,0.0,1.0,15.0,0.0,0.0,35.0,0.0,5.0,0.0,29.0,0.0,0.0,7.0,0.0,0.0,5.0,0.0
2026-04-07,Elders,0,0,0,0,0,1.0,0.0,0.0,0.0,0.5,0.0,0.0,0.0,2.0,3.0,0.0,0.0,0.0,4.0,0.0,3.0,0.0,1.0,0.0,0.0,4.0,1.0,0.0,1.0,0.0,6.0,0.0,0.0,11.0,0.0,0.0,0.0,0.0,0.0,0.0,0.0,21.0,0.0,4.0,0.0,0.0,18.0,0.0,0.0,0.0,0.0,1.0,5.0,0.0,0.0,15.0,0.0,8.0,0.0,27.0,0.0,0.0,6.0,0.0,0.0,0.0,2.0
2026-04-07,School Children,0,0,0,0,0,0.0,0.0,0.0,0.0,0.0,0.0,0.0,0.0,0.0,0.0,0.0,0.0,0.0,0.0,0.0,0.0,0.0,0.0,0.0,0.0,7.0,1.0,0.0,0.0,0.0,0.0,0.0,0.0,0.0,0.0,0.0,0.0,0.0,0.0,0.0,0.0,1.5,0.0,1.0,0.0,0.0,9.0,0.0,0.0,0.0,0.0,2.0,9.0,0.0,0.0,1.0,0.0,1.0,0.0,5.0,0.0,0.0,2.0,0.0,0.0,0.0,0.0
2026-04-07,Younger Adults,0,0,0,0,0,4.0,0.0,0.0,0.0,1.0,0.0,10.0,0.0,4.0,0.0,0.0,0.0,0.0,17.0,0.0,0.0,0.0,4.0,0.0,0.0,22.0,2.0,0.0,3.0,0.0,22.0,1.0,0.0,13.0,0.0,0.0,0.0,0.0,0.0,1.0,0.0,39.0,0.0,3.0,0.0,0.0,23.0,0.0,2.0,0.0,0.0,2.0,8.0,1.0,0.0,40.0,0.0,16.0,0.0,22.0,0.0,0.0,11.0,0.0,0.0,1.0,0.0
2026-04-07,Youngers,0,0,0,0,0,1.0,0.0,0.0,0.0,0.0,0.0,4.0,0.0,1.0,0.0,0.0,2.0,0.0,17.0,0.0,0.0,0.0,1.0,0.0,0.0,29.0,4.0,1.0,2.0,0.0,12.0,0.0,0.0,8.0,0.0,2.0,0.0,1.0,0.0,0.0,0.0,23.0,0.0,2.0,0.0,0.0,30.0,0.0,1.0,1.0,0.0,2.0,29.0,1.0,0.0,33.0,0.0,10.0,0.0,41.0,0.0,0.0,13.0,0.0,0.0,5.0,0.0
2026-04-08,Elders,0,0,0,0,0,0.0,0.0,0.0,0.0,1.0,0.0,0.0,0.0,3.0,0.0,0.0,0.0,0.0,4.0,0.0,3.0,0.0,1.0,0.0,0.0,3.0,2.0,1.0,2.0,0.0,2.0,0.0,0.0,7.0,0.0,0.0,0.0,1.0,0.0,0.0,0.0,19.0,0.0,9.0,0.0,0.0,9.0,0.0,1.0,0.0,0.0,0.0,2.0,0.0,0.0,12.0,0.0,4.0,0.0,9.0,0.0,0.0,3.0,0.0,0.0,0.0,0.0
2026-04-08,School Children,0,0,0,0,0,0.0,0.0,0.0,0.0,0.0,0.0,0.0,0.0,0.0,0.0,0.0,0.0,0.0,0.0,0.0,0.0,0.0,0.0,0.0,0.0,4.0,2.0,0.0,0.0,0.0,0.0,0.0,0.0,0.0,0.0,0.0,0.0,1.0,0.0,0.0,0.0,1.5,0.0,3.0,0.0,0.0,5.0,0.0,0.0,0.0,0.0,0.0,4.0,0.0,0.0,1.0,0.0,1.0,0.0,2.0,0.0,0.0,1.0,0.0,0.0,0.0,0.0
2026-04-08,Younger Adults,0,0,0,0,0,1.0,0.0,0.0,0.0,2.0,0.0,9.0,0.0,4.0,0.0,0.0,0.0,0.0,16.0,0.0,0.0,0.0,6.0,0.0,0.0,13.0,4.0,1.0,3.0,0.0,7.0,1.0,0.0,9.0,1.0,1.0,0.0,1.0,1.0,0.0,0.0,35.5,0.0,6.0,0.0,0.0,12.0,0.0,3.0,0.0,0.0,1.0,4.0,0.0,0.0,33.0,0.0,7.0,0.0,7.0,0.0,0.0,4.0,0.0,0.0,2.0,0.0
2026-04-08,Youngers,0,0,0,0,0,0.0,0.0,0.0,0.0,0.0,0.0,3.0,0.0,2.0,0.0,0.0,2.0,0.0,16.0,0.0,0.0,0.0,2.0,0.0,0.0,18.0,8.0,1.0,2.0,0.0,3.0,0.0,0.0,5.0,3.0,2.0,0.0,1.0,0.0,0.0,0.0,21.0,0.0,4.0,0.0,0.0,16.0,0.0,2.0,0.0,0.0,1.0,12.0,0.0,0.0,27.0,0.0,4.0,0.0,13.0,0.0,0.0,5.0,0.0,0.0,5.0,0.0
2026-04-09,Elders,0,0,0,0,0,1.0,0.0,0.0,0.0,0.5,0.0,0.0,0.0,4.0,0.0,0.0,0.0,0.0,2.0,0.0,1.0,0.0,1.0,0.0,0.0,3.0,1.0,0.0,2.0,0.0,4.0,0.0,0.0,5.0,0.0,1.0,0.0,0.0,0.0,0.0,0.0,13.5,0.0,10.0,0.0,0.0,10.0,0.0,1.0,0.0,0.0,0.0,3.0,0.0,0.0,19.0,0.0,4.0,0.0,14.0,0.0,0.0,3.0,0.0,0.0,0.0,1.0
2026-04-09,School Children,0,0,0,0,0,0.0,0.0,0.0,0.0,0.0,0.0,0.0,0.0,0.0,0.0,0.0,0.0,0.0,0.0,0.0,0.0,0.0,0.0,0.0,0.0,4.0,0.0,0.0,0.0,0.0,0.0,0.0,0.0,0.0,0.0,1.0,0.0,0.0,0.0,0.0,0.0,1.0,0.0,2.0,0.0,0.0,5.0,0.0,0.0,0.0,0.0,0.0,5.0,0.0,0.0,1.0,0.0,1.0,0.0,3.0,0.0,0.0,1.0,0.0,0.0,0.0,0.0
2026-04-09,Younger Adults,0,0,0,0,0,10.0,0.0,1.0,0.0,1.0,0.0,7.0,0.0,6.0,0.0,0.0,0.0,0.0,11.0,0.0,0.0,0.0,6.0,0.0,0.0,13.0,1.0,0.0,4.0,0.0,15.0,3.0,0.0,6.0,1.0,1.0,0.0,1.0,0.0,1.0,0.0,26.0,0.0,7.0,0.0,0.0,12.0,0.0,2.0,0.0,0.0,1.0,4.0,0.0,0.0,50.0,0.0,9.0,0.0,12.0,0.0,0.0,4.0,0.0,0.0,3.0,0.0
2026-04-09,Youngers,0,0,0,0,0,3.0,0.0,0.0,0.0,0.0,0.0,3.0,0.0,3.0,0.0,0.0,5.0,0.0,11.0,0.0,0.0,0.0,2.0,0.0,0.0,17.0,2.0,0.0,2.0,0.0,7.0,0.0,0.0,3.0,3.0,7.0,0.0,1.0,0.0,0.0,0.0,15.5,0.0,5.0,0.0,0.0,16.0,0.0,2.0,0.0,0.0,1.0,16.0,0.0,0.0,42.0,0.0,6.0,0.0,22.0,0.0,0.0,5.0,0.0,0.0,9.0,0.0
2026-04-10,Elders,0,0,0,0,0,2.0,0.0,0.0,0.0,0.5,0.0,0.0,0.0,7.0,1.0,0.0,0.0,0.0,6.0,0.0,0.0,0.0,1.0,0.0,0.0,4.0,1.0,0.0,2.0,0.0,8.0,0.0,0.0,12.0,0.0,0.0,0.0,0.0,2.0,0.0,0.0,27.0,0.0,8.0,0.0,0.0,15.0,0.0,1.0,0.0,0.0,1.0,5.0,0.0,0.0,10.0,0.0,4.0,0.0,9.0,0.0,0.0,5.0,0.0,0.0,0.0,0.0
2026-04-10,School Children,0,0,0,0,0,0.0,0.0,0.0,0.0,0.0,0.0,0.0,0.0,0.0,0.0,0.0,0.0,0.0,0.0,0.0,0.0,0.0,0.0,0.0,0.0,5.0,1.0,0.0,0.0,0.0,0.0,0.0,0.0,0.0,0.0,1.0,0.0,1.0,1.0,0.0,0.0,2.0,0.0,2.0,0.0,0.0,8.0,0.0,1.0,0.0,0.0,2.0,10.0,0.0,0.0,0.0,0.0,1.0,0.0,2.0,0.0,0.0,2.0,0.0,0.0,0.0,0.0
2026-04-10,Younger Adults,0,0,0,0,0,16.0,0.0,1.0,0.0,0.5,0.0,9.0,0.0,10.0,0.0,0.0,0.0,0.0,25.0,0.0,0.0,0.0,3.0,0.0,0.0,18.0,1.0,1.0,3.0,0.0,28.0,2.0,0.0,14.0,1.0,1.0,1.0,1.0,3.0,0.0,0.0,50.0,0.0,6.0,0.0,0.0,19.0,0.0,5.0,1.0,0.0,2.0,8.0,1.0,0.0,28.0,0.0,7.0,0.0,8.0,0.0,0.0,9.0,0.0,0.0,1.0,0.0
2026-04-10,Youngers,0,0,0,0,0,5.0,0.0,0.0,0.0,0.0,0.0,4.0,0.0,4.0,0.0,0.0,0.0,0.0,26.0,0.0,0.0,0.0,1.0,0.0,0.0,25.0,3.0,1.0,2.0,0.0,14.0,0.0,0.0,9.0,3.0,5.0,0.0,1.0,2.0,0.0,0.0,30.0,0.0,4.0,0.0,0.0,25.0,0.0,3.0,1.0,0.0,2.0,29.0,0.0,0.0,23.0,0.0,4.0,0.0,15.0,0.0,0.0,10.0,0.0,0.0,5.0,0.0
2026-04-11,Elders,0,0,0,0,0,1.0,0.0,0.0,0.0,0.5,0.0,0.0,0.0,8.0,0.0,0.0,0.0,0.0,4.0,0.0,2.0,0.0,1.0,0.0,0.0,4.0,2.0,0.0,3.0,0.0,6.0,0.0,0.0,5.0,0.0,0.0,0.0,0.0,1.0,0.0,0.0,24.0,0.0,10.0,0.0,0.0,13.0,0.0,1.0,0.0,0.0,0.0,1.0,0.0,0.0,20.0,0.0,4.0,0.0,15.0,0.0,0.0,3.0,0.0,0.0,0.0,1.0
2026-04-11,School Children,0,0,0,0,0,0.0,0.0,0.0,0.0,0.0,0.0,0.0,0.0,0.0,0.0,0.0,0.0,0.0,0.0,0.0,0.0,0.0,0.0,0.0,0.0,6.0,2.0,0.0,0.0,0.0,0.0,0.0,0.0,0.0,0.0,1.0,0.0,0.0,0.0,0.0,0.0,2.0,0.0,3.0,0.0,0.0,6.0,0.0,0.0,0.0,0.0,0.0,3.0,0.0,0.0,1.0,0.0,1.0,0.0,3.0,0.0,0.0,1.0,0.0,0.0,0.0,0.0
2026-04-11,Younger Adults,0,0,0,0,0,4.0,0.0,0.0,0.0,1.5,0.0,11.0,0.0,12.0,0.0,0.0,0.0,0.0,18.0,0.0,0.0,0.0,5.0,0.0,0.0,21.0,3.0,0.0,4.0,0.0,20.0,0.0,0.0,7.0,2.0,1.0,0.0,0.0,2.0,0.0,0.0,44.5,0.0,7.0,0.0,0.0,16.0,0.0,5.0,0.0,0.0,0.0,2.0,1.0,0.0,53.0,0.0,9.0,0.0,13.0,0.0,0.0,4.0,0.0,0.0,1.0,0.0
2026-04-11,Youngers,0,0,0,0,0,1.0,0.0,0.0,0.0,0.0,0.0,5.0,0.0,5.0,0.0,0.0,7.0,0.0,18.0,0.0,0.0,0.0,2.0,0.0,0.0,29.0,7.0,1.0,3.0,0.0,10.0,0.0,0.0,4.0,3.0,5.0,0.0,0.0,2.0,0.0,0.0,26.5,0.0,5.0,0.0,0.0,22.0,0.0,3.0,0.0,0.0,1.0,7.0,0.0,0.0,44.0,0.0,6.0,0.0,23.0,0.0,0.0,5.0,0.0,0.0,2.0,0.0
2026-04-12,Elders,0,0,0,0,0,1.0,0.0,0.0,0.0,0.5,0.0,0.0,0.0,1.0,0.0,0.0,0.0,0.0,4.0,0.0,0.0,0.0,1.0,0.0,0.0,4.0,1.0,0.0,3.0,0.0,4.0,0.0,0.0,5.0,0.0,0.0,0.0,0.0,1.0,0.0,0.0,21.5,0.0,8.0,0.0,0.0,18.0,0.0,1.0,0.0,0.0,0.0,3.0,0.0,0.0,3.0,0.0,4.0,0.0,21.0,0.0,0.0,3.0,1.0,0.0,0.0,1.0
2026-04-12,School Children,0,0,0,0,0,0.0,0.0,0.0,0.0,0.0,0.0,0.0,0.0,0.0,0.0,0.0,0.0,0.0,0.0,0.0,0.0,0.0,0.0,0.0,0.0,5.0,1.0,0.0,0.0,0.0,0.0,0.0,0.0,0.0,0.0,0.0,0.0,0.0,0.0,0.0,0.0,1.5,0.0,2.0,0.0,0.0,9.0,0.0,0.0,0.0,0.0,0.0,7.0,0.0,0.0,0.0,0.0,0.0,0.0,4.0,0.0,0.0,1.0,0.0,0.0,0.0,0.0
2026-04-12,Younger Adults,0,0,0,0,0,9.0,0.0,1.0,0.0,1.5,0.0,5.0,0.0,2.0,0.0,0.0,0.0,0.0,19.0,0.0,0.0,0.0,4.0,0.0,0.0,18.0,3.0,1.0,6.0,0.0,15.0,0.0,0.0,6.0,0.0,0.0,0.0,0.0,2.0,0.0,0.0,40.0,0.0,6.0,0.0,0.0,23.0,0.0,5.0,0.0,0.0,1.0,6.0,0.0,0.0,8.0,0.0,8.0,0.0,18.0,0.0,0.0,6.0,0.0,0.0,3.0,0.0
2026-04-12,Youngers,0,0,0,0,0,3.0,0.0,0.0,0.0,0.0,0.0,2.0,0.0,1.0,0.0,0.0,3.0,0.0,19.0,0.0,0.0,0.0,1.0,0.0,0.0,24.0,6.0,1.0,4.0,0.0,7.0,0.0,0.0,4.0,0.0,0.0,0.0,1.0,2.0,0.0,0.0,23.5,0.0,4.0,0.0,0.0,30.0,0.0,3.0,1.0,0.0,1.0,21.0,0.0,0.0,7.0,0.0,5.0,0.0,33.0,0.0,0.0,6.0,0.0,0.0,8.0,0.0
2026-04-13,Elders,0,0,0,0,0,1.0,0.0,0.0,0.0,0.0,0.0,0.0,0.0,6.0,1.0,0.0,0.0,0.0,3.0,0.0,2.0,0.0,0.0,0.0,0.0,3.0,2.0,0.0,1.0,0.0,4.0,0.0,0.0,6.0,0.0,0.0,0.0,0.0,1.0,0.0,0.0,16.0,0.0,6.0,0.0,0.0,12.0,0.0,2.0,0.0,0.0,0.0,3.0,0.0,0.0,16.0,0.0,4.0,0.0,19.0,0.0,0.0,3.0,0.0,0.0,0.0,1.0
2026-04-13,School Children,0,0,0,0,0,0.0,0.0,0.0,0.0,0.0,0.0,0.0,0.0,0.0,0.0,0.0,0.0,0.0,0.0,0.0,0.0,0.0,0.0,0.0,0.0,4.0,1.0,0.0,0.0,0.0,0.0,0.0,0.0,0.0,0.0,0.0,0.0,0.0,0.0,0.0,0.0,1.0,0.0,1.0,0.0,0.0,6.0,0.0,0.0,0.0,0.0,0.0,5.0,0.0,0.0,1.0,0.0,0.0,0.0,3.0,0.0,0.0,1.0,0.0,0.0,0.0,0.0
2026-04-13,Younger Adults,0,0,0,0,0,6.0,0.0,0.0,0.0,0.5,0.0,6.0,0.0,9.0,0.0,0.0,0.0,0.0,14.0,0.0,0.0,0.0,2.0,0.0,0.0,15.0,3.0,0.0,3.0,0.0,14.0,2.0,0.0,7.0,1.0,1.0,0.0,0.0,1.0,0.0,0.0,30.0,0.0,4.0,0.0,0.0,15.0,0.0,6.0,0.0,0.0,0.0,4.0,1.0,0.0,43.0,0.0,8.0,0.0,16.0,0.0,0.0,6.0,0.0,0.0,2.0,0.0
2026-04-13,Youngers,0,0,0,0,0,1.0,0.0,0.0,0.0,0.0,0.0,2.0,0.0,4.0,0.0,0.0,1.0,0.0,14.0,0.0,0.0,0.0,1.0,0.0,0.0,20.0,6.0,0.0,2.0,0.0,7.0,0.0,0.0,4.0,2.0,4.0,0.0,0.0,1.0,0.0,0.0,18.0,0.0,3.0,0.0,0.0,21.0,0.0,4.0,0.0,0.0,0.0,16.0,0.0,0.0,35.0,0.0,5.0,0.0,29.0,0.0,0.0,7.0,0.0,0.0,5.0,0.0
2026-04-14,Elders,0,0,0,0,0,1.0,0.0,0.0,0.0,0.5,0.0,0.0,0.0,2.0,4.0,0.0,0.0,0.0,7.0,0.0,4.0,0.0,1.0,0.0,0.0,5.0,1.0,0.0,1.0,0.0,8.0,0.0,0.0,11.0,0.0,0.0,0.0,0.0,0.0,0.0,0.0,18.5,0.0,5.0,0.0,0.0,18.0,0.0,0.0,0.0,0.0,1.0,5.0,0.0,0.0,15.0,0.0,8.0,0.0,23.0,0.0,0.0,6.0,0.0,0.0,0.0,3.0
2026-04-14,School Children,0,0,0,0,0,0.0,0.0,0.0,0.0,0.0,0.0,0.0,0.0,0.0,0.0,0.0,0.0,0.0,0.0,0.0,0.0,0.0,0.0,0.0,0.0,7.0,1.0,0.0,0.0,0.0,0.0,0.0,0.0,0.0,0.0,0.0,0.0,0.0,0.0,0.0,0.0,1.5,0.0,1.0,0.0,0.0,9.0,0.0,0.0,0.0,0.0,2.0,10.0,0.0,0.0,0.0,0.0,1.0,0.0,4.0,0.0,0.0,2.0,0.0,0.0,0.0,0.0
2026-04-14,Younger Adults,0,0,0,0,0,6.0,0.0,0.0,0.0,1.5,0.0,9.0,0.0,4.0,0.0,0.0,0.0,0.0,30.0,1.0,0.0,0.0,5.0,0.0,0.0,22.0,2.0,0.0,3.0,0.0,28.0,1.0,0.0,14.0,0.0,1.0,0.0,0.0,0.0,0.0,0.0,34.5,0.0,3.0,0.0,0.0,22.0,0.0,2.0,0.0,0.0,2.0,9.0,1.0,0.0,40.0,0.0,17.0,0.0,19.0,0.0,0.0,11.0,0.0,0.0,2.0,0.0
2026-04-14,Youngers,0,0,0,0,0,1.0,0.0,0.0,0.0,0.0,0.0,3.0,0.0,2.0,0.0,0.0,3.0,0.0,32.0,0.0,0.0,0.0,2.0,0.0,0.0,30.0,3.0,0.0,2.0,0.0,14.0,0.0,0.0,9.0,0.0,2.0,0.0,1.0,0.0,0.0,0.0,20.5,0.0,2.0,0.0,0.0,29.0,0.0,1.0,0.0,0.0,3.0,31.0,1.0,0.0,33.0,0.0,10.0,0.0,36.0,0.0,0.0,13.0,0.0,0.0,6.0,0.0
2026-04-15,Elders,0,0,0,0,0,0.0,0.0,0.0,0.0,1.5,0.0,0.0,0.0,15.0,2.0,0.0,0.0,0.0,7.0,0.0,1.0,0.0,1.0,1.0,0.0,4.0,1.0,0.0,1.0,0.0,9.0,0.0,0.0,0.0,0.0,0.0,1.0,0.0,0.0,0.0,0.0,36.0,0.0,6.0,0.0,0.0,10.0,0.0,2.0,2.0,0.0,1.0,3.0,0.0,0.0,12.0,0.0,5.0,0.0,13.0,0.0,0.0,5.0,1.0,0.0,0.0,1.0
2026-04-15,School Children,0,0,0,0,0,0.0,0.0,0.0,0.0,0.0,0.0,0.0,0.0,0.0,0.0,0.0,0.0,0.0,0.0,0.0,0.0,0.0,0.0,0.0,0.0,5.0,1.0,0.0,0.0,0.0,0.0,0.0,0.0,0.0,0.0,1.0,0.0,0.0,0.0,0.0,0.0,3.0,0.0,1.0,0.0,0.0,5.0,0.0,1.0,0.0,0.0,1.0,5.0,0.0,0.0,0.0,0.0,0.0,0.0,2.0,0.0,0.0,1.0,0.0,0.0,0.0,0.0
2026-04-15,Younger Adults,0,0,0,0,0,2.0,0.0,0.0,0.0,3.0,0.0,8.0,0.0,22.0,0.0,0.0,0.0,0.0,32.0,0.0,0.0,0.0,5.0,2.0,0.0,19.0,1.0,0.0,2.0,0.0,31.0,1.0,0.0,1.0,1.0,1.0,7.0,0.0,0.0,1.0,0.0,67.5,0.0,4.0,0.0,0.0,12.0,0.0,7.0,2.0,0.0,2.0,4.0,0.0,0.0,31.0,0.0,10.0,0.0,11.0,0.0,0.0,7.0,0.0,0.0,2.0,0.0
2026-04-15,Youngers,0,0,0,0,0,1.0,0.0,0.0,0.0,0.0,0.0,3.0,0.0,9.0,0.0,0.0,0.0,0.0,34.0,0.0,0.0,0.0,2.0,2.0,0.0,25.0,3.0,0.0,2.0,0.0,16.0,0.0,0.0,0.0,2.0,4.0,3.0,0.0,0.0,0.0,0.0,40.0,0.0,3.0,0.0,0.0,16.0,0.0,5.0,4.0,0.0,2.0,16.0,0.0,0.0,26.0,0.0,6.0,0.0,19.0,0.0,0.0,9.0,0.0,0.0,5.0,0.0
2026-04-16,Elders,0,0,0,0,0,1.0,0.0,0.0,0.0,0.5,0.0,0.0,0.0,9.0,0.0,0.0,0.0,0.0,4.0,0.0,0.0,0.0,2.0,0.0,0.0,4.0,1.0,1.0,2.0,0.0,2.0,0.0,0.0,13.0,0.0,1.0,0.0,0.0,0.0,0.0,0.0,22.0,0.0,11.0,0.0,0.0,11.0,0.0,2.0,0.0,0.0,0.0,4.0,0.0,0.0,29.0,0.0,5.0,0.0,25.0,0.0,0.0,8.0,0.0,0.0,0.0,2.0
2026-04-16,School Children,0,0,0,0,0,0.0,0.0,0.0,0.0,0.0,0.0,0.0,0.0,0.0,0.0,0.0,0.0,0.0,0.0,0.0,0.0,0.0,0.0,0.0,0.0,7.0,1.0,0.0,0.0,0.0,0.0,0.0,0.0,0.0,0.0,1.0,0.0,0.0,0.0,0.0,0.0,1.5,0.0,3.0,0.0,0.0,6.0,0.0,1.0,0.0,0.0,0.0,7.0,0.0,0.0,1.0,0.0,1.0,0.0,4.0,0.0,0.0,2.0,0.0,0.0,0.0,0.0
2026-04-16,Younger Adults,0,0,0,0,0,7.0,0.0,1.0,0.0,2.0,0.0,11.0,0.0,13.0,0.0,0.0,0.0,0.0,16.0,1.0,0.0,0.0,7.0,0.0,0.0,23.0,3.0,2.0,4.0,0.0,8.0,1.0,0.0,16.0,0.0,2.0,0.0,0.0,0.0,0.0,0.0,41.0,0.0,8.0,0.0,0.0,14.0,0.0,7.0,0.0,0.0,1.0,6.0,1.0,0.0,78.0,0.0,10.0,0.0,21.0,0.0,0.0,13.0,0.0,0.0,1.0,0.0
2026-04-16,Youngers,0,0,0,0,0,2.0,0.0,0.0,0.0,0.0,0.0,4.0,0.0,5.0,0.0,0.0,3.0,0.0,17.0,1.0,0.0,0.0,2.0,0.0,0.0,31.0,6.0,2.0,3.0,0.0,4.0,0.0,0.0,10.0,0.0,8.0,0.0,1.0,0.0,0.0,0.0,24.5,0.0,5.0,0.0,0.0,19.0,0.0,5.0,0.0,0.0,1.0,23.0,0.0,0.0,65.0,0.0,6.0,0.0,38.0,0.0,0.0,15.0,0.0,0.0,5.0,0.0
2026-04-17,Elders,0,0,0,0,0,0.0,0.0,0.0,0.0,0.5,0.0,0.0,0.0,3.0,0.0,0.0,0.0,0.0,1.0,0.0,0.0,0.0,1.0,0.0,0.0,1.0,0.0,0.0,1.0,0.0,4.0,0.0,0.0,2.0,0.0,0.0,0.0,0.0,0.0,0.0,0.0,5.0,0.0,0.0,0.0,0.0,3.0,0.0,0.0,0.0,0.0,0.0,1.0,0.0,0.0,6.0,0.0,1.0,0.0,3.0,0.0,0.0,1.0,0.0,0.0,0.0,1.0
2026-04-17,School Children,0,0,0,0,0,0.0,0.0,0.0,0.0,0.0,0.0,0.0,0.0,0.0,0.0,0.0,0.0,0.0,0.0,0.0,0.0,0.0,0.0,0.0,0.0,2.0,0.0,0.0,0.0,0.0,0.0,0.0,0.0,0.0,0.0,1.0,0.0,0.0,0.0,0.0,0.0,0.5,0.0,0.0,0.0,0.0,2.0,0.0,0.0,0.0,0.0,0.0,2.0,0.0,0.0,0.0,0.0,0.0,0.0,1.0,0.0,0.0,1.0,0.0,0.0,0.0,0.0
2026-04-17,Younger Adults,0,0,0,0,0,3.0,0.0,1.0,0.0,2.0,0.0,5.0,0.0,4.0,0.0,0.0,0.0,0.0,4.0,1.0,0.0,0.0,3.0,0.0,0.0,7.0,1.0,0.0,2.0,0.0,15.0,0.0,0.0,3.0,1.0,1.0,0.0,0.0,0.0,1.0,0.0,9.5,0.0,0.0,0.0,0.0,4.0,0.0,2.0,0.0,0.0,0.0,1.0,1.0,0.0,18.0,0.0,3.0,0.0,3.0,0.0,0.0,2.0,0.0,0.0,0.0,0.0
2026-04-17,Youngers,0,0,0,0,0,1.0,0.0,0.0,0.0,0.0,0.0,2.0,0.0,2.0,0.0,0.0,1.0,0.0,4.0,0.0,0.0,0.0,1.0,0.0,0.0,9.0,1.0,0.0,1.0,0.0,8.0,0.0,0.0,2.0,3.0,4.0,0.0,0.0,0.0,0.0,0.0,6.0,0.0,0.0,0.0,0.0,5.0,0.0,1.0,0.0,0.0,0.0,6.0,0.0,0.0,15.0,0.0,2.0,0.0,5.0,0.0,0.0,2.0,0.0,0.0,1.0,0.0
2026-04-18,Elders,0,0,0,0,0,2.0,0.0,0.0,0.0,1.0,0.0,0.0,0.0,12.0,0.0,0.0,0.0,0.0,7.0,0.0,1.0,0.0,2.0,0.0,0.0,5.0,4.0,0.0,5.0,0.0,8.0,0.0,0.0,11.0,0.0,1.0,0.0,0.0,1.0,0.0,0.0,28.0,0.0,10.0,0.0,0.0,20.0,0.0,3.0,0.0,0.0,0.0,3.0,0.0,0.0,7.0,0.0,5.0,0.0,24.0,0.0,0.0,5.0,0.0,0.0,0.0,1.0
2026-04-18,School Children,0,0,0,0,0,0.0,0.0,0.0,0.0,0.0,0.0,0.0,0.0,0.0,0.0,0.0,0.0,0.0,0.0,0.0,0.0,0.0,0.0,0.0,0.0,7.0,3.0,0.0,0.0,0.0,0.0,0.0,0.0,0.0,0.0,1.0,0.0,0.0,0.0,0.0,0.0,2.0,0.0,2.0,0.0,0.0,11.0,0.0,1.0,0.0,0.0,1.0,7.0,0.0,0.0,0.0,0.0,1.0,0.0,4.0,0.0,0.0,1.0,0.0,0.0,0.0,0.0
2026-04-18,Younger Adults,0,0,0,0,0,16.0,0.0,1.0,0.0,2.0,0.0,8.0,0.0,19.0,0.0,0.0,0.0,0.0,32.0,0.0,0.0,0.0,6.0,0.0,0.0,22.0,7.0,1.0,9.0,0.0,28.0,1.0,0.0,13.0,1.0,2.0,0.0,0.0,1.0,1.0,0.0,52.5,0.0,7.0,0.0,0.0,25.0,0.0,11.0,1.0,0.0,1.0,6.0,1.0,0.0,20.0,0.0,11.0,0.0,21.0,0.0,0.0,8.0,0.0,0.0,1.0,0.0
2026-04-18,Youngers,0,0,0,0,0,5.0,1.0,1.0,0.0,0.0,0.0,3.0,0.0,8.0,0.0,0.0,1.0,0.0,33.0,0.0,0.0,0.0,2.0,0.0,0.0,30.0,14.0,1.0,6.0,0.0,15.0,0.0,0.0,8.0,2.0,9.0,0.0,0.0,1.0,1.0,0.0,31.0,0.0,5.0,0.0,0.0,34.0,0.0,7.0,1.0,0.0,1.0,21.0,1.0,0.0,16.0,0.0,6.0,0.0,37.0,0.0,0.0,9.0,0.0,0.0,3.0,0.0
2026-04-19,Elders,0,0,0,0,0,1.0,0.0,0.0,0.0,1.5,0.0,0.0,0.0,6.0,7.0,0.0,0.0,0.0,8.0,0.0,9.0,0.0,2.0,0.0,0.0,5.0,2.0,0.0,2.0,0.0,6.0,0.0,0.0,7.0,0.0,2.0,0.0,0.0,0.0,0.0,0.0,15.5,0.0,22.0,0.0,0.0,20.0,0.0,1.0,0.0,0.0,1.0,4.0,0.0,0.0,10.0,0.0,10.0,0.0,32.0,0.0,0.0,6.0,0.0,0.0,0.0,0.0
2026-04-19,School Children,0,0,0,0,0,0.0,0.0,0.0,0.0,0.0,0.0,0.0,0.0,0.0,0.0,0.0,0.0,0.0,0.0,0.0,0.0,0.0,0.0,0.0,0.0,8.0,2.0,0.0,0.0,0.0,0.0,0.0,0.0,0.0,0.0,2.0,0.0,0.0,0.0,0.0,0.0,1.0,0.0,6.0,0.0,0.0,11.0,0.0,0.0,0.0,0.0,1.0,8.0,0.0,0.0,0.0,0.0,1.0,0.0,6.0,0.0,0.0,2.0,0.0,0.0,0.0,0.0
2026-04-19,Younger Adults,0,0,0,0,0,4.0,0.0,1.0,0.0,3.5,0.0,9.0,0.0,9.0,0.0,0.0,0.0,0.0,35.0,0.0,0.0,0.0,7.0,0.0,0.0,26.0,5.0,0.0,4.0,0.0,24.0,4.0,0.0,9.0,1.0,4.0,0.0,0.0,1.0,1.0,0.0,29.0,0.0,15.0,0.0,0.0,25.0,0.0,4.0,0.0,0.0,1.0,6.0,0.0,0.0,27.0,0.0,20.0,0.0,27.0,0.0,0.0,11.0,0.0,0.0,3.0,0.0
2026-04-19,Youngers,0,0,0,0,0,1.0,0.0,0.0,0.0,0.0,0.0,3.0,0.0,4.0,1.0,0.0,0.0,0.0,36.0,0.0,1.0,0.0,2.0,0.0,0.0,35.0,9.0,0.0,3.0,0.0,12.0,0.0,0.0,6.0,3.0,18.0,0.0,0.0,1.0,1.0,0.0,17.5,0.0,10.0,0.0,0.0,34.0,0.0,3.0,1.0,0.0,2.0,23.0,0.0,0.0,22.0,0.0,12.0,0.0,50.0,0.0,0.0,12.0,0.0,0.0,8.0,0.0
2026-04-20,Elders,0,0,0,0,0,0.0,0.0,0.0,0.0,0.5,0.0,0.0,0.0,6.0,1.0,0.0,0.0,0.0,4.0,0.0,5.0,0.0,1.0,0.0,0.0,2.0,2.0,0.0,2.0,0.0,5.0,0.0,0.0,7.0,0.0,0.0,0.0,0.0,3.0,0.0,0.0,18.5,0.0,6.0,0.0,0.0,10.0,0.0,2.0,0.0,0.0,0.0,3.0,0.0,0.0,18.0,0.0,6.0,0.0,20.0,0.0,0.0,5.0,0.0,0.0,0.0,1.0
2026-04-20,School Children,0,0,0,0,0,0.0,0.0,0.0,0.0,0.0,0.0,0.0,0.0,0.0,0.0,0.0,0.0,0.0,0.0,0.0,0.0,0.0,0.0,0.0,0.0,4.0,2.0,0.0,0.0,0.0,0.0,0.0,0.0,0.0,0.0,0.0,0.0,0.0,1.0,0.0,0.0,1.5,0.0,1.0,0.0,0.0,5.0,0.0,0.0,0.0,0.0,0.0,7.0,0.0,0.0,1.0,0.0,1.0,0.0,3.0,0.0,0.0,2.0,0.0,0.0,0.0,0.0
2026-04-20,Younger Adults,0,0,0,0,0,3.0,0.0,1.0,0.0,0.5,0.0,7.0,0.0,9.0,0.0,0.0,0.0,0.0,15.0,0.0,0.0,0.0,3.0,0.0,0.0,13.0,4.0,1.0,3.0,0.0,19.0,0.0,0.0,9.0,1.0,0.0,0.0,0.0,3.0,0.0,0.0,35.0,0.0,4.0,0.0,0.0,13.0,0.0,6.0,0.0,0.0,0.0,6.0,1.0,0.0,48.0,0.0,12.0,0.0,17.0,0.0,0.0,9.0,0.0,0.0,1.0,0.0
2026-04-20,Youngers,0,0,0,0,0,1.0,0.0,0.0,0.0,0.0,0.0,3.0,0.0,3.0,0.0,0.0,3.0,0.0,16.0,0.0,0.0,0.0,1.0,0.0,0.0,17.0,9.0,1.0,2.0,0.0,9.0,0.0,0.0,6.0,2.0,1.0,0.0,0.0,3.0,0.0,0.0,20.5,0.0,3.0,0.0,0.0,18.0,0.0,4.0,0.0,0.0,0.0,20.0,0.0,0.0,39.0,0.0,7.0,0.0,31.0,0.0,0.0,10.0,0.0,0.0,5.0,0.0
2026-04-21,Elders,0,0,0,0,0,1.0,0.0,0.0,0.0,0.5,0.0,0.0,0.0,4.0,1.0,0.0,0.0,0.0,3.0,0.0,0.0,0.0,1.0,0.0,0.0,4.0,2.0,1.0,2.0,0.0,8.0,0.0,0.0,9.0,0.0,1.0,0.0,0.0,0.0,0.0,0.0,17.0,0.0,9.0,0.0,0.0,13.0,0.0,0.0,0.0,0.0,0.0,2.0,0.0,0.0,14.0,0.0,5.0,0.0,13.0,0.0,0.0,3.0,0.0,0.0,0.0,1.0
2026-04-21,School Children,0,0,0,0,0,0.0,0.0,0.0,0.0,0.0,0.0,0.0,0.0,0.0,0.0,0.0,0.0,0.0,0.0,0.0,0.0,0.0,0.0,0.0,0.0,5.0,2.0,0.0,0.0,0.0,0.0,0.0,0.0,0.0,0.0,1.0,0.0,0.0,0.0,0.0,0.0,1.5,0.0,3.0,0.0,0.0,6.0,0.0,0.0,0.0,0.0,0.0,5.0,0.0,0.0,0.0,0.0,1.0,0.0,2.0,0.0,0.0,1.0,0.0,0.0,0.0,0.0
2026-04-21,Younger Adults,0,0,0,0,0,4.0,0.0,0.0,0.0,1.5,0.0,11.0,0.0,7.0,0.0,0.0,0.0,0.0,13.0,0.0,0.0,0.0,6.0,0.0,0.0,18.0,3.0,1.0,4.0,0.0,28.0,2.0,0.0,11.0,1.0,2.0,0.0,0.0,0.0,1.0,0.0,32.0,0.0,6.0,0.0,0.0,16.0,0.0,2.0,0.0,0.0,0.0,4.0,0.0,0.0,38.0,0.0,11.0,0.0,11.0,0.0,0.0,5.0,0.0,0.0,1.0,0.0
2026-04-21,Youngers,0,0,0,0,0,1.0,0.0,0.0,0.0,0.0,0.0,4.0,0.0,3.0,0.0,0.0,6.0,0.0,13.0,0.0,0.0,0.0,2.0,0.0,0.0,24.0,7.0,1.0,2.0,0.0,15.0,0.0,0.0,7.0,2.0,9.0,0.0,1.0,0.0,1.0,0.0,19.0,0.0,4.0,0.0,0.0,22.0,0.0,1.0,0.0,0.0,1.0,15.0,0.0,0.0,31.0,0.0,7.0,0.0,20.0,0.0,0.0,5.0,0.0,0.0,3.0,0.0
2026-04-22,Elders,0,0,0,0,0,0.0,0.0,0.0,0.0,0.5,0.0,0.0,0.0,5.0,0.0,0.0,0.0,0.0,3.0,0.0,1.0,0.0,1.0,0.0,0.0,4.0,2.0,1.0,1.0,0.0,4.0,0.0,0.0,6.0,0.0,0.0,0.0,0.0,0.0,0.0,0.0,20.5,0.0,8.0,0.0,0.0,14.0,0.0,1.0,1.0,0.0,0.0,3.0,0.0,0.0,10.0,0.0,6.0,0.0,26.0,0.0,0.0,4.0,0.0,0.0,0.0,1.0
2026-04-22,School Children,0,0,0,0,0,0.0,0.0,0.0,0.0,0.0,0.0,0.0,0.0,0.0,0.0,0.0,0.0,0.0,0.0,0.0,0.0,0.0,0.0,0.0,0.0,5.0,2.0,1.0,0.0,0.0,0.0,0.0,0.0,0.0,0.0,1.0,0.0,0.0,0.0,0.0,0.0,1.5,0.0,2.0,0.0,0.0,7.0,0.0,0.0,0.0,0.0,0.0,6.0,0.0,0.0,0.0,0.0,1.0,0.0,4.0,0.0,0.0,1.0,0.0,0.0,0.0,0.0
2026-04-22,Younger Adults,0,0,0,0,0,2.0,0.0,1.0,0.0,2.0,0.0,9.0,0.0,7.0,0.0,0.0,0.0,0.0,11.0,0.0,0.0,0.0,5.0,0.0,0.0,18.0,4.0,3.0,1.0,0.0,14.0,1.0,0.0,8.0,1.0,1.0,0.0,1.0,0.0,1.0,0.0,38.0,0.0,5.0,0.0,0.0,17.0,0.0,2.0,1.0,0.0,0.0,5.0,0.0,0.0,27.0,0.0,11.0,0.0,21.0,0.0,0.0,7.0,0.0,0.0,1.0,0.0
2026-04-22,Youngers,0,0,0,0,0,1.0,0.0,0.0,0.0,0.0,0.0,4.0,0.0,3.0,0.0,0.0,5.0,0.0,12.0,0.0,0.0,0.0,2.0,0.0,0.0,25.0,8.0,3.0,1.0,0.0,7.0,0.0,0.0,5.0,2.0,4.0,0.0,1.0,0.0,0.0,0.0,22.5,0.0,3.0,0.0,0.0,24.0,0.0,2.0,3.0,0.0,1.0,17.0,0.0,0.0,22.0,0.0,7.0,0.0,39.0,0.0,0.0,8.0,0.0,0.0,4.0,0.0
2026-04-23,Elders,0,0,0,0,0,1.0,0.0,0.0,0.0,0.5,0.0,0.0,0.0,6.0,3.0,0.0,0.0,0.0,4.0,0.0,2.0,0.0,1.0,0.0,0.0,3.0,2.0,0.0,1.0,0.0,5.0,0.0,0.0,8.0,0.0,0.0,0.0,0.0,0.0,0.0,0.0,15.0,0.0,5.0,0.0,0.0,17.0,0.0,2.0,0.0,0.0,0.0,4.0,0.0,0.0,17.0,0.0,7.0,0.0,18.0,0.0,0.0,3.0,0.0,0.0,0.0,1.0
2026-04-23,School Children,0,0,0,0,0,0.0,0.0,0.0,0.0,0.0,0.0,0.0,0.0,0.0,0.0,0.0,0.0,0.0,0.0,0.0,0.0,0.0,0.0,0.0,0.0,5.0,2.0,0.0,0.0,0.0,0.0,0.0,0.0,0.0,0.0,0.0,0.0,0.0,0.0,0.0,0.0,1.0,0.0,1.0,0.0,0.0,8.0,0.0,1.0,0.0,0.0,1.0,8.0,0.0,0.0,1.0,0.0,1.0,0.0,3.0,0.0,0.0,1.0,0.0,0.0,0.0,0.0
2026-04-23,Younger Adults,0,0,0,0,0,6.0,0.0,0.0,0.0,0.5,0.0,9.0,0.0,9.0,0.0,0.0,0.0,0.0,18.0,0.0,0.0,0.0,3.0,0.0,0.0,17.0,5.0,1.0,2.0,0.0,20.0,2.0,0.0,9.0,1.0,1.0,0.0,0.0,0.0,1.0,0.0,27.5,0.0,4.0,0.0,0.0,20.0,0.0,9.0,1.0,0.0,1.0,6.0,0.0,0.0,46.0,0.0,13.0,0.0,16.0,0.0,0.0,6.0,0.0,0.0,1.0,0.0
2026-04-23,Youngers,0,0,0,0,0,2.0,0.0,0.0,0.0,0.0,0.0,4.0,0.0,4.0,0.0,0.0,7.0,0.0,19.0,0.0,0.0,0.0,1.0,0.0,0.0,22.0,9.0,1.0,2.0,0.0,10.0,0.0,0.0,6.0,1.0,4.0,0.0,1.0,0.0,0.0,0.0,16.5,0.0,3.0,1.0,0.0,28.0,0.0,6.0,2.0,0.0,1.0,23.0,0.0,0.0,38.0,0.0,8.0,0.0,29.0,0.0,0.0,7.0,0.0,0.0,3.0,0.0
2026-04-24,Elders,0,0,0,0,0,0.0,0.0,0.0,0.0,0.5,0.0,0.0,0.0,6.0,0.0,0.0,0.0,0.0,3.0,0.0,5.0,0.0,8.0,0.0,0.0,3.0,2.0,0.0,4.0,0.0,1.0,0.0,0.0,9.0,0.0,1.0,0.0,0.0,1.0,0.0,0.0,15.0,0.0,5.0,0.0,0.0,13.0,0.0,1.0,1.0,0.0,0.0,2.0,1.0,0.0,3.0,0.0,3.0,0.0,15.0,0.0,0.0,2.0,0.0,0.0,0.0,1.0
2026-04-24,School Children,0,0,0,0,0,0.0,0.0,0.0,0.0,0.0,0.0,0.0,0.0,0.0,0.0,0.0,0.0,0.0,0.0,0.0,0.0,0.0,0.0,0.0,0.0,4.0,2.0,0.0,0.0,0.0,0.0,0.0,0.0,0.0,0.0,1.0,0.0,0.0,0.0,0.0,0.0,1.0,0.0,1.0,0.0,0.0,6.0,0.0,0.0,0.0,0.0,0.0,4.0,0.0,0.0,0.0,0.0,1.0,0.0,3.0,0.0,0.0,1.0,0.0,0.0,0.0,0.0
2026-04-24,Younger Adults,0,0,0,0,0,2.0,0.0,0.0,0.0,1.5,0.0,8.0,0.0,8.0,0.0,0.0,0.0,0.0,12.0,1.0,0.0,0.0,31.0,0.0,0.0,14.0,4.0,0.0,6.0,0.0,5.0,2.0,0.0,12.0,1.0,1.0,0.0,1.0,2.0,0.0,0.0,28.0,0.0,4.0,0.0,0.0,16.0,0.0,5.0,1.0,0.0,0.0,3.0,2.0,0.0,9.0,0.0,7.0,0.0,13.0,0.0,0.0,4.0,0.0,0.0,0.0,0.0
2026-04-24,Youngers,0,0,0,0,0,1.0,0.0,0.0,0.0,0.0,0.0,3.0,0.0,3.0,0.0,0.0,3.0,0.0,13.0,1.0,0.0,0.0,9.0,0.0,0.0,19.0,7.0,0.0,4.0,0.0,3.0,0.0,0.0,7.0,3.0,6.0,0.0,1.0,2.0,0.0,0.0,17.0,0.0,3.0,0.0,0.0,21.0,0.0,3.0,3.0,0.0,0.0,12.0,2.0,0.0,7.0,0.0,4.0,0.0,23.0,0.0,0.0,5.0,0.0,0.0,1.0,0.0
2026-04-25,Elders,0,0,0,0,0,1.0,0.0,1.0,0.0,0.5,0.0,0.0,0.0,5.0,0.0,0.0,0.0,0.0,3.0,0.0,0.0,0.0,1.0,0.0,0.0,4.0,2.0,1.0,2.0,0.0,4.0,0.0,0.0,11.0,0.0,1.0,0.0,0.0,0.0,0.0,0.0,17.5,0.0,10.0,0.0,0.0,14.0,0.0,2.0,0.0,0.0,1.0,4.0,0.0,0.0,16.0,0.0,6.0,0.0,23.0,0.0,0.0,5.0,0.0,0.0,0.0,0.0
2026-04-25,School Children,0,0,0,0,0,0.0,0.0,0.0,0.0,0.0,0.0,0.0,0.0,0.0,0.0,0.0,0.0,0.0,0.0,0.0,0.0,0.0,0.0,0.0,0.0,5.0,2.0,1.0,0.0,0.0,0.0,0.0,0.0,0.0,0.0,1.0,0.0,1.0,0.0,0.0,0.0,1.5,0.0,2.0,0.0,0.0,7.0,0.0,0.0,0.0,0.0,1.0,7.0,0.0,0.0,1.0,0.0,1.0,0.0,4.0,0.0,0.0,1.0,0.0,0.0,0.0,0.0
2026-04-25,Younger Adults,0,0,0,0,0,6.0,0.0,1.0,0.0,1.0,0.0,9.0,0.0,8.0,0.0,0.0,0.0,0.0,12.0,0.0,0.0,0.0,5.0,0.0,0.0,19.0,4.0,2.0,4.0,0.0,15.0,4.0,0.0,14.0,2.0,1.0,0.0,1.0,0.0,1.0,0.0,32.5,0.0,7.0,0.0,0.0,17.0,0.0,7.0,1.0,0.0,1.0,6.0,1.0,0.0,44.0,0.0,12.0,0.0,19.0,0.0,0.0,7.0,0.0,0.0,1.0,0.0
2026-04-25,Youngers,0,0,0,0,0,2.0,0.0,1.0,0.0,0.0,0.0,3.0,0.0,3.0,0.0,0.0,3.0,0.0,12.0,0.0,0.0,0.0,2.0,0.0,0.0,25.0,7.0,2.0,2.0,0.0,7.0,0.0,0.0,9.0,3.0,6.0,0.0,1.0,0.0,1.0,0.0,19.5,0.0,5.0,0.0,0.0,23.0,0.0,4.0,1.0,0.0,1.0,23.0,0.0,0.0,36.0,0.0,8.0,0.0,35.0,0.0,0.0,9.0,0.0,0.0,4.0,0.0
2026-04-26,Elders,0,0,0,0,0,0.0,0.0,0.0,0.0,0.5,0.0,0.0,0.0,11.0,1.0,0.0,0.0,0.0,4.0,0.0,0.0,0.0,1.0,0.0,0.0,4.0,1.0,0.0,0.0,0.0,2.0,0.0,0.0,5.0,0.0,1.0,0.0,0.0,0.0,0.0,0.0,17.0,0.0,8.0,0.0,0.0,15.0,0.0,1.0,0.0,0.0,0.0,3.0,0.0,0.0,11.0,0.0,4.0,0.0,20.0,0.0,0.0,4.0,0.0,0.0,0.0,1.0
2026-04-26,School Children,0,0,0,0,0,0.0,0.0,0.0,0.0,0.0,0.0,0.0,0.0,0.0,0.0,0.0,0.0,0.0,0.0,0.0,0.0,0.0,0.0,0.0,0.0,5.0,1.0,0.0,0.0,0.0,0.0,0.0,0.0,0.0,0.0,1.0,0.0,0.0,0.0,0.0,0.0,1.0,0.0,2.0,0.0,0.0,8.0,0.0,0.0,0.0,0.0,0.0,7.0,0.0,0.0,0.0,0.0,1.0,0.0,3.0,0.0,0.0,1.0,0.0,0.0,0.0,0.0
2026-04-26,Younger Adults,0,0,0,0,0,3.0,0.0,1.0,0.0,1.5,0.0,11.0,0.0,16.0,0.0,0.0,0.0,0.0,16.0,0.0,0.0,0.0,5.0,0.0,0.0,18.0,1.0,0.0,1.0,0.0,7.0,0.0,0.0,6.0,0.0,2.0,0.0,0.0,0.0,1.0,0.0,32.0,0.0,5.0,0.0,0.0,19.0,0.0,6.0,0.0,0.0,0.0,6.0,1.0,0.0,30.0,0.0,9.0,0.0,17.0,0.0,0.0,6.0,0.0,0.0,1.0,0.0
2026-04-26,Youngers,0,0,0,0,0,1.0,0.0,0.0,0.0,0.0,0.0,4.0,0.0,6.0,0.0,0.0,0.0,0.0,17.0,0.0,0.0,0.0,2.0,0.0,0.0,24.0,2.0,0.0,1.0,0.0,3.0,0.0,0.0,3.0,0.0,11.0,0.0,1.0,0.0,0.0,0.0,19.0,0.0,4.0,0.0,0.0,25.0,0.0,4.0,0.0,0.0,0.0,21.0,0.0,0.0,25.0,0.0,6.0,0.0,30.0,0.0,0.0,8.0,0.0,0.0,3.0,0.0
2026-04-27,Elders,0,0,0,0,0,0.0,0.0,0.0,0.0,0.0,0.0,0.0,0.0,7.0,1.0,0.0,0.0,0.0,3.0,0.0,0.0,0.0,1.0,0.0,0.0,4.0,2.0,0.0,2.0,0.0,3.0,0.0,0.0,12.0,0.0,1.0,0.0,5.0,2.0,0.0,0.0,19.0,0.0,7.0,0.0,0.0,11.0,0.0,2.0,0.0,0.0,0.0,3.0,0.0,0.0,29.0,0.0,4.0,0.0,24.0,0.0,0.0,4.0,0.0,0.0,0.0,0.0
2026-04-27,School Children,0,0,0,0,0,0.0,0.0,0.0,0.0,0.0,0.0,0.0,0.0,0.0,0.0,0.0,0.0,0.0,0.0,0.0,0.0,0.0,0.0,0.0,0.0,6.0,2.0,0.0,0.0,0.0,0.0,0.0,0.0,0.0,0.0,1.0,0.0,6.0,1.0,0.0,0.0,1.5,0.0,2.0,0.0,0.0,6.0,0.0,0.0,0.0,0.0,0.0,6.0,0.0,0.0,1.0,0.0,1.0,0.0,4.0,0.0,0.0,1.0,0.0,0.0,0.0,0.0
2026-04-27,Younger Adults,0,0,0,0,0,0.0,0.0,0.0,0.0,0.5,0.0,9.0,0.0,11.0,0.0,0.0,0.0,0.0,14.0,1.0,0.0,0.0,6.0,0.0,0.0,21.0,4.0,0.0,4.0,0.0,9.0,1.0,0.0,15.0,2.0,2.0,0.0,10.0,3.0,0.0,0.0,35.0,0.0,5.0,0.0,0.0,13.0,0.0,6.0,0.0,0.0,0.0,5.0,1.0,0.0,78.0,0.0,9.0,0.0,21.0,0.0,0.0,6.0,0.0,0.0,2.0,0.0
2026-04-27,Youngers,0,0,0,0,0,0.0,0.0,0.0,0.0,0.0,0.0,4.0,0.0,4.0,0.0,0.0,0.0,0.0,15.0,1.0,0.0,0.0,2.0,0.0,0.0,29.0,7.0,0.0,2.0,0.0,5.0,0.0,0.0,10.0,3.0,8.0,0.0,11.0,2.0,0.0,0.0,21.0,0.0,3.0,0.0,0.0,18.0,0.0,4.0,0.0,0.0,0.0,17.0,0.0,0.0,64.0,0.0,5.0,0.0,38.0,0.0,0.0,8.0,0.0,0.0,7.0,0.0
2026-04-28,Elders,0,0,0,0,0,0.0,0.0,0.0,0.0,1.5,0.0,0.0,0.0,3.0,0.0,0.0,0.0,0.0,4.0,0.0,6.0,0.0,2.0,0.0,0.0,5.0,2.0,0.0,4.0,0.0,2.0,0.0,0.0,13.0,0.0,0.0,0.0,0.0,0.0,0.0,0.0,19.5,0.0,10.0,0.0,0.0,13.0,0.0,1.0,0.0,0.0,0.0,3.0,0.0,0.0,25.0,0.0,3.0,0.0,17.0,0.0,0.0,6.0,0.0,0.0,0.0,1.0
2026-04-28,School Children,0,0,0,0,0,0.0,0.0,0.0,0.0,0.0,0.0,0.0,0.0,0.0,0.0,0.0,0.0,0.0,0.0,0.0,0.0,0.0,0.0,0.0,0.0,8.0,2.0,0.0,0.0,0.0,0.0,0.0,0.0,0.0,0.0,0.0,0.0,0.0,0.0,0.0,0.0,1.5,0.0,2.0,0.0,0.0,6.0,0.0,0.0,0.0,0.0,0.0,6.0,0.0,0.0,1.0,0.0,0.0,0.0,3.0,0.0,0.0,2.0,0.0,0.0,0.0,0.0
2026-04-28,Younger Adults,0,0,0,0,0,3.0,0.0,1.0,0.0,3.0,0.0,11.0,0.0,4.0,0.0,0.0,0.0,0.0,16.0,1.0,0.0,0.0,9.0,0.0,0.0,27.0,5.0,0.0,6.0,0.0,8.0,6.0,0.0,16.0,0.0,0.0,0.0,1.0,0.0,0.0,0.0,37.0,0.0,7.0,0.0,0.0,15.0,0.0,5.0,0.0,0.0,0.0,5.0,0.0,0.0,67.0,0.0,7.0,0.0,14.0,0.0,0.0,9.0,0.0,0.0,1.0,0.0
2026-04-28,Youngers,0,0,0,0,0,1.0,0.0,0.0,0.0,0.0,0.0,4.0,0.0,2.0,0.0,0.0,5.0,0.0,17.0,0.0,0.0,0.0,3.0,0.0,0.0,36.0,10.0,1.0,4.0,0.0,4.0,0.0,0.0,10.0,0.0,2.0,0.0,1.0,0.0,0.0,0.0,22.0,0.0,4.0,0.0,0.0,21.0,0.0,3.0,0.0,0.0,0.0,18.0,0.0,0.0,56.0,0.0,4.0,0.0,26.0,0.0,0.0,11.0,0.0,0.0,2.0,0.0
2026-04-29,Elders,0,0,0,0,0,0.0,0.0,0.0,0.0,1.0,0.0,0.0,0.0,5.0,0.0,0.0,0.0,0.0,3.0,0.0,0.0,0.0,1.0,0.0,0.0,3.0,2.0,1.0,1.0,0.0,4.0,0.0,0.0,6.0,0.0,0.0,0.0,0.0,0.0,0.0,0.0,23.5,0.0,8.0,0.0,0.0,15.0,0.0,1.0,1.0,0.0,0.0,4.0,0.0,0.0,10.0,0.0,8.0,0.0,30.0,0.0,0.0,5.0,0.0,0.0,0.0,1.0
2026-04-29,School Children,0,0,0,0,0,0.0,0.0,0.0,0.0,0.0,0.0,0.0,0.0,0.0,0.0,0.0,0.0,0.0,0.0,0.0,0.0,0.0,0.0,0.0,0.0,4.0,2.0,1.0,0.0,0.0,0.0,0.0,0.0,0.0,0.0,1.0,0.0,0.0,0.0,0.0,0.0,1.5,0.0,2.0,0.0,0.0,7.0,0.0,0.0,0.0,0.0,0.0,9.0,0.0,0.0,0.0,0.0,1.0,0.0,5.0,0.0,0.0,1.0,0.0,0.0,0.0,0.0
2026-04-29,Younger Adults,0,0,0,0,0,2.0,0.0,1.0,0.0,2.5,0.0,11.0,0.0,7.0,0.0,0.0,0.0,0.0,15.0,0.0,0.0,0.0,5.0,0.0,0.0,14.0,5.0,3.0,1.0,0.0,14.0,1.0,0.0,7.0,1.0,1.0,0.0,0.0,0.0,0.0,0.0,43.5,0.0,6.0,0.0,0.0,18.0,0.0,2.0,1.0,0.0,0.0,7.0,0.0,0.0,28.0,0.0,16.0,0.0,25.0,0.0,0.0,8.0,0.0,0.0,1.0,0.0
2026-04-29,Youngers,0,0,0,0,0,1.0,0.0,0.0,0.0,0.0,0.0,4.0,0.0,3.0,0.0,0.0,6.0,0.0,16.0,0.0,0.0,0.0,2.0,0.0,0.0,18.0,9.0,3.0,1.0,0.0,7.0,0.0,0.0,4.0,3.0,4.0,0.0,0.0,0.0,0.0,0.0,26.0,0.0,4.0,0.0,0.0,25.0,0.0,2.0,2.0,0.0,1.0,25.0,0.0,0.0,23.0,0.0,10.0,0.0,47.0,0.0,0.0,9.0,0.0,0.0,4.0,0.0
2026-04-30,Elders,0,0,0,0,0,1.0,0.0,0.0,0.0,1.5,0.0,0.0,0.0,8.0,0.0,0.0,0.0,0.0,7.0,0.0,0.0,0.0,1.0,0.0,0.0,5.0,3.0,0.0,2.0,0.0,10.0,0.0,0.0,10.0,0.0,1.0,0.0,0.0,0.0,0.0,0.0,28.5,0.0,8.0,0.0,0.0,11.0,0.0,2.0,1.0,0.0,0.0,4.0,0.0,0.0,10.0,0.0,6.0,0.0,27.0,0.0,0.0,3.0,0.0,0.0,0.0,0.0
2026-04-30,School Children,0,0,0,0,0,0.0,0.0,0.0,0.0,0.0,0.0,0.0,0.0,0.0,0.0,0.0,0.0,0.0,0.0,0.0,0.0,0.0,0.0,0.0,0.0,7.0,3.0,0.0,0.0,0.0,1.0,0.0,0.0,0.0,0.0,1.0,0.0,0.0,0.0,0.0,0.0,2.0,0.0,2.0,0.0,0.0,6.0,0.0,0.0,0.0,0.0,1.0,8.0,0.0,0.0,0.0,0.0,1.0,0.0,4.0,0.0,0.0,1.0,0.0,0.0,0.0,0.0
2026-04-30,Younger Adults,0,0,0,0,0,12.0,0.0,0.0,0.0,4.0,0.0,9.0,0.0,13.0,0.0,0.0,0.0,0.0,31.0,0.0,0.0,0.0,3.0,0.0,0.0,22.0,5.0,0.0,3.0,0.0,38.0,1.0,0.0,13.0,1.0,2.0,0.0,0.0,0.0,0.0,0.0,53.5,0.0,6.0,0.0,0.0,14.0,0.0,7.0,1.0,0.0,1.0,7.0,0.0,0.0,28.0,0.0,11.0,0.0,23.0,0.0,0.0,6.0,0.0,0.0,1.0,0.0
2026-04-30,Youngers,0,0,0,0,0,3.0,1.0,0.0,0.0,0.0,0.0,4.0,0.0,5.0,0.0,0.0,2.0,0.0,33.0,0.0,0.0,0.0,1.0,0.0,0.0,30.0,11.0,0.0,2.0,0.0,19.0,0.0,0.0,8.0,3.0,7.0,0.0,0.0,0.0,0.0,0.0,32.0,0.0,4.0,0.0,0.0,18.0,0.0,4.0,2.0,0.0,1.0,24.0,0.0,0.0,23.0,0.0,7.0,0.0,42.0,0.0,0.0,6.0,0.0,0.0,3.0,0.0
2026-05-15,Elders,Friday,5,20,No,middle,0.0,0.0,0.0,0.0,0.0,1.0,0.0,5.0,0.0,0.0,0.0,0.0,2.0,0.0,0.0,0.0,15.0,0.0,0.0,9.0,0.0,0.0,0.0,0.0,2.0,0.0,0.0,8.0,0.0,0.0,0.0,0.0,0.0,0.0,0.0,11.0,0.0,3.0,0.0,0.0,14.0,0.0,3.0,0.0,0.0,4.0,0.0,0.0,0.0,2.0,0.0,5.0,0.0,12.0,0.0,3.0,0.0,0.0,0.0,0.0,0.0,0.0
2026-05-15,School Children,Friday,5,20,No,middle,0.0,0.0,0.0,0.0,0.0,2.0,0.0,0.0,0.0,0.0,0.0,0.0,0.0,0.0,0.0,0.0,4.0,0.0,0.0,4.0,0.0,0.0,0.0,0.0,0.0,0.0,0.0,2.0,0.0,0.0,0.0,0.0,0.0,0.0,0.0,6.0,0.0,3.0,0.0,0.0,5.0,0.0,2.0,0.0,0.0,1.0,0.0,0.0,0.0,1.0,0.0,3.0,0.0,5.0,0.0,0.0,0.0,0.0,0.0,0.0,0.0,0.0
2026-05-15,Younger Adults,Friday,5,20,No,middle,0.0,0.0,0.0,1.0,0.0,2.0,0.0,4.0,0.0,0.0,1.0,0.0,12.0,0.0,0.0,0.0,11.0,0.0,0.0,15.0,0.0,0.0,0.0,0.0,2.0,0.0,0.0,9.0,0.0,0.0,0.0,0.0,0.0,0.0,0.0,15.0,0.0,3.0,0.0,0.0,18.0,0.0,3.0,0.0,0.0,9.0,0.0,0.0,0.0,2.0,0.0,3.0,0.0,17.0,0.0,6.0,0.0,0.0,0.0,1.0,0.0,0.0
2026-05-15,Youngers,Friday,5,20,No,middle,0.0,0.0,0.0,1.0,0.0,5.0,0.0,7.0,0.0,0.0,2.0,0.0,12.0,0.0,0.0,0.0,18.0,0.0,0.0,12.0,0.0,0.0,0.0,0.0,5.0,0.0,0.0,9.0,0.0,0.0,0.0,0.0,0.0,0.0,0.0,29.0,0.0,4.0,0.0,0.0,19.0,0.0,1.0,0.0,0.0,7.0,0.0,0.0,0.0,14.0,0.0,4.0,0.0,20.0,0.0,3.0,0.0,0.0,0.0,0.0,0.0,0.0
2026-05-17,School Children,Sunday,5,20,Yes,middle,0.0,0.0,0.0,0.0,0.0,0.0,0.0,0.0,0.0,0.0,0.0,0.0,0.0,0.0,0.0,0.0,0.0,0.0,0.0,0.0,0.0,0.0,0.0,0.0,0.0,0.0,0.0,0.0,0.0,0.0,0.0,0.0,0.0,0.0,0.0,0.0,0.0,0.0,0.0,0.0,0.0,0.0,0.0,0.0,0.0,1.0,0.0,0.0,0.0,0.0,0.0,0.0,0.0,0.0,0.0,0.0,0.0,0.0,0.0,0.0,0.0,0.0
2026-05-17,Younger Adults,Sunday,5,20,Yes,middle,0.0,0.0,0.0,0.0,0.0,0.0,0.0,1.0,0.0,0.0,0.0,0.0,0.0,0.0,0.0,0.0,0.0,0.0,0.0,0.0,0.0,0.0,0.0,0.0,0.0,0.0,0.0,0.0,0.0,0.0,0.0,0.0,0.0,0.0,0.0,0.0,0.0,0.0,0.0,0.0,0.0,0.0,0.0,0.0,0.0,2.0,0.0,0.0,0.0,0.0,0.0,0.0,0.0,0.0,0.0,0.0,0.0,0.0,0.0,0.0,0.0,0.0
2026-05-19,Elders,Tuesday,5,21,No,middle,0.0,0.0,0.0,0.0,0.0,0.0,0.0,2.0,0.0,0.0,0.0,0.0,0.0,0.0,0.0,0.0,0.0,0.0,0.0,0.0,0.0,0.0,0.0,0.0,0.0,0.0,0.0,0.0,0.0,0.0,0.0,0.0,0.0,0.0,0.0,0.0,0.0,0.0,0.0,0.0,0.0,0.0,0.0,0.0,0.0,0.0,0.0,0.0,0.0,0.0,0.0,0.0,0.0,0.0,0.0,0.0,0.0,0.0,0.0,0.0,0.0,0.0
2026-05-19,School Children,Tuesday,5,21,No,middle,0.0,0.0,0.0,0.0,0.0,0.0,0.0,0.0,0.0,0.0,0.0,0.0,0.0,0.0,0.0,0.0,0.0,0.0,0.0,0.0,0.0,0.0,0.0,0.0,0.0,0.0,0.0,0.0,0.0,0.0,0.0,0.0,0.0,0.0,0.0,0.0,0.0,0.0,0.0,0.0,0.0,0.0,0.0,0.0,0.0,0.0,0.0,0.0,0.0,0.0,0.0,0.0,0.0,0.0,0.0,0.0,1.0,0.0,0.0,0.0,0.0,0.0
2026-05-19,Younger Adults,Tuesday,5,21,No,middle,0.0,0.0,0.0,0.0,0.0,0.0,0.0,2.0,0.0,0.0,0.0,0.0,0.0,0.0,0.0,0.0,0.0,0.0,0.0,3.0,0.0,0.0,0.0,0.0,0.0,0.0,0.0,1.0,0.0,0.0,0.0,0.0,0.0,0.0,0.0,0.0,0.0,0.0,0.0,0.0,0.0,0.0,0.0,0.0,0.0,0.0,0.0,0.0,0.0,0.0,0.0,0.0,0.0,0.0,0.0,0.0,1.0,0.0,0.0,2.0,0.0,0.0
2026-05-19,Youngers,Tuesday,5,21,No,middle,0.0,0.0,0.0,0.0,0.0,0.0,0.0,0.0,0.0,0.0,0.0,0.0,0.0,0.0,0.0,0.0,0.0,0.0,0.0,3.0,0.0,0.0,0.0,0.0,0.0,0.0,0.0,0.0,0.0,0.0,0.0,0.0,0.0,0.0,0.0,0.0,0.0,0.0,0.0,0.0,0.0,0.0,0.0,0.0,0.0,0.0,0.0,0.0,0.0,0.0,0.0,0.0,0.0,0.0,0.0,0.0,0.0,0.0,0.0,0.0,0.0,0.0
2026-05-20,School Children,Wednesday,5,21,No,middle,0.0,0.0,0.0,0.0,0.0,0.0,0.0,0.0,0.0,0.0,0.0,0.0,0.0,0.0,0.0,0.0,0.0,0.0,0.0,0.0,0.0,0.0,0.0,0.0,0.0,0.0,0.0,0.0,0.0,0.0,0.0,0.0,0.0,0.0,0.0,0.0,0.0,0.0,0.0,0.0,0.0,0.0,0.0,0.0,0.0,0.0,0.0,0.0,0.0,0.0,0.0,0.0,0.0,2.0,0.0,0.0,0.0,0.0,0.0,0.0,0.0,0.0
2026-05-20,Younger Adults,Wednesday,5,21,No,middle,0.0,0.0,0.0,0.0,0.0,0.0,0.0,1.0,0.0,0.0,0.0,0.0,0.0,0.0,0.0,0.0,0.0,0.0,0.0,0.0,0.0,0.0,0.0,0.0,0.0,0.0,0.0,0.0,0.0,0.0,0.0,0.0,0.0,0.0,0.0,0.0,0.0,0.0,0.0,0.0,0.0,0.0,0.0,0.0,0.0,0.0,0.0,0.0,0.0,0.0,0.0,0.0,0.0,0.0,0.0,0.0,2.0,0.0,0.0,1.0,0.0,0.0
2026-05-20,Youngers,Wednesday,5,21,No,middle,0.0,0.0,0.0,0.0,0.0,0.0,0.0,0.0,0.0,0.0,0.0,0.0,0.0,0.0,0.0,0.0,0.0,0.0,0.0,0.0,0.0,0.0,0.0,0.0,0.0,0.0,0.0,0.0,0.0,0.0,0.0,0.0,0.0,0.0,0.0,0.0,0.0,0.0,0.0,0.0,0.0,0.0,0.0,0.0,0.0,0.0,0.0,0.0,0.0,0.0,0.0,0.0,0.0,0.0,0.0,0.0,0.0,0.0,0.0,2.0,0.0,0.0
